{"low_val_loss": 0.21344234754614161, "params": {"verbose": 1, "nb_epoch": 1000, "batch_size": 32, "metrics": ["loss", "acc", "val_loss", "val_acc"], "nb_sample": 29058, "do_validation": true}, "results": {"acc": [0.85291485993530181, 0.89765296992222454, 0.90178264161332511, 0.9020923669901576, 0.90340009635900609, 0.90432927248950379, 0.90443251428178129, 0.90436368642026288, 0.90384747745887539, 0.90474223965861378, 0.90501755110468718, 0.90529286255076058, 0.90512079289696468, 0.90553376006607478, 0.90560258792759307, 0.90553376006607478, 0.90615321081973987, 0.90577465758138898, 0.90515520682772388, 0.90556817399683387, 0.90491430931240968, 0.90532727648151967, 0.90594672723518477, 0.90560258792759307, 0.90587789937366647, 0.90580907151214807, 0.90580907151214807, 0.90587789937366647, 0.90549934613531557, 0.90536169041227887, 0.90484548145089128, 0.90660059191960907, 0.90546493220455637, 0.90594672723518477, 0.90611879688898067, 0.90539610434303808, 0.90598114116594397, 0.90660059191960907, 0.90567141578911148, 0.90653176405809066, 0.90539610434303808, 0.90598114116594397, 0.90584348544290727, 0.90622203868125817, 0.90577465758138898, 0.90556817399683387, 0.90684148943492326, 0.90546493220455637, 0.90604996902746227, 0.90691031729644156, 0.90642852226581316, 0.90670383371188656], "loss": [0.31640171746398554, 0.23892722765333893, 0.23117812482812067, 0.22698963626986385, 0.22434258031470949, 0.22237872488689533, 0.22111204644384744, 0.22046334612918447, 0.2194516673962062, 0.21905865408312222, 0.21852234506977855, 0.21807798479812349, 0.21793719978258347, 0.21744101636649671, 0.21724312565669493, 0.21686750747223946, 0.21660047085551007, 0.21669015498302779, 0.21637596489711738, 0.21654719136046627, 0.21633560790502981, 0.21649432188052251, 0.21600301017599757, 0.21589551080741085, 0.2158952054592442, 0.21580983022436467, 0.21547171776880047, 0.21534992660497015, 0.21554687922329821, 0.21549756566230002, 0.2154554008196054, 0.21528419513803806, 0.21509990159029732, 0.21532364335774931, 0.21520128506000849, 0.21517325197176962, 0.21512985758709557, 0.21466294206487591, 0.21478121149698001, 0.21453210547505774, 0.21474165859976674, 0.2147991800063721, 0.21476690473326124, 0.21479468285664122, 0.2145479027025714, 0.21453591778754399, 0.21450588344875485, 0.21436927368664038, 0.2141485846571235, 0.21419732837240482, 0.21389785918499254, 0.21414690490836935], "val_acc": [0.88861360596197736, 0.89883348825387177, 0.90027872413701415, 0.90285950249976832, 0.90347888930682929, 0.90306596476878864, 0.90131103548211577, 0.90347888930682929, 0.90409827611389038, 0.90358212044133945, 0.90100134207858529, 0.90389181384487005, 0.90409827611389038, 0.90492412518997167, 0.90461443178644119, 0.90389181384487005, 0.90471766292095135, 0.90461443178644119, 0.90378858271035989, 0.90358212044133945, 0.90368535157584962, 0.90389181384487005, 0.90605966766958357, 0.90378858271035989, 0.90440796951742086, 0.905130587458992, 0.90533704972801232, 0.90451120065193102, 0.90636936107311405, 0.90461443178644119, 0.90409827611389038, 0.90657582334213438, 0.90389181384487005, 0.90420150724840054, 0.90564674313154292, 0.90574997426605308, 0.90378858271035989, 0.9043047383829107, 0.90544028086252248, 0.90544028086252248, 0.90420150724840054, 0.90523381859350216, 0.90502735632448184, 0.90451120065193102, 0.90482089405546151, 0.90471766292095135, 0.90502735632448184, 0.905130587458992, 0.90451120065193102, 0.90605966766958357, 0.90389181384487005, 0.90399504497938021], "val_loss": [0.24424724811381374, 0.2333788015875172, 0.22687523707376739, 0.22231273300337376, 0.21937067579211522, 0.22119387019476777, 0.22089304853989464, 0.21812196509245196, 0.21668900756923556, 0.21642286443139325, 0.21909374908217338, 0.21544414799600067, 0.21784258771142048, 0.21693968264953484, 0.21607496425366393, 0.21496909186420912, 0.21521303388089652, 0.21477449730329376, 0.21459004538610796, 0.21472040792792355, 0.2147655086189007, 0.21429629516980592, 0.21566752102324083, 0.21379118411117901, 0.21382929538688608, 0.21344234754614161, 0.21507987297576833, 0.21437545820779938, 0.2139463189143668, 0.21468820562485239, 0.21727464326311341, 0.21538903536756698, 0.21526177978323649, 0.21475683453406197, 0.21375615287641753, 0.21443905986178655, 0.21631518128462912, 0.21434909683072778, 0.21363669739697905, 0.21579647264183274, 0.21404734497236691, 0.2142005624374369, 0.21359866198536484, 0.21482420949678963, 0.21608444589621956, 0.21519426133126388, 0.21597205840041175, 0.21435173876799701, 0.21699644185704958, 0.21424641072153244, 0.21592781795268581, 0.21396680576052843]}}