{"low_val_loss": 0.13670540711214466, "params": {"verbose": 1, "nb_epoch": 1000, "batch_size": 32, "metrics": ["loss", "acc", "val_loss", "val_acc"], "nb_sample": 94030, "do_validation": true}, "results": {"acc": [0.94353929597444264, 0.94466659577745049, 0.94689992556201263, 0.94765500372728739, 0.94806976497876927, 0.94830373285628877, 0.94854833563756247, 0.94853770074395061, 0.94872912900138251, 0.94894182708153607, 0.94914389024779322, 0.94895246199036132, 0.94957992129917668, 0.94934595341912154, 0.94935658832287573, 0.94989896841940702, 0.94982452409312812, 0.94988833352072399, 0.95000531745187711, 0.9499840476456366, 0.95005849197064762, 0.95007976178322706, 0.95037753908327127, 0.94996277784193173, 0.95026055514831487, 0.95044134850579598, 0.95009039668698114, 0.95056896735084551, 0.95026055514197594, 0.95003722216313946, 0.95051579283207488, 0.95073912581725029, 0.95081357013719026, 0.95088801446854021, 0.95083483994596629, 0.95028182494948421, 0.95070722110472017, 0.95040944379453363, 0.95077103052217382, 0.95038817398702546, 0.95036690418078495, 0.95044134851086715, 0.95074976071593331, 0.95043071361218412, 0.95048388812715146, 0.95054769754333723, 0.95054769754333723, 0.95062214187468719, 0.95039880889077955, 0.95076039562349079, 0.95045198341462123, 0.950356269275763, 0.95044134851086715, 0.95074976071466555, 0.95031372966201433, 0.95068595129214084, 0.95014357120575177, 0.95052642773582896, 0.95048388813095475, 0.95033499946825484, 0.95039880889585071, 0.95034563437708008, 0.95020738062320531, 0.95037753908834244, 0.95032436456450065], "loss": [0.19103204184683742, 0.14659869975103262, 0.14345067275828102, 0.14210255316701403, 0.14119708428424202, 0.14060115383370028, 0.14017945352965919, 0.13996494385893898, 0.1397409326566745, 0.13946143936032654, 0.13926462394442982, 0.13885589192569808, 0.13859992804051105, 0.13848230520658109, 0.13831720724487945, 0.13791111042752971, 0.13778211443025254, 0.1376898567657274, 0.13747690058630552, 0.13728119225359009, 0.13722168116554051, 0.13719919992960045, 0.13694131720031047, 0.1368891244231038, 0.13689200246377181, 0.13692708767393505, 0.13675304204463248, 0.13674483865017739, 0.13676406508694935, 0.1367098073718219, 0.13671138992204851, 0.13676882594313555, 0.13650601110000674, 0.13678906935888263, 0.13650992470279877, 0.13670702332288651, 0.13652410862592387, 0.13671041154925156, 0.13670248363496273, 0.13673838272438801, 0.1367460919177039, 0.13669165734022992, 0.13667842048629097, 0.13668798344364499, 0.13654443502654348, 0.13663425444399793, 0.1365924597817362, 0.13665266837938586, 0.13654838735789399, 0.13651667721319943, 0.13656829295767681, 0.13664546261664262, 0.13642764109462471, 0.136494054985144, 0.13651683225040803, 0.13648893764296213, 0.1363564317079094, 0.13641110724134356, 0.13634210387741039, 0.13639282429543081, 0.13625304394708748, 0.13618977606664195, 0.13629717903226965, 0.1363018387107916, 0.13620923408707772], "val_acc": [0.94448698315467072, 0.94825165900969888, 0.94904925982644206, 0.94943210821847879, 0.95032542113323126, 0.94984686064318535, 0.94968734047983661, 0.95061255742725881, 0.95032542113323126, 0.95029351710056154, 0.95058065339458908, 0.95051684532924963, 0.95074017355793772, 0.95054874936191935, 0.95080398162327717, 0.95121873404798363, 0.95137825421133226, 0.95125063808065335, 0.95160158244002047, 0.95150587034201128, 0.95169729453802965, 0.95102730985196526, 0.95147396630934145, 0.95179300663603883, 0.95125063808065335, 0.95255870342011228, 0.95163348647269019, 0.95185681470137828, 0.95089969372128635, 0.9521120469627361, 0.95262251148545174, 0.95153777437468101, 0.95204823889739665, 0.95204823889739665, 0.95054874936191935, 0.95074017355793772, 0.95080398162327717, 0.95259060745278201, 0.95188871873404801, 0.95150587034201128, 0.95147396630934145, 0.9511868300153139, 0.95099540581929554, 0.95208014293006638, 0.95147396630934145, 0.95096350178662581, 0.95236727922409392, 0.95179300663603883, 0.95147396630934145, 0.95144206227667172, 0.95054874936191935, 0.95147396630934145, 0.95204823889739665, 0.95179300663603883, 0.95204823889739665, 0.95160158244002047, 0.95182491066870856, 0.95086778968861663, 0.94994257274119454, 0.95038922919857072, 0.95077207759060745, 0.95163348647269019, 0.95182491066870856, 0.94994257274119454, 0.95179300663603883], "val_loss": [0.14957916305693758, 0.14390350305658325, 0.14227249803265909, 0.14144506960567191, 0.1411086175174297, 0.14059266155930791, 0.1407906895569008, 0.14048080022897022, 0.13950735886998175, 0.13922512472900522, 0.13891863031479215, 0.13936200390620734, 0.1383973227613218, 0.13853119948290329, 0.13803509671398881, 0.13784993217422256, 0.13751707818775594, 0.13728947507815589, 0.13793608798793289, 0.13713182508755303, 0.13731438464438994, 0.13722609963616039, 0.13673055119481606, 0.13711456960089022, 0.13712305173985262, 0.13734867644932211, 0.13706132545762978, 0.13771950549552062, 0.1370995361605139, 0.13733140046405451, 0.13766123541840458, 0.13709721293047475, 0.13824416032120881, 0.13683850363452194, 0.13756656928549865, 0.13731910967690686, 0.137564833768971, 0.13843352196623077, 0.13670540711214466, 0.13714978268209344, 0.13711578562863327, 0.1372216793614848, 0.13723276804176107, 0.13728775470429624, 0.13690248643480252, 0.13759452904013117, 0.13723512733143134, 0.13770668329162339, 0.13700214227268803, 0.13728857818931994, 0.13757072809575893, 0.13697913309797879, 0.13913574434280579, 0.13727900607396354, 0.13747734345225671, 0.13720067280604711, 0.13712553418849488, 0.13677489010863397, 0.13757122415267672, 0.13721639138226641, 0.13709996608925024, 0.13737155412546739, 0.1379079345562374, 0.13737780007287945, 0.13727779967891982]}}