{"low_val_loss": 0.13372519220386675, "params": {"verbose": 1, "nb_epoch": 1000, "batch_size": 32, "metrics": ["loss", "acc", "val_loss", "val_acc"], "nb_sample": 94030, "do_validation": true}, "results": {"acc": [0.9435924704881421, 0.94560246730274211, 0.94788897160480701, 0.94905881101902811, 0.94956928639795812, 0.94967563543549927, 0.95002658725938527, 0.95034563437200892, 0.95065404658087849, 0.95080293523850723, 0.95088801446854021, 0.95106880783236025, 0.95052642774090013, 0.95064341168219546, 0.9507816654259279, 0.95109007763986853, 0.95107944273104328, 0.95116452196107626, 0.95105817292480277, 0.95084547484845261, 0.95094118898350743, 0.95104753802992315, 0.95101563330851857, 0.95084547484845261, 0.95094118898350743, 0.95105817292353501, 0.95115388705732218, 0.95117515686990151, 0.95091991918487373, 0.95100499840476449, 0.95096245879481911, 0.95098372860232727, 0.95119642667740978, 0.95111134744230563, 0.95090928427224508, 0.95128150590237159, 0.95085610975220669, 0.95157928321762919, 0.95130277570987987, 0.95137722003615866, 0.95128150590744265, 0.95113261725995613, 0.95109007763986853, 0.95136658514254679, 0.95136658513240457, 0.9514622992712628, 0.95139848984873798, 0.95119642667740978, 0.95119642667233861, 0.95144102945868336, 0.95139848985380915, 0.95151547379510448, 0.95121769647984689, 0.95126023609993449, 0.95115388706239323, 0.95157928320748697, 0.95143039455492928, 0.95133468042114222, 0.95139848984366693, 0.95113261724981391, 0.95095182389106492, 0.9515580133999787, 0.95118579176858453, 0.95131341061363395, 0.95154737849622462, 0.95161118792382049, 0.95150483888627924, 0.95161118791874932, 0.95195150483888125, 0.9516324577262576, 0.95173880676379874, 0.95156864830373289, 0.95152610868871634, 0.95191960012761889, 0.95164309263001168, 0.9519834095501436, 0.95181325110021986, 0.95187706051260235, 0.95174944166882069, 0.95193023503137297, 0.95184515580767892, 0.95165372753376587, 0.95176007657130701, 0.95147293416994572, 0.95191960013268995, 0.9518132510951488, 0.95197277464638941, 0.95191960012761889, 0.95216420291396364, 0.95184515580133999, 0.95200467936272293, 0.95191960013268995, 0.95220674252898008, 0.9520259491702312, 0.95213229820270129, 0.9517388067688699, 0.95199404445896885, 0.95161118791874932, 0.95172817186004466, 0.9519089652238647, 0.95168563224502822, 0.95184515580641116, 0.95196213975277755, 0.95179198128764053, 0.95202594916516003, 0.95182388599890289, 0.95177071148013226, 0.95183452089758591, 0.95203658406891423, 0.95182388599383172, 0.95154737850129578], "loss": [0.18383648467235211, 0.14460986505876536, 0.14076842387521518, 0.13864033106497775, 0.13775542015032502, 0.13712506407134351, 0.1365545259162072, 0.13611691186750688, 0.13587502785812258, 0.13562186464554804, 0.13536419347063297, 0.13509522455905987, 0.13517040210424122, 0.13484882247627991, 0.1349821468557888, 0.13473996417510767, 0.13469767923591955, 0.1346964996101678, 0.1345843083079693, 0.13471077658686881, 0.13444679953165034, 0.13449992432843291, 0.13443735871247303, 0.13441093320722886, 0.13448322102368848, 0.13425407625237995, 0.13414012496401739, 0.13424909227812631, 0.13439922730814685, 0.13428550193877242, 0.13421374007886766, 0.13434665003419238, 0.13421149328517418, 0.13410820057357128, 0.13424257270173293, 0.13406667749951218, 0.13424231985154639, 0.13418230847527368, 0.13414420957625464, 0.13410578242587395, 0.13415765949057148, 0.1342248126774104, 0.13402450958915205, 0.13412638541917579, 0.1341950710136279, 0.13409473003779374, 0.13410556183686778, 0.13403576075219353, 0.13392846888729731, 0.1340104461231679, 0.13402481865726937, 0.1340227358435413, 0.13396481125675261, 0.13389005425901068, 0.13398680785647304, 0.13383292671573122, 0.13393222968007187, 0.13387232717951852, 0.1339347955745534, 0.13398486162671241, 0.13390391305727642, 0.13393695245246443, 0.13383360817754292, 0.13391055342546487, 0.13374924866844526, 0.13386484956051661, 0.13370805399320637, 0.13375564398051679, 0.1336506970043729, 0.13366374076300197, 0.13357518357607573, 0.13370805828665991, 0.1336420582941171, 0.13359805197617125, 0.13360607598302188, 0.133525497765799, 0.13359556022532681, 0.13357402280624353, 0.13340699698973701, 0.13340776103732832, 0.13339135989976236, 0.133408575204713, 0.13334998805739487, 0.13339717687998734, 0.1333560079884481, 0.13322408355310547, 0.13337943684743539, 0.13322407985657791, 0.13325593741041136, 0.13326188759066304, 0.13325870055810296, 0.13318179310616896, 0.13321005598742264, 0.13312372295961447, 0.13312075046784197, 0.13314251139511216, 0.13306456586090692, 0.13298330732045702, 0.1330588673839769, 0.13304628287396963, 0.13300077901424359, 0.1330520955340781, 0.13304076213748178, 0.13285500913411522, 0.13287783119675772, 0.1328604991378099, 0.13283244184654444, 0.13293625583279314, 0.13294608695122531, 0.1330428929840404, 0.13289209004461061], "val_acc": [0.94448698315467072, 0.94876212353241451, 0.94984686064318535, 0.9492087799897907, 0.95067636549259826, 0.9508358856559469, 0.94994257274119454, 0.95141015824400199, 0.95179300663603883, 0.95089969372128635, 0.95156967840735074, 0.9517611026033691, 0.95144206227667172, 0.95112302194997445, 0.95208014293006638, 0.95131444614599281, 0.95163348647269019, 0.95153777437468101, 0.95147396630934145, 0.95243108728943338, 0.95195252679938747, 0.95166539050535992, 0.95249489535477283, 0.9504849412965799, 0.95255870342011228, 0.95182491066870856, 0.95220775906074528, 0.95096350178662581, 0.95185681470137828, 0.95316488004083721, 0.95144206227667172, 0.95249489535477283, 0.95192062276671774, 0.95214395099540583, 0.95252679938744256, 0.95297345584481874, 0.95204823889739665, 0.95128254211332308, 0.95239918325676365, 0.95310107197549765, 0.95169729453802965, 0.95351582440020421, 0.95150587034201128, 0.95201633486472692, 0.95303726391015819, 0.95255870342011228, 0.95290964777947929, 0.95217585502807556, 0.95271822358346092, 0.95195252679938747, 0.95345201633486476, 0.95278203164880038, 0.95271822358346092, 0.95313297600816749, 0.9528139356814701, 0.95249489535477283, 0.95204823889739665, 0.95233537519142419, 0.95239918325676365, 0.95265441551812147, 0.95236727922409392, 0.95134635017866254, 0.95259060745278201, 0.95290964777947929, 0.95249489535477283, 0.95306916794282792, 0.95163348647269019, 0.95268631955079119, 0.95300535987748847, 0.95335630423685558, 0.95313297600816749, 0.95188871873404801, 0.95255870342011228, 0.95239918325676365, 0.95300535987748847, 0.95310107197549765, 0.95290964777947929, 0.95265441551812147, 0.9524629913221031, 0.95319678407350694, 0.95316488004083721, 0.95313297600816749, 0.9524629913221031, 0.95303726391015819, 0.95322868810617667, 0.95192062276671774, 0.95268631955079119, 0.95335630423685558, 0.95303726391015819, 0.95233537519142419, 0.95348392036753449, 0.9536115364982134, 0.95271822358346092, 0.95319678407350694, 0.95351582440020421, 0.95357963246554367, 0.95319678407350694, 0.95303726391015819, 0.95303726391015819, 0.95332440020418585, 0.95290964777947929, 0.95303726391015819, 0.95329249617151612, 0.95319678407350694, 0.95294155181214901, 0.95220775906074528, 0.95364344053088312, 0.95262251148545174, 0.95223966309341501, 0.95322868810617667, 0.95278203164880038],