{"low_val_loss": 0.21150654745111774, "params": {"verbose": 1, "nb_epoch": 1000, "batch_size": 32, "metrics": ["loss", "acc", "val_loss", "val_acc"], "nb_sample": 29058, "do_validation": true}, "results": {"acc": [0.85091885195126993, 0.89465895794617656, 0.89868538784499963, 0.90009635900612572, 0.90143850230573341, 0.90095670727510502, 0.9018170555440842, 0.9023332645054718, 0.90240209236699021, 0.9024709202285085, 0.90360657994356119, 0.90302154312065519, 0.90305595705141439, 0.90395071925115289, 0.90432927248950379, 0.90470782572785469, 0.90329685456672859, 0.90460458393557708, 0.90518962075848308, 0.90477665358937298, 0.90532727648151967, 0.90470782572785469, 0.90556817399683387, 0.90539610434303808, 0.90491430931240968, 0.90525844862000138, 0.90501755110468718, 0.90601555509670317, 0.90532727648151967, 0.90549934613531557, 0.90580907151214807, 0.90536169041227887, 0.90491430931240968, 0.90491430931240968, 0.90505196503544638, 0.90543051827379728, 0.90460458393557708, 0.90525844862000138, 0.90594672723518477, 0.90457017000481799, 0.90567141578911148, 0.90539610434303808, 0.90560258792759307, 0.90553376006607478, 0.90591231330442568, 0.90560258792759307, 0.90556817399683387, 0.90543051827379728, 0.90587789937366647, 0.90611879688898067, 0.90615321081973987, 0.90598114116594397, 0.90560258792759307, 0.90560258792759307, 0.90584348544290727, 0.90549934613531557, 0.90649735012733157, 0.90673824764264577, 0.90591231330442568, 0.90656617798884986, 0.90549934613531557, 0.90604996902746227, 0.90649735012733157, 0.90670383371188656, 0.90663500585036827, 0.90560258792759307, 0.90556817399683387, 0.90646293619657237, 0.90598114116594397, 0.90663500585036827, 0.90594672723518477, 0.90649735012733157, 0.90649735012733157, 0.90563700185835228, 0.90591231330442568, 0.90594672723518477, 0.90580907151214807, 0.90587789937366647, 0.90577465758138898, 0.90560258792759307, 0.90608438295822147, 0.90684148943492326, 0.90584348544290727, 0.90684148943492326, 0.90653176405809066, 0.90618762475049897, 0.90594672723518477, 0.90728887053479246, 0.90563700185835228, 0.90584348544290727, 0.90704797301947826, 0.90615321081973987, 0.90625645261201737, 0.90598114116594397, 0.90584348544290727, 0.90649735012733157, 0.90711680088099667, 0.90642852226581316, 0.90632528047353567, 0.90639410833505407, 0.90615321081973987, 0.90584348544290727, 0.90574024365062977, 0.90653176405809066, 0.90704797301947826, 0.90629086654277646, 0.90594672723518477], "loss": [0.36432486819715526, 0.23625691117318443, 0.22619852503197946, 0.22407638459358131, 0.22298658138846275, 0.22247021016823454, 0.22193569201693761, 0.22136061723809464, 0.22081969397332141, 0.22047676463253163, 0.21989981186546637, 0.21946262289319382, 0.21938607383985298, 0.2187029320726917, 0.21862406430433814, 0.21795847374448199, 0.21787721290748538, 0.21760798322932481, 0.21729406257252248, 0.21707351713238304, 0.21687058794604286, 0.21648687625592192, 0.21660255514953475, 0.21644714860514425, 0.21636744201442223, 0.21648702373084197, 0.21613071897215266, 0.21606112534873984, 0.21585594284525045, 0.21583284835610869, 0.21577216530777296, 0.21585661179430757, 0.2157689750248907, 0.21545248625083238, 0.21552906809936856, 0.21551127448781604, 0.21549855814220445, 0.21558370107924735, 0.21522009048437341, 0.2154181540685163, 0.21539887436055433, 0.21523425562907353, 0.215418505173986, 0.21505775074057376, 0.21512129249163903, 0.21522149425139692, 0.21501941773141767, 0.21514797799806648, 0.21472415630274574, 0.21503104477191595, 0.21474904751254995, 0.21484018794249188, 0.21507744870116358, 0.21480178239176692, 0.21488028715905455, 0.21470817851752783, 0.21472618892423256, 0.21446690938880164, 0.21450054042886921, 0.21456433127022256, 0.2147332810512125, 0.21473115414583074, 0.21457591914812266, 0.21454715130622665, 0.21447641061401879, 0.21447074973490507, 0.21456357782570853, 0.21411952553071123, 0.21452837466679803, 0.21464926331420742, 0.21429242311747176, 0.21431392735559143, 0.2142560766058981, 0.21414507867050347, 0.21434339226062443, 0.2143517382956015, 0.21415904462662486, 0.21428133837247437, 0.21407718292448841, 0.21432481990962138, 0.21415780769415946, 0.21414602508654212, 0.21415571492358657, 0.21418012224378291, 0.21422126409035849, 0.21434845142202372, 0.21398470852931339, 0.21390089801267087, 0.2138738239812083, 0.21420632264121031, 0.21418320251387352, 0.21390754198394596, 0.21424728682433528, 0.21410574404073685, 0.21400064270938532, 0.21376843161312267, 0.21386679797114413, 0.21397093212877746, 0.21386893862387016, 0.21426378870846355, 0.2137983049116621, 0.21406993453101608, 0.2139296682196512, 0.21373903166362462, 0.21402132336886917, 0.21398137652470675, 0.21360393501461938], "val_acc": [0.88603282757461088, 0.89738825237072939, 0.89914318165740226, 0.89976256846446323, 0.90110457321309545, 0.90089811094407513, 0.90244657796172767, 0.90244657796172767, 0.90203365342368702, 0.90285950249976832, 0.90378858271035989, 0.90265304023074799, 0.90492412518997167, 0.90337565817231913, 0.9043047383829107, 0.90440796951742086, 0.90409827611389038, 0.90389181384487005, 0.90420150724840054, 0.90533704972801232, 0.90544028086252248, 0.90533704972801232, 0.9043047383829107, 0.90440796951742086, 0.90482089405546151, 0.90440796951742086, 0.9043047383829107, 0.90502735632448184, 0.905130587458992, 0.90409827611389038, 0.90296273363427848, 0.90254980909623783, 0.90461443178644119, 0.90482089405546151, 0.90440796951742086, 0.90440796951742086, 0.905130587458992, 0.90502735632448184, 0.90451120065193102, 0.90440796951742086, 0.90389181384487005, 0.90440796951742086, 0.90451120065193102, 0.90440796951742086, 0.90378858271035989, 0.90574997426605308, 0.90533704972801232, 0.90554351199703265, 0.90533704972801232, 0.9031691959032988, 0.90585320540056324, 0.9043047383829107, 0.90399504497938021, 0.90224011569270735, 0.90399504497938021, 0.90564674313154292, 0.90554351199703265, 0.90492412518997167, 0.90461443178644119, 0.905130587458992, 0.905130587458992, 0.90492412518997167, 0.90461443178644119, 0.90409827611389038, 0.90440796951742086, 0.90471766292095135, 0.90306596476878864, 0.90389181384487005, 0.90306596476878864, 0.90399504497938021, 0.90605966766958357, 0.90327242703780897, 0.90440796951742086, 0.90471766292095135, 0.90523381859350216, 0.90461443178644119, 0.90461443178644119, 0.90461443178644119, 0.90544028086252248, 0.905130587458992, 0.90574997426605308, 0.90358212044133945, 0.90368535157584962, 0.90440796951742086, 0.90461443178644119, 0.90461443178644119, 0.90451120065193102, 0.90451120065193102, 0.90327242703780897, 0.90378858271035989, 0.90389181384487005, 0.90440796951742086, 0.90409827611389038, 0.90482089405546151, 0.90492412518997167, 0.90451120065193102, 0.90368535157584962, 0.90120780434760561, 0.90358212044133945, 0.90389181384487005, 0.90657582334213438, 0.90306596476878864, 0.90533704972801232, 0.90451120065193102, 0.90461443178644119, 0.90554351199703265, 0.90502735632448184],