{"low_val_loss": 0.21243993594782559, "params": {"verbose": 1, "nb_epoch": 1000, "batch_size": 32, "metrics": ["loss", "acc", "val_loss", "val_acc"], "nb_sample": 29058, "do_validation": true}, "results": {"acc": [0.83932135728542911, 0.8894624544015417, 0.89954573611397892, 0.90253974809002679, 0.9030903709821736, 0.90408837497418959, 0.90388189138963448, 0.90401954711267118, 0.90401954711267118, 0.90432927248950379, 0.90453575607405878, 0.90474223965861378, 0.90532727648151967, 0.90460458393557708, 0.90629086654277646, 0.90532727648151967, 0.90515520682772388, 0.90491430931240968, 0.90505196503544638, 0.90556817399683387, 0.90515520682772388, 0.90556817399683387, 0.90532727648151967, 0.90604996902746227, 0.90646293619657237, 0.90591231330442568, 0.90525844862000138, 0.90556817399683387, 0.90625645261201737, 0.90539610434303808, 0.90618762475049897, 0.90522403468924217, 0.90553376006607478, 0.90639410833505407, 0.90574024365062977, 0.90563700185835228, 0.90632528047353567, 0.90584348544290727, 0.90587789937366647, 0.90653176405809066, 0.90563700185835228, 0.90584348544290727, 0.90570582971987057, 0.90580907151214807, 0.90580907151214807, 0.90598114116594397, 0.90611879688898067, 0.90622203868125817, 0.90608438295822147, 0.90570582971987057, 0.90608438295822147, 0.90577465758138898, 0.90611879688898067, 0.90625645261201737, 0.90660059191960907, 0.90584348544290727, 0.90570582971987057, 0.90580907151214807, 0.90611879688898067, 0.90608438295822147, 0.90553376006607478, 0.90642852226581316, 0.90701355908871917, 0.90553376006607478, 0.90587789937366647, 0.90653176405809066, 0.90618762475049897, 0.90618762475049897, 0.90708238695023746, 0.90604996902746227, 0.90639410833505407, 0.90615321081973987, 0.90694473122720076, 0.90584348544290727, 0.90622203868125817, 0.90635969440429487, 0.90560258792759307, 0.90649735012733157, 0.90622203868125817, 0.90577465758138898, 0.90632528047353567, 0.90632528047353567, 0.90632528047353567, 0.90615321081973987, 0.90711680088099667, 0.90622203868125817, 0.90646293619657237, 0.90608438295822147, 0.90543051827379728, 0.90618762475049897, 0.90666941978112736, 0.90704797301947826, 0.90680707550416406, 0.90598114116594397, 0.90584348544290727, 0.90532727648151967, 0.90642852226581316, 0.90625645261201737, 0.90543051827379728, 0.90580907151214807, 0.90515520682772388, 0.90584348544290727, 0.90618762475049897, 0.90684148943492326, 0.90663500585036827, 0.90646293619657237, 0.90653176405809066, 0.90653176405809066, 0.90629086654277646, 0.90756418198086586, 0.90598114116594397, 0.90687590336568247, 0.90670383371188656, 0.90742652625782916, 0.90622203868125817, 0.90752976805010666, 0.90584348544290727, 0.90625645261201737, 0.90635969440429487, 0.90660059191960907, 0.90594672723518477, 0.90704797301947826, 0.90660059191960907, 0.90666941978112736, 0.90656617798884986, 0.90670383371188656, 0.90759859591162506, 0.90694473122720076, 0.90673824764264577, 0.90625645261201737, 0.90642852226581316, 0.90663500585036827, 0.90653176405809066, 0.90629086654277646, 0.90663500585036827, 0.90646293619657237, 0.90653176405809066, 0.90697914515795997, 0.90656617798884986, 0.90680707550416406, 0.90749535411934756, 0.90666941978112736, 0.90646293619657237, 0.90728887053479246, 0.90697914515795997, 0.90735769839631086, 0.90684148943492326, 0.90790832128845755, 0.90715121481175576, 0.90646293619657237, 0.90825246059604925, 0.90773625163466176, 0.90642852226581316, 0.90642852226581316, 0.90715121481175576, 0.90697914515795997, 0.90732328446555166, 0.90722004267327416, 0.90715121481175576, 0.90763300984238415, 0.90691031729644156, 0.90715121481175576, 0.90694473122720076, 0.90728887053479246, 0.90677266157340486, 0.90718562874251496, 0.90739211232706996, 0.90746094018858836, 0.90697914515795997, 0.90666941978112736, 0.90728887053479246, 0.90739211232706996, 0.90752976805010666, 0.90773625163466176], "loss": [0.35363417048654927, 0.24440617172098905, 0.23397957318834153, 0.22854207623389725, 0.22561357783609923, 0.22357842113686852, 0.22211544189320861, 0.22089077884513264, 0.2204501999820187, 0.21939178328568579, 0.21905544321653037, 0.21858494739521311, 0.21823224638592509, 0.2179136870469075, 0.21777816700641217, 0.21743662642123113, 0.21734141520922506, 0.21691598776560034, 0.21700231023511896, 0.21666869526934174, 0.21655213514042784, 0.2164794252322112, 0.21626274578039456, 0.21615153461873174, 0.21603602836568386, 0.21606400099165546, 0.21604844796714176, 0.21589716808904152, 0.21557685814788136, 0.21590029106792263, 0.21553622851208759, 0.21561468024135905, 0.21570672530913454, 0.21552809389223868, 0.21565656592908605, 0.21534008103183661, 0.2153259547823056, 0.21537567758701306, 0.21525040780628643, 0.21524961562736847, 0.21533069131777058, 0.21524649353615719, 0.21504425601611951, 0.21501386141914369, 0.21513846362561809, 0.21488446974187783, 0.21492141094865141, 0.21492436081890248, 0.21488407536160634, 0.21485842724615781, 0.2148314900358145, 0.21452978543818749, 0.21481453041978152, 0.21431286494300242, 0.21469746626361255, 0.21464395982392992, 0.21454332234058832, 0.21449038712875104, 0.21426560463030855, 0.21431907530115316, 0.21441165386596642, 0.21419628797483536, 0.21415735789942558, 0.21444072543865011, 0.2142587785326189, 0.21406121782029558, 0.2143411745903932, 0.214049800195585, 0.21411163535271038, 0.21411237757740431, 0.21425168806861769, 0.21406626291724326, 0.21422098087958011, 0.21407665087270247, 0.21410395743325386, 0.21401185897054015, 0.2140243223450885, 0.2140113405862287, 0.21394073093597554, 0.21387392305100775, 0.2137829100200839, 0.21376229210856268, 0.21379922708349083, 0.21381095944665912, 0.21403398047303193, 0.21396924793486341, 0.21396917759060272, 0.21370559870700348, 0.21395868670444823, 0.21357233935163389, 0.21393851790924856, 0.2138383934310597, 0.21370410280436394, 0.21377596577160357, 0.21366889125892699, 0.21365013325082954, 0.21368580077235028, 0.21373097749984768, 0.21381797430360822, 0.21360563978289235, 0.21382134171098038, 0.21367641228594547, 0.21369120244943673, 0.2135523631302125, 0.21371206409587684, 0.21362495134370574, 0.21362362051622574, 0.21354428763466796, 0.21352433263029755, 0.21348612269036529, 0.21354945651662269, 0.2133799808597161, 0.21365842458033268, 0.21309549103086084, 0.21351740347609047, 0.21345669780662674, 0.21334398415979872, 0.21339079938171013, 0.21340672496363436, 0.21336219370832055, 0.21337703319798385, 0.213149554068022, 0.21339538454735366, 0.21347384531094765, 0.21334925315870587, 0.21324739630171713, 0.21297420415983975, 0.21318407633956385, 0.2133472283976611, 0.21292202161099785, 0.21316639240241408, 0.21315331663429979, 0.21326970922580477, 0.21323550957321025, 0.21287406983350279, 0.21290503354674278, 0.21340054126237282, 0.2129730014251624, 0.21299661381785651, 0.21291205767377769, 0.21305734036679164, 0.21291572130102196, 0.21299636213012618, 0.21297864609045586, 0.21306454904376948, 0.21296219364853733, 0.21281854735409306, 0.2127776793036624, 0.21300708947500555, 0.21299004972891794, 0.21288383258735497, 0.21289717115631565, 0.21285583504286362, 0.21292129883070746, 0.2128609277375165, 0.2126748202484896, 0.21257466484409657, 0.21261216520902107, 0.21288827389542272, 0.21270532305865517, 0.21299512103795842, 0.21289838678297432, 0.21258434431339066, 0.21266807907954718, 0.21283181235318563, 0.21283222292811119, 0.21257893207913559, 0.21263069590293776, 0.21266055269163878, 0.2127251792531154, 0.21252793898453806, 0.21273310889587832, 0.2127492632579718, 0.21261390133381583],