{"low_val_loss": 0.21144571585023664, "params": {"verbose": 1, "nb_epoch": 1000, "batch_size": 32, "metrics": ["loss", "acc", "val_loss", "val_acc"], "nb_sample": 29058, "do_validation": true}, "results": {"acc": [0.84400165186867648, 0.89149287631633289, 0.89789386743753874, 0.90150733016725171, 0.90305595705141439, 0.90408837497418959, 0.90505196503544638, 0.90515520682772388, 0.90591231330442568, 0.90505196503544638, 0.90608438295822147, 0.90498313717392798, 0.90653176405809066, 0.90670383371188656, 0.90646293619657237, 0.90615321081973987, 0.90608438295822147, 0.90625645261201737, 0.90601555509670317, 0.90615321081973987, 0.90701355908871917, 0.90646293619657237, 0.90622203868125817, 0.90673824764264577, 0.90752976805010666, 0.90701355908871917, 0.90704797301947826, 0.90752976805010666, 0.90663500585036827, 0.90711680088099667, 0.90697914515795997, 0.90701355908871917, 0.90732328446555166, 0.90770183770390256, 0.90752976805010666, 0.90777066556542085, 0.90818363273453095, 0.90673824764264577, 0.90756418198086586, 0.90746094018858836, 0.90697914515795997, 0.90759859591162506, 0.90718562874251496, 0.90725445660403337, 0.90839011631908595, 0.90801156308073505, 0.90808039094225346, 0.90787390735769835, 0.90625645261201737, 0.90618762475049897, 0.90732328446555166, 0.90759859591162506, 0.90728887053479246, 0.90790832128845755, 0.90735769839631086, 0.90780507949618006, 0.90763300984238415, 0.90735769839631086, 0.90759859591162506, 0.90742652625782916, 0.90797714914997596, 0.90818363273453095, 0.90680707550416406, 0.90832128845756765, 0.90794273521921676, 0.90790832128845755, 0.90780507949618006, 0.90756418198086586, 0.90811480487301255, 0.90660059191960907, 0.90677266157340486, 0.90722004267327416, 0.90783949342693926, 0.90715121481175576, 0.90832128845756765, 0.90759859591162506, 0.90766742377314336, 0.90722004267327416, 0.90818363273453095], "loss": [0.33639403458299311, 0.24583092105225363, 0.23427114575037611, 0.22864223386733643, 0.22503048535358189, 0.22294542681618368, 0.22166357398796199, 0.22017311793735189, 0.21879376559702246, 0.21840615976085409, 0.21748737362750278, 0.21697743354246388, 0.21631532067455947, 0.21598386140747289, 0.21568846898365598, 0.21546926924412557, 0.21486832741515269, 0.21495220484798563, 0.21489185554616605, 0.21461756293686188, 0.21433160035327459, 0.21408914884059776, 0.21396148602126741, 0.2138893182535396, 0.21361008800596132, 0.21344566911764604, 0.2134514301779413, 0.2134513936788654, 0.21300734654125356, 0.21318328143327903, 0.21294171864589795, 0.21312239993732135, 0.21283220702159084, 0.21267860425922447, 0.21292254817740983, 0.21252162398967755, 0.21253532081610632, 0.21255786304743327, 0.21243240810267669, 0.2122304713479409, 0.21233566660223499, 0.2120924418319961, 0.21205850137888885, 0.21216981651610028, 0.21183994704722472, 0.21180361295687503, 0.21194337602264773, 0.21174478212943121, 0.21189657953750554, 0.21184085664132701, 0.21178226922443527, 0.21163251544317807, 0.2118576871309017, 0.21167957918536795, 0.21141565561507883, 0.21144416455431497, 0.21137456425886353, 0.21127583433456207, 0.21136096872066762, 0.21126181459002685, 0.21094270104022508, 0.21125174162864391, 0.21111233661963924, 0.2111456839130125, 0.21116010161809715, 0.21090713877483952, 0.21127421150415851, 0.21125866265649421, 0.21095968813362531, 0.21082340671643496, 0.21116196203351117, 0.21106872728342016, 0.21122305839894864, 0.21102263692575279, 0.21052848858432791, 0.211054362795634, 0.21076873503324117, 0.21080258136104721, 0.21073276912491601], "val_acc": [0.87601940743482876, 0.89553009194954636, 0.89873025711936161, 0.90058841754054464, 0.90048518640603448, 0.90172396002015642, 0.90306596476878864, 0.90358212044133945, 0.90368535157584962, 0.90502735632448184, 0.90523381859350216, 0.90626612993860389, 0.90585320540056324, 0.90554351199703265, 0.90781459695625644, 0.90605966766958357, 0.90605966766958357, 0.90554351199703265, 0.90729844128370551, 0.90636936107311405, 0.90595643653507341, 0.90667905447664454, 0.90771136582174627, 0.90544028086252248, 0.90760813468723611, 0.90709197901468519, 0.90616289880409373, 0.90709197901468519, 0.90461443178644119, 0.90636936107311405, 0.90667905447664454, 0.90740167241821568, 0.90667905447664454, 0.90440796951742086, 0.90667905447664454, 0.90750490355272584, 0.90657582334213438, 0.90585320540056324, 0.90595643653507341, 0.90574997426605308, 0.90616289880409373, 0.90750490355272584, 0.9043047383829107, 0.90698874788017503, 0.90626612993860389, 0.90461443178644119, 0.90647259220762422, 0.90492412518997167, 0.90657582334213438, 0.90688551674566487, 0.90729844128370551, 0.90729844128370551, 0.90740167241821568, 0.90781459695625644, 0.90750490355272584, 0.90740167241821568, 0.90554351199703265, 0.90451120065193102, 0.90636936107311405, 0.90605966766958357, 0.90337565817231913, 0.90605966766958357, 0.90636936107311405, 0.90688551674566487, 0.90461443178644119, 0.90667905447664454, 0.90626612993860389, 0.90688551674566487, 0.90564674313154292, 0.90451120065193102, 0.90771136582174627, 0.905130587458992, 0.90729844128370551, 0.90626612993860389, 0.90771136582174627, 0.90740167241821568, 0.90626612993860389, 0.90729844128370551, 0.90585320540056324], "val_loss": [0.25561357185642969, 0.23592423800160989, 0.22790978230090655, 0.22372624723857384, 0.22121720887736737, 0.21979997388667041, 0.21801762158402818, 0.21589223222921072, 0.21678988077611738, 0.21534962663712537, 0.21498817022375688, 0.21432793596968067, 0.21376025473061172, 0.21445451108764738, 0.21334609046887598, 0.21310901446793856, 0.21347037757330295, 0.21334245886807104, 0.21286104280931165, 0.21352189476858957, 0.21415082940661995, 0.21371979772878455, 0.21329697724452903, 0.21477234290642205, 0.21300929558342352, 0.21324322968059936, 0.21243718782420792, 0.21251933114058807, 0.21558756687157021, 0.21339508852649058, 0.21283006386588549, 0.21216127960947972, 0.21209277071868646, 0.21637769186042638, 0.21383671355318873, 0.21276773092878903, 0.21266961466900591, 0.21326197457532586, 0.21277200771433977, 0.21245136919486285, 0.21325455847029667, 0.21206385123049179, 0.21519154307765218, 0.21176033271925607, 0.2131389263516254, 0.2144397468688479, 0.21181694167531828, 0.21354289914821586, 0.21232100846204544, 0.21273634522227269, 0.21178316797426983, 0.21287278834543102, 0.21144571585023664, 0.21225233083909861, 0.21235914966621253, 0.21226960664269504, 0.21279957332120808, 0.21596001940048232, 0.21343459947763663, 0.21300542753609364, 0.21658957196830092, 0.21267635026459997, 0.21235463141324387, 0.21264645925822906, 0.21296674070668883, 0.21281833098352393, 0.21272106977073699, 0.21376410304201737, 0.21482970342124666, 0.21299558611517661, 0.2124507896324497, 0.21473716020805617, 0.21352720838084338, 0.21298707419410509, 0.21204294549356836, 0.21161452741510692, 0.21194020191483839, 0.21358449263777959, 0.21226344032160599]}}