{"low_val_loss": 0.21416955464541193, "params": {"verbose": 1, "nb_epoch": 1000, "batch_size": 32, "metrics": ["loss", "acc", "val_loss", "val_acc"], "nb_sample": 29058, "do_validation": true}, "results": {"acc": [0.83990639410833501, 0.87359763232156373, 0.89276619175442218, 0.89834124853740793, 0.90002753114460732, 0.9018170555440842, 0.9031247849129328, 0.90291830132837769, 0.9030903709821736, 0.90340009635900609, 0.90422603069722629, 0.90426044462798538, 0.90384747745887539, 0.90470782572785469, 0.90391630532039369, 0.90432927248950379, 0.90494872324316888, 0.90508637896620547, 0.90518962075848308, 0.90512079289696468, 0.90457017000481799, 0.90487989538165048, 0.90467341179709548, 0.90570582971987057, 0.90457017000481799, 0.90570582971987057, 0.90498313717392798, 0.90522403468924217, 0.90508637896620547, 0.90501755110468718, 0.90408837497418959, 0.90587789937366647, 0.90494872324316888, 0.90546493220455637, 0.90567141578911148, 0.90491430931240968, 0.90515520682772388, 0.90546493220455637, 0.90501755110468718, 0.90556817399683387, 0.90532727648151967, 0.90639410833505407, 0.90470782572785469, 0.90570582971987057, 0.90574024365062977, 0.90577465758138898, 0.90563700185835228, 0.90543051827379728, 0.90549934613531557, 0.90584348544290727, 0.90666941978112736, 0.90567141578911148, 0.90543051827379728, 0.90525844862000138, 0.90532727648151967, 0.90591231330442568, 0.90622203868125817, 0.90491430931240968, 0.90680707550416406, 0.90549934613531557, 0.90560258792759307, 0.90553376006607478, 0.90549934613531557, 0.90701355908871917, 0.90604996902746227, 0.90611879688898067, 0.90580907151214807, 0.90584348544290727, 0.90611879688898067, 0.90574024365062977, 0.90518962075848308, 0.90518962075848308, 0.90522403468924217, 0.90622203868125817, 0.90532727648151967, 0.90604996902746227, 0.90646293619657237, 0.90574024365062977, 0.90625645261201737, 0.90591231330442568, 0.90536169041227887, 0.90598114116594397, 0.90543051827379728, 0.90618762475049897, 0.90570582971987057, 0.90570582971987057, 0.90591231330442568, 0.90570582971987057, 0.90560258792759307, 0.90580907151214807, 0.90546493220455637, 0.90625645261201737, 0.90625645261201737, 0.90594672723518477, 0.90553376006607478, 0.90639410833505407, 0.90591231330442568, 0.90629086654277646, 0.90632528047353567, 0.90522403468924217, 0.90543051827379728, 0.90570582971987057, 0.90543051827379728, 0.90549934613531557, 0.90580907151214807, 0.90563700185835228, 0.90584348544290727, 0.90591231330442568, 0.90577465758138898, 0.90629086654277646, 0.90663500585036827, 0.90608438295822147, 0.90553376006607478, 0.90484548145089128, 0.90622203868125817, 0.90601555509670317, 0.90594672723518477, 0.90591231330442568, 0.90604996902746227, 0.90618762475049897, 0.90560258792759307, 0.90663500585036827, 0.90532727648151967, 0.90584348544290727, 0.90594672723518477, 0.90611879688898067, 0.90549934613531557, 0.90587789937366647, 0.90505196503544638, 0.90532727648151967, 0.90577465758138898, 0.90584348544290727, 0.90501755110468718, 0.90618762475049897, 0.90563700185835228, 0.90591231330442568, 0.90549934613531557, 0.90567141578911148, 0.90594672723518477, 0.90553376006607478], "loss": [0.36423209672850798, 0.2557195131556384, 0.24002877689443666, 0.23269848745416008, 0.22816384763933023, 0.2251224000178961, 0.22386485426939581, 0.22266002720667635, 0.22178109072645455, 0.22129543752382788, 0.22024276870966236, 0.22010468266864228, 0.21956804788558168, 0.21931368211422161, 0.21880652334078066, 0.2184313126012058, 0.21822016880401307, 0.21818430090801411, 0.21791540500925546, 0.21785557097490316, 0.21778750126175411, 0.21772519921668176, 0.21741477468524273, 0.21729636995891177, 0.21694889084863361, 0.2172663425560688, 0.21711891257793267, 0.21683475502556868, 0.21671142084705441, 0.21670206054102586, 0.21664445845247685, 0.21661090556683679, 0.2165451010956953, 0.21649650048898628, 0.21634191989765864, 0.21641539370770468, 0.21632690774786456, 0.21625084042223916, 0.21622985356918542, 0.21614164251225709, 0.21605911318224799, 0.21598663615363209, 0.215907695789296, 0.21581760871614672, 0.21601145459230595, 0.21565594535067928, 0.21580596941143967, 0.21558509791362587, 0.21568010502413271, 0.21571627997229362, 0.21566518040404561, 0.21570700521541325, 0.21560536505678429, 0.21556392244921757, 0.2154636169290258, 0.21539309952916139, 0.21573842751880548, 0.21561171109419219, 0.2154948325866563, 0.21538959158877272, 0.2154395274084116, 0.21563679690112086, 0.21540267985413872, 0.21534622887105737, 0.21547990998805649, 0.21528078993399463, 0.21540719906177266, 0.21538599149537263, 0.21529156599024488, 0.21539709173202909, 0.215464097990436, 0.21540240065151206, 0.21535840486567007, 0.21533712232373237, 0.21527042737955895, 0.21524409764143185, 0.21533394058108263, 0.21532691166679713, 0.21522156245351634, 0.21529185721892125, 0.21534334111064407, 0.21537841036090158, 0.21527715625300139, 0.21533941385592767, 0.21527275539433621, 0.21523208041363281, 0.21539068826129162, 0.21530098298531092, 0.21536739663769583, 0.21544660589320488, 0.21510620176960346, 0.2152061047582077, 0.21517479196454289, 0.21525800293072381, 0.21521491399363696, 0.21514815680623975, 0.21514514458262343, 0.21525513026262069, 0.21512619733925295, 0.21518681164769643, 0.21519725196747092, 0.21504447238426327, 0.21520733364196659, 0.21507950257070213, 0.21521094554487941, 0.21508166734050987, 0.21523943952654551, 0.21517343714067125, 0.21509416191680031, 0.21494955367408244, 0.21501696847855606, 0.21510900440838981, 0.21505683234312864, 0.21502516783250322, 0.21515355483278562, 0.2150767832233727, 0.21500126511350576, 0.21495582547945949, 0.2149169954963393, 0.21502926257498636, 0.21510974119178722, 0.21516329154676822, 0.21502595682663003, 0.21490776957607505, 0.21489928696724805, 0.21497234618214978, 0.21509489390204997, 0.21503954717480914, 0.21498957609874317, 0.21486978318361605, 0.21508224267004625, 0.21478795707121956, 0.21497733336787136, 0.21497091416507227, 0.21500457537591444, 0.21501927382275343, 0.21499674023120777, 0.21507652289434673, 0.21499742193800281, 0.21489809140538588],