{"low_val_loss": 0.21214578640132395, "params": {"verbose": 1, "nb_epoch": 1000, "batch_size": 32, "metrics": ["loss", "acc", "val_loss", "val_acc"], "nb_sample": 29058, "do_validation": true}, "results": {"acc": [0.83956225480074331, 0.86179365407116804, 0.89286943354669968, 0.89765296992222454, 0.90064698189827241, 0.9030903709821736, 0.9030903709821736, 0.90391630532039369, 0.90350333815128359, 0.90343451028976529, 0.90453575607405878, 0.90515520682772388, 0.90515520682772388, 0.90529286255076058, 0.90591231330442568, 0.90601555509670317, 0.90529286255076058, 0.90618762475049897, 0.90567141578911148, 0.90556817399683387, 0.90618762475049897, 0.90642852226581316, 0.90639410833505407, 0.90584348544290727, 0.90629086654277646, 0.90598114116594397, 0.90646293619657237, 0.90629086654277646, 0.90556817399683387, 0.90622203868125817, 0.90680707550416406, 0.90594672723518477, 0.90653176405809066, 0.90635969440429487, 0.90615321081973987, 0.90739211232706996, 0.90611879688898067, 0.90660059191960907, 0.90670383371188656, 0.90718562874251496, 0.90646293619657237, 0.90697914515795997, 0.90766742377314336, 0.90725445660403337, 0.90615321081973987, 0.90708238695023746, 0.90673824764264577, 0.90663500585036827, 0.90666941978112736, 0.90608438295822147, 0.90684148943492326, 0.90711680088099667, 0.90666941978112736, 0.90663500585036827, 0.90691031729644156, 0.90666941978112736, 0.90739211232706996, 0.90735769839631086, 0.90691031729644156, 0.90718562874251496, 0.90814921880377175, 0.90670383371188656, 0.90673824764264577, 0.90766742377314336, 0.90777066556542085, 0.90728887053479246, 0.90684148943492326, 0.90711680088099667, 0.90725445660403337, 0.90739211232706996, 0.90787390735769835, 0.90711680088099667, 0.90694473122720076, 0.90759859591162506, 0.90732328446555166, 0.90770183770390256, 0.90818363273453095, 0.90677266157340486, 0.90756418198086586, 0.90749535411934756, 0.90725445660403337, 0.90735769839631086, 0.90887191134971435, 0.90839011631908595, 0.90783949342693926, 0.90718562874251496, 0.90728887053479246, 0.90777066556542085, 0.90759859591162506, 0.90746094018858836, 0.90752976805010666, 0.90842453024984515], "loss": [0.39381413713638069, 0.26176972667885934, 0.2405146974180517, 0.23260019787598957, 0.2284073876926605, 0.22580699331048712, 0.22296698504767995, 0.22139287999350959, 0.22036909241396216, 0.2196839905727081, 0.21933501453750859, 0.21878004134864371, 0.21841853536966779, 0.21791091351489422, 0.21789387342516148, 0.21755090797041426, 0.21734215596252196, 0.2172060136559282, 0.21685121689756895, 0.21667611674453774, 0.21660948010446512, 0.21627062989889337, 0.21603732471440137, 0.21604006176926324, 0.21558374393457261, 0.2158270238562357, 0.21543273201430357, 0.2152021686578619, 0.21508959257729457, 0.21499411808144153, 0.21494002674502888, 0.21476908429717359, 0.2146678488791067, 0.21433254905973598, 0.21447652240721404, 0.21407731866194923, 0.21432594851277817, 0.21419767206612306, 0.21402467439274589, 0.21382958015368148, 0.21369325106680062, 0.21377500106884842, 0.21354101651440927, 0.21343550490626564, 0.21336067301419329, 0.21330897782608929, 0.21309115039127, 0.21317298678552155, 0.21294131858607473, 0.21310814233311917, 0.21294275202935012, 0.21286141670254072, 0.21279460646433121, 0.2126174796283167, 0.21274380861453404, 0.2126153616475808, 0.21257886196296208, 0.21243630917628109, 0.21261944565495108, 0.21231756373126071, 0.21245341523716407, 0.21243917319328912, 0.21230347130094557, 0.21199822611972188, 0.21209837299208736, 0.21213614936233166, 0.21220423431342825, 0.21217706017917956, 0.21213894220136614, 0.21216712951033184, 0.21209527580742499, 0.21198169137495121, 0.2120015681265833, 0.21205691053773149, 0.21192976057576116, 0.21182623599948933, 0.21180884683490053, 0.21198782959800519, 0.21189508414151983, 0.21171998313165136, 0.21187045844704461, 0.21171441788383438, 0.21176940703828531, 0.21183848144740772, 0.21171253821347519, 0.21175001007707001, 0.21176005595401048, 0.21180639432632811, 0.211651105620108, 0.21150326437089004, 0.21175560350160949, 0.2115927080842582], "val_acc": [0.83606895842861806, 0.88561990306118243, 0.89480747403258742, 0.89976256846446323, 0.89924641279191242, 0.90007226186799383, 0.90172396002015642, 0.90265304023074799, 0.90337565817231913, 0.90471766292095135, 0.90358212044133945, 0.90296273363427848, 0.90378858271035989, 0.9043047383829107, 0.9031691959032988, 0.9031691959032988, 0.905130587458992, 0.90461443178644119, 0.90523381859350216, 0.90636936107311405, 0.905130587458992, 0.90574997426605308, 0.90533704972801232, 0.90719521014919535, 0.90420150724840054, 0.90585320540056324, 0.90605966766958357, 0.90802105922527676, 0.90554351199703265, 0.90533704972801232, 0.90605966766958357, 0.90585320540056324, 0.90657582334213438, 0.90574997426605308, 0.905130587458992, 0.90595643653507341, 0.90492412518997167, 0.90554351199703265, 0.90471766292095135, 0.90482089405546151, 0.90440796951742086, 0.90451120065193102, 0.90554351199703265, 0.90368535157584962, 0.90451120065193102, 0.90554351199703265, 0.90554351199703265, 0.90451120065193102, 0.90409827611389038, 0.90461443178644119, 0.90358212044133945, 0.90585320540056324, 0.90451120065193102, 0.90461443178644119, 0.90533704972801232, 0.90502735632448184, 0.90471766292095135, 0.90409827611389038, 0.90482089405546151, 0.90564674313154292, 0.90399504497938021, 0.90451120065193102, 0.905130587458992, 0.90399504497938021, 0.90533704972801232, 0.90492412518997167, 0.90440796951742086, 0.90378858271035989, 0.90378858271035989, 0.90461443178644119, 0.90564674313154292, 0.90254980909623783, 0.90461443178644119, 0.90389181384487005, 0.90358212044133945, 0.90306596476878864, 0.90347888930682929, 0.90358212044133945, 0.90368535157584962, 0.9043047383829107, 0.90471766292095135, 0.90389181384487005, 0.90544028086252248, 0.90451120065193102, 0.90523381859350216, 0.90533704972801232, 0.9043047383829107, 0.90327242703780897, 0.90378858271035989, 0.90244657796172767, 0.90368535157584962, 0.90399504497938021], "val_loss": [0.28476481257337061, 0.24573352104421123, 0.23320330152868965, 0.22663687844388167, 0.22412410177558867, 0.22138946567623316, 0.21861193497151157, 0.21770330067388263, 0.21688765415690492, 0.21552084084387546, 0.21494143015584968, 0.21596480773565163, 0.21486316122752269, 0.2161516051759067, 0.21507555898884642, 0.21471468653117243, 0.2152267754373258, 0.215519429053071, 0.21460333917241131, 0.21411536607971696, 0.21530314908931408, 0.21451893875236369, 0.21401032640233281, 0.21423023921904136, 0.21670459831562083, 0.21390603655470258, 0.21415044803411165, 0.21438237090985496, 0.21492737792551522, 0.21418574073064361, 0.21363001869868553, 0.21373163488389441, 0.21448162135613202, 0.21370091041544464, 0.21388196128987672, 0.21362149349316806, 0.21403879915411483, 0.21403159628321022, 0.21500556505820423, 0.21321630065342928, 0.21376840177859219, 0.21439994658874484, 0.21291560807426954, 0.21299186492588937, 0.21395715624109393, 0.21370562264655191, 0.21292816957625563, 0.2130842533620553, 0.21685875843180905, 0.21305638582477313, 0.2138549917817571, 0.21262252340009613, 0.21356002131002635, 0.21267667087568912, 0.21284048705200939, 0.21259312969286817, 0.21278191153031206, 0.21404954640011528, 0.21318390659962544, 0.21420761842876318, 0.21270634061819851, 0.21334257789584546, 0.21257809533033747, 0.21287355063512153, 0.21250270778849556, 0.21214578640132395, 0.21295783627300277, 0.21274685345592423, 0.21297773269353248, 0.21287288355780568, 0.21235963419468962, 0.21333407195246698, 0.21286820675598969, 0.21238090929951081, 0.21394357613467746, 0.21275522731782187, 0.21297662923539573, 0.21248150256392115, 0.21288390527313505, 0.21253400145146062, 0.21256825984096556, 0.21288783615854018, 0.21265410421691319, 0.21232127581844268, 0.21253216873938618, 0.21261727176756637, 0.21263592175757096, 0.21366992756790504, 0.21258020413614739, 0.21314722391871632, 0.21343709161877938, 0.21336544568513807]}}