{"low_val_loss": 0.13265105227751048, "params": {"verbose": 1, "nb_epoch": 1000, "batch_size": 32, "metrics": ["loss", "acc", "val_loss", "val_acc"], "nb_sample": 94030, "do_validation": true}, "results": {"acc": [0.9433797724130597, 0.94698500479077785, 0.94934595342546046, 0.94993087312559821, 0.95056896735084551, 0.95109007763986853, 0.9512921408124646, 0.95157928320748697, 0.95182388599383172, 0.95167499734127403, 0.95232372647534658, 0.95208975858768474, 0.95177071148013226, 0.95206848878017658, 0.95212166330401826, 0.95205785388656461, 0.95210039349143893, 0.95211102840533524, 0.95229182176408422, 0.95222801234282728, 0.95234499627778368, 0.95261086887163671, 0.95219610763029716, 0.95210039349143893, 0.95217483782278889, 0.9520684887903188, 0.95244071041157075, 0.95220674253405124, 0.95190896522893587, 0.95258959906412843, 0.95254705945037976, 0.95246198022415018, 0.95254705945925422, 0.95271721790917796, 0.95233436138417182, 0.95286610657187787, 0.95244071041664191, 0.95232372647027541, 0.95255769435286608, 0.95269594810674074, 0.952196107625226, 0.95274912262551137, 0.95246198022415018, 0.95260023397295368, 0.95284483675929854, 0.95262150377539079, 0.95281293204296502, 0.95279166223545675, 0.9527597575241944, 0.95239817080289324, 0.95274912262044031, 0.95253642455042897, 0.9528661065668067, 0.95286610657187787, 0.95261086887163671, 0.95277039242794848, 0.95277039242794848, 0.95261086887163671, 0.95274912262551137, 0.95267467829416141, 0.95245134532039599, 0.95257896417051657, 0.95280229713921094, 0.95268531319791561, 0.95264277358797023, 0.95279166224052791, 0.95274912262170808, 0.9527597575241944, 0.95256832926169133, 0.95248325003165835, 0.95250451983409545, 0.95271721791424901, 0.95267467829416141, 0.95290864618182325, 0.95252578964667489, 0.95297245559927679, 0.95281293204803608, 0.95254705945418305, 0.95262150378172972, 0.9527597575241944, 0.95265340848665314, 0.95283420185047329, 0.95250451983409545, 0.95270658301049493, 0.95251515473784965, 0.95281293204803608, 0.95262150377539079, 0.95291928108050628, 0.95281293204296502, 0.95269594810166969, 0.95284483675422738, 0.95262150377539079, 0.95286610656173565, 0.95270658301049493, 0.95270658300542377, 0.952898011272998, 0.95263213868041274, 0.95250451983409545, 0.9523343613740296, 0.95305753483057754, 0.95253642454535792, 0.952898011272998, 0.95282356694798687, 0.95269594810166969, 0.95265340849172431, 0.95273848771668612, 0.95269594810166969, 0.95268531320298666, 0.95308943954564329, 0.95283420185174106, 0.95250451984423778], "loss": [0.17544410809514802, 0.14181632367642677, 0.13867602283670891, 0.1371793504774263, 0.13589780854044806, 0.13531574641220573, 0.13477543337851222, 0.13430826148927674, 0.13406023183096871, 0.13385224175126098, 0.13361082446900985, 0.13345600804958802, 0.13322113405960259, 0.13325405447667271, 0.13309909036080153, 0.13294660657133991, 0.13300809319949489, 0.13300089574387564, 0.13270841667934338, 0.13284046187399423, 0.13261977661867339, 0.13277561542438684, 0.13258310395276993, 0.13258972006889463, 0.13258160304990865, 0.13236962824340426, 0.13233534409196582, 0.1324277556875621, 0.13223081601657449, 0.13232132279996819, 0.13216462095554213, 0.13242449663166644, 0.13234661570523859, 0.13236704141331027, 0.1322494444277367, 0.13207339879636826, 0.13210583484123378, 0.13208998397078259, 0.13209728133573212, 0.13205282397280599, 0.13203337083375638, 0.13201380957729777, 0.131939365830711, 0.13178421628737619, 0.13196306991175263, 0.131858912780667, 0.13152829798329299, 0.13179151956231672, 0.13175649409173754, 0.13164270773734435, 0.13163759793892485, 0.13165628549365632, 0.13151907648296543, 0.13155632235991704, 0.13140292897742029, 0.13136306854455596, 0.13146910114992519, 0.13146056114456969, 0.13146210747659937, 0.13145233542978998, 0.13138464559687715, 0.13151233452381661, 0.13146214806645598, 0.1314434953548167, 0.1314214854377084, 0.1313795754819313, 0.13153001005492615, 0.13136852573106977, 0.13134959209450861, 0.13137696425318654, 0.13119912543671317, 0.1313310834135348, 0.13133505053067859, 0.13121891943309, 0.13126366989550203, 0.13112910171208275, 0.13117066306792699, 0.13130754042429885, 0.1313038653650018, 0.13120776552100405, 0.13123856060374078, 0.1312654894905104, 0.13123423218232677, 0.13119392296243676, 0.1311239234448045, 0.13112227775756316, 0.13121724400434004, 0.13109621794785983, 0.13126351895916338, 0.13128521444703256, 0.13114675567747366, 0.13115928035558672, 0.13118549002007429, 0.13120050491563287, 0.1311075544214754, 0.13116791665230762, 0.1311787869681022, 0.13115274950562417, 0.13120462203555433, 0.13125530528943616, 0.13111647293851134, 0.13111661174687683, 0.13102905410113619, 0.13113121382292314, 0.13100730999789187, 0.13110451057076289, 0.13101561180363749, 0.13109028163766856, 0.13098589476516093, 0.13105291192403287, 0.13103801591604503], "val_acc": [0.94448698315467072, 0.94965543644716688, 0.95051684532924963, 0.95089969372128635, 0.95166539050535992, 0.95233537519142419, 0.9511868300153139, 0.95141015824400199, 0.95294155181214901, 0.95329249617151612, 0.95208014293006638, 0.95306916794282792, 0.95290964777947929, 0.95249489535477283, 0.95230347115875447, 0.95316488004083721, 0.95348392036753449, 0.9528139356814701, 0.9539624808575804, 0.95294155181214901, 0.95265441551812147, 0.95290964777947929, 0.95294155181214901, 0.95367534456355285, 0.95160158244002047, 0.95249489535477283, 0.95284583971413983, 0.95262251148545174, 0.95377105666156203, 0.95252679938744256, 0.95313297600816749, 0.95332440020418585, 0.95150587034201128, 0.95300535987748847, 0.95179300663603883, 0.95278203164880038, 0.95172919857069938, 0.95259060745278201, 0.95342011230219503, 0.9528139356814701, 0.95351582440020421, 0.95373915262889231, 0.95294155181214901, 0.95383486472690149, 0.9539624808575804, 0.95364344053088312, 0.95357963246554367, 0.95354772843287394, 0.95278203164880038, 0.95319678407350694, 0.95275012761613065, 0.95348392036753449, 0.95415390505359876, 0.95160158244002047, 0.95335630423685558, 0.95252679938744256, 0.9539624808575804, 0.95389867279224094, 0.95319678407350694, 0.9539624808575804, 0.95393057682491067, 0.95348392036753449, 0.95297345584481874, 0.95195252679938747, 0.95370724859622258, 0.95393057682491067, 0.95383486472690149, 0.95316488004083721, 0.95351582440020421, 0.95351582440020421, 0.95364344053088312, 0.95310107197549765, 0.95319678407350694, 0.95217585502807556, 0.95380296069423176, 0.95220775906074528, 0.95322868810617667, 0.95342011230219503, 0.95303726391015819, 0.95300535987748847, 0.95357963246554367, 0.9532605921388464, 0.95338820826952531, 0.95338820826952531, 0.95367534456355285, 0.95265441551812147, 0.95335630423685558, 0.95297345584481874, 0.95322868810617667, 0.95367534456355285, 0.9536115364982134, 0.95236727922409392, 0.95332440020418585, 0.95319678407350694, 0.95284583971413983, 0.95300535987748847, 0.95342011230219503, 0.95338820826952531, 0.95342011230219503, 0.95332440020418585, 0.95348392036753449, 0.95319678407350694, 0.95310107197549765, 0.9532605921388464, 0.95364344053088312, 0.95370724859622258, 0.95239918325676365, 0.95357963246554367, 0.95342011230219503, 0.95380296069423176, 0.95271822358346092],