{"low_val_loss": 0.13003101222589802, "params": {"verbose": 1, "nb_epoch": 1000, "batch_size": 32, "metrics": ["loss", "acc", "val_loss", "val_acc"], "nb_sample": 94030, "do_validation": true}, "results": {"acc": [0.94335850261062248, 0.94627246623925165, 0.94868658939143713, 0.94975007976684922, 0.95029245985830946, 0.95063277677844127, 0.95135595022865038, 0.95145166436877637, 0.95180261618632356, 0.95164309263508284, 0.95188769542142759, 0.95232372647027541, 0.95225991705282187, 0.95262150378046195, 0.95243007551288772, 0.95249388493160914, 0.95255769435793725, 0.95261086887163671, 0.95250451983409545, 0.95228118685525898, 0.9523343613740296, 0.95236626608275632, 0.95277039243301964, 0.95248325002785506, 0.95289801127806906, 0.95261086887163671, 0.95265340849679547, 0.95267467829416141, 0.95283420185554435, 0.95274912262044031, 0.9528767414705609, 0.95275975752926556, 0.95273848771668612, 0.95291928108177404, 0.95333404233198804, 0.95315324896309683, 0.95312134425690564, 0.95279166224052791, 0.95328086781321741, 0.95283420185554435, 0.95314261406441392, 0.95325959800570925, 0.95341912156202102, 0.95335531213949631, 0.95353610550331636, 0.95364245454085761, 0.95318515367943035, 0.95351483569073703, 0.95323832819820098, 0.95351483569580808, 0.95316388386685102, 0.95325959800570925, 0.95320642348186746, 0.95339785174944169, 0.95335531214456737, 0.95349356588322876, 0.9531851536743593, 0.95320642348693863, 0.95338721685075867, 0.95348293097947467, 0.95334467724081329, 0.95347229607572048, 0.95345102627328338, 0.95347229607572048, 0.95353610549824519, 0.9538126129958524, 0.9537168988671364, 0.95351483569073703, 0.95340848665826694, 0.95330213762072569, 0.95347229608079165, 0.95356801020950765, 0.95324896310702623, 0.95322769328937573, 0.95317451877060511, 0.95329150271190044, 0.953408486663338, 0.95353610550331636, 0.95345102626821232, 0.9532702329107311, 0.95357864511326174, 0.95345102627328338, 0.95347229607572048, 0.95338721685582983, 0.95331277251940871, 0.9535467404121416, 0.95363181963203236, 0.95327023290439217, 0.95330213761565463, 0.95348293097947467, 0.95341912156709219, 0.95340848665826694, 0.95339785174944169, 0.95358928001701582, 0.95348293097947467, 0.9534616611719664, 0.95340848665319577, 0.95353610550331636, 0.9530788046418891, 0.95330213761565463, 0.95366372434836577, 0.95363181963710342, 0.95377007338590702, 0.95355737531082463, 0.95341912155694986, 0.95353610549824519, 0.95334467723067107, 0.95332340742316279, 0.953408486663338, 0.95347229607572048, 0.95345102626821232, 0.95341912155694986], "loss": [0.17962021091308136, 0.14368430030107573, 0.14000638012244299, 0.13775219660667135, 0.13648522951324532, 0.13553965204696156, 0.13481340256167906, 0.13430805164335333, 0.13402800772572457, 0.13360052652229948, 0.13344250714336445, 0.13299468127933572, 0.13283577947021102, 0.13278642059526177, 0.13283027207519885, 0.13254871068419921, 0.13246325289193309, 0.1323055280014947, 0.13230056357346645, 0.132282525166595, 0.13194409982467395, 0.13203732554571915, 0.13188200312625292, 0.13200496603780054, 0.13189085096162037, 0.13181772033378797, 0.13127152711758394, 0.13065600204813876, 0.13035346223365293, 0.12997475993644919, 0.12978940330153385, 0.12967595967979084, 0.12947615159153114, 0.12954433572827331, 0.12934601212719279, 0.12935667672740972, 0.12919300786931376, 0.12927879323753211, 0.12904946821161653, 0.12924559583191567, 0.12900675404620757, 0.129044575787511, 0.12906645166310404, 0.12890706493631265, 0.12886110816729723, 0.12880643330348826, 0.12877531274907528, 0.12886554161382824, 0.12880669561701355, 0.12866001334134461, 0.12865272894094412, 0.12881600951531663, 0.12871291928391856, 0.12851219257215235, 0.12865933141790273, 0.12846082000585424, 0.12855048794546978, 0.12855597273740288, 0.12851931470515918, 0.12850252715790511, 0.12846771594781539, 0.12843459386405864, 0.12839676459444391, 0.12854298151253793, 0.12849328659322717, 0.12838696316526405, 0.12846004964363242, 0.12831537991224939, 0.12837385024594511, 0.12823783263720998, 0.12828686769802519, 0.12827919988451131, 0.12835027067874019, 0.12837163555171088, 0.12832874834918237, 0.12825944485741259, 0.12829561176026716, 0.12816329914864538, 0.12820908860359423, 0.12819406655060919, 0.12828912961854461, 0.128189781521478, 0.12810770715806227, 0.12825876736050146, 0.1281474805900065, 0.12818731359062227, 0.12810468198399741, 0.12821578161067343, 0.12810299964186855, 0.12803491651690965, 0.12794264910811379, 0.12808999345744529, 0.1280472406198544, 0.12809470496167658, 0.12810473024502822, 0.12814906925544592, 0.12807671522200076, 0.12801955556832742, 0.12804552736110439, 0.12807607332124274, 0.1280839980528112, 0.12803678730409424, 0.12806278981009303, 0.12791300165733099, 0.12793440221557573, 0.12796734904730342, 0.12802570221126935, 0.12812947807579006, 0.12800034182884079, 0.12790013990125973, 0.12791446765119038, 0.12791254026394352], "val_acc": [0.94448698315467072, 0.94790071465033177, 0.94991066870852481, 0.95051684532924963, 0.95109111791730472, 0.95185681470137828, 0.9524629913221031, 0.95220775906074528, 0.95294155181214901, 0.95287774374680956, 0.95252679938744256, 0.95268631955079119, 0.95313297600816749, 0.95322868810617667, 0.95223966309341501, 0.95182491066870856, 0.95223966309341501, 0.95262251148545174, 0.9536115364982134, 0.95294155181214901, 0.9532605921388464, 0.9528139356814701, 0.95310107197549765, 0.95252679938744256, 0.95271822358346092, 0.95335630423685558, 0.9528139356814701, 0.95322868810617667, 0.95348392036753449, 0.95313297600816749, 0.9528139356814701, 0.95294155181214901, 0.95373915262889231, 0.95319678407350694, 0.95332440020418585, 0.95380296069423176, 0.95329249617151612, 0.95386676875957122, 0.95329249617151612, 0.95351582440020421, 0.95354772843287394, 0.95351582440020421, 0.95370724859622258, 0.95348392036753449, 0.95428152118427767, 0.95354772843287394, 0.95313297600816749, 0.95409009698825931, 0.95380296069423176, 0.95405819295558958, 0.95405819295558958, 0.95351582440020421, 0.9532605921388464, 0.95380296069423176, 0.9536115364982134, 0.95351582440020421, 0.95345201633486476, 0.95399438489025012, 0.95409009698825931, 0.95351582440020421, 0.95364344053088312, 0.9539624808575804, 0.95380296069423176, 0.95399438489025012, 0.95367534456355285, 0.95364344053088312, 0.95405819295558958, 0.95373915262889231, 0.95096350178662581, 0.95402628892291985, 0.95370724859622258, 0.9543134252169474, 0.95364344053088312, 0.95335630423685558, 0.95287774374680956, 0.95412200102092903, 0.95370724859622258, 0.95428152118427767, 0.95399438489025012, 0.95306916794282792, 0.95342011230219503, 0.95351582440020421, 0.95380296069423176, 0.95370724859622258, 0.95383486472690149, 0.95389867279224094, 0.95354772843287394, 0.95319678407350694, 0.95383486472690149, 0.95342011230219503, 0.95313297600816749, 0.95393057682491067, 0.95259060745278201, 0.95380296069423176, 0.95386676875957122, 0.95354772843287394, 0.95322868810617667, 0.95354772843287394, 0.95313297600816749, 0.95294155181214901, 0.95310107197549765, 0.95332440020418585, 0.95367534456355285, 0.95297345584481874, 0.95437723328228685, 0.95373915262889231, 0.95389867279224094, 0.95335630423685558, 0.95306916794282792, 0.95373915262889231, 0.95364344053088312, 0.95364344053088312],