{"low_val_loss": 0.21142687151291009, "params": {"verbose": 1, "nb_epoch": 1000, "batch_size": 32, "metrics": ["loss", "acc", "val_loss", "val_acc"], "nb_sample": 29058, "do_validation": true}, "results": {"acc": [0.85580563011907218, 0.89806593709133453, 0.90126643265193751, 0.90178264161332511, 0.90315919884369189, 0.902367678436231, 0.90446692821254049, 0.90415720283570788, 0.90374423566659778, 0.90432927248950379, 0.90426044462798538, 0.90412278890494868, 0.90463899786633628, 0.90481106752013218, 0.90491430931240968, 0.90505196503544638, 0.90494872324316888, 0.90529286255076058, 0.90529286255076058, 0.90512079289696468, 0.90570582971987057, 0.90501755110468718, 0.90494872324316888, 0.90556817399683387, 0.90608438295822147, 0.90622203868125817, 0.90567141578911148, 0.90608438295822147, 0.90622203868125817, 0.90604996902746227, 0.90635969440429487, 0.90491430931240968, 0.90577465758138898, 0.90670383371188656, 0.90642852226581316, 0.90594672723518477, 0.90584348544290727, 0.90577465758138898, 0.90618762475049897, 0.90515520682772388, 0.90543051827379728, 0.90660059191960907, 0.90529286255076058, 0.90722004267327416, 0.90780507949618006, 0.90632528047353567, 0.90639410833505407, 0.90656617798884986, 0.90746094018858836, 0.90735769839631086, 0.90670383371188656, 0.90680707550416406, 0.90697914515795997, 0.90732328446555166, 0.90777066556542085, 0.90701355908871917, 0.90673824764264577, 0.90684148943492326, 0.90663500585036827, 0.90722004267327416, 0.90763300984238415, 0.90673824764264577, 0.90756418198086586, 0.90694473122720076, 0.90790832128845755, 0.90783949342693926, 0.90646293619657237, 0.90763300984238415, 0.90704797301947826, 0.90711680088099667, 0.90687590336568247, 0.90759859591162506, 0.90691031729644156, 0.90691031729644156, 0.90728887053479246, 0.90770183770390256, 0.90656617798884986, 0.90701355908871917, 0.90728887053479246, 0.90694473122720076, 0.90708238695023746, 0.90797714914997596, 0.90708238695023746, 0.90725445660403337, 0.90790832128845755, 0.90759859591162506, 0.90704797301947826, 0.90642852226581316, 0.90711680088099667, 0.90684148943492326, 0.90828687452680845, 0.90725445660403337, 0.90732328446555166, 0.90766742377314336, 0.90801156308073505, 0.90780507949618006, 0.90708238695023746, 0.90808039094225346, 0.90797714914997596, 0.90673824764264577, 0.90722004267327416, 0.90845894418060436, 0.90883749741895514, 0.90797714914997596, 0.90735769839631086, 0.90684148943492326, 0.90832128845756765, 0.90680707550416406, 0.90780507949618006, 0.90777066556542085, 0.90722004267327416, 0.90835570238832675], "loss": [0.33337471562715465, 0.23124646038069302, 0.22480440712735167, 0.22240399335894287, 0.2216424091340703, 0.22079699701232217, 0.22037173049124181, 0.21946113069507586, 0.21932355958323033, 0.21865347805040999, 0.21849629506836712, 0.21843088044972714, 0.21780762700977441, 0.21809091120373728, 0.21735513987148758, 0.21709973463968174, 0.21695521386590319, 0.21652844002489219, 0.21634543096326866, 0.21636450888818634, 0.21601948708806579, 0.21619035678172943, 0.21583546937010442, 0.21588747440985076, 0.21542405155843439, 0.21553543428665092, 0.21524109924452475, 0.21523487357445401, 0.21536979372572429, 0.21502669963269547, 0.2151956862117281, 0.21497328290715173, 0.21481332932454983, 0.21459174991860114, 0.21442783171381147, 0.21481247795610478, 0.21473987573703668, 0.21445355860297075, 0.21434572882633904, 0.21424434314694024, 0.21427199837843158, 0.21414391964651433, 0.21400522152115123, 0.21381028792023135, 0.21388817947929417, 0.21380757197088479, 0.21361227524310086, 0.21343306806956405, 0.21331444912641304, 0.21322457817779189, 0.21321244966518219, 0.2131636608840867, 0.21307086448592635, 0.21300701577219208, 0.2125982760257957, 0.21265996945717436, 0.21277273697340773, 0.21268032182189306, 0.2123302326198126, 0.21220446332301479, 0.21217352510835999, 0.21198981415481946, 0.21196658219799827, 0.21216124510336778, 0.21200860579045497, 0.21190793896215918, 0.21198094513897262, 0.21183087066984102, 0.21161877017819999, 0.21161977665637183, 0.21133203487545846, 0.21137839402616029, 0.21152519474843304, 0.21150542645508066, 0.21145577858411704, 0.21141294957493653, 0.21125575310349159, 0.2114865305652818, 0.21150383672956011, 0.21117366814787286, 0.21131530606547294, 0.21113973952380105, 0.21118506147787799, 0.21120333765514562, 0.21101763162866283, 0.211258478007323, 0.21115873696038795, 0.21115079252601235, 0.21096854311148622, 0.21089566557095921, 0.21090026414684013, 0.21088911051320225, 0.21105773598858887, 0.21085677632517275, 0.21102593224286681, 0.2109486220913355, 0.21075478760745195, 0.21097338297151472, 0.21076981539082459, 0.21087335409327723, 0.21106615091973829, 0.21080515500122432, 0.2108625619752301, 0.21088069334380818, 0.21100792549228747, 0.21079902394853367, 0.21092715512853411, 0.21068409605260577, 0.21061861278576793, 0.21062211436390985, 0.21074626096281676, 0.21078227420160228], "val_acc": [0.89057499751767055, 0.89934964392642258, 0.90110457321309545, 0.90110457321309545, 0.90089811094407513, 0.90182719115466659, 0.90224011569270735, 0.90131103548211577, 0.90368535157584962, 0.90265304023074799, 0.90399504497938021, 0.90461443178644119, 0.90461443178644119, 0.90389181384487005, 0.9043047383829107, 0.90347888930682929, 0.90461443178644119, 0.90502735632448184, 0.90337565817231913, 0.90554351199703265, 0.90564674313154292, 0.90605966766958357, 0.90378858271035989, 0.90523381859350216, 0.90564674313154292, 0.90554351199703265, 0.90523381859350216, 0.90451120065193102, 0.90544028086252248, 0.90657582334213438, 0.90461443178644119, 0.90657582334213438, 0.90440796951742086, 0.9043047383829107, 0.90647259220762422, 0.90647259220762422, 0.90626612993860389, 0.90657582334213438, 0.90492412518997167, 0.90482089405546151, 0.90358212044133945, 0.90564674313154292, 0.90502735632448184, 0.90451120065193102, 0.90523381859350216, 0.905130587458992, 0.90533704972801232, 0.90399504497938021, 0.90667905447664454, 0.90626612993860389, 0.90667905447664454, 0.9067822856111547, 0.9067822856111547, 0.90657582334213438, 0.90347888930682929, 0.90626612993860389, 0.90636936107311405, 0.90626612993860389, 0.90740167241821568, 0.90471766292095135, 0.90605966766958357, 0.90698874788017503, 0.90574997426605308, 0.90636936107311405, 0.90616289880409373, 0.90616289880409373, 0.90605966766958357, 0.90616289880409373, 0.90688551674566487, 0.90688551674566487, 0.90544028086252248, 0.90554351199703265, 0.90574997426605308, 0.905130587458992, 0.90626612993860389, 0.90605966766958357, 0.90636936107311405, 0.90657582334213438, 0.90626612993860389, 0.90636936107311405, 0.90740167241821568, 0.90729844128370551, 0.90523381859350216, 0.90533704972801232, 0.90729844128370551, 0.90647259220762422, 0.90585320540056324, 0.90647259220762422, 0.90564674313154292, 0.90533704972801232, 0.90626612993860389, 0.90502735632448184, 0.90533704972801232, 0.90657582334213438, 0.90616289880409373, 0.90626612993860389, 0.90657582334213438, 0.90585320540056324, 0.90616289880409373, 0.90760813468723611, 0.9043047383829107, 0.90574997426605308, 0.90585320540056324, 0.90616289880409373, 0.90626612993860389, 0.90585320540056324, 0.9067822856111547, 0.90647259220762422, 0.90626612993860389, 0.90750490355272584, 0.90595643653507341, 0.90616289880409373],