{"low_val_loss": 0.13017755565711311, "params": {"verbose": 1, "nb_epoch": 1000, "batch_size": 32, "metrics": ["loss", "acc", "val_loss", "val_acc"], "nb_sample": 94030, "do_validation": true}, "results": {"acc": [0.94336913750930551, 0.94660214825055833, 0.94882484314024074, 0.94964373072423691, 0.95007976178322706, 0.9501967457245224, 0.95064341167712429, 0.95096245878974794, 0.95102626821734382, 0.95151547378496226, 0.95145166436877637, 0.95183452089758591, 0.9516218228225034, 0.95195150483888125, 0.95185579070509407, 0.95201531426140595, 0.95200467936272293, 0.95228118685525898, 0.9519834095501436, 0.95188769541635643, 0.95211102839519302, 0.95212166330401826, 0.9517388067688699, 0.95220674253405124, 0.95234499627778368, 0.95249388493034137, 0.95196213974263533, 0.95260023396788263, 0.95240880570157616, 0.95256832925662027, 0.95224928214906768, 0.95240880571045061, 0.95207912368900183, 0.95227055195150478, 0.95267467829416141, 0.95243007550781666, 0.95260023397295368, 0.95216420291396364, 0.95251515473784965, 0.95232372647534658, 0.952547059449112, 0.95217483781771772, 0.95266404339040733, 0.95247261512790427, 0.953153248968168, 0.95252578964667489, 0.95247261512790427, 0.953153248968168, 0.9526321386892872, 0.95253642454535792, 0.95294055088801444, 0.95283420185047329, 0.95256832926169133, 0.95241944060913364, 0.95308943954057213, 0.95288737636924381, 0.95263213867914498, 0.95286610656300341, 0.95285547166305262, 0.95285547165798146, 0.95277039243301964, 0.95304689993062675, 0.95267467829416141, 0.95248325002658729, 0.9528661065668067, 0.95262150378046195, 0.95294055088801444, 0.95296182069552271, 0.95287674146675749, 0.95278102733170267, 0.95314261406441392, 0.95281293204296502, 0.95253642455042897, 0.95279166224559897, 0.95274912262551137, 0.95328086781828858, 0.95277039242794848, 0.95310007445066514, 0.9527597575241944, 0.95290864617801985, 0.95283420185047329, 0.95287674146548973, 0.95297245560941901, 0.95304689992682345, 0.95279166223545675, 0.95286610656173565, 0.95325959801078031, 0.95325959800063809, 0.9527810273380416, 0.95318515367943035, 0.95282356695179027, 0.95299372540678506, 0.95301499521936439, 0.95313197915558867, 0.95296182069552271, 0.95302563011804742, 0.95301499521429334, 0.95297245560434796, 0.95297245559927679, 0.9528661065668067, 0.95313197915558867, 0.95317451877060511], "loss": [0.17728526186977284, 0.14257557074763502, 0.13954811219070917, 0.13766337755489486, 0.13673847018166907, 0.13607139392592205, 0.13554584556477609, 0.13500712372201765, 0.13477951465141871, 0.13448270499543041, 0.13403366920378287, 0.13377750619856091, 0.13369970536191267, 0.13351252951670059, 0.1332794129399211, 0.13320002563572697, 0.13312998757417641, 0.13300295844789004, 0.13295240426087626, 0.13289399207934641, 0.13281754282478761, 0.13271820787976274, 0.13257699524130984, 0.1324797468932844, 0.13239640206063694, 0.13228539422413529, 0.13229564876180436, 0.13197957699024765, 0.13196014050795629, 0.13187430087561355, 0.13190149673024326, 0.13183728137809164, 0.13168139695157705, 0.13164837498910742, 0.13156463969033361, 0.13169854878967244, 0.13156041965850501, 0.13142675920064228, 0.13124396339190408, 0.13123360342638019, 0.1311401131362718, 0.13112451347973986, 0.1310036002510433, 0.13087385829035353, 0.13070670853653296, 0.1307119453812576, 0.13071315366765685, 0.13061585406838461, 0.13063349566769755, 0.13053349237261105, 0.1303664469828596, 0.13033893887836284, 0.13039899148608755, 0.13032703839228987, 0.13028087908047306, 0.13023400481892916, 0.13019288501913315, 0.13009535178508858, 0.13004345153096405, 0.12994540883211345, 0.13012794346032491, 0.12983527646747584, 0.13002866414921047, 0.12997920551859962, 0.12985422363449103, 0.12989495528114484, 0.12975576728333579, 0.1298890139510229, 0.12965779192115759, 0.12965740964829281, 0.12960696010295222, 0.12962623819919591, 0.12950734565115526, 0.12951386496606918, 0.12941745128781698, 0.12928370854949159, 0.12926746884296134, 0.12911913362472827, 0.12911445478419731, 0.1291074028411191, 0.12919365169147057, 0.1289737159875759, 0.1289291127333993, 0.12893712206237634, 0.12876634486197894, 0.1287534364967933, 0.12883494235119591, 0.1285756864391448, 0.12864073467206463, 0.12870888910109243, 0.12850044346814155, 0.12855110826957458, 0.1285659075864107, 0.12835284659285806, 0.12841318729305351, 0.12836818640363681, 0.12827648765214464, 0.12831118990959645, 0.12816586019044401, 0.12819367260926204, 0.12818580031684962, 0.12808096196063082], "val_acc": [0.94448698315467072, 0.94924068402246042, 0.94981495661051552, 0.95089969372128635, 0.9511868300153139, 0.95105921388463499, 0.95262251148545174, 0.95163348647269019, 0.95172919857069938, 0.9524629913221031, 0.9511868300153139, 0.95214395099540583, 0.95169729453802965, 0.9511868300153139, 0.9532605921388464, 0.9524629913221031, 0.95271822358346092, 0.95354772843287394, 0.95294155181214901, 0.95322868810617667, 0.95297345584481874, 0.95290964777947929, 0.9524629913221031, 0.95351582440020421, 0.9528139356814701, 0.95338820826952531, 0.95297345584481874, 0.95303726391015819, 0.95345201633486476, 0.95185681470137828, 0.9532605921388464, 0.9532605921388464, 0.95322868810617667, 0.95386676875957122, 0.95303726391015819, 0.95332440020418585, 0.95377105666156203, 0.95354772843287394, 0.95287774374680956, 0.95386676875957122, 0.95402628892291985, 0.95373915262889231, 0.95357963246554367, 0.95421771311893822, 0.95354772843287394, 0.95399438489025012, 0.95370724859622258, 0.95287774374680956, 0.95300535987748847, 0.95300535987748847, 0.95338820826952531, 0.95364344053088312, 0.95405819295558958, 0.95351582440020421, 0.95310107197549765, 0.95386676875957122, 0.95284583971413983, 0.95338820826952531, 0.95389867279224094, 0.95278203164880038, 0.95345201633486476, 0.95236727922409392, 0.95424961715160794, 0.9528139356814701, 0.95316488004083721, 0.95332440020418585, 0.95373915262889231, 0.95316488004083721, 0.9528139356814701, 0.95364344053088312, 0.95303726391015819, 0.95313297600816749, 0.95348392036753449, 0.95319678407350694, 0.95351582440020421, 0.95316488004083721, 0.95357963246554367, 0.95386676875957122, 0.95303726391015819, 0.95255870342011228, 0.95342011230219503, 0.95332440020418585, 0.95402628892291985, 0.9532605921388464, 0.95294155181214901, 0.95310107197549765, 0.95345201633486476, 0.95380296069423176, 0.95377105666156203, 0.95370724859622258, 0.95338820826952531, 0.95373915262889231, 0.95335630423685558, 0.95236727922409392, 0.95335630423685558, 0.95380296069423176, 0.95405819295558958, 0.95405819295558958, 0.95354772843287394, 0.95313297600816749, 0.95345201633486476, 0.95287774374680956],