{"low_val_loss": 0.21202680849433375, "params": {"verbose": 1, "nb_epoch": 1000, "batch_size": 32, "metrics": ["loss", "acc", "val_loss", "val_acc"], "nb_sample": 29058, "do_validation": true}, "results": {"acc": [0.83939018514694752, 0.88020510702732468, 0.89861655998348133, 0.90057815403675412, 0.90278064560534099, 0.90192029733636181, 0.90326244063596939, 0.90346892422052449, 0.9028150595361002, 0.90395071925115289, 0.90450134214329958, 0.90333126849748779, 0.90291830132837769, 0.90415720283570788, 0.90367540780507949, 0.90329685456672859, 0.90463899786633628, 0.90450134214329958, 0.90395071925115289, 0.90446692821254049, 0.90405396104343039, 0.90481106752013218, 0.90460458393557708, 0.90543051827379728, 0.90422603069722629, 0.90415720283570788, 0.90498313717392798, 0.90467341179709548, 0.90463899786633628, 0.90563700185835228, 0.90549934613531557, 0.90477665358937298, 0.90484548145089128, 0.90594672723518477, 0.90543051827379728, 0.90591231330442568, 0.90491430931240968, 0.90618762475049897, 0.90611879688898067, 0.90584348544290727, 0.90539610434303808, 0.90570582971987057, 0.90629086654277646, 0.90577465758138898, 0.90594672723518477, 0.90491430931240968, 0.90618762475049897, 0.90556817399683387, 0.90539610434303808, 0.90580907151214807, 0.90515520682772388, 0.90642852226581316, 0.90577465758138898, 0.90567141578911148, 0.90567141578911148, 0.90604996902746227, 0.90604996902746227, 0.90553376006607478, 0.90587789937366647, 0.90577465758138898, 0.90567141578911148, 0.90629086654277646, 0.90684148943492326, 0.90608438295822147, 0.90546493220455637, 0.90580907151214807, 0.90598114116594397, 0.90684148943492326, 0.90577465758138898, 0.90642852226581316, 0.90618762475049897, 0.90574024365062977, 0.90622203868125817, 0.90601555509670317, 0.90646293619657237, 0.90601555509670317, 0.90639410833505407, 0.90587789937366647, 0.90677266157340486, 0.90608438295822147, 0.90629086654277646, 0.90622203868125817, 0.90584348544290727, 0.90666941978112736, 0.90598114116594397, 0.90611879688898067, 0.90608438295822147, 0.90680707550416406, 0.90635969440429487, 0.90642852226581316, 0.90632528047353567, 0.90584348544290727, 0.90618762475049897, 0.90680707550416406, 0.90556817399683387, 0.90563700185835228, 0.90598114116594397, 0.90615321081973987, 0.90615321081973987, 0.90584348544290727, 0.90677266157340486, 0.90587789937366647, 0.90642852226581316, 0.90691031729644156, 0.90653176405809066, 0.90594672723518477, 0.90701355908871917, 0.90670383371188656, 0.90611879688898067, 0.90666941978112736, 0.90556817399683387, 0.90694473122720076, 0.90587789937366647, 0.90639410833505407, 0.90580907151214807, 0.90601555509670317, 0.90591231330442568, 0.90629086654277646, 0.90615321081973987, 0.90691031729644156, 0.90632528047353567, 0.90653176405809066, 0.90594672723518477, 0.90615321081973987, 0.90611879688898067, 0.90656617798884986, 0.90556817399683387, 0.90618762475049897, 0.90666941978112736, 0.90677266157340486, 0.90591231330442568, 0.90611879688898067, 0.90625645261201737, 0.90598114116594397, 0.90629086654277646, 0.90649735012733157], "loss": [0.37707864286008674, 0.24740830132125849, 0.22991781811157386, 0.22540954745721439, 0.22393165603028792, 0.22269389888475402, 0.22185202333167214, 0.22131436642086799, 0.22046211996740792, 0.22017936800785454, 0.21971653136025052, 0.21948134846935599, 0.21929385049264885, 0.21886201220074109, 0.21855302870179233, 0.21825587447335004, 0.21771830756928953, 0.21769379392427712, 0.21777672893333413, 0.21722574842075446, 0.21726742039852356, 0.21706186353614682, 0.21716056404032377, 0.21678650747274153, 0.21702330927687918, 0.21668679127633117, 0.21654685346748259, 0.21630559243111561, 0.21608265752820338, 0.21597995968266703, 0.21574554593550443, 0.21554003680422693, 0.21551429912736, 0.21516171977912635, 0.21532938806358687, 0.21501385487071972, 0.21495353644924012, 0.21478996092619107, 0.21510160930946515, 0.21477262233209279, 0.21460146959717372, 0.21476716951940994, 0.21446909074716372, 0.21440186336666286, 0.21457383197397856, 0.21430963836982103, 0.21428934065397512, 0.21415197577690814, 0.2142586088802475, 0.21425557165047743, 0.21430349424281397, 0.2140095474377815, 0.21395261237266128, 0.21405534200502102, 0.21401069009449275, 0.21405637387735763, 0.2139806489151396, 0.21387831803255608, 0.21397410805152647, 0.21382938141499522, 0.21385575203234375, 0.21394228312122859, 0.21368723126563624, 0.21389500250757434, 0.21380744104548161, 0.21373983678777975, 0.21360912738843929, 0.21372735258245668, 0.21388617043990263, 0.21374675230533285, 0.21365528280141471, 0.21370183388133579, 0.21379075581722923, 0.21350842171067036, 0.21367220687959748, 0.21367274948124448, 0.21349981202948365, 0.21358038086393627, 0.2134555155816705, 0.2136516247408965, 0.21367242252647747, 0.21345979560511974, 0.21359932263984904, 0.21351212634790198, 0.2135883887422825, 0.21354916980798413, 0.21345348725946589, 0.21341778087692581, 0.21347671298581181, 0.21344503837874329, 0.21347902430110799, 0.21342690710548329, 0.21358090416685716, 0.21346211271429169, 0.21335608780460857, 0.21343517434642964, 0.21340649137929182, 0.21334782069574221, 0.21343165064384789, 0.21341307210806551, 0.21335089916318617, 0.21330450019176175, 0.21334124816817113, 0.21340479621579975, 0.21326656999400181, 0.21340304168990032, 0.21325469123897897, 0.21335387277097725, 0.21336904070586565, 0.21336252682879686, 0.21324133422228023, 0.21329115141741842, 0.21314945134139207, 0.21340578926168344, 0.21316054943579507, 0.21324813404294282, 0.21332418136885822, 0.21324590613486183, 0.21313243550501965, 0.21322832276708892, 0.21325189075411244, 0.21327189405472002, 0.21316020016053544, 0.21308962921391778, 0.21316772788482027, 0.21312738420265212, 0.21334162176217403, 0.21299562798666194, 0.21303338262617436, 0.21318834088806835, 0.21324767509661371, 0.21335283684899961, 0.21318063435497725, 0.21306642899053194, 0.21309839115560852, 0.21302251501132069],