{"low_val_loss": 0.21287465250577009, "params": {"verbose": 1, "nb_epoch": 1000, "batch_size": 32, "metrics": ["loss", "acc", "val_loss", "val_acc"], "nb_sample": 29058, "do_validation": true}, "results": {"acc": [0.85370638034276281, 0.89617317089958015, 0.90105994906738252, 0.90346892422052449, 0.90333126849748779, 0.90481106752013218, 0.90357216601280199, 0.90443251428178129, 0.90515520682772388, 0.90518962075848308, 0.90450134214329958, 0.90487989538165048, 0.90632528047353567, 0.90498313717392798, 0.90536169041227887, 0.90477665358937298, 0.90525844862000138, 0.90553376006607478, 0.90570582971987057, 0.90629086654277646, 0.90563700185835228, 0.90660059191960907, 0.90608438295822147, 0.90556817399683387, 0.90608438295822147, 0.90598114116594397, 0.90625645261201737, 0.90680707550416406, 0.90625645261201737, 0.90611879688898067, 0.90629086654277646, 0.90629086654277646, 0.90618762475049897, 0.90715121481175576, 0.90629086654277646, 0.90629086654277646, 0.90649735012733157, 0.90697914515795997, 0.90666941978112736, 0.90691031729644156, 0.90691031729644156, 0.90587789937366647, 0.90684148943492326, 0.90732328446555166, 0.90749535411934756, 0.90790832128845755, 0.90677266157340486, 0.90677266157340486, 0.90684148943492326, 0.90749535411934756, 0.90653176405809066, 0.90715121481175576, 0.90660059191960907, 0.90666941978112736, 0.90646293619657237, 0.90656617798884986, 0.90718562874251496, 0.90718562874251496, 0.90694473122720076, 0.90722004267327416, 0.90725445660403337, 0.90808039094225346, 0.90715121481175576, 0.90598114116594397, 0.90656617798884986, 0.90666941978112736, 0.90691031729644156, 0.90704797301947826, 0.90704797301947826, 0.90746094018858836, 0.90752976805010666, 0.90739211232706996, 0.90660059191960907, 0.90639410833505407, 0.90790832128845755, 0.90656617798884986, 0.90787390735769835, 0.90660059191960907], "loss": [0.3143794074889445, 0.23882198189128512, 0.23143330362557921, 0.22730495679478199, 0.22448213454967963, 0.22283475179863907, 0.22173802212513488, 0.22059467086789367, 0.21987506907036614, 0.21912374733336015, 0.21888424351147837, 0.21840622598569184, 0.21779244908577994, 0.21802763658683019, 0.2176395432530123, 0.21734276663321483, 0.21725195158093244, 0.21701078282992128, 0.21678457542217003, 0.21663932783134429, 0.21650885259369151, 0.21623680107489099, 0.21592123354180351, 0.21626709643620617, 0.21579813035801787, 0.2156683417040719, 0.21582263397000706, 0.21554903399951281, 0.21535087550931117, 0.21534232131306585, 0.21540644908281192, 0.21493138732171058, 0.21497471942052565, 0.21457214759232887, 0.21495094309736656, 0.21444342618258036, 0.21451967736487296, 0.21451604538195573, 0.21435795358144799, 0.21427106440489846, 0.21446888432777447, 0.21419300789703102, 0.21405929602696436, 0.21412610119302666, 0.21417745352365727, 0.21391944299135413, 0.21384563740150297, 0.21385194212018133, 0.21386790107850412, 0.21383833082310152, 0.21359150141187336, 0.21349467444513398, 0.21373286464232541, 0.21351828795600492, 0.21357546594830804, 0.21382449000973328, 0.21349086244728718, 0.21354901956459249, 0.21349045198998684, 0.21349209355308518, 0.21340643509969109, 0.21326462935044274, 0.21329629259340793, 0.21319581292863476, 0.21351872644746728, 0.21353085457527907, 0.21335052250913256, 0.21311804295710254, 0.21329832222964981, 0.21311244440177149, 0.21338722459529352, 0.21306235370588952, 0.21324251133632419, 0.21307646847583939, 0.21292502162145382, 0.21309841946823005, 0.21319747611934661, 0.21315640712323425], "val_acc": [0.88747806348236546, 0.89893671938838193, 0.90141426661662594, 0.90100134207858529, 0.90378858271035989, 0.90275627136525816, 0.90224011569270735, 0.90275627136525816, 0.905130587458992, 0.90399504497938021, 0.90420150724840054, 0.90368535157584962, 0.905130587458992, 0.90616289880409373, 0.90461443178644119, 0.90544028086252248, 0.905130587458992, 0.90554351199703265, 0.90358212044133945, 0.90337565817231913, 0.90482089405546151, 0.90337565817231913, 0.90399504497938021, 0.90574997426605308, 0.90440796951742086, 0.90533704972801232, 0.90368535157584962, 0.90564674313154292, 0.90389181384487005, 0.90399504497938021, 0.90554351199703265, 0.90564674313154292, 0.90523381859350216, 0.90275627136525816, 0.90595643653507341, 0.90492412518997167, 0.90523381859350216, 0.90554351199703265, 0.90492412518997167, 0.90461443178644119, 0.90595643653507341, 0.90440796951742086, 0.90471766292095135, 0.90399504497938021, 0.90533704972801232, 0.90554351199703265, 0.90471766292095135, 0.90409827611389038, 0.90451120065193102, 0.90636936107311405, 0.90482089405546151, 0.90492412518997167, 0.90471766292095135, 0.90585320540056324, 0.9031691959032988, 0.90461443178644119, 0.90544028086252248, 0.90492412518997167, 0.90482089405546151, 0.90451120065193102, 0.90399504497938021, 0.90533704972801232, 0.90544028086252248, 0.90533704972801232, 0.905130587458992, 0.90502735632448184, 0.90358212044133945, 0.90564674313154292, 0.90523381859350216, 0.90544028086252248, 0.90533704972801232, 0.90275627136525816, 0.90471766292095135, 0.90492412518997167, 0.90265304023074799, 0.90564674313154292, 0.90605966766958357, 0.90595643653507341], "val_loss": [0.24388108188748864, 0.23266870200270973, 0.22610027853507578, 0.22346591340925742, 0.22074621344506096, 0.21950054417284598, 0.21978148931847571, 0.21764607431411842, 0.21739585112341542, 0.21673591816598839, 0.21744749037685612, 0.21712520446917141, 0.21631474405468662, 0.21555376548177382, 0.21623803733167257, 0.21597093916891824, 0.21679945619123275, 0.21546529601869832, 0.21487601923908109, 0.21502450983800225, 0.21546461577076803, 0.21552361112772109, 0.21422013859760161, 0.21489270426016838, 0.21614187429154808, 0.21398048865373037, 0.21386527257080329, 0.21410818283705813, 0.21418495796358572, 0.21469705164758637, 0.21444843498265226, 0.21400788334411058, 0.21383683938931863, 0.21432339391361835, 0.21421923769188578, 0.2155260001713491, 0.2143125864230554, 0.21447820169423354, 0.21338752159162166, 0.21452801292730433, 0.2134736634893192, 0.21493691199825338, 0.21439528927673088, 0.21447588794554082, 0.21388645883166188, 0.2139852589235299, 0.21576711548067559, 0.21529080481786186, 0.21402227319873154, 0.21399211021501902, 0.21437710072586408, 0.21287465250577009, 0.21536008712614579, 0.21313017715336652, 0.2154609237500385, 0.21433079591276871, 0.21322598665125098, 0.21302990785346038, 0.21383249061302317, 0.21443563865239473, 0.21624497436598455, 0.21308781091391862, 0.21324750855818886, 0.21317939844074368, 0.21401907507450549, 0.21508522232496616, 0.21592987201476449, 0.21402156730794408, 0.21346442853504874, 0.21305959957775913, 0.21382417753100383, 0.21427304434360359, 0.21406762805703231, 0.21438982107819721, 0.21583666152428385, 0.21451388710335434, 0.21372758539219913, 0.21349984868288754]}}