{"low_val_loss": 0.1269478398399459, "params": {"verbose": 1, "nb_epoch": 1000, "batch_size": 32, "metrics": ["loss", "acc", "val_loss", "val_acc"], "nb_sample": 94030, "do_validation": true}, "results": {"acc": [0.94390088270208272, 0.94848452622010893, 0.95012230139444021, 0.95048388812081253, 0.95099436350608146, 0.95177071148013226, 0.95154737850129578, 0.95184515580641116, 0.95179198128764053, 0.95236626609543418, 0.95215356801528062, 0.95218547272654297, 0.9521642029190347, 0.9519834095501436, 0.95250451983916662, 0.95249388493541254, 0.95255769435286608, 0.95257896416037435, 0.95311070934934816, 0.95252578964667489, 0.95295118579176863, 0.95255769435286608, 0.95264277358797023, 0.95288737636924381, 0.95308943954564329, 0.95278102733677372, 0.9528767414705609, 0.95316388386685102, 0.95281293204296502, 0.95312134425183448, 0.95285547165798146, 0.95274912262044031, 0.95302563012311858, 0.95262150378046195, 0.9528661065668067, 0.95295118579176863, 0.95332340742316279, 0.95328086780814636, 0.95330213762072569, 0.95342975646070405, 0.95308943954057213, 0.95323832819946874, 0.95329150271190044, 0.95321705838562165, 0.95318515367943035, 0.95362118472827817, 0.95344039136445813, 0.95330213761565463, 0.95323832819312981, 0.95341912156202102, 0.95329150271697161, 0.95331277252447977, 0.95333404232691699, 0.95333404233198804, 0.95324896310195506, 0.95331277251940871, 0.9532702329107311, 0.9531107093480804, 0.95304689992555569, 0.95319578858318443, 0.95320642348693863, 0.9532276932944469, 0.95329150271697161, 0.95306816973306396, 0.95335531213949631, 0.95328086781321741, 0.95347229607572048, 0.95357864511326174, 0.95337658194193342, 0.95335531213569291, 0.95320642348693863, 0.9537913431934153, 0.95340848665826694, 0.9538338828058962, 0.95387642241837711, 0.95361054982959526, 0.9533872168456875, 0.95338721685075867, 0.95333404233198804, 0.95353610549824519, 0.95357864511326174, 0.95373816867464467, 0.95327023290439217, 0.95335531213442515, 0.95362118473842039, 0.95349356588829992, 0.95355737530575346, 0.95344039136445813, 0.95354674040707044, 0.95361054982452409, 0.95301499521936439, 0.95390832712963947, 0.95349356588322876, 0.95349356588322876, 0.95333404232691699, 0.95306816973306396, 0.95331277252447977, 0.95359991492330554, 0.95365308944461169, 0.95330213761565463, 0.95362118472827817, 0.95358928001701582, 0.953759438487224, 0.95366372434329472, 0.95347229607572048, 0.95341912156202102, 0.95359991492077001, 0.95366372435343694, 0.95348293098454573, 0.95337658194700459, 0.9531107093480804, 0.95373816866957351, 0.953504200792054, 0.95363181963710342, 0.95354674040707044, 0.95371689886206534, 0.95377007339097819], "loss": [0.17401006726125548, 0.13987864063218541, 0.13612494899258518, 0.13407004897264893, 0.13298081527818179, 0.13208229193424501, 0.13159490657571554, 0.13112331407857197, 0.13062921303181677, 0.13028484955533037, 0.1299113063032952, 0.12986577354846174, 0.1297288998292695, 0.12957220930547889, 0.12938176546688349, 0.12927044890294059, 0.12927836964786801, 0.12897183534796317, 0.1289781744006237, 0.12880561317958109, 0.12878915543307348, 0.12878368119861228, 0.12879891591583378, 0.12864194930591799, 0.12850172671120078, 0.12853668104169039, 0.12857491518479261, 0.12848679060153056, 0.12853835225168675, 0.12831639094684499, 0.12851155312640938, 0.12837169423808725, 0.12836466185034659, 0.1284121355589978, 0.12837153323249056, 0.12825543517822297, 0.12820313884535459, 0.12805415615019464, 0.12813535705834744, 0.12789805099335608, 0.12796930968175096, 0.12819244128699558, 0.12802501837490696, 0.12780238178978698, 0.12768749739246951, 0.12771554364078283, 0.12761865075704176, 0.12781970259101291, 0.12754891650216588, 0.12757085944494898, 0.12768683586078261, 0.12766715499849685, 0.1274482378400375, 0.12750636557689388, 0.12729898324440506, 0.12719609927111492, 0.12690301083205013, 0.12706464188131616, 0.12693168874843874, 0.12663647903605471, 0.12675000911733642, 0.12673306288214475, 0.12667113555107778, 0.12641197831566939, 0.1263744302221553, 0.12650731991329536, 0.12642681454817919, 0.12630752600356263, 0.12632913533988424, 0.12627221895578908, 0.12636325926438019, 0.12614105079106341, 0.12615126200899043, 0.1260698327812301, 0.12611564888822821, 0.12610246034603126, 0.12605536360506375, 0.12600389994022429, 0.12613926199247491, 0.12603202832070967, 0.12600427305330422, 0.12587303684535692, 0.12587814184903504, 0.12592477807827634, 0.12590748294641221, 0.12574564388942353, 0.12590509439407227, 0.12570083621530018, 0.12591416409161324, 0.12565929424815972, 0.12582102386901114, 0.12558844785443629, 0.12576598402817529, 0.12567448854465427, 0.12580739501968707, 0.12578145230327034, 0.12574904368609732, 0.12576860837336487, 0.12560223121107683, 0.12550736006749863, 0.12556668365348259, 0.12561925902866017, 0.12562803933290956, 0.12547602507740491, 0.12544017981713684, 0.12564475170259309, 0.1254746412911257, 0.12557597942115473, 0.12556540767277832, 0.12551462026773508, 0.12546484465644953, 0.12545811326051726, 0.12566559604653066, 0.12552192247869182, 0.12543582581724497, 0.12549761456775055, 0.12535170128684495], "val_acc": [0.94853879530372642, 0.95035732516590099, 0.95067636549259826, 0.9517611026033691, 0.95300535987748847, 0.95294155181214901, 0.95306916794282792, 0.95233537519142419, 0.95259060745278201, 0.95367534456355285, 0.95252679938744256, 0.95313297600816749, 0.95389867279224094, 0.95313297600816749, 0.95348392036753449, 0.95402628892291985, 0.95351582440020421, 0.95412200102092903, 0.95412200102092903, 0.95300535987748847, 0.95310107197549765, 0.95313297600816749, 0.9539624808575804, 0.95399438489025012, 0.95434532924961712, 0.95357963246554367, 0.95415390505359876, 0.95412200102092903, 0.95370724859622258, 0.95418580908626849, 0.9532605921388464, 0.95434532924961712, 0.95485579377233287, 0.95367534456355285, 0.95373915262889231, 0.95456865747830522, 0.95335630423685558, 0.95377105666156203, 0.95354772843287394, 0.95137825421133226, 0.95357963246554367, 0.95335630423685558, 0.95389867279224094, 0.95386676875957122, 0.95357963246554367, 0.95354772843287394, 0.95329249617151612, 0.95393057682491067, 0.95402628892291985, 0.95294155181214901, 0.95335630423685558, 0.95332440020418585, 0.95322868810617667, 0.95393057682491067, 0.9528139356814701, 0.95383486472690149, 0.95313297600816749, 0.9528139356814701, 0.9539624808575804, 0.95306916794282792, 0.95393057682491067, 0.95380296069423176, 0.95322868810617667, 0.95383486472690149, 0.95402628892291985, 0.95415390505359876, 0.95380296069423176, 0.95373915262889231, 0.9536115364982134, 0.95393057682491067, 0.95393057682491067, 0.95386676875957122, 0.95415390505359876, 0.95345201633486476, 0.95393057682491067, 0.95367534456355285, 0.9539624808575804, 0.95329249617151612, 0.95185681470137828, 0.95418580908626849, 0.95418580908626849, 0.95399438489025012, 0.95357963246554367, 0.95389867279224094, 0.95351582440020421, 0.95393057682491067, 0.95300535987748847, 0.95412200102092903, 0.95409009698825931, 0.95313297600816749, 0.95447294538029603, 0.95342011230219503, 0.95386676875957122, 0.95354772843287394, 0.95370724859622258, 0.95386676875957122, 0.95421771311893822, 0.95389867279224094, 0.95456865747830522, 0.95367534456355285, 0.95393057682491067, 0.95290964777947929, 0.95412200102092903, 0.95437723328228685, 0.95370724859622258, 0.95402628892291985, 0.95373915262889231, 0.95399438489025012, 0.95370724859622258, 0.95364344053088312, 0.95405819295558958, 0.95450484941296576, 0.9539624808575804, 0.9539624808575804, 0.95412200102092903, 0.95399438489025012, 0.95370724859622258],