{"low_val_loss": 0.13662799994588173, "params": {"verbose": 1, "nb_epoch": 1000, "batch_size": 32, "metrics": ["loss", "acc", "val_loss", "val_acc"], "nb_sample": 94030, "do_validation": true}, "results": {"acc": [0.94357120068570499, 0.94417739019968983, 0.94671913219692483, 0.94734659151334677, 0.94769754333723277, 0.94805913006994402, 0.94837817717749651, 0.94845262150884646, 0.94870785920401657, 0.94865468467763925, 0.94901627140274381, 0.94902690630649789, 0.94902690631156905, 0.9492715090979138, 0.94944166755797976, 0.94953738168669577, 0.94940976284291412, 0.94988833351058177, 0.94965436563306216, 0.94960119110922048, 0.94990960331808993, 0.95012230139317244, 0.94979261938186577, 0.95053706263958315, 0.95020738062320531, 0.95040944379580139, 0.95057960225586735, 0.9502605551470471, 0.95033499946825484, 0.95022865043198135, 0.95033499946825484, 0.95032436456957181, 0.95046261831330425, 0.95022865043578475, 0.95048388812081253, 0.9505476975484084, 0.95037753908834244, 0.95057960225967075, 0.95051579283714593, 0.95060087206210786, 0.95042007869828782, 0.9504732532221295, 0.95061150696586194, 0.95065404658087849, 0.95069658619589492, 0.95091991918487373, 0.95039880890092177, 0.95052642773582896, 0.9505051579283208, 0.95066468148463257, 0.9505051579283208, 0.95051579283714593, 0.95027119005080118, 0.95055833244709131, 0.95059023715835367, 0.95059023716342483, 0.9507497607197366, 0.95065404658087849, 0.9507497607197366, 0.95036690417951719, 0.95055833244709131, 0.95073912581598252, 0.95028182495455538, 0.95065404658594954, 0.9505476975484084, 0.95059023716342483], "loss": [0.20065262455243221, 0.14770171625600476, 0.14399887851346216, 0.14239697412558089, 0.14144645301262826, 0.14099338121437258, 0.14043769983226703, 0.14016535605545516, 0.13984254942819641, 0.13948053236839608, 0.1393299398226496, 0.13907113343613536, 0.13900721583336728, 0.13862652901156361, 0.13850597581983334, 0.13829270083547165, 0.13800863499535179, 0.13797493048600981, 0.1376810832651742, 0.137551709330996, 0.13736376238333745, 0.13737817567583097, 0.13727467137740595, 0.13707294514818538, 0.1371043377755285, 0.13705961915212631, 0.13702202918718917, 0.13693771354159207, 0.13692131492997736, 0.1367372299060281, 0.1368256130947986, 0.1368396504063765, 0.13678798336057502, 0.13684113564566577, 0.13682157499326439, 0.13674573955365499, 0.13674248011615775, 0.13664288252233939, 0.13681955512604738, 0.13680813941190589, 0.13674768992921246, 0.13674067295568745, 0.13664858766588697, 0.13677559147664084, 0.13665022610616495, 0.13662046953127713, 0.13658258895772349, 0.13674410166866435, 0.13655999652993028, 0.13665475635780916, 0.13660723382325218, 0.1364945198511375, 0.13671713206969741, 0.13665078680906462, 0.13664865536078624, 0.13661369923028771, 0.13652684921078842, 0.13654911078839121, 0.13655339589362878, 0.13672221151565753, 0.13658031906295137, 0.13662440770676221, 0.13651996621420115, 0.13653452368818622, 0.13649518061724417, 0.13653552954905365], "val_acc": [0.94448698315467072, 0.94786881061766204, 0.94847498723838697, 0.94904925982644206, 0.94911306789178151, 0.94952782031648797, 0.94997447677386426, 0.95000638080653399, 0.95029351710056154, 0.95058065339458908, 0.95019780500255235, 0.95058065339458908, 0.95070826952526799, 0.95105921388463499, 0.94991066870852481, 0.95156967840735074, 0.95121873404798363, 0.95150587034201128, 0.95109111791730472, 0.95150587034201128, 0.94975114854517606, 0.95134635017866254, 0.95201633486472692, 0.95061255742725881, 0.95182491066870856, 0.95125063808065335, 0.95153777437468101, 0.95201633486472692, 0.95182491066870856, 0.95141015824400199, 0.95134635017866254, 0.95109111791730472, 0.95172919857069938, 0.95086778968861663, 0.95195252679938747, 0.95112302194997445, 0.95230347115875447, 0.9511868300153139, 0.95141015824400199, 0.95188871873404801, 0.95166539050535992, 0.95172919857069938, 0.95214395099540583, 0.95141015824400199, 0.95121873404798363, 0.95217585502807556, 0.95016590096988263, 0.95121873404798363, 0.95255870342011228, 0.9511868300153139, 0.95227156712608474, 0.95198443083205719, 0.95093159775395608, 0.95195252679938747, 0.95169729453802965, 0.95208014293006638, 0.95096350178662581, 0.95214395099540583, 0.95099540581929554, 0.95131444614599281, 0.95141015824400199, 0.95137825421133226, 0.95058065339458908, 0.95217585502807556, 0.95195252679938747, 0.95249489535477283], "val_loss": [0.15136741990182642, 0.14466782614984275, 0.14298496416457579, 0.14171823797411856, 0.14178472363131883, 0.14058301784003066, 0.14034348227285257, 0.13989212016435745, 0.13971452836390355, 0.13942143219300165, 0.13946823480065043, 0.13898928451764, 0.13862521199090191, 0.1381817452415573, 0.13864742486531817, 0.13967195650131925, 0.13758883477227155, 0.13786831019411075, 0.13727786689958688, 0.13787242104244696, 0.13920759578625758, 0.1368834312022067, 0.13742484758936549, 0.1374602121504945, 0.13734572461600386, 0.13702797509003439, 0.13670889953471771, 0.13671758696969338, 0.13788228102442926, 0.13688134837034194, 0.13726703839347093, 0.1373157995577565, 0.13687030787733273, 0.13745416278012892, 0.13705565281794227, 0.13685275688900547, 0.13679902978344133, 0.13706467239801345, 0.13697374074027177, 0.13662799994588173, 0.13674386109797368, 0.13672770457004729, 0.13707206209036632, 0.13699123704536889, 0.13750030520605519, 0.13682875940086525, 0.13814428426142764, 0.1368840163428148, 0.13687190320105075, 0.13696885687898561, 0.13691383033359519, 0.1375730200297465, 0.13742605922434664, 0.13721627037023298, 0.13690746601646259, 0.13671236573098081, 0.13742785919181938, 0.13694405767566517, 0.13706798786549407, 0.13666643157141162, 0.13675509421169119, 0.13726222092374177, 0.13704749789600504, 0.13746916093293535, 0.13744910357347886, 0.13700752607401748]}}