{"low_val_loss": 0.21932235914843487, "params": {"verbose": 1, "nb_epoch": 1000, "batch_size": 32, "metrics": ["loss", "acc", "val_loss", "val_acc"], "nb_sample": 29058, "do_validation": true}, "results": {"acc": [0.83969991052378001, 0.83990639410833501, 0.88567692201803294, 0.89514075297680507, 0.89734324454539194, 0.89861655998348133, 0.89810035102209373, 0.89861655998348133, 0.89951132218321972, 0.89944249432170142, 0.90047491224447651, 0.89999311721384812, 0.90068139582903162, 0.90044049831371742, 0.90033725652143992, 0.90006194507536652, 0.90054374010599492, 0.90088787941358661, 0.90044049831371742, 0.90188588340560261, 0.90071580975979071, 0.90075022369054991, 0.90050932617523571, 0.90161057195952921, 0.90119760479041922, 0.90071580975979071, 0.90143850230573341, 0.90140408837497421, 0.90078463762130911, 0.90130084658269671, 0.90147291623649251, 0.90099112120586411, 0.9019891251978801, 0.90088787941358661, 0.90099112120586411, 0.90095670727510502, 0.90157615802877, 0.90109436299814161, 0.90105994906738252, 0.90023401472916231, 0.90109436299814161, 0.90102553513662331, 0.90068139582903162, 0.90092229334434581, 0.90075022369054991, 0.90047491224447651, 0.90092229334434581, 0.90050932617523571, 0.90075022369054991, 0.90081905155206832, 0.90064698189827241, 0.90040608438295822, 0.90085346548282741, 0.90037167045219901, 0.90081905155206832, 0.90054374010599492, 0.90102553513662331, 0.90050932617523571, 0.90123201872117831, 0.90130084658269671, 0.90071580975979071, 0.90050932617523571, 0.90081905155206832, 0.90095670727510502, 0.90044049831371742, 0.90095670727510502, 0.90040608438295822, 0.90047491224447651, 0.90057815403675412, 0.90095670727510502, 0.90044049831371742, 0.90068139582903162, 0.90075022369054991, 0.90081905155206832, 0.90092229334434581, 0.90105994906738252, 0.90064698189827241, 0.90167939982104761, 0.90044049831371742, 0.90095670727510502, 0.90095670727510502, 0.90109436299814161, 0.90123201872117831, 0.90081905155206832, 0.90119760479041922, 0.90044049831371742, 0.90030284259068072, 0.90050932617523571, 0.90092229334434581, 0.90178264161332511, 0.90105994906738252, 0.90126643265193751, 0.90092229334434581, 0.90040608438295822, 0.90037167045219901, 0.90061256796751321, 0.90033725652143992, 0.90102553513662331, 0.90071580975979071, 0.90068139582903162, 0.90047491224447651, 0.90126643265193751, 0.90081905155206832, 0.90061256796751321, 0.90071580975979071, 0.90085346548282741, 0.90081905155206832, 0.90099112120586411, 0.90157615802877, 0.90088787941358661, 0.90044049831371742, 0.90044049831371742, 0.90009635900612572, 0.90033725652143992, 0.90085346548282741, 0.90102553513662331, 0.90095670727510502, 0.90081905155206832, 0.90078463762130911, 0.90136967444421501, 0.90109436299814161, 0.90057815403675412, 0.90009635900612572, 0.90064698189827241, 0.90143850230573341, 0.89999311721384812, 0.90019960079840322, 0.90057815403675412, 0.89988987542157062, 0.90102553513662331, 0.90033725652143992], "loss": [0.46290559411844767, 0.2993388369349203, 0.2471078107260043, 0.23596380693239682, 0.23163255699447094, 0.22933661497263236, 0.22786286591630209, 0.22687929686343764, 0.22631384133938764, 0.22583338255415897, 0.22530324670617366, 0.22502482518316816, 0.22473398851955337, 0.22463842009643095, 0.224145226824191, 0.22404735344464982, 0.2240127762209736, 0.2237419641641257, 0.22373342474654467, 0.22360639391553255, 0.22345118008523726, 0.22330681816634707, 0.22331199441529476, 0.22324632946856951, 0.22329192920843399, 0.22320139895195393, 0.22309371362788291, 0.22305512151534287, 0.22302358785050727, 0.22303734545693571, 0.22303595295898584, 0.22317434374238662, 0.22295558346762728, 0.22290872097409217, 0.22291748529373553, 0.22295134233910674, 0.22293003291656757, 0.22291467556794911, 0.22288385051387483, 0.22284649667705142, 0.22276570303658369, 0.22285295055583154, 0.22275421522586966, 0.2227667404302949, 0.22289212742702821, 0.22288456464619505, 0.22267431351008782, 0.22293751880703974, 0.2228017005990193, 0.22286157123449624, 0.22283777642770253, 0.22283755758965332, 0.22271772102931714, 0.22261575265710684, 0.22270341590328926, 0.22273757607175523, 0.22277351704949366, 0.22279850936712262, 0.22268414914288009, 0.2227641261559703, 0.22279839230277876, 0.22287181231386638, 0.22268521778787542, 0.22283261943826721, 0.22286782741682332, 0.22279614699962536, 0.22278873350321773, 0.22272154906880906, 0.22276381814560345, 0.22280155261074683, 0.22277924782408137, 0.22278168235635412, 0.22277342146217013, 0.222767355978813, 0.22269619222566556, 0.22264959542796767, 0.2228142282505621, 0.22266477489708328, 0.22275616842000842, 0.22278122651494639, 0.22270839094758749, 0.22268395361859961, 0.22274220750808627, 0.22265585866836929, 0.22275314093678647, 0.22278329584319614, 0.22248928384792313, 0.2227052040139153, 0.22279195021767439, 0.22271500848401901, 0.22276200451942951, 0.22263630566700202, 0.22266385482899936, 0.22263101054875617, 0.22276247298244076, 0.22255757143167793, 0.22270938341476787, 0.22257260216087343, 0.22265926598928218, 0.22273829910306492, 0.22269767726909287, 0.22259650908585416, 0.22269621724246808, 0.22260727593325905, 0.22284703955317867, 0.22263862252238234, 0.22275686045582077, 0.22271186474425325, 0.22270734157620675, 0.22267290496294492, 0.22273205552255418, 0.22277066439248647, 0.22274378364856615, 0.22250664518872118, 0.22260685502442845, 0.22260799263921605, 0.22276868292983265, 0.22274443883902931, 0.22270830527300978, 0.22259859711914318, 0.22259051384276998, 0.22273922991475503, 0.22254731767897482, 0.22265633301559051, 0.2226980802619668, 0.22250543598512104, 0.22266158364877675, 0.22268286173239785, 0.22254113971641415, 0.22262981486210551, 0.22271855378156682],