{"low_val_loss": 0.2109124490821449, "params": {"verbose": 1, "nb_epoch": 1000, "batch_size": 32, "metrics": ["loss", "acc", "val_loss", "val_acc"], "nb_sample": 29058, "do_validation": true}, "results": {"acc": [0.85473879826553789, 0.89637965448413515, 0.90040608438295822, 0.9018514694748434, 0.90343451028976529, 0.90518962075848308, 0.90477665358937298, 0.90505196503544638, 0.90567141578911148, 0.90556817399683387, 0.90567141578911148, 0.90653176405809066, 0.90639410833505407, 0.90687590336568247, 0.90635969440429487, 0.90684148943492326, 0.90704797301947826, 0.90722004267327416, 0.90663500585036827, 0.90756418198086586, 0.90718562874251496, 0.90715121481175576, 0.90677266157340486, 0.90708238695023746, 0.90704797301947826, 0.90825246059604925, 0.90715121481175576, 0.90629086654277646, 0.90808039094225346, 0.90773625163466176, 0.90691031729644156, 0.90742652625782916, 0.90646293619657237, 0.90680707550416406, 0.90742652625782916, 0.90701355908871917, 0.90773625163466176, 0.90691031729644156, 0.90780507949618006, 0.90653176405809066, 0.90787390735769835, 0.90783949342693926, 0.90801156308073505, 0.90718562874251496, 0.90718562874251496, 0.90749535411934756, 0.90794273521921676, 0.90739211232706996, 0.90773625163466176, 0.90794273521921676, 0.90825246059604925, 0.90811480487301255, 0.90739211232706996, 0.90759859591162506, 0.90794273521921676, 0.90756418198086586, 0.90828687452680845, 0.90711680088099667, 0.90766742377314336, 0.90701355908871917, 0.90766742377314336, 0.90732328446555166, 0.90880308348819605, 0.90680707550416406], "loss": [0.33477954624938788, 0.23225052895455048, 0.22514857310819436, 0.22265478955159101, 0.22121792645256777, 0.21990087943228387, 0.21889928077127774, 0.21814779186209396, 0.21713723087273171, 0.21661055356344111, 0.21586883238336815, 0.21533871176496525, 0.21499831048683665, 0.21455259008863972, 0.21422138216018971, 0.21389443112383552, 0.21346044155697064, 0.21325544752957479, 0.21310049549367704, 0.21282290637450058, 0.21255114066926509, 0.21249432376791599, 0.21220334936660257, 0.21216826725377005, 0.21215740749472711, 0.21177387486978411, 0.2119328170303009, 0.2117438287751067, 0.21150479401437805, 0.21142619661209605, 0.21130300550920619, 0.21141412906911256, 0.21136387589173231, 0.21088366057951705, 0.21109480740600808, 0.21090160681178882, 0.2108544698188253, 0.2109552842040984, 0.21075419634601125, 0.21039010948293904, 0.21066881294015269, 0.21024224735240279, 0.21057204637665966, 0.21040354126236036, 0.21031908762209658, 0.21025975649449885, 0.21024457028411164, 0.20994071112165888, 0.20977001000313431, 0.21030677552150673, 0.20980939893294845, 0.21014389153681473, 0.21000825057905026, 0.21001950309415901, 0.20999785434585189, 0.2099728642741171, 0.20960247170384436, 0.20976111763596361, 0.20980610899430804, 0.20934678723572683, 0.20978794629210015, 0.20979785604633314, 0.20959228023571816, 0.20974914943128239], "val_acc": [0.89047176638316039, 0.89873025711936161, 0.90058841754054464, 0.9015174977511361, 0.90141426661662594, 0.90254980909623783, 0.90172396002015642, 0.90440796951742086, 0.90461443178644119, 0.90378858271035989, 0.90389181384487005, 0.90502735632448184, 0.90420150724840054, 0.90471766292095135, 0.90574997426605308, 0.90482089405546151, 0.90420150724840054, 0.90368535157584962, 0.90533704972801232, 0.9043047383829107, 0.90451120065193102, 0.90595643653507341, 0.90626612993860389, 0.90492412518997167, 0.90368535157584962, 0.90544028086252248, 0.90533704972801232, 0.90564674313154292, 0.90554351199703265, 0.90544028086252248, 0.90502735632448184, 0.90616289880409373, 0.90440796951742086, 0.90554351199703265, 0.90502735632448184, 0.90626612993860389, 0.90347888930682929, 0.90554351199703265, 0.90626612993860389, 0.90564674313154292, 0.90616289880409373, 0.90605966766958357, 0.90595643653507341, 0.90626612993860389, 0.90492412518997167, 0.90523381859350216, 0.90709197901468519, 0.90544028086252248, 0.90440796951742086, 0.90554351199703265, 0.90523381859350216, 0.9043047383829107, 0.90544028086252248, 0.90709197901468519, 0.90626612993860389, 0.90564674313154292, 0.90667905447664454, 0.90574997426605308, 0.90750490355272584, 0.90595643653507341, 0.90647259220762422, 0.90471766292095135, 0.90750490355272584, 0.90492412518997167], "val_loss": [0.23905425083653237, 0.2241872248480265, 0.2202787527337069, 0.21857366204889392, 0.21895689680392472, 0.21751462753323367, 0.21938795545675369, 0.21470400249550706, 0.21444698128646603, 0.21501343161916786, 0.21497813789507572, 0.21441005772267921, 0.21407462935692831, 0.21437312128670113, 0.21420129354959722, 0.21394653241307274, 0.2158789680175667, 0.21330216429766899, 0.21265267882785696, 0.21538859653783016, 0.2144044392173155, 0.21344409262025221, 0.21249473624102924, 0.21227413384835886, 0.21273392751771403, 0.21281208297139881, 0.21274118869804531, 0.21260007385549451, 0.21235274669862425, 0.21191781430073636, 0.21150893189226053, 0.21214290121532733, 0.21341617520630538, 0.21231450346142094, 0.21169694216120682, 0.21242170374103286, 0.21342060129266166, 0.2109124490821449, 0.21135392396506897, 0.21267124115836206, 0.21182678900624474, 0.21377092112854462, 0.21256817004943246, 0.21244878224744707, 0.21343719600843575, 0.2114358843788097, 0.21192823665004476, 0.21132613523611654, 0.21293637342616428, 0.21129138575282472, 0.21145703604411598, 0.21258739268581625, 0.2111462085402343, 0.21227210162039623, 0.21172145704028406, 0.21189566343773553, 0.21099915101553518, 0.21247765294191479, 0.21180729546315089, 0.2124695904584471, 0.21097868715411089, 0.21331937655251229, 0.21094940405727799, 0.21158887984780467]}}