{"low_val_loss": 0.13655017018261129, "params": {"verbose": 1, "nb_epoch": 1000, "batch_size": 32, "metrics": ["loss", "acc", "val_loss", "val_acc"], "nb_sample": 94030, "do_validation": true}, "results": {"acc": [0.94365627991066681, 0.94365627991066681, 0.94586833989659513, 0.94710198872700202, 0.94752738487716681, 0.9478357970961786, 0.94788897161494923, 0.94825055834258931, 0.94832500265872599, 0.94834627247130532, 0.94882484314024074, 0.94881420823141549, 0.94878230352649207, 0.94876103371771603, 0.94921833458421434, 0.94934595341912154, 0.94915452515661847, 0.94926087419542748, 0.9494842071729962, 0.94937785813038389, 0.94954801659044985, 0.94966500053174518, 0.94997341274061464, 0.95001595236577341, 0.94999468255319408, 0.94996277783686056, 0.94977134957942866, 0.95003722216821052, 0.95026055514197594, 0.95000531745187711, 0.95022865043578475, 0.95031372966074656, 0.95046261831837542, 0.95030309475699248, 0.95048388812208029, 0.95027119005587235, 0.95038817399209652, 0.9504307136020419, 0.95043071360711306, 0.95073912581598252, 0.95037753908834244, 0.95071785600847425, 0.95067531638838665, 0.95076039561841963, 0.95071785600847425, 0.95049452302963777, 0.95057960226093852, 0.95064341167839206, 0.9507923003398242, 0.9505476975484084, 0.95082420504094434, 0.95104753801978092, 0.95074976071466555, 0.95088801446346916, 0.95100499840983554, 0.95091991917473151, 0.95067531638838665, 0.95083483994976958, 0.95089864936722324, 0.9507497607197366, 0.9506859512934086, 0.95067531639345781, 0.95067531638838665], "loss": [0.20769836559795032, 0.14978562900952033, 0.14489068619104239, 0.14318677806711941, 0.14205474775277793, 0.14135888297513713, 0.14093272663660028, 0.14051816711384704, 0.14019269526201297, 0.14001884470464676, 0.13975752978315761, 0.139519774430962, 0.1391965021434064, 0.13911980182094091, 0.13894880972180634, 0.13869677124556665, 0.13858627408321367, 0.13836828390423395, 0.13821933884294466, 0.13810621362120487, 0.13786842584020467, 0.13767982168481868, 0.13765510639105846, 0.13731271549163948, 0.13724626710848975, 0.1371267141368013, 0.1370802585028035, 0.13710610051602237, 0.1369301652392973, 0.13688383729627041, 0.13686471263531685, 0.13679190860011534, 0.13666827255812627, 0.13665664716501205, 0.13670443991555897, 0.13668552093682462, 0.13666617321461602, 0.13663556331343332, 0.13652126215597193, 0.13661707765553005, 0.13653046530883869, 0.13653076271275238, 0.13650589921543108, 0.13661648469097459, 0.1366479348318001, 0.13646817655813362, 0.13650493447189571, 0.13647328024641145, 0.13651695665426486, 0.13648922236456612, 0.13646960884687634, 0.13645792243102695, 0.13646587516150169, 0.13636611182352373, 0.13644854611955171, 0.13643483097185533, 0.13641152151208677, 0.13644742712776267, 0.13638570045759757, 0.13634300573917066, 0.13638292431647531, 0.13648014949583365, 0.13638913534446168], "val_acc": [0.94448698315467072, 0.94448698315467072, 0.94837927514037779, 0.94908116385911179, 0.94936830015313933, 0.94994257274119454, 0.94936830015313933, 0.95022970903522208, 0.94968734047983661, 0.94991066870852481, 0.9504849412965799, 0.9504849412965799, 0.95042113323124044, 0.95051684532924963, 0.95086778968861663, 0.9508358856559469, 0.95096350178662581, 0.95144206227667172, 0.95058065339458908, 0.95042113323124044, 0.95185681470137828, 0.95105921388463499, 0.95121873404798363, 0.95121873404798363, 0.95121873404798363, 0.9508358856559469, 0.95096350178662581, 0.95195252679938747, 0.95128254211332308, 0.95185681470137828, 0.95172919857069938, 0.95153777437468101, 0.95125063808065335, 0.95131444614599281, 0.95179300663603883, 0.95255870342011228, 0.95144206227667172, 0.95147396630934145, 0.95125063808065335, 0.95204823889739665, 0.95115492598264417, 0.95198443083205719, 0.95179300663603883, 0.95064446145992854, 0.9517611026033691, 0.95188871873404801, 0.95112302194997445, 0.95172919857069938, 0.9517611026033691, 0.95169729453802965, 0.95102730985196526, 0.95243108728943338, 0.95220775906074528, 0.9517611026033691, 0.95198443083205719, 0.95227156712608474, 0.95259060745278201, 0.95156967840735074, 0.95080398162327717, 0.95128254211332308, 0.9524629913221031, 0.95147396630934145, 0.95169729453802965], "val_loss": [0.15470881544095391, 0.14617041392501914, 0.14347860516981242, 0.14244292706684716, 0.14159151888345503, 0.14137027967738339, 0.1405773687881435, 0.1408297070960508, 0.14042334714947213, 0.14023664926861915, 0.13959692034731566, 0.13945601904320742, 0.13951658325164279, 0.13896172408503255, 0.13889418251435937, 0.13868942627737479, 0.13854824993883, 0.13815751765921688, 0.13810854858132635, 0.13816349824672758, 0.13827606106120874, 0.13770630844450837, 0.13734591728330206, 0.13817607279013103, 0.13764217932627268, 0.13713592101476094, 0.13724008166707097, 0.1368155450222138, 0.13690287945578145, 0.13741369223894362, 0.13659812233326629, 0.13664826483196174, 0.13706187678633172, 0.13693651640925589, 0.13657877482226638, 0.13723217815563896, 0.13655017018261129, 0.13672826925959131, 0.13699287629955853, 0.13673693895522523, 0.13673168330083946, 0.1369483329026735, 0.13675707295316405, 0.13755644420128565, 0.13687944919681019, 0.13671025276210705, 0.13737799708634965, 0.13701002664327805, 0.13682112696753163, 0.13722738663268033, 0.13686542652429459, 0.13721721111252455, 0.13686242855556649, 0.1374659505874801, 0.13726178230551386, 0.13742354840816071, 0.13765941588792829, 0.13715298957228964, 0.13750001877515886, 0.13698879508620138, 0.13735504931807821, 0.1369836803900307, 0.13701481026306847]}}