{"low_val_loss": 0.21169838475112859, "params": {"verbose": 1, "nb_epoch": 1000, "batch_size": 32, "metrics": ["loss", "acc", "val_loss", "val_acc"], "nb_sample": 29058, "do_validation": true}, "results": {"acc": [0.83952784086998422, 0.86857319843072478, 0.89658613806869025, 0.89982104756005232, 0.9029871291898961, 0.9030903709821736, 0.90364099387432029, 0.90432927248950379, 0.90370982173583869, 0.90391630532039369, 0.90436368642026288, 0.90436368642026288, 0.90474223965861378, 0.90477665358937298, 0.90494872324316888, 0.90443251428178129, 0.90563700185835228, 0.90494872324316888, 0.90525844862000138, 0.90512079289696468, 0.90563700185835228, 0.90536169041227887, 0.90529286255076058, 0.90598114116594397, 0.90563700185835228, 0.90604996902746227, 0.90656617798884986, 0.90680707550416406, 0.90580907151214807, 0.90632528047353567, 0.90632528047353567, 0.90539610434303808, 0.90629086654277646, 0.90598114116594397, 0.90611879688898067, 0.90601555509670317, 0.90684148943492326, 0.90680707550416406, 0.90660059191960907, 0.90584348544290727, 0.90622203868125817, 0.90629086654277646, 0.90656617798884986, 0.90680707550416406, 0.90677266157340486, 0.90598114116594397, 0.90639410833505407, 0.90629086654277646, 0.90673824764264577, 0.90701355908871917, 0.90615321081973987, 0.90691031729644156, 0.90697914515795997, 0.90725445660403337, 0.90687590336568247, 0.90715121481175576, 0.90663500585036827, 0.90666941978112736, 0.90615321081973987, 0.90722004267327416, 0.90752976805010666, 0.90649735012733157, 0.90718562874251496, 0.90635969440429487, 0.90625645261201737, 0.90697914515795997, 0.90694473122720076, 0.90649735012733157, 0.90732328446555166, 0.90673824764264577, 0.90670383371188656, 0.90708238695023746, 0.90629086654277646, 0.90684148943492326, 0.90752976805010666, 0.90694473122720076, 0.90732328446555166, 0.90711680088099667, 0.90722004267327416, 0.90704797301947826, 0.90687590336568247, 0.90794273521921676, 0.90691031729644156, 0.90618762475049897, 0.90670383371188656, 0.90739211232706996, 0.90666941978112736, 0.90694473122720076, 0.90801156308073505, 0.90732328446555166, 0.90684148943492326, 0.90701355908871917, 0.90646293619657237, 0.90732328446555166, 0.90697914515795997, 0.90722004267327416, 0.90677266157340486, 0.90711680088099667, 0.90739211232706996], "loss": [0.3723658695299058, 0.25576501820123371, 0.23798711304516637, 0.23089668704446165, 0.22672562158136886, 0.22470138291977368, 0.22259965621438027, 0.22160627502634977, 0.2208887350920046, 0.21993422625703118, 0.21949045627261071, 0.21928106775237211, 0.21873710228283855, 0.21842467581194441, 0.21825888005853666, 0.21788247857211798, 0.21769636699588688, 0.21739668025105005, 0.21708957332874076, 0.21696762962452568, 0.21667803159451909, 0.2165413235917909, 0.21641330334357725, 0.2161555474207574, 0.21606569825039898, 0.21621723545557398, 0.21567931646358468, 0.2156920263751925, 0.2154301750585278, 0.21563892140528138, 0.21551333279724222, 0.21545187274508307, 0.21543851224231872, 0.21543036278217242, 0.21514108330153672, 0.21521612563065304, 0.21506334124835216, 0.21496442889929032, 0.21497502867423443, 0.21494897559794895, 0.21470763103126089, 0.21477936676236289, 0.21462143858591765, 0.21467635731086965, 0.21453674873060874, 0.21444821741307082, 0.21464164630660615, 0.21438891736160939, 0.21437605735489143, 0.21437790272765744, 0.21419581915624017, 0.21436493501320167, 0.21415509623213522, 0.21396580013204272, 0.21421044820873633, 0.21400730550633762, 0.21419334341725427, 0.21427194990760748, 0.21399585957356171, 0.21410050616251616, 0.21378624228321766, 0.21378625928462214, 0.2137622632883949, 0.21375796440172132, 0.213843040006751, 0.214013424183989, 0.21364462419767957, 0.21367913237028349, 0.21372256143927171, 0.21365341095316515, 0.21379305711632068, 0.21353374655847007, 0.21368787476907158, 0.21356545578363648, 0.21343532753242306, 0.21369339649799038, 0.21364061046724794, 0.2134995838023773, 0.21331969761327541, 0.2133702003286217, 0.2133845095501869, 0.21318806541709401, 0.21332899364291846, 0.21326560724254343, 0.21300225445273918, 0.21314273210817633, 0.21320059510807232, 0.21325572138110296, 0.21335680087325382, 0.21311845983946859, 0.21310510247447337, 0.21311262952810209, 0.21294079356611398, 0.21287104513537056, 0.21304266974745323, 0.21289149376262004, 0.21292302824929382, 0.21317213994227444, 0.2129466755234766], "val_acc": [0.83606895842861806, 0.88861360596197736, 0.8946010117389549, 0.8990399505228921, 0.90162072888564626, 0.90131103548211577, 0.90172396002015642, 0.90327242703780897, 0.90265304023074799, 0.90182719115466659, 0.90347888930682929, 0.90409827611389038, 0.90296273363427848, 0.90502735632448184, 0.90533704972801232, 0.90461443178644119, 0.90389181384487005, 0.90471766292095135, 0.90544028086252248, 0.90482089405546151, 0.90461443178644119, 0.90564674313154292, 0.90482089405546151, 0.905130587458992, 0.90554351199703265, 0.905130587458992, 0.90409827611389038, 0.90616289880409373, 0.90440796951742086, 0.90564674313154292, 0.905130587458992, 0.90574997426605308, 0.90492412518997167, 0.90688551674566487, 0.90492412518997167, 0.90492412518997167, 0.90574997426605308, 0.90544028086252248, 0.90461443178644119, 0.90709197901468519, 0.90544028086252248, 0.90667905447664454, 0.90574997426605308, 0.90688551674566487, 0.9067822856111547, 0.90636936107311405, 0.90709197901468519, 0.90595643653507341, 0.90482089405546151, 0.90482089405546151, 0.90667905447664454, 0.90585320540056324, 0.90719521014919535, 0.90626612993860389, 0.90533704972801232, 0.90595643653507341, 0.90616289880409373, 0.90595643653507341, 0.90420150724840054, 0.90667905447664454, 0.90523381859350216, 0.90595643653507341, 0.90647259220762422, 0.90771136582174627, 0.90636936107311405, 0.90657582334213438, 0.90626612993860389, 0.90554351199703265, 0.90595643653507341, 0.90616289880409373, 0.90729844128370551, 0.90616289880409373, 0.90626612993860389, 0.90667905447664454, 0.9067822856111547, 0.90605966766958357, 0.90605966766958357, 0.90605966766958357, 0.90564674313154292, 0.9067822856111547, 0.9067822856111547, 0.90327242703780897, 0.90574997426605308, 0.90781459695625644, 0.90729844128370551, 0.90657582334213438, 0.90554351199703265, 0.90750490355272584, 0.90657582334213438, 0.9067822856111547, 0.90616289880409373, 0.90605966766958357, 0.90564674313154292, 0.90533704972801232, 0.90482089405546151, 0.90605966766958357, 0.90698874788017503, 0.90595643653507341, 0.90544028086252248],