{"low_val_loss": 0.13313022345274064, "params": {"verbose": 1, "nb_epoch": 1000, "batch_size": 32, "metrics": ["loss", "acc", "val_loss", "val_acc"], "nb_sample": 94030, "do_validation": true}, "results": {"acc": [0.94350739125810912, 0.94648516430926299, 0.94879293842390722, 0.94928214400293576, 0.95000531745694816, 0.95012230140331466, 0.95027119004573013, 0.95071785600340319, 0.9507497607197366, 0.95039880889077955, 0.95072849090715728, 0.95109007763479736, 0.95080293523343618, 0.95091991917980256, 0.95067531639345781, 0.95103690311602684, 0.95101563330851857, 0.95118579176604889, 0.95137722004630088, 0.9513453153248963, 0.95104753801978092, 0.95082420504221221, 0.95147293417501688, 0.95130277570987987, 0.95170690205253639, 0.9519834095501436, 0.95173880676379874, 0.95179198128256937, 0.9516005530200663, 0.95178134637881529, 0.95180261619139461, 0.95163245773132865, 0.95139848984366693, 0.95203658407398528, 0.95191960012761889, 0.95150483888120807, 0.9519089652238647, 0.95197277464638941, 0.95189833032518167, 0.95210039349143893, 0.95205785387642239, 0.9519834095501436, 0.95206848878017658, 0.95210039349650999, 0.95152610868871634, 0.95176007657637818, 0.95200467935765176, 0.95186642561391932, 0.95199404445896885, 0.95200467935765176, 0.95170690205253639, 0.95178134637881529, 0.9516962671487823, 0.95166436243751995, 0.95180261618759132, 0.9519089652238647, 0.95170690205253639, 0.952196107625226, 0.95178134637881529, 0.95189833032011062, 0.9516749973463452, 0.95183452090265697, 0.95185579070509407, 0.95179198128764053, 0.95189833032011062, 0.95170690206267861, 0.9520259491702312, 0.95183452090772813, 0.95188769541635643, 0.95178134637881529, 0.95176007657257478, 0.95208975858768474, 0.95189833032518167, 0.95191960013268995, 0.951855790711433, 0.95195150483888125, 0.95177071147759673, 0.95153674360261276, 0.95180261618632356, 0.95180261618632356, 0.9518132510951488, 0.95190896522893587, 0.9516005530200663, 0.95178134637881529, 0.95191960012761889, 0.95213229820270129, 0.95203658406891423, 0.95183452089758591, 0.95146229926365611, 0.95191960012761889, 0.95197277464765728, 0.95210039349650999, 0.95177071148013226, 0.95199404445896885, 0.95176007657130701, 0.95205785387642239], "loss": [0.179810759752805, 0.14298734470051386, 0.1397560441984777, 0.13822233641127329, 0.1373635333620537, 0.13673292941078155, 0.13616502842874106, 0.13585826001065368, 0.13557296452922388, 0.13546716629282968, 0.13509018942951445, 0.13495315309908307, 0.1349919780961655, 0.13478593773966355, 0.13482111306928593, 0.13463992514352091, 0.13457761976860386, 0.1343166170998937, 0.13435838805491984, 0.13430080442533562, 0.1341583961752657, 0.13413482705266072, 0.1340023186423481, 0.13408114568181878, 0.13381761350359647, 0.13372206561021049, 0.13362006449016703, 0.13349000542974024, 0.13336581059000688, 0.13340177907878151, 0.13331762303681521, 0.13320412486712374, 0.13327335851699015, 0.13301338959181422, 0.1331042474609391, 0.13295865740512555, 0.13292763980215855, 0.13298362008914294, 0.13291878974318541, 0.13292526719198511, 0.13278891954661734, 0.13293370655769016, 0.13290342368073796, 0.1327816107416234, 0.13268552243053489, 0.13273886023658799, 0.13247603015249351, 0.13263668871732212, 0.13260932402443812, 0.13253697706353762, 0.13262788366079076, 0.132484379986474, 0.13264650785563589, 0.13254219279949886, 0.13255277015605557, 0.13240435629137004, 0.13243640844726909, 0.13244405455184494, 0.13247220660692058, 0.13243512038910477, 0.13243904478731502, 0.13251205754732687, 0.13251132425410081, 0.1323871256486667, 0.1325130430979734, 0.13242961411639426, 0.13244320548342656, 0.13232394342303694, 0.13240211917027811, 0.13244704535562005, 0.13221735477155921, 0.13236183432707058, 0.13224042025155544, 0.13239284262154619, 0.13247883672075525, 0.13227985532112252, 0.13237471405710297, 0.13238875105110215, 0.13231409247085099, 0.13228637658873352, 0.13235084500199845, 0.13237197206215087, 0.13228097579859044, 0.1322872520552095, 0.13243218524829004, 0.13227982653373671, 0.13235697136268987, 0.13224841805657694, 0.13231958944176558, 0.13219884959536132, 0.13230113279790329, 0.13229543346332057, 0.13229757886683827, 0.13230909592931883, 0.13229936278740814, 0.132244172915745], "val_acc": [0.94448698315467072, 0.94901735579377233, 0.94994257274119454, 0.95007018887187344, 0.95089969372128635, 0.95121873404798363, 0.9511868300153139, 0.9517611026033691, 0.95182491066870856, 0.95204823889739665, 0.95310107197549765, 0.95236727922409392, 0.95074017355793772, 0.95300535987748847, 0.9524629913221031, 0.95265441551812147, 0.95220775906074528, 0.95220775906074528, 0.95204823889739665, 0.95141015824400199, 0.95185681470137828, 0.95297345584481874, 0.95214395099540583, 0.95262251148545174, 0.9524629913221031, 0.95038922919857072, 0.95364344053088312, 0.95217585502807556, 0.95217585502807556, 0.9528139356814701, 0.95268631955079119, 0.95287774374680956, 0.95300535987748847, 0.95259060745278201, 0.95306916794282792, 0.95303726391015819, 0.95319678407350694, 0.95236727922409392, 0.95335630423685558, 0.9532605921388464, 0.9532605921388464, 0.95338820826952531, 0.95252679938744256, 0.95230347115875447, 0.9517611026033691, 0.95297345584481874, 0.95351582440020421, 0.95265441551812147, 0.95290964777947929, 0.95278203164880038, 0.95287774374680956, 0.95303726391015819, 0.95243108728943338, 0.95255870342011228, 0.95262251148545174, 0.95262251148545174, 0.95297345584481874, 0.95316488004083721, 0.95268631955079119, 0.95249489535477283, 0.95290964777947929, 0.95348392036753449, 0.95303726391015819, 0.95313297600816749, 0.95249489535477283, 0.95265441551812147, 0.95255870342011228, 0.95332440020418585, 0.95268631955079119, 0.95300535987748847, 0.95319678407350694, 0.95287774374680956, 0.95300535987748847, 0.95271822358346092, 0.95236727922409392, 0.9528139356814701, 0.95313297600816749, 0.95287774374680956, 0.95227156712608474, 0.95303726391015819, 0.95265441551812147, 0.95319678407350694, 0.95319678407350694, 0.95192062276671774, 0.95278203164880038, 0.95278203164880038, 0.95303726391015819, 0.9532605921388464, 0.95195252679938747, 0.9528139356814701, 0.95294155181214901, 0.95310107197549765, 0.95271822358346092, 0.9524629913221031, 0.95268631955079119, 0.95239918325676365],