{"low_val_loss": 0.21932317771704385, "params": {"verbose": 1, "nb_epoch": 1000, "batch_size": 32, "metrics": ["loss", "acc", "val_loss", "val_acc"], "nb_sample": 29058, "do_validation": true}, "results": {"acc": [0.83990639410833501, 0.86681808796200699, 0.89255970816986718, 0.89589785945350675, 0.89699910523780024, 0.89758414206070614, 0.89875421570651803, 0.89978663362929312, 0.89927042466790552, 0.90037167045219901, 0.90040608438295822, 0.90050932617523571, 0.90068139582903162, 0.90105994906738252, 0.90040608438295822, 0.90126643265193751, 0.90143850230573341, 0.90123201872117831, 0.90078463762130911, 0.9019547112671209, 0.90126643265193751, 0.90088787941358661, 0.90092229334434581, 0.90075022369054991, 0.90092229334434581, 0.90006194507536652, 0.90109436299814161, 0.90095670727510502, 0.90109436299814161, 0.90061256796751321, 0.90136967444421501, 0.90088787941358661, 0.90112877692890081, 0.90130084658269671, 0.90119760479041922, 0.90109436299814161, 0.90088787941358661, 0.9018514694748434, 0.90164498589028841, 0.89975221969853392, 0.90061256796751321, 0.90047491224447651, 0.90075022369054991, 0.90081905155206832, 0.90044049831371742, 0.90109436299814161, 0.90102553513662331, 0.89975221969853392, 0.90064698189827241, 0.90054374010599492, 0.90040608438295822, 0.90081905155206832, 0.90123201872117831, 0.90078463762130911, 0.90116319085966001, 0.90044049831371742, 0.90102553513662331, 0.90126643265193751, 0.90164498589028841, 0.90123201872117831, 0.90092229334434581, 0.90071580975979071, 0.90075022369054991, 0.90040608438295822, 0.90085346548282741, 0.90050932617523571, 0.90078463762130911, 0.90026842865992152, 0.90123201872117831, 0.90057815403675412, 0.90140408837497421, 0.90061256796751321], "loss": [0.38877262896321313, 0.25959769143020467, 0.24102139571572712, 0.23401425783634924, 0.23058169688730104, 0.22839851700391534, 0.22715415610615219, 0.22619994105824387, 0.22559426249365083, 0.22505614674298924, 0.22474160459580003, 0.22460819698879925, 0.22418480843558913, 0.22411800870810711, 0.2238883360875753, 0.22389449316912619, 0.22368087088941124, 0.22364211064612793, 0.22353647478318148, 0.22355598468996671, 0.22332279361162422, 0.22346664439114777, 0.22329154462535036, 0.22343414706006925, 0.22333176219071152, 0.22334184911456151, 0.22326056792318438, 0.22348806974547936, 0.22304468911626529, 0.22321285415199521, 0.22320902001317053, 0.22301140496467481, 0.22306570303038872, 0.22295588993015672, 0.22326660979818894, 0.22305060628235188, 0.22294865004829584, 0.22291015306911643, 0.22299292077758545, 0.22307004266936389, 0.22312168330333626, 0.22304987649364919, 0.22283545642658456, 0.22298453489351311, 0.22303950812846321, 0.22301179248414243, 0.22292074830064193, 0.22302559482431009, 0.22311011151631083, 0.2229371827417021, 0.22299041204634992, 0.22290045744792356, 0.22298605225929513, 0.2229568205662423, 0.22280196355569509, 0.22288481207086824, 0.22281964922510869, 0.22278101539911355, 0.22277570396263499, 0.22291747073718099, 0.22280333187926502, 0.22288624894201359, 0.22280032070036584, 0.22284162024115406, 0.22255645890426798, 0.22287582885062118, 0.22276799675746156, 0.22290317022116463, 0.22283043044343179, 0.2227467149298327, 0.22281446627325377, 0.2227411623338669], "val_acc": [0.83606895842861806, 0.89191700224169046, 0.89305254472130235, 0.89449778060444474, 0.89676886556366842, 0.89831733258132096, 0.89986579959897339, 0.89934964392642258, 0.8979044080432802, 0.89976256846446323, 0.90007226186799383, 0.8990399505228921, 0.90027872413701415, 0.89934964392642258, 0.89955610619544291, 0.90017549300250399, 0.89893671938838193, 0.89862702598485145, 0.90038195527152431, 0.9006916486750548, 0.8990399505228921, 0.90017549300250399, 0.90058841754054464, 0.89914318165740226, 0.89914318165740226, 0.90027872413701415, 0.90141426661662594, 0.89996903073348367, 0.89924641279191242, 0.90017549300250399, 0.89996903073348367, 0.90007226186799383, 0.90079487980956496, 0.89924641279191242, 0.90007226186799383, 0.90027872413701415, 0.89842056371583112, 0.90048518640603448, 0.90027872413701415, 0.89955610619544291, 0.90017549300250399, 0.89924641279191242, 0.89914318165740226, 0.90007226186799383, 0.89976256846446323, 0.90027872413701415, 0.90017549300250399, 0.89965933732995307, 0.89965933732995307, 0.90079487980956496, 0.90027872413701415, 0.9006916486750548, 0.90017549300250399, 0.8990399505228921, 0.90017549300250399, 0.90089811094407513, 0.89945287506093274, 0.89965933732995307, 0.89996903073348367, 0.89965933732995307, 0.89986579959897339, 0.90058841754054464, 0.90027872413701415, 0.90017549300250399, 0.89996903073348367, 0.90182719115466659, 0.89934964392642258, 0.90141426661662594, 0.90131103548211577, 0.89986579959897339, 0.90089811094407513, 0.90079487980956496], "val_loss": [0.28424497857679087, 0.24505608723212091, 0.23395187157994887, 0.23018832776868159, 0.22725270948038881, 0.22497702680148982, 0.22376701317914466, 0.22329180385474021, 0.22219282201018953, 0.22168271633522102, 0.22165346761243046, 0.22149437385975324, 0.22073177017884515, 0.22051735821185717, 0.22072628071535308, 0.22046359146885475, 0.22045020244556449, 0.22053518873798328, 0.22045330792939294, 0.22073612462825742, 0.22104854206927141, 0.22020009805804941, 0.2203093592450138, 0.22034588205109221, 0.21986717515788212, 0.21992295649419127, 0.22059253505155671, 0.22048356386115581, 0.22057852429281363, 0.22004610681553502, 0.21990964109835837, 0.21972630895105841, 0.22097542349418717, 0.22047728080738191, 0.22007593364246467, 0.22099390978831385, 0.22024868958638993, 0.22228888909957278, 0.21970663625561221, 0.21947205574615608, 0.2198293769557717, 0.22052432219655052, 0.22057076869604572, 0.21999417534427795, 0.21975611642662973, 0.21932317771704385, 0.22051844603508092, 0.21969051638955953, 0.2195775260604842, 0.22017155335244101, 0.22046845883694033, 0.22039946248266268, 0.21968716215309594, 0.21995033354683902, 0.21974732295098634, 0.21978451304050795, 0.22051952305046338, 0.21961397987850878, 0.22166872495244849, 0.2196672644004298, 0.2203504494177467, 0.21980852517806501, 0.22095099268430179, 0.22135691081848727, 0.22042953235834539, 0.21976511565735923, 0.22017392868398575, 0.22008324062613815, 0.2199547944164158, 0.22156151923045933, 0.22000426563473818, 0.21983828026037217]}}