{"low_val_loss": 0.21347099046681556, "params": {"verbose": 1, "nb_epoch": 1000, "batch_size": 32, "metrics": ["loss", "acc", "val_loss", "val_acc"], "nb_sample": 29058, "do_validation": true}, "results": {"acc": [0.83990639410833501, 0.88178814784224657, 0.89551930621515585, 0.89975221969853392, 0.9019891251978801, 0.9028494734668594, 0.90364099387432029, 0.903365682428247, 0.90432927248950379, 0.90474223965861378, 0.90429485855874459, 0.90377864959735699, 0.90432927248950379, 0.90484548145089128, 0.90522403468924217, 0.90457017000481799, 0.90512079289696468, 0.90460458393557708, 0.90484548145089128, 0.90463899786633628, 0.90487989538165048, 0.90460458393557708, 0.90450134214329958, 0.90574024365062977, 0.90539610434303808, 0.90556817399683387, 0.90529286255076058, 0.90529286255076058, 0.90560258792759307, 0.90577465758138898, 0.90487989538165048, 0.90515520682772388, 0.90567141578911148, 0.90549934613531557, 0.90522403468924217, 0.90611879688898067, 0.90539610434303808, 0.90598114116594397, 0.90546493220455637, 0.90622203868125817, 0.90649735012733157, 0.90615321081973987, 0.90598114116594397, 0.90591231330442568, 0.90577465758138898, 0.90518962075848308, 0.90618762475049897, 0.90543051827379728, 0.90546493220455637, 0.90543051827379728, 0.90611879688898067, 0.90560258792759307, 0.90673824764264577, 0.90618762475049897, 0.90570582971987057, 0.90570582971987057, 0.90642852226581316, 0.90666941978112736, 0.90543051827379728, 0.90646293619657237, 0.90625645261201737, 0.90584348544290727, 0.90625645261201737, 0.90639410833505407, 0.90618762475049897, 0.90570582971987057, 0.90656617798884986, 0.90635969440429487, 0.90680707550416406, 0.90574024365062977, 0.90598114116594397, 0.90563700185835228, 0.90577465758138898, 0.90604996902746227, 0.90508637896620547, 0.90635969440429487, 0.90618762475049897, 0.90632528047353567, 0.90608438295822147, 0.90563700185835228, 0.90611879688898067, 0.90587789937366647, 0.90611879688898067, 0.90611879688898067, 0.90653176405809066, 0.90639410833505407, 0.90625645261201737, 0.90580907151214807], "loss": [0.35325335774880184, 0.25166138177097225, 0.23741176103231679, 0.23079669073283554, 0.22681662186767945, 0.22449957352841587, 0.22288318123096396, 0.22167285133666778, 0.2208233910299757, 0.22029569422610407, 0.21967429572893146, 0.21953143326900101, 0.21901503287726778, 0.21890343609889365, 0.21831695385001892, 0.21828424734064664, 0.21810624055277616, 0.21771145196576039, 0.21773733640496928, 0.21769575358577617, 0.21744935904955545, 0.21737598241815481, 0.21727626080752255, 0.21731608206394312, 0.21706304416676842, 0.21704832586216297, 0.21685867528583677, 0.21672860531922142, 0.21670303231642246, 0.21645620786911507, 0.21664105183667026, 0.21648223937825431, 0.21647567310219162, 0.21641772433164666, 0.21630518999704162, 0.21614009241574922, 0.21604191558893882, 0.21593906476727551, 0.21603618869918864, 0.21589545242363259, 0.21587809676142478, 0.21561341627358455, 0.21599476894875158, 0.21563125701738928, 0.21565753178512931, 0.21555637718846968, 0.21547869617378784, 0.21536174644843967, 0.21544719076503172, 0.21548514588393955, 0.21535150394501101, 0.21540916819525346, 0.21535818799904533, 0.21540205830782375, 0.21542167706867996, 0.21529190685897856, 0.2154135523276334, 0.21511974810013096, 0.2153127396563734, 0.21507481507502121, 0.21524399228974017, 0.21518981606906637, 0.21531826160118417, 0.21522450795996761, 0.2152358071354335, 0.21515716247117497, 0.21508200876571182, 0.21526052558320141, 0.21495164087939561, 0.21505074194501769, 0.21506114562007891, 0.21507667279625664, 0.21491838428989576, 0.2151454023412257, 0.21500802315375178, 0.21504962301180838, 0.21502024710682976, 0.21490557187889586, 0.21506217442460857, 0.21488819463289155, 0.21496602492065306, 0.21475030692896932, 0.214775681915744, 0.21492823618405518, 0.21481234682070691, 0.21483359479300704, 0.21489776881710687, 0.21484987150245166], "val_acc": [0.83606895842861806, 0.88882006823099768, 0.89718179010170906, 0.90048518640603448, 0.89986579959897339, 0.90110457321309545, 0.90203365342368702, 0.90131103548211577, 0.90420150724840054, 0.90234334682721751, 0.90193042228917686, 0.9031691959032988, 0.90327242703780897, 0.90492412518997167, 0.90502735632448184, 0.90420150724840054, 0.90306596476878864, 0.9043047383829107, 0.90337565817231913, 0.90337565817231913, 0.9043047383829107, 0.90647259220762422, 0.90523381859350216, 0.90533704972801232, 0.90544028086252248, 0.90574997426605308, 0.90347888930682929, 0.90585320540056324, 0.90585320540056324, 0.90306596476878864, 0.90389181384487005, 0.90523381859350216, 0.90574997426605308, 0.90544028086252248, 0.90492412518997167, 0.90451120065193102, 0.90626612993860389, 0.90533704972801232, 0.90451120065193102, 0.90585320540056324, 0.90605966766958357, 0.90564674313154292, 0.90667905447664454, 0.90554351199703265, 0.90605966766958357, 0.90471766292095135, 0.90544028086252248, 0.90688551674566487, 0.90492412518997167, 0.90574997426605308, 0.90544028086252248, 0.90647259220762422, 0.90585320540056324, 0.90471766292095135, 0.90595643653507341, 0.90667905447664454, 0.90657582334213438, 0.90492412518997167, 0.90564674313154292, 0.90667905447664454, 0.90657582334213438, 0.90502735632448184, 0.90760813468723611, 0.90544028086252248, 0.90667905447664454, 0.90574997426605308, 0.90771136582174627, 0.90605966766958357, 0.90523381859350216, 0.90461443178644119, 0.90626612993860389, 0.90564674313154292, 0.90667905447664454, 0.90616289880409373, 0.90740167241821568, 0.90626612993860389, 0.9067822856111547, 0.905130587458992, 0.90626612993860389, 0.90626612993860389, 0.90574997426605308, 0.90502735632448184, 0.90626612993860389, 0.90719521014919535, 0.90574997426605308, 0.90482089405546151, 0.90636936107311405, 0.90523381859350216], "val_loss": [0.26392485848814018, 0.24104334166190985, 0.2302783999549379, 0.22602977868178392, 0.22260439343603572, 0.2210225329576809, 0.21962024618674325, 0.21953876242864559, 0.21707062697193996, 0.21755519832658538, 0.21774059144276836, 0.21622455813535979, 0.21609235627308859, 0.21535471379233917, 0.21538284877831443, 0.21535977047147109, 0.21606566586139539, 0.21557384428500981, 0.21548219191421356, 0.21608834814222971, 0.21476206898418534, 0.21444102479070901, 0.21535314934423763, 0.2145249345784489, 0.21484162258735146, 0.21465217612458418, 0.21611206980328498, 0.21457402505187462, 0.21433235435856499, 0.21587416383520397, 0.2156985914226015, 0.21537893461691307, 0.21432106162269407, 0.21577375617462427, 0.21539890989807353, 0.21488271682417723, 0.21396281907614312, 0.21487390700601949, 0.21548216449004695, 0.21392307417353598, 0.21457346948637637, 0.21461052316574289, 0.21403284547338056, 0.21420411263947592, 0.21487899677628172, 0.21478324400033574, 0.21545790576265361, 0.21395307491349155, 0.21414088794933306, 0.21486542270293579, 0.21448598376452105, 0.21471563781502692, 0.21485452265196495, 0.21563400290164217, 0.21436653891140872, 0.21474886942884433, 0.21498773942683347, 0.21567504662803863, 0.21485945406104803, 0.21474492963381542, 0.21372899661692252, 0.21347099046681556, 0.2137352753697109, 0.21527871871937215, 0.21454079230589507, 0.21527741714516721, 0.21381676195206084, 0.21514725258712911, 0.21408318058986886, 0.21600989951700497, 0.21440952544957106, 0.2147084113256203, 0.21460163437004637, 0.21411009437899797, 0.21503607548955572, 0.21456137458286481, 0.21464984727937075, 0.21422107169610177, 0.21427674268659724, 0.21429145998527505, 0.21531461255708148, 0.21535831952570048, 0.21430056898650757, 0.21462572615274866, 0.21495475388291918, 0.21520602993826335, 0.21463521583427078, 0.21459054443579506]}}