{"low_val_loss": 0.2110233717970377, "params": {"verbose": 1, "nb_epoch": 1000, "batch_size": 32, "metrics": ["loss", "acc", "val_loss", "val_acc"], "nb_sample": 29058, "do_validation": true}, "results": {"acc": [0.84672035239865096, 0.89459013008465826, 0.90085346548282741, 0.90333126849748779, 0.90350333815128359, 0.90470782572785469, 0.90401954711267118, 0.90543051827379728, 0.90494872324316888, 0.90549934613531557, 0.90549934613531557, 0.90601555509670317, 0.90684148943492326, 0.90601555509670317, 0.90608438295822147, 0.90735769839631086, 0.90718562874251496, 0.90625645261201737, 0.90670383371188656, 0.90694473122720076, 0.90711680088099667, 0.90728887053479246, 0.90735769839631086, 0.90663500585036827, 0.90739211232706996, 0.90701355908871917, 0.90770183770390256, 0.90839011631908595, 0.90742652625782916, 0.90666941978112736, 0.90759859591162506, 0.90759859591162506, 0.90722004267327416, 0.90869984169591855, 0.90746094018858836, 0.90839011631908595, 0.90752976805010666, 0.90787390735769835, 0.90801156308073505, 0.90752976805010666, 0.90900956707275105, 0.90746094018858836, 0.90935370638034274, 0.90790832128845755, 0.90801156308073505, 0.90959460389565694, 0.90804597701149425, 0.90825246059604925, 0.90832128845756765, 0.90842453024984515, 0.90804597701149425, 0.90804597701149425, 0.90763300984238415, 0.90876866955743685, 0.90794273521921676, 0.90849335811136345, 0.90894073921123275, 0.90890632528047355, 0.90931929244958354, 0.90938812031110194, 0.90942253424186115, 0.90928487851882445, 0.90866542776515935, 0.90883749741895514, 0.90801156308073505, 0.90835570238832675, 0.90894073921123275, 0.90863101383440015, 0.90900956707275105, 0.90859659990364094, 0.90907839493426934, 0.90842453024984515, 0.90914722279578775, 0.90811480487301255, 0.90918163672654695, 0.90869984169591855, 0.90835570238832675, 0.90942253424186115, 0.90894073921123275, 0.90876866955743685, 0.90883749741895514, 0.90856218597288185, 0.90821804666529016, 0.90935370638034274, 0.90849335811136345, 0.90863101383440015, 0.90869984169591855, 0.90887191134971435], "loss": [0.3256662540036232, 0.24138801355832573, 0.23237668525360144, 0.22766054979969663, 0.22489043762097791, 0.22279858010390141, 0.22128525464420218, 0.21979028236366319, 0.21927324527221656, 0.21835203509127896, 0.21761032511416756, 0.21719864205882836, 0.21663030141013168, 0.2163218481467328, 0.21587188104874613, 0.21520420377043947, 0.21515318628994493, 0.21483956427212814, 0.21437797845279152, 0.21394992239666352, 0.21389409935952677, 0.21345245701561369, 0.21353035281157245, 0.21310249052419247, 0.21308712285070724, 0.21265319932293963, 0.21276380055437158, 0.21217120356303432, 0.21244977734061452, 0.21199850611385093, 0.21193932790167655, 0.21194387334319761, 0.21179054739741254, 0.21146615483910328, 0.21146671923199345, 0.2113338362260698, 0.21129731553153833, 0.21114122000119012, 0.21108506872539257, 0.21130283325361543, 0.210650296055021, 0.21095823562065646, 0.21042454258872356, 0.21050913145407529, 0.21046817354019867, 0.21030042842489488, 0.21039282304654472, 0.210261168585927, 0.21025659723499784, 0.21019822205550509, 0.21017769649619697, 0.2097578335591099, 0.20989895172576647, 0.20985571969146924, 0.2097763249563292, 0.20968504826137568, 0.20961057561559254, 0.20953755137929242, 0.20934703474638344, 0.20942448707980377, 0.20935299644570152, 0.20935884535063171, 0.2093164097559779, 0.20934879376197688, 0.20917913630002979, 0.20921280156131031, 0.20901048239644868, 0.20932238820141044, 0.20881492733655135, 0.20877648172652011, 0.20899326839124732, 0.20886098642549114, 0.2083714462852804, 0.20866933075270244, 0.20854650185017767, 0.20895958915368207, 0.20865667642487967, 0.20843300379346574, 0.20859871792522203, 0.20845902053131229, 0.2085567400744438, 0.20852081291242933, 0.20848875704857117, 0.20813954200179474, 0.20855070300894091, 0.20833115180241149, 0.20826146921561003, 0.20804706374828794], "val_acc": [0.88613605873373325, 0.89728502123621923, 0.90089811094407513, 0.90089811094407513, 0.9006916486750548, 0.90368535157584962, 0.90409827611389038, 0.90502735632448184, 0.9043047383829107, 0.905130587458992, 0.90162072888564626, 0.90420150724840054, 0.90482089405546151, 0.90440796951742086, 0.905130587458992, 0.90451120065193102, 0.90544028086252248, 0.90636936107311405, 0.905130587458992, 0.90482089405546151, 0.90647259220762422, 0.9067822856111547, 0.90523381859350216, 0.90564674313154292, 0.90626612993860389, 0.90595643653507341, 0.90544028086252248, 0.90574997426605308, 0.90523381859350216, 0.905130587458992, 0.90533704972801232, 0.90605966766958357, 0.90533704972801232, 0.90502735632448184, 0.90605966766958357, 0.90636936107311405, 0.905130587458992, 0.90482089405546151, 0.90585320540056324, 0.90605966766958357, 0.90595643653507341, 0.90523381859350216, 0.90533704972801232, 0.90492412518997167, 0.90461443178644119, 0.90544028086252248, 0.90461443178644119, 0.90626612993860389, 0.90461443178644119, 0.90719521014919535, 0.905130587458992, 0.90451120065193102, 0.90585320540056324, 0.90554351199703265, 0.90482089405546151, 0.90667905447664454, 0.90636936107311405, 0.90502735632448184, 0.90709197901468519, 0.90544028086252248, 0.90605966766958357, 0.90647259220762422, 0.90595643653507341, 0.90451120065193102, 0.90440796951742086, 0.90616289880409373, 0.90626612993860389, 0.9067822856111547, 0.905130587458992, 0.90771136582174627, 0.9067822856111547, 0.90636936107311405, 0.90709197901468519, 0.90657582334213438, 0.90616289880409373, 0.90523381859350216, 0.90760813468723611, 0.90729844128370551, 0.90533704972801232, 0.90461443178644119, 0.90626612993860389, 0.90688551674566487, 0.90719521014919535, 0.90471766292095135, 0.90471766292095135, 0.90440796951742086, 0.90688551674566487, 0.90657582334213438], "val_loss": [0.24809889672734586, 0.23354389957135291, 0.22689366023447216, 0.22273945216486743, 0.22274815913470916, 0.21883517210237674, 0.21774709695717295, 0.21689893862768458, 0.21622434675945787, 0.21527621741633032, 0.21829458923024561, 0.21569109046694246, 0.21376202647821618, 0.21612594650541653, 0.21374450629065375, 0.216196944903845, 0.21491242741066641, 0.2138954318011522, 0.21442047716466908, 0.21362838841597093, 0.21404968859721868, 0.21408995100560174, 0.21459417188328783, 0.21290853322690592, 0.2140682093576835, 0.21444344322440473, 0.21245201586249493, 0.21344369085959586, 0.2142977899776298, 0.21243908069470208, 0.21358164327486978, 0.21231783728512421, 0.21178910551861713, 0.21232710691801324, 0.21227981405963564, 0.21283234952588168, 0.21351121609838825, 0.21398994703466118, 0.21230220702997213, 0.2124215045574096, 0.21264603063641066, 0.21227532998073503, 0.21225330329869227, 0.21334469050424343, 0.21268229176228515, 0.21285484329864338, 0.21321445913325648, 0.21187525392009388, 0.21225763135765116, 0.21225357731577166, 0.21214599653430874, 0.21312565914652007, 0.21372781708548899, 0.21299041212804917, 0.21213041973074634, 0.21233227798243948, 0.21176598637394706, 0.21301092232813146, 0.2124606470851518, 0.21174425619840007, 0.21350646990241681, 0.2110233717970377, 0.21111782610607158, 0.21246941843133255, 0.21121568127942059, 0.21147352980671497, 0.21232689254557346, 0.21108211799217744, 0.21203765365390004, 0.21170962053432152, 0.21170380798621211, 0.21177828326687498, 0.21229752301369903, 0.21160568528418031, 0.21250527028674693, 0.2111936919494988, 0.21120532765973768, 0.21158182376110604, 0.21262066827859502, 0.21608357366681702, 0.21234348486165605, 0.21160842689171264, 0.21158378163247429, 0.2126786330172776, 0.21260321893423251, 0.21460441163760954, 0.21205402049127842, 0.2114519056360013]}}