{"low_val_loss": 0.13252680627852603, "params": {"verbose": 1, "nb_epoch": 1000, "batch_size": 32, "metrics": ["loss", "acc", "val_loss", "val_acc"], "nb_sample": 94030, "do_validation": true}, "results": {"acc": [0.94347548655191782, 0.94566627672019565, 0.94923960438158039, 0.95029245985830946, 0.95117515686990151, 0.95165372753376587, 0.95170690205760755, 0.95191960013268995, 0.95193023503137297, 0.95196213974770649, 0.9519940444640399, 0.95248325003165835, 0.95239817079655431, 0.95246198022415018, 0.95203658407905645, 0.95252578964160373, 0.95261086887670787, 0.95246198021907902, 0.95278102733297043, 0.95279166223672451, 0.95235563118660893, 0.95233436137910066, 0.95260023397295368, 0.95266404339547839, 0.95271721790917796, 0.95245134531532494, 0.95265340848665314, 0.95249388493541254, 0.95258959906412843, 0.9530362650218015, 0.95265340848665314, 0.95278102733170267, 0.95283420185047329, 0.95284483675929854, 0.95287674146548973, 0.95278102734184489, 0.95296182070059388, 0.95271721790917796, 0.95306816973813502, 0.95262150378046195, 0.95300436031561031, 0.95283420185554435, 0.95271721791932018, 0.95292991598552812, 0.95278102733170267, 0.95279166223545675, 0.9528661065668067, 0.95297245559927679, 0.9529405508930856, 0.95306816973813502, 0.95289801127806906, 0.9528767414705609, 0.95284483675422738, 0.95285547165798146, 0.95268531319791561, 0.95289801128314022, 0.95270658301049493, 0.9529086461868943, 0.95265340849172431, 0.9531107093480804, 0.9528448367643696, 0.95260023397295368, 0.95298309050303098, 0.95278102733677372, 0.95308943954057213, 0.95315324896309683, 0.95282356695179027], "loss": [0.18310419831119495, 0.14266120122855969, 0.13852841673801392, 0.13632599145386379, 0.13516062297260559, 0.1344146067409912, 0.13394015798442074, 0.13348475066234011, 0.13313369230561076, 0.13282609119651598, 0.13262890615619066, 0.13242716644116567, 0.13223580237750193, 0.13205015609571938, 0.13209960176886287, 0.13193638903637281, 0.13173078062001103, 0.13179735615175986, 0.13170089590020806, 0.13168659642422742, 0.1315361167793006, 0.13161734665700328, 0.13157137406372485, 0.13147755277469972, 0.1314835700428221, 0.13126407977535101, 0.13140599742011988, 0.1313164218787968, 0.13119859610002091, 0.13121530785546537, 0.1312784451313454, 0.1313043706174922, 0.13108095218624877, 0.1311403143257584, 0.13120575722393729, 0.13115985404807406, 0.1310054284160814, 0.13096997249860795, 0.13115124500005104, 0.13106901614916752, 0.13102153058329327, 0.13099600162947797, 0.13096232712760095, 0.13103577963493612, 0.13091293370582366, 0.13083841009579553, 0.13087673903424399, 0.13085859068974934, 0.13083926785103783, 0.13086804335236257, 0.13084229015183932, 0.13084246518509726, 0.13096539290099116, 0.13083839389167415, 0.13086979320397799, 0.13075929021190028, 0.1308297928774102, 0.13082781502043808, 0.13086217227773719, 0.13077162626266478, 0.13074525281791674, 0.13077253596406535, 0.13071656662498929, 0.13068986840527907, 0.13071978041894458, 0.13068861378850852, 0.13066205645268691], "val_acc": [0.94448698315467072, 0.94959162838182742, 0.9504849412965799, 0.95179300663603883, 0.95271822358346092, 0.95290964777947929, 0.95284583971413983, 0.95128254211332308, 0.9528139356814701, 0.95313297600816749, 0.95335630423685558, 0.95316488004083721, 0.95322868810617667, 0.95342011230219503, 0.95345201633486476, 0.95319678407350694, 0.95386676875957122, 0.95354772843287394, 0.95348392036753449, 0.95380296069423176, 0.95377105666156203, 0.95319678407350694, 0.95310107197549765, 0.95373915262889231, 0.95319678407350694, 0.95322868810617667, 0.9528139356814701, 0.95316488004083721, 0.95290964777947929, 0.95377105666156203, 0.95322868810617667, 0.95259060745278201, 0.95364344053088312, 0.95354772843287394, 0.95373915262889231, 0.95342011230219503, 0.95335630423685558, 0.95338820826952531, 0.95351582440020421, 0.95367534456355285, 0.95354772843287394, 0.95342011230219503, 0.9532605921388464, 0.95370724859622258, 0.95364344053088312, 0.95367534456355285, 0.95319678407350694, 0.95354772843287394, 0.95377105666156203, 0.95338820826952531, 0.95351582440020421, 0.95351582440020421, 0.95300535987748847, 0.95329249617151612, 0.95332440020418585, 0.95316488004083721, 0.95319678407350694, 0.95275012761613065, 0.95380296069423176, 0.95319678407350694, 0.95335630423685558, 0.95351582440020421, 0.95383486472690149, 0.95287774374680956, 0.95300535987748847, 0.95306916794282792, 0.9536115364982134], "val_loss": [0.1457500322748046, 0.14016654825997085, 0.13803688480388973, 0.13711596833139794, 0.13810967373499583, 0.1356326440304533, 0.13517776973956303, 0.13525452820233327, 0.1346802426879582, 0.13497731320544765, 0.13443595828367716, 0.13380577727475296, 0.13378369619270228, 0.13423830392186195, 0.13362363918060213, 0.13489570080351623, 0.1334319421798067, 0.13349682624837372, 0.13393993368690843, 0.13389412141222015, 0.13376115521605281, 0.13348835802172568, 0.13351988441568968, 0.13376071015795984, 0.13346210528391395, 0.13316235799036233, 0.1339753346784861, 0.13317421204474672, 0.13405763165623086, 0.13325080606228787, 0.13261458929485512, 0.13332648494581809, 0.13269186345836592, 0.13303410844623495, 0.13280166565588447, 0.13303631374297731, 0.13321684720874166, 0.13361935768107208, 0.1328023997130231, 0.13259494799555807, 0.13252680627852603, 0.13289394427705109, 0.1331124747530455, 0.13274348987482257, 0.13287699475386211, 0.13300122926320695, 0.13310762441366714, 0.13276578710357895, 0.13303434585790175, 0.13349252167543385, 0.13266220520335598, 0.13312311545337657, 0.13324760046519907, 0.13265661383641958, 0.13324688740299026, 0.13377056566350859, 0.13300075157221755, 0.13294507530786481, 0.13266656794521109, 0.13327772092908971, 0.13284325941107814, 0.13362328262620279, 0.13312647228508107, 0.13303089027462747, 0.13350602802632719, 0.13353482259018132, 0.13399507106776715]}}