{"low_val_loss": 0.13057968749713691, "params": {"verbose": 1, "nb_epoch": 1000, "batch_size": 32, "metrics": ["loss", "acc", "val_loss", "val_acc"], "nb_sample": 94030, "do_validation": true}, "results": {"acc": [0.94362437519940445, 0.94689992556581593, 0.94910135063277679, 0.94971817505051581, 0.95029245985323829, 0.95031372966581773, 0.95093055408862781, 0.9515580133999787, 0.95165372753503363, 0.95166436244385888, 0.95179198128764053, 0.9516962671487823, 0.95166436243751995, 0.95185579070509407, 0.95169626715892452, 0.95173880676379874, 0.95197277465653174, 0.95188769542142759, 0.95214293310645537, 0.9515580133999787, 0.9523024566678383, 0.95222801233648835, 0.95215356801528062, 0.95198340956028582, 0.95213229820270129, 0.95236626608655972, 0.95213229820270129, 0.95223864724024243, 0.952547059449112, 0.95214293310645537, 0.95264277358797023, 0.95235563118660893, 0.95270658300542377, 0.95218547272147191, 0.95273848771668612, 0.95222801233648835, 0.95255769435793725, 0.95258959906412843, 0.95267467829416141, 0.95247261513297532, 0.95231309157159238, 0.95253642455042897, 0.95249388493541254, 0.95257896416544552, 0.95280229713921094, 0.95243007551288772, 0.95257896416544552, 0.95262150378046195, 0.95244071041157075, 0.95254705945418305, 0.95269594810674074, 0.95263213867914498, 0.95278102733170267, 0.95277039243301964, 0.95237690098904604, 0.95283420185554435, 0.95239817079782207, 0.95265340848665314, 0.95269594810166969, 0.95273848772175729, 0.95248325002658729, 0.95250451983916662, 0.9527597575241944, 0.95246198022922124, 0.9525151547429207, 0.95294055088801444, 0.9525895990691996, 0.95261086887670787, 0.95285547165798146, 0.95284483675929854, 0.952898011272998, 0.95251515473784965, 0.95243007550781666, 0.95284483675422738, 0.95264277358289906, 0.95240880570030839, 0.95256832925662027, 0.9526321386854838, 0.95257896416037435, 0.95284483675422738, 0.95234499627778368, 0.95249388493034137, 0.9522386472453136, 0.95247261512790427, 0.95251515474799187, 0.95251515473784965, 0.95245134531532494, 0.95267467829416141, 0.95234499628285485, 0.95279166223545675, 0.95248325002658729, 0.95253642455042897, 0.9525895990653962, 0.95250451983409545, 0.95272785281293204, 0.95263213868421603, 0.95246198022415018, 0.95268531320298666, 0.95268531319791561, 0.9524726151228331, 0.95284483675929854, 0.95244071041157075, 0.95255769435793725, 0.95265340848792102, 0.95219610763156493, 0.9528661065668067, 0.95236626608655972, 0.95263213868421603, 0.95267467829416141, 0.95281293204803608, 0.95256832925788804, 0.95267467829416141, 0.95255769435793725, 0.95279166223672451, 0.95268531319791561, 0.95249388493034137, 0.952898011272998, 0.95295118579176863, 0.95281293204042949, 0.95306816974320618, 0.95295118579810745, 0.95270658300288824, 0.95296182070059388, 0.95265340848665314, 0.95235563118153777, 0.95287674146548973, 0.95282356694798687, 0.95274912262044031, 0.9527597575241944, 0.95261086887163671, 0.95266404339547839, 0.95292991598426036, 0.95281293204296502, 0.95267467829923258, 0.95275975752926556, 0.9525151547429207, 0.95300436031561031, 0.95272785281800321, 0.95285547166305262, 0.95268531319791561, 0.95290864617675208, 0.95312134425183448, 0.95267467829416141, 0.95275975752926556, 0.95254705945418305, 0.95274912262044031, 0.95300436031561031, 0.95301499521429334, 0.95266404339040733, 0.95252578964160373, 0.95270658300542377, 0.95256832926169133, 0.95265340849172431, 0.95275975752926556, 0.9528448367643696, 0.95247261512790427, 0.95262150377539079, 0.95262150377539079, 0.95268531319791561, 0.95284483675929854, 0.95302563011804742, 0.95279166224052791, 0.9528767414705609, 0.95264277358289906, 0.95275975752926556, 0.95292991598426036, 0.95312134425183448, 0.95298309050303098, 0.95274912263058253, 0.95269594810166969, 0.95279166223545675, 0.95303626502687266], "loss": [0.17570394408486695, 0.1422456914277124, 0.13926059560729229, 0.13772067774523386, 0.13668616203602915, 0.13587897967721102, 0.13520697918101016, 0.13471754607331002, 0.13451802126756629, 0.13427185462257854, 0.13396594552433164, 0.13371252098765435, 0.13372644329643446, 0.13362226695151935, 0.13360428704545305, 0.13340051386421772, 0.13323553828252169, 0.1332031889366467, 0.13325317422738039, 0.13315100712458225, 0.13304798551554325, 0.13295028913129484, 0.13284521794399656, 0.13282499792828631, 0.13265319707873058, 0.13264569069231036, 0.13263416645514969, 0.13277624149763317, 0.13245590911120553, 0.1323879771513006, 0.13239410949155242, 0.13236495251257749, 0.13231925812839992, 0.1321414121299567, 0.1322253849800693, 0.13203278478985966, 0.13208769083935873, 0.13219103660602069, 0.13202084726792163, 0.131944060139259, 0.13210837769245931, 0.13210174556943213, 0.1319394597443167, 0.13207391957190523, 0.13191753585490978, 0.13186675218315971, 0.13186672038978989, 0.13187650810603474, 0.13180692705416805, 0.13199646237789539, 0.13185331683935136, 0.13174088742410858, 0.13152024438150095, 0.1316790478322451, 0.13157594442228099, 0.13163887491717333, 0.13161658059294953, 0.13151930968193859, 0.13154889319512383, 0.13155890830803282, 0.13161703275731954, 0.13156336817344072, 0.13153766727547031, 0.13156134617413584, 0.13148884881871387, 0.13143904179106441, 0.13131167098038327, 0.13155271724352974, 0.13120533919375296, 0.13132541808665693, 0.13109243637077431, 0.13093405028437283, 0.130675113745296, 0.13065572782414372, 0.13042991746965399, 0.13051072045515716, 0.13025793736436264, 0.13016458096769684, 0.13002741554373443, 0.13011370560578828, 0.1299308669395324, 0.12959935188100913, 0.12967841269094413, 0.12954642824463347, 0.12941672721277281, 0.12927842058758779, 0.1292605430234034, 0.12908916956238273, 0.12901763033514441, 0.12911913855876692, 0.12887194683282258, 0.12889080558459098, 0.12876662017642265, 0.12885564187474055, 0.12878825795893895, 0.12872046214347824, 0.12862337175505117, 0.12876688296726685, 0.12860996280133719, 0.12863014181896587, 0.12858507402568475, 0.12861979907582785, 0.12860726047203058, 0.12852575115880902, 0.12861375170262154, 0.12838963027185776, 0.12849510645759901, 0.12852815807334769, 0.12843152019624621, 0.12836347247018187, 0.12842310204298513, 0.12843807012771377, 0.12848997540113508, 0.12846270916969818, 0.12846323821614819, 0.12823064215168298, 0.1284319822831882, 0.12829045180429818, 0.12836621272700854, 0.12840065864518665, 0.12842805824146161, 0.12833013840167876, 0.12835822896089982, 0.12841176221736103, 0.12833940919619805, 0.1282181608549974, 0.12837347008123887, 0.12827963432288988, 0.12825659911912782, 0.12824577209839325, 0.12825257516751629, 0.12833557611629073, 0.12830002417285355, 0.12822625530830384, 0.1282355915158781, 0.12823556602178679, 0.12835449169262234, 0.12829783941429623, 0.12816444581051045, 0.12822269408861703, 0.12827905929630251, 0.12810473254616656, 0.12815205235746166, 0.12822526742058538, 0.12816476621273337, 0.12808704524628139, 0.12808827469589912, 0.12815336968136076, 0.12818503089369573, 0.12822081246544526, 0.12827610039579784, 0.12819315449875568, 0.12817919800335531, 0.1281468064648337, 0.12802844727836771, 0.12806388598486526, 0.12810040340663478, 0.12821797748791289, 0.1279350535972035, 0.12811485341663223, 0.12802437721627527, 0.12809412835820944, 0.12812671772893991, 0.12805021286587581, 0.12811673740658952, 0.12809302953092594, 0.12805787301134533, 0.12812559392636416, 0.12806613312878279, 0.12807105636555161, 0.12800490076098114, 0.12814592235927363],