{"low_val_loss": 0.1229715045254379, "params": {"verbose": 1, "nb_epoch": 1000, "batch_size": 32, "metrics": ["loss", "acc", "val_loss", "val_acc"], "nb_sample": 94030, "do_validation": true}, "results": {"acc": [0.94381580347712091, 0.9480272253536105, 0.94975007976177817, 0.95072849091222844, 0.95080293523343618, 0.95171753695629058, 0.95147293417501688, 0.95202594916516003, 0.95190896522893587, 0.95208975858768474, 0.95194086993512705, 0.95251515473784965, 0.9521003934927067, 0.95210039349143893, 0.95216420291396364, 0.95252578964160373, 0.95251515473784965, 0.9524726151228331, 0.95268531319791561, 0.95269594810674074, 0.95247261512790427, 0.95308943954564329, 0.95314261406948497, 0.9525895990691996, 0.95279166223545675, 0.9527597575241944, 0.95324896309688401, 0.95314261406441392, 0.95296182070059388, 0.95255769435793725, 0.95252578964160373, 0.95319578857811338, 0.95286610656173565, 0.95300436031561031, 0.95305753482930977, 0.95278102734184489, 0.95295118579810745, 0.9530788046418891, 0.95313197915558867, 0.95345102626821232, 0.95308943954564329, 0.952802297144282, 0.95305753482930977, 0.95337658194193342, 0.95340848665446354, 0.95304689992555569, 0.95305753482930977, 0.95292991598426036, 0.95316388387192208, 0.95296182069552271, 0.953504200792054, 0.95329150271190044, 0.95327023290946333, 0.95316388386685102, 0.95370626396338232, 0.9534616611719664, 0.95313197916573089, 0.95310007444939737, 0.95366372434836577, 0.95365308943954052, 0.95366372434329472, 0.95348293097947467, 0.95364245453578644, 0.9536743592470488, 0.95355737531082463, 0.95390832712963947, 0.953504200792054, 0.95395086674465601, 0.95368499415587404, 0.95362118472827817, 0.95348293098454573, 0.95363181963203236, 0.95366372434329472, 0.95395086674465601, 0.95423800915615942, 0.95396150164841009, 0.95398277145718613, 0.95382324789960649, 0.95401467616718072, 0.95385515261086884, 0.95382324790467765, 0.95378070828966111, 0.95373816866957351, 0.95356801021964988, 0.95386578751462303, 0.95425927895352547, 0.95418483463231774, 0.95438689779857488, 0.9541422950173013, 0.95399340636094021, 0.9543018185685419, 0.9544507072210997, 0.95451451664869547, 0.95397213655723534, 0.95474848452748284, 0.95468467510876143, 0.95434435818355845, 0.95422737424226312, 0.95461023077741147, 0.95482292885249387, 0.95464213549374499, 0.95491864298628093, 0.95465277039242791, 0.95442943741866249, 0.95449324683611614, 0.95432308837605018, 0.95446134212992484, 0.95466340530125315, 0.9543124534722961, 0.95454642136502899, 0.95455705626371201, 0.954461342134996, 0.95489737317877277, 0.95452515154737849, 0.95453578645620374, 0.95463150058618751, 0.95461023077741147, 0.95465277039242791, 0.9544932468411873, 0.9548016590449856, 0.95464213548867383, 0.95450388173987022, 0.95441880250983724, 0.9544932468411873, 0.95432308838112134, 0.95453578645113257, 0.9546634052961821, 0.9546315005899908, 0.95470594491119853, 0.9550143571200681, 0.95465277039242791, 0.95473784962246089, 0.95503562693264743, 0.95470594491119853, 0.95453578645113257, 0.95471657982002378, 0.95497181750505156, 0.95473784962753205, 0.95464213549374499, 0.95459959587872845, 0.95450388173987022, 0.95479102414630268, 0.95453578645240045, 0.95483356376131912], "loss": [0.16667210863940604, 0.14071538148535626, 0.13783089096146758, 0.13648197212226085, 0.13539595966511911, 0.13453542490398759, 0.13434352320134102, 0.13368711546681467, 0.13356377663738384, 0.13344993631037627, 0.13318300292353058, 0.13288458358602603, 0.13282804635881199, 0.13248113660952213, 0.13231873564908642, 0.13209327683859046, 0.13210303161650228, 0.13187492613771881, 0.13154804179700247, 0.13152731481060428, 0.13129312448868355, 0.1308988381897048, 0.13077651192270212, 0.13035023996665301, 0.1303126316674281, 0.13014961885666512, 0.12976177404830269, 0.12970619228949107, 0.12975386199286348, 0.12940135969055672, 0.12930321167755524, 0.12921975093069551, 0.1292120721392824, 0.12897551817252739, 0.12912016220130901, 0.12886817380682936, 0.12878745066273989, 0.12872273258759495, 0.1286265219464196, 0.12857528157674047, 0.12846291519730799, 0.1285146902637711, 0.12836346464433862, 0.12805488432396933, 0.12810019706362527, 0.12787749345085411, 0.12807808716207075, 0.12793364867910317, 0.12772550918530318, 0.12774761638054502, 0.1276090888357804, 0.12779382114217128, 0.12753327501925663, 0.12758665319670226, 0.12739975353568003, 0.12754760538063936, 0.12750595472257822, 0.12744932373121776, 0.12728292871431812, 0.1272006576780777, 0.12719794502405554, 0.12706919435847888, 0.12704434061830416, 0.12702824895488168, 0.12714559474638468, 0.12701988473477535, 0.12671063447282579, 0.12658188153499239, 0.12669305642253603, 0.12670443102600129, 0.12651502654442923, 0.12651598652182749, 0.12647320465795361, 0.12638281574348978, 0.12619990625971494, 0.12618195479695124, 0.12608808025513307, 0.1261001772827561, 0.12599367301427378, 0.12587159479653584, 0.1257770549510307, 0.12562761994786534, 0.12566396159092269, 0.1255113682999936, 0.12535127436572424, 0.12528123145468004, 0.12525237977019804, 0.12489210356521718, 0.12500037573191583, 0.12468573883101368, 0.12444373575484614, 0.1242874938117105, 0.12403295720325916, 0.12387510376744583, 0.12367930905664651, 0.12343550488379716, 0.12339632024287886, 0.12325730552498894, 0.12311084527773108, 0.12303003326104345, 0.12295627093126225, 0.12277815054425037, 0.12290799522224315, 0.12263084116304579, 0.12240053082149827, 0.12253215194436244, 0.122378176312066, 0.12248347534395071, 0.12231825534494002, 0.12217572785673858, 0.12220336159188659, 0.12230159239170971, 0.12218976551877822, 0.12200035127950491, 0.12183121138400985, 0.12177991907158951, 0.12167389682318497, 0.12173345533030142, 0.12138511138140845, 0.1216447468463137, 0.12161885856437922, 0.12156352250326014, 0.12161967167608011, 0.12146835187090517, 0.12128748823027401, 0.12135279905611589, 0.12118767112300179, 0.12128228733517522, 0.121191238878091, 0.12100150962085353, 0.12110468940857902, 0.12105457877484133, 0.12101607436697927, 0.12091071688246502, 0.12085515716803792, 0.12091074027204265, 0.12083145439581999, 0.12074896620601767, 0.12081125080411161, 0.12059386508598945, 0.12079232392750826, 0.12044631703082746, 0.12073873603684997, 0.12034181962587041],