{"low_val_loss": 0.21432091822574489, "params": {"verbose": 1, "nb_epoch": 1000, "batch_size": 32, "metrics": ["loss", "acc", "val_loss", "val_acc"], "nb_sample": 29058, "do_validation": true}, "results": {"acc": [0.8420400578154037, 0.8906325280473536, 0.89744648633766944, 0.89985546149081153, 0.90009635900612572, 0.9021267809209168, 0.90253974809002679, 0.90143850230573341, 0.90240209236699021, 0.90267740381306349, 0.90333126849748779, 0.90326244063596939, 0.90319361277445109, 0.9019547112671209, 0.90326244063596939, 0.90343451028976529, 0.9028150595361002, 0.90333126849748779, 0.9027118177438227, 0.9027462316745819, 0.90388189138963448, 0.90419161676646709, 0.90340009635900609, 0.90305595705141439, 0.902574162020786, 0.9028838873976186, 0.90384747745887539, 0.90302154312065519, 0.90398513318191209, 0.90364099387432029, 0.90343451028976529, 0.90374423566659778, 0.90346892422052449, 0.90346892422052449, 0.90360657994356119, 0.90443251428178129, 0.9028494734668594, 0.90340009635900609, 0.90377864959735699, 0.90370982173583869, 0.9031247849129328, 0.90388189138963448, 0.90429485855874459, 0.90388189138963448, 0.90457017000481799, 0.90405396104343039, 0.9032280267052103, 0.90422603069722629, 0.90374423566659778, 0.90346892422052449, 0.90412278890494868, 0.90384747745887539, 0.90395071925115289, 0.90340009635900609, 0.90426044462798538, 0.9031247849129328, 0.90408837497418959, 0.90436368642026288, 0.90460458393557708, 0.90401954711267118, 0.90460458393557708, 0.90453575607405878, 0.90353775208204279, 0.90381306352811619, 0.90481106752013218, 0.90405396104343039, 0.90415720283570788, 0.90401954711267118, 0.90457017000481799, 0.90419161676646709, 0.9030903709821736, 0.90439810035102208, 0.90422603069722629, 0.90333126849748779, 0.90477665358937298, 0.90432927248950379, 0.90436368642026288, 0.90460458393557708, 0.90432927248950379, 0.90384747745887539, 0.90463899786633628, 0.90381306352811619, 0.90512079289696468, 0.90450134214329958, 0.90391630532039369], "loss": [0.34619342515734686, 0.24444663966462654, 0.23436376419523741, 0.2294460891383045, 0.22668072482120633, 0.22469644422532442, 0.22328357573274785, 0.22281862448829659, 0.22221680064341742, 0.22172312834580543, 0.22149644391243919, 0.22091384159328112, 0.22072170135117422, 0.22086690346884033, 0.22076573083728476, 0.22023671952417787, 0.22044682083885392, 0.22026261034782446, 0.219959807427524, 0.21976278335058849, 0.21991546003326032, 0.21947681992042006, 0.21937113790582155, 0.2194431068826849, 0.21969976577882416, 0.21930093323121266, 0.2190567082942447, 0.21921682886082403, 0.21901816667927232, 0.2190754034783558, 0.21921624674838247, 0.218727676316986, 0.21893456532102021, 0.21892019463254972, 0.21899133514525992, 0.21880872799825238, 0.2187978471291189, 0.21878678826654316, 0.21882636997620805, 0.21869738571772976, 0.21872783792084324, 0.21879209008102973, 0.21871232973527446, 0.21846064856682701, 0.21858320978753923, 0.21832852841223052, 0.21849832243966633, 0.21844452730421601, 0.21843978178077345, 0.21847289883923865, 0.21824287448863758, 0.21830958939236975, 0.21828019997212436, 0.21837810773762187, 0.21828741360458573, 0.21827160636479351, 0.21841107231635778, 0.21841237406288735, 0.21828642496512893, 0.21826068738329163, 0.2180948012734536, 0.218323122782039, 0.21836057347155452, 0.21817594798513448, 0.21833252227842148, 0.21832226234331079, 0.21826019909594255, 0.21820910773469832, 0.2182527891308558, 0.21805716072233475, 0.21826613873860753, 0.2182785867388336, 0.21817492953515039, 0.21796468241549594, 0.21820099309155516, 0.21833457816380644, 0.21804314797210964, 0.2179581351562595, 0.21826810106225875, 0.21812963374343991, 0.21790266306826628, 0.21819609218076466, 0.21828444476128939, 0.21819144715516231, 0.21802300275278744], "val_acc": [0.87860018591449096, 0.89666563442915825, 0.89873025711936161, 0.90048518640603448, 0.9015174977511361, 0.90120780434760561, 0.90275627136525816, 0.90358212044133945, 0.90224011569270735, 0.90244657796172767, 0.9031691959032988, 0.90337565817231913, 0.90461443178644119, 0.90193042228917686, 0.90378858271035989, 0.90162072888564626, 0.90172396002015642, 0.90523381859350216, 0.90358212044133945, 0.90420150724840054, 0.90368535157584962, 0.90451120065193102, 0.90141426661662594, 0.90296273363427848, 0.90306596476878864, 0.90471766292095135, 0.90368535157584962, 0.90440796951742086, 0.90193042228917686, 0.90347888930682929, 0.90296273363427848, 0.90224011569270735, 0.9043047383829107, 0.90347888930682929, 0.90296273363427848, 0.90399504497938021, 0.90306596476878864, 0.90234334682721751, 0.90409827611389038, 0.9043047383829107, 0.90482089405546151, 0.90471766292095135, 0.90451120065193102, 0.90378858271035989, 0.90523381859350216, 0.90327242703780897, 0.90389181384487005, 0.90368535157584962, 0.90523381859350216, 0.90585320540056324, 0.90440796951742086, 0.90337565817231913, 0.90502735632448184, 0.90492412518997167, 0.90461443178644119, 0.90461443178644119, 0.90616289880409373, 0.90492412518997167, 0.90492412518997167, 0.9043047383829107, 0.90482089405546151, 0.90399504497938021, 0.90595643653507341, 0.90533704972801232, 0.90554351199703265, 0.90275627136525816, 0.90533704972801232, 0.90626612993860389, 0.90492412518997167, 0.90440796951742086, 0.90461443178644119, 0.90554351199703265, 0.905130587458992, 0.90347888930682929, 0.90482089405546151, 0.9043047383829107, 0.90574997426605308, 0.90378858271035989, 0.90461443178644119, 0.90409827611389038, 0.90285950249976832, 0.90574997426605308, 0.905130587458992, 0.9043047383829107, 0.90657582334213438], "val_loss": [0.25429321617992517, 0.23524665635314115, 0.23050386359648056, 0.22525978320349083, 0.22201920731820546, 0.22040842027871912, 0.21968991338400645, 0.21947006224552223, 0.21872187949831645, 0.21806725731966137, 0.21805238085683068, 0.21763023891918576, 0.2166162630260649, 0.21699286654131619, 0.21668184691751854, 0.21822281132126367, 0.2181491382513128, 0.21579989479879508, 0.21587582486781146, 0.21653396648015352, 0.21585417068249499, 0.21569274863837931, 0.21745329570127886, 0.21677561852047658, 0.21635956436632539, 0.21532592578877899, 0.21694255379425972, 0.21560612289211731, 0.21713065426391726, 0.21695546768478802, 0.21592619525053508, 0.2174062346315635, 0.21629619322424151, 0.21612853463114237, 0.21573790360237899, 0.21555740630600836, 0.21556941094420157, 0.21646870001558305, 0.21504832549620378, 0.21570800215735011, 0.21503256472244689, 0.21490321791773798, 0.21509980743140816, 0.21584673061746926, 0.21515283246053635, 0.21774715465744718, 0.215718939286631, 0.21526748585272737, 0.21455924846851088, 0.21471912115489267, 0.2154362247161751, 0.21543293401000546, 0.21547075200649413, 0.21555661923796496, 0.21543905879489603, 0.21651027386459487, 0.2149777184320798, 0.2145835560050138, 0.21432091822574489, 0.2160681627065488, 0.21646092755021457, 0.21560391504057941, 0.21472675636406099, 0.21537664132712855, 0.21527276522630606, 0.21686294650568785, 0.21558329444238247, 0.21511481430824173, 0.21540327030671963, 0.21513246445448095, 0.21559218482249068, 0.21494576256809508, 0.21542771225671128, 0.21612892989724908, 0.21539986438151668, 0.21565625908033415, 0.2146523358886599, 0.21560640445284224, 0.21568642702956212, 0.21500435449076077, 0.2180950916981296, 0.2147414419837346, 0.21444696547619094, 0.215162635424859, 0.21444890650664739]}}