{"low_val_loss": 0.21160999693909432, "params": {"verbose": 1, "nb_epoch": 1000, "batch_size": 32, "metrics": ["loss", "acc", "val_loss", "val_acc"], "nb_sample": 29058, "do_validation": true}, "results": {"acc": [0.85897171174891596, 0.89724000275311444, 0.9013352605134558, 0.9024365062977493, 0.9027462316745819, 0.9022644366439535, 0.90384747745887539, 0.90326244063596939, 0.90467341179709548, 0.90422603069722629, 0.90426044462798538, 0.90391630532039369, 0.90515520682772388, 0.90570582971987057, 0.90491430931240968, 0.90587789937366647, 0.90560258792759307, 0.90580907151214807, 0.90546493220455637, 0.90618762475049897, 0.90649735012733157, 0.90618762475049897, 0.90642852226581316, 0.90656617798884986, 0.90701355908871917, 0.90684148943492326, 0.90663500585036827, 0.90660059191960907, 0.90666941978112736, 0.90752976805010666, 0.90746094018858836, 0.90777066556542085, 0.90639410833505407, 0.90766742377314336, 0.90687590336568247, 0.90604996902746227, 0.90666941978112736, 0.90735769839631086, 0.90691031729644156, 0.90656617798884986, 0.90694473122720076, 0.90732328446555166, 0.90763300984238415, 0.90742652625782916, 0.90887191134971435, 0.90814921880377175, 0.90735769839631086, 0.90718562874251496, 0.90770183770390256, 0.90725445660403337, 0.90797714914997596, 0.90766742377314336, 0.90739211232706996], "loss": [0.32104489666127939, 0.23076164409014666, 0.22503767488655724, 0.22279807950766928, 0.22144276907676363, 0.22085983563906575, 0.21997507480918946, 0.21956505309653196, 0.21875578104518995, 0.21855935541161264, 0.21841374132586713, 0.21792240766826018, 0.21732578010815157, 0.21715432090402856, 0.21675702623863477, 0.21652488620211149, 0.21648943359405981, 0.2159001407983778, 0.21586133999177853, 0.21537284515564764, 0.21533807817998071, 0.2147721219375823, 0.21414561268006035, 0.21413627365519172, 0.21375211663392579, 0.21381162677745594, 0.21336982587887124, 0.21352939944519697, 0.21284459820120422, 0.21277280356043982, 0.21270817580514728, 0.21253519005223753, 0.21239860494414628, 0.21266834131906165, 0.21210286411886575, 0.21229572989386564, 0.21176967265643218, 0.21188607365291667, 0.21178396502637273, 0.21172907051696149, 0.21165421803874368, 0.21155753136293956, 0.21151936387631551, 0.2114487159672874, 0.21125514985594412, 0.21146822845839824, 0.21140344048959786, 0.21112458513828117, 0.211262821138261, 0.21136784658550814, 0.21112409786911143, 0.21080828123566403, 0.21104703980852943], "val_acc": [0.89150407770364981, 0.89986579959897339, 0.90027872413701415, 0.90182719115466659, 0.9015174977511361, 0.90213688455819718, 0.90203365342368702, 0.90244657796172767, 0.90285950252438052, 0.90399504497938021, 0.9043047383829107, 0.90440796954203306, 0.90347888930682929, 0.90254980909623783, 0.90358212044133945, 0.90564674313154292, 0.90616289880409373, 0.90502735634909404, 0.90440796954203306, 0.90358212044133945, 0.90605966766958357, 0.90471766292095135, 0.90482089405546151, 0.90709197901468519, 0.90667905447664454, 0.90636936107311405, 0.90616289880409373, 0.90698874788017503, 0.90492412518997167, 0.90750490355272584, 0.90667905447664454, 0.90626612993860389, 0.90533704972801232, 0.90492412518997167, 0.90760813468723611, 0.90688551674566487, 0.90636936107311405, 0.90471766292095135, 0.90554351199703265, 0.90719521014919535, 0.90554351199703265, 0.90585320540056324, 0.90554351199703265, 0.905130587458992, 0.905130587458992, 0.90574997426605308, 0.90636936107311405, 0.90327242703780897, 0.90595643653507341, 0.90688551674566487, 0.90389181384487005, 0.90533704972801232, 0.90523381859350216], "val_loss": [0.23674553198330517, 0.22226180619987723, 0.21950741228371123, 0.21939676886829562, 0.21866934551067418, 0.21817723607283523, 0.21733370456851106, 0.2163423694446383, 0.21643764305757124, 0.21462712377922027, 0.21485630855159615, 0.2165706622547639, 0.21463328108916013, 0.21654047176074204, 0.21780554898397786, 0.21470363988366378, 0.21355147967585175, 0.21443766972050649, 0.21510142513727815, 0.21370721825680103, 0.21271841629033636, 0.21377091935954129, 0.21299577010383028, 0.21188186182748844, 0.21203628792178955, 0.21211722548241535, 0.21160999693909432, 0.21205632861607876, 0.2124045323732407, 0.21203420710315077, 0.21224701464256168, 0.21365881669480721, 0.2129574739195878, 0.21342840552933018, 0.21340262858789133, 0.21209134198544477, 0.21234635358823026, 0.21272538110569214, 0.2132705069891474, 0.21168204014166178, 0.2119013865481125, 0.21198681438684192, 0.21220731667238232, 0.211739995290808, 0.21192491583697651, 0.21173161192551676, 0.21287221364393144, 0.21728544887699455, 0.21220094359941227, 0.21186149636572132, 0.21436893330819468, 0.21203478475811682, 0.21202765103832197]}}