{"low_val_loss": 0.21332117404142278, "params": {"verbose": 1, "nb_epoch": 1000, "batch_size": 32, "metrics": ["loss", "acc", "val_loss", "val_acc"], "nb_sample": 29058, "do_validation": true}, "results": {"acc": [0.840904398100351, 0.89169935990088789, 0.89806593709133453, 0.90102553513662331, 0.9019891251978801, 0.90267740381306349, 0.90326244063596939, 0.90291830132837769, 0.90267740381306349, 0.90457017000481799, 0.90412278890494868, 0.90487989538165048, 0.90453575607405878, 0.90467341179709548, 0.90450134214329958, 0.90395071925115289, 0.90532727648151967, 0.90453575607405878, 0.90484548145089128, 0.90412278890494868, 0.90487989538165048, 0.90512079289696468, 0.90487989538165048, 0.90415720283570788, 0.90632528047353567, 0.90532727648151967, 0.90577465758138898, 0.90446692821254049, 0.90529286255076058, 0.90484548145089128, 0.90563700185835228, 0.90522403468924217, 0.90487989538165048, 0.90505196503544638, 0.90518962075848308, 0.90546493220455637, 0.90522403468924217, 0.90567141578911148, 0.90512079289696468, 0.90580907151214807, 0.90512079289696468, 0.90532727648151967, 0.90536169041227887, 0.90494872324316888, 0.90598114116594397, 0.90553376006607478, 0.90604996902746227, 0.90604996902746227, 0.90549934613531557, 0.90546493220455637, 0.90536169041227887, 0.90536169041227887, 0.90594672723518477, 0.90543051827379728, 0.90615321081973987, 0.90518962075848308, 0.90574024365062977, 0.90567141578911148, 0.90622203868125817, 0.90512079289696468, 0.90505196503544638, 0.90398513318191209, 0.90625645261201737, 0.90508637896620547, 0.90501755110468718, 0.90567141578911148, 0.90601555509670317, 0.90574024365062977, 0.90536169041227887, 0.90587789937366647, 0.90543051827379728, 0.90553376006607478, 0.90615321081973987, 0.90587789937366647, 0.90556817399683387, 0.90501755110468718, 0.90539610434303808, 0.90656617798884986, 0.90501755110468718, 0.90570582971987057, 0.90556817399683387, 0.90577465758138898, 0.90584348544290727, 0.90622203868125817, 0.90594672723518477, 0.90546493220455637, 0.90522403468924217, 0.90556817399683387, 0.90587789937366647, 0.90629086654277646, 0.90529286255076058, 0.90587789937366647, 0.90653176405809066, 0.90553376006607478, 0.90553376006607478, 0.90515520682772388, 0.90546493220455637, 0.90525844862000138, 0.90584348544290727, 0.90539610434303808, 0.90463899786633628, 0.90536169041227887, 0.90567141578911148, 0.90536169041227887, 0.90622203868125817], "loss": [0.34291183611294612, 0.24462884057371406, 0.2342038078409108, 0.22949913758070448, 0.22669454359845781, 0.22443112752611183, 0.22355726502388135, 0.22224478574437764, 0.22156691636775239, 0.22097198338430779, 0.22015112664344649, 0.21970361603685612, 0.21944271409669999, 0.21907440814047885, 0.2187662803657463, 0.21833895006850315, 0.21806276502112615, 0.21798371931300684, 0.21760687632020209, 0.21759403141784531, 0.21740350362964186, 0.21731398886911812, 0.21722459312487605, 0.21724431991774065, 0.21703548031898906, 0.21704222175513627, 0.21682444889470448, 0.21707771837370829, 0.21684868416778236, 0.21706033570104649, 0.21662847698042517, 0.21659761677917982, 0.21672858196120703, 0.21658144238970878, 0.21639915228944989, 0.21643618729824962, 0.21647493091303366, 0.21643809705995234, 0.21639458807459003, 0.21609952580645272, 0.21617125454407793, 0.2161631728898111, 0.21598430161247562, 0.21587047547612731, 0.21597554777590616, 0.21596183479232234, 0.21604912495205314, 0.21596511471261465, 0.21590268316171857, 0.21575139472486066, 0.21585041428967758, 0.21567217964760796, 0.21546762018638924, 0.21573407537996653, 0.21580542047549792, 0.21558951589561753, 0.21571854085306544, 0.2154896304036216, 0.2157171726907815, 0.2157178469383263, 0.21578883007655936, 0.2156449340110029, 0.21557567772751082, 0.21564973312847316, 0.21550898181816955, 0.2155372534695672, 0.21552181803882306, 0.21546984216808182, 0.21555839710963701, 0.21555451202133302, 0.21543087399570388, 0.21544979359772293, 0.21534772471775282, 0.21544464999871782, 0.21558113165506929, 0.21539727066493475, 0.21551413759532786, 0.21522950136062, 0.21538474975937502, 0.21533231675046399, 0.21548491470442396, 0.21540191167826689, 0.21568169444235336, 0.21537900927496906, 0.21546212527525302, 0.21517543031020817, 0.21545468578110619, 0.21546079264078755, 0.21538201675908195, 0.21534240818214856, 0.21549684572748246, 0.21534742830216452, 0.2154024455744292, 0.21548478100729609, 0.21514851093226597, 0.21535071908839964, 0.21536250575126689, 0.2153131048676398, 0.21546017910144935, 0.21533737991458249, 0.21529666249828677, 0.2152401932407963, 0.21526196246861723, 0.21527427099442578, 0.21525136081100441], "val_acc": [0.87767110558699146, 0.8962527098911176, 0.89842056371583112, 0.90120780434760561, 0.90120780434760561, 0.90120780434760561, 0.90141426661662594, 0.90131103548211577, 0.90234334682721751, 0.9043047383829107, 0.90224011569270735, 0.90440796951742086, 0.90285950249976832, 0.90254980909623783, 0.905130587458992, 0.90337565817231913, 0.9043047383829107, 0.90358212044133945, 0.90595643653507341, 0.90451120065193102, 0.90337565817231913, 0.905130587458992, 0.90389181384487005, 0.90502735632448184, 0.90254980909623783, 0.90502735632448184, 0.905130587458992, 0.90554351199703265, 0.9067822856111547, 0.90389181384487005, 0.90544028086252248, 0.90368535157584962, 0.90461443178644119, 0.90502735632448184, 0.90616289880409373, 0.90409827611389038, 0.90574997426605308, 0.90564674313154292, 0.90667905447664454, 0.90564674313154292, 0.905130587458992, 0.90523381859350216, 0.90378858271035989, 0.90492412518997167, 0.90337565817231913, 0.90605966766958357, 0.90544028086252248, 0.90554351199703265, 0.90482089405546151, 0.90636936107311405, 0.9043047384075229, 0.90440796951742086, 0.90574997426605308, 0.90482089405546151, 0.90471766292095135, 0.90605966766958357, 0.90492412518997167, 0.90554351199703265, 0.90523381859350216, 0.90451120065193102, 0.90544028086252248, 0.90554351199703265, 0.90636936107311405, 0.90564674313154292, 0.90554351199703265, 0.90471766292095135, 0.90585320540056324, 0.90605966766958357, 0.90605966766958357, 0.90605966766958357, 0.90595643653507341, 0.90564674313154292, 0.90636936107311405, 0.90461443178644119, 0.90657582334213438, 0.90688551674566487, 0.90502735632448184, 0.90585320540056324, 0.90605966766958357, 0.90461443178644119, 0.90461443178644119, 0.90544028086252248, 0.90698874788017503, 0.90626612993860389, 0.90574997426605308, 0.90482089405546151, 0.90399504497938021, 0.90636936107311405, 0.90709197901468519, 0.90574997426605308, 0.90544028086252248, 0.90771136582174627, 0.90533704972801232, 0.90389181384487005, 0.90461443178644119, 0.90688551674566487, 0.90533704972801232, 0.90595643653507341, 0.90740167241821568, 0.90544028086252248, 0.905130587458992, 0.90451120065193102, 0.90626612993860389, 0.90585320540056324, 0.90585320540056324],