{"low_val_loss": 0.12744816234824974, "params": {"verbose": 1, "nb_epoch": 1000, "batch_size": 32, "metrics": ["loss", "acc", "val_loss", "val_acc"], "nb_sample": 94030, "do_validation": true}, "results": {"acc": [0.94350739125810912, 0.94768690843347869, 0.94978198447304052, 0.95061150697093311, 0.95035626927322747, 0.9509730936909665, 0.95130277571495092, 0.95171753696136163, 0.95176007657130701, 0.95200467935765176, 0.95222801234155952, 0.95211102840026418, 0.95239817080162537, 0.95238753589787128, 0.95257896416037435, 0.95229182176915528, 0.95244071041664191, 0.95274912262044031, 0.95264277359304128, 0.95281293204803608, 0.95272785281800321, 0.95262150377539079, 0.95282356695179027, 0.95285547166305262, 0.95310007444432632, 0.9529192810906485, 0.95295118579176863, 0.9529405508892822, 0.95283420185554435, 0.95281293204423279, 0.9533872168456875, 0.952898011272998, 0.95289801127806906, 0.9527278528141998, 0.95336594703817934, 0.95285547166305262, 0.95299372541692728, 0.95253642454535792, 0.95317451877060511, 0.95265340848665314, 0.95286610656173565, 0.95334467723574223, 0.95278102733677372, 0.95302563011804742, 0.95273848772302505, 0.95300436031053914, 0.95274912262551137, 0.95299372541312399, 0.95314261405934275, 0.95316388387192208, 0.95300436031053914, 0.95281293204296502, 0.9530788046418891, 0.95275975752926556, 0.95300436031053914, 0.9532915027131682, 0.95304689992555569, 0.95317451878074733, 0.95295118579176863, 0.95295118579683968, 0.95313197916065973, 0.95333404232691699, 0.95339785175451275, 0.95317451877567627, 0.95277039243301964, 0.9529405508930856, 0.95361054982452409, 0.953153248968168, 0.95308943954183989, 0.95320642348186746, 0.952898011272998, 0.95345102627328338, 0.95353610549824519, 0.9536743592470488, 0.95327023290946333, 0.95340848665319577, 0.95325959800063809, 0.95292991598426036, 0.95356801020950765, 0.95323832819820098, 0.95311070935315156, 0.95336594704832156, 0.9531107093480804, 0.95348293098454573, 0.95344039136445813, 0.95295118579176863, 0.95358928002715804, 0.95341912155694986, 0.95363181963330013, 0.95348293098454573, 0.95338721685075867, 0.95337658194193342, 0.9534297564657751, 0.95296182069552271, 0.95327023290946333, 0.95363181963710342, 0.95352547059956227, 0.95341912155694986, 0.9530362650218015, 0.95334467724081329, 0.95317451877567627, 0.95350420078698284, 0.95344039136952929, 0.95319578858318443, 0.95317451877060511, 0.95344039137460035, 0.95312134425690564, 0.95327023290439217, 0.95336594704325039, 0.95328086781321741, 0.95325959800063809, 0.9531107093480804, 0.95344039136445813, 0.95344039136572589, 0.95346166117703746, 0.9534722960858627, 0.95331277252447977, 0.95338721684695538, 0.95296182069552271, 0.9532276932944469, 0.95351483570087925, 0.95349356588322876, 0.95356801020950765, 0.95316388386685102, 0.95317451877187287, 0.95354674040199938, 0.95342975647084627, 0.95304689993189462, 0.953153248968168, 0.95335531214456737, 0.95363181963203236, 0.95362118473334934, 0.95306816973813502, 0.95317451877060511, 0.95369562905455707, 0.95342975646070405, 0.95364245453578644, 0.95377007338083586, 0.95369562905202154, 0.95321705839069271, 0.95334467723193883, 0.95320642348186746, 0.95339785174944169], "loss": [0.18738410145513404, 0.14132104724420583, 0.13654193519685454, 0.13454745798704029, 0.13359334068698706, 0.13258780985008867, 0.13203532945332622, 0.13156788348834667, 0.13109738665458484, 0.1308484033947587, 0.13049386791503773, 0.13039054066009323, 0.12999619743718907, 0.12978930072027939, 0.12965712983370792, 0.12963943715952791, 0.12956810073260866, 0.12926527073658947, 0.12924148292030843, 0.12920308119769833, 0.12913305651858856, 0.12908375217352194, 0.1289784515980367, 0.1290700260371106, 0.12868430751225207, 0.12866817634878774, 0.12877769730812827, 0.12861497332843633, 0.12862757665672594, 0.1285516495782239, 0.12849014835586881, 0.12843496872627785, 0.1285120645920089, 0.12858334800721127, 0.12817255213340076, 0.12834537781725078, 0.12834997066225026, 0.12831196557311672, 0.12827678535010387, 0.12820520362222776, 0.12807422039490959, 0.12808978301114912, 0.12799060452045258, 0.12800474622177213, 0.12824825875672663, 0.12787771719280763, 0.12806691573608889, 0.12793906985743558, 0.12783018548945271, 0.12758255345630198, 0.12785135611272119, 0.12774750559216266, 0.12762872127507655, 0.12748947837869881, 0.12747447145887858, 0.12744583027592038, 0.12742469493637665, 0.12725571341227054, 0.12741098908776238, 0.12729919623069708, 0.12722249627303509, 0.12714125251330735, 0.12704698151982011, 0.12718322974141705, 0.12700369784765569, 0.12686702506990113, 0.12686995842243387, 0.12694044377221764, 0.12681837840009519, 0.12680663674987402, 0.12690620619392035, 0.12669411648350498, 0.12660120110663658, 0.12662722569703422, 0.12653736737983146, 0.12651254476340137, 0.12664493903062907, 0.12653494220570491, 0.1265488717157093, 0.12644871380938807, 0.12642096721177074, 0.12648501646058502, 0.12638657303491541, 0.12638260259206949, 0.12636128341117292, 0.12637403465828831, 0.12646123423109051, 0.12634331425900511, 0.1263183463897703, 0.12638266183484251, 0.12616995794318855, 0.12625574168690618, 0.12617434710803013, 0.12610956720146527, 0.12624556870805601, 0.12619537033578834, 0.126158987769488, 0.12611432047839127, 0.12608074470783984, 0.12625688403531057, 0.12605785956984819, 0.12627258349372855, 0.12606662580063782, 0.12618012051151037, 0.12605149438825583, 0.12606302671555217, 0.12609391242351276, 0.12611804449671091, 0.12601106915907012, 0.12607897018975531, 0.12615111273756296, 0.12610324545799387, 0.12593699160649918, 0.12593224956059246, 0.12587183496568047, 0.12587182074896164, 0.12598192626100316, 0.12587151487897613, 0.12600371472657956, 0.12591011305207409, 0.12575040840473781, 0.12596067083177637, 0.12596892530260398, 0.12588619755116104, 0.12593085016866296, 0.12591876855866269, 0.12592806346420529, 0.12581269435491838, 0.1257767340569094, 0.12592065024791746, 0.12578821710193905, 0.12586528083358459, 0.1258751592735439, 0.12581571364482325, 0.12588795760958851, 0.12578696575499917, 0.12569799632718306, 0.12576586967511441, 0.12577212447849065, 0.12574608838505585, 0.1257464470171642, 0.12575650631352953, 0.12573904020347887],