{"low_val_loss": 0.21341768122191915, "params": {"verbose": 1, "nb_epoch": 1000, "batch_size": 32, "metrics": ["loss", "acc", "val_loss", "val_acc"], "nb_sample": 29058, "do_validation": true}, "results": {"acc": [0.83990639410833501, 0.87872530800468029, 0.89634524055337605, 0.89975221969853392, 0.90188588340560261, 0.9028150595361002, 0.90405396104343039, 0.90474223965861378, 0.90446692821254049, 0.90518962075848308, 0.90487989538165048, 0.90635969440429487, 0.90536169041227887, 0.90553376006607478, 0.90467341179709548, 0.90560258792759307, 0.90570582971987057, 0.90518962075848308, 0.90625645261201737, 0.90587789937366647, 0.90543051827379728, 0.90543051827379728, 0.90549934613531557, 0.90601555509670317, 0.90539610434303808, 0.90632528047353567, 0.90625645261201737, 0.90632528047353567, 0.90570582971987057, 0.90660059191960907, 0.90598114116594397, 0.90556817399683387, 0.90563700185835228, 0.90567141578911148, 0.90608438295822147, 0.90680707550416406, 0.90553376006607478, 0.90529286255076058, 0.90594672723518477, 0.90649735012733157, 0.90632528047353567, 0.90663500585036827, 0.90663500585036827, 0.90632528047353567, 0.90666941978112736, 0.90684148943492326, 0.90718562874251496, 0.90646293619657237, 0.90718562874251496, 0.90701355908871917, 0.90687590336568247, 0.90615321081973987, 0.90653176405809066, 0.90584348544290727, 0.90722004267327416, 0.90625645261201737, 0.90570582971987057, 0.90746094018858836, 0.90649735012733157, 0.90697914515795997, 0.90660059191960907, 0.90708238695023746, 0.90622203868125817, 0.90639410833505407, 0.90687590336568247, 0.90708238695023746, 0.90656617798884986, 0.90611879688898067, 0.90591231330442568, 0.90701355908871917, 0.90691031729644156, 0.90622203868125817, 0.90656617798884986, 0.90691031729644156, 0.90601555509670317], "loss": [0.35564900257174892, 0.25170369213688953, 0.23717025981215897, 0.23064422268148413, 0.22697485861419694, 0.22460649152531154, 0.22281437151052477, 0.22175144329278959, 0.22065819633083766, 0.22000479176758456, 0.21956582177672596, 0.21889832540161966, 0.21874931810333798, 0.21816388419723223, 0.21794179516162226, 0.21743778802669339, 0.21743094805108587, 0.21716778764820566, 0.21691260606171514, 0.21681861395012594, 0.21668069662669323, 0.21647889925717848, 0.21620046791237035, 0.21633170174136199, 0.21578727787355037, 0.21576662265457625, 0.21582557870178246, 0.21584873969002383, 0.21583438205968425, 0.21551225172922808, 0.21545778693528345, 0.21535993044299101, 0.21539282528209838, 0.21495481908077285, 0.21531643513043958, 0.21503824481693287, 0.21492113485506464, 0.21478129683458705, 0.21479423594898167, 0.21479902173755863, 0.21469375999642218, 0.21492570402665795, 0.21475228962020984, 0.21456249073118031, 0.21460445508000872, 0.21433478545007018, 0.21448166514213846, 0.21458163829449514, 0.21449216624960468, 0.21439814697921591, 0.21431852373050245, 0.21434661748230158, 0.21441503831914299, 0.21426258080129695, 0.21426749357838157, 0.21436655899793497, 0.21411798499940993, 0.21398485624805744, 0.21418631487674136, 0.21395523544516057, 0.21422187120062872, 0.21413262771695474, 0.2141150234591338, 0.21390080980342979, 0.21392862919147015, 0.21404119392527349, 0.21435435135982855, 0.21393528411028859, 0.21395167596194625, 0.21389245490092082, 0.21408873585933086, 0.21404063994345784, 0.21391773331098599, 0.21382253291123823, 0.21410177676374451], "val_acc": [0.83606895842861806, 0.89129761545924169, 0.89687209669817858, 0.90058841754054464, 0.90141426661662594, 0.90213688455819718, 0.90182719115466659, 0.90203365342368702, 0.90193042228917686, 0.9031691959032988, 0.90254980909623783, 0.90265304023074799, 0.90409827611389038, 0.90409827611389038, 0.90451120065193102, 0.9031691959032988, 0.90554351199703265, 0.90471766292095135, 0.90564674313154292, 0.90533704972801232, 0.90471766292095135, 0.90636936107311405, 0.90482089405546151, 0.90420150724840054, 0.90698874788017503, 0.90523381859350216, 0.90667905447664454, 0.90471766292095135, 0.90544028086252248, 0.9067822856111547, 0.90451120065193102, 0.90719521014919535, 0.90533704972801232, 0.90647259220762422, 0.90554351199703265, 0.90451120065193102, 0.90502735632448184, 0.90544028086252248, 0.90399504497938021, 0.90420150724840054, 0.90564674313154292, 0.90440796951742086, 0.90523381859350216, 0.90533704972801232, 0.90440796951742086, 0.90564674313154292, 0.90595643653507341, 0.9043047383829107, 0.90440796951742086, 0.90636936107311405, 0.90574997426605308, 0.90420150724840054, 0.90471766292095135, 0.90709197901468519, 0.90461443178644119, 0.90502735632448184, 0.90554351199703265, 0.90585320540056324, 0.90564674313154292, 0.90492412518997167, 0.90657582334213438, 0.9043047383829107, 0.90523381859350216, 0.90409827611389038, 0.90574997426605308, 0.90616289880409373, 0.90502735632448184, 0.90554351199703265, 0.90605966766958357, 0.90482089405546151, 0.90533704972801232, 0.90574997426605308, 0.90482089405546151, 0.90544028086252248, 0.90585320540056324], "val_loss": [0.26451671722196901, 0.24067691085113882, 0.23030700426211456, 0.22603981738810669, 0.22237541883048645, 0.2210230193751459, 0.21929875102662888, 0.21856527353041902, 0.21759392748593276, 0.21715307001901679, 0.2165673781292867, 0.21598222119539678, 0.21624482829245642, 0.21539956507845734, 0.21676140985179271, 0.21631805774867011, 0.21599906988467327, 0.21538086742073484, 0.21563707802629672, 0.21532818913164431, 0.21565550474039083, 0.21458589449821763, 0.21582887466999601, 0.21518350639086803, 0.21491380736556379, 0.21482753812731439, 0.21492602153374238, 0.21500401966611435, 0.21529585226125808, 0.21461327391056204, 0.21426152274792465, 0.21455988128869247, 0.21477103183497656, 0.21389814471391205, 0.21501490388527439, 0.21619869778310599, 0.2137482118481045, 0.21566883475280613, 0.21363253730719484, 0.21479238816320165, 0.21498379699829698, 0.21348306358543553, 0.21430093258899272, 0.21377046178144554, 0.2143862391756183, 0.21344671834729781, 0.21555749159658166, 0.21413535291631489, 0.21341768122191915, 0.21417648432066999, 0.21435424952520801, 0.21595742371572826, 0.21387093887617556, 0.21356600314406426, 0.21667298757957332, 0.21515089669709508, 0.21453210811773984, 0.21505032446075054, 0.21518403624582552, 0.21461856837450838, 0.21375494389953881, 0.21512622575808127, 0.21480095818141942, 0.21378428625336887, 0.21388720663706068, 0.21365790986677582, 0.21344474314277331, 0.21453746752718278, 0.21414941298256499, 0.21538211064551827, 0.21401512259495348, 0.2142686130640688, 0.21397925933485148, 0.21354392961881299, 0.21400239724018655]}}