{"low_val_loss": 0.44614571915625839, "params": {"verbose": 1, "nb_epoch": 1000, "batch_size": 32, "metrics": ["loss", "acc", "val_loss", "val_acc"], "nb_sample": 29058, "do_validation": true}, "results": {"acc": [0.83990639410833501, 0.83990639410833501, 0.83990639410833501, 0.83990639410833501, 0.83990639410833501, 0.83990639410833501, 0.83990639410833501, 0.83990639410833501, 0.83990639410833501, 0.83990639410833501, 0.83990639410833501, 0.83990639410833501, 0.83990639410833501, 0.83990639410833501, 0.83990639410833501, 0.83990639410833501, 0.83990639410833501, 0.83990639410833501, 0.83990639410833501, 0.83990639410833501, 0.83990639410833501, 0.83990639410833501, 0.83990639410833501, 0.83990639410833501, 0.83990639410833501, 0.83990639410833501, 0.83990639410833501, 0.83990639410833501, 0.83990639410833501, 0.83990639410833501, 0.83990639410833501, 0.83990639410833501, 0.83990639410833501, 0.83990639410833501, 0.83990639410833501, 0.83990639410833501, 0.83990639410833501, 0.83990639410833501, 0.83990639410833501, 0.83990639410833501], "loss": [0.58364499664469094, 0.47471566454485808, 0.44602824250754475, 0.44055902746639558, 0.43989597966472593, 0.43984677294028568, 0.43984937018016979, 0.43984674529585738, 0.43985236478742923, 0.439845824366353, 0.43985231968805821, 0.43983999310475813, 0.4398511966857212, 0.43984617933275055, 0.4398317819526481, 0.43986246300765985, 0.43984889480758987, 0.43984861938789627, 0.43985466587378569, 0.43984986205079352, 0.4398481394451757, 0.43985193724133076, 0.43984539282856072, 0.43986050790844111, 0.43984914551508864, 0.43985314750299703, 0.4398519071477337, 0.43983171273593902, 0.43983702245176398, 0.43985985444395992, 0.43985353849309794, 0.43985253466723079, 0.43985566145883587, 0.43985454466146995, 0.43984837856322428, 0.43984733005130894, 0.43984398188582141, 0.4398538288785665, 0.43982976328375678, 0.43985568473619524], "val_acc": [0.83606895842861806, 0.83606895842861806, 0.83606895842861806, 0.83606895842861806, 0.83606895842861806, 0.83606895842861806, 0.83606895842861806, 0.83606895842861806, 0.83606895842861806, 0.83606895842861806, 0.83606895842861806, 0.83606895842861806, 0.83606895842861806, 0.83606895842861806, 0.83606895842861806, 0.83606895842861806, 0.83606895842861806, 0.83606895842861806, 0.83606895842861806, 0.83606895842861806, 0.83606895842861806, 0.83606895842861806, 0.83606895842861806, 0.83606895842861806, 0.83606895842861806, 0.83606895842861806, 0.83606895842861806, 0.83606895842861806, 0.83606895842861806, 0.83606895842861806, 0.83606895842861806, 0.83606895842861806, 0.83606895842861806, 0.83606895842861806, 0.83606895842861806, 0.83606895842861806, 0.83606895842861806, 0.83606895842861806, 0.83606895842861806, 0.83606895842861806], "val_loss": [0.5105709626823064, 0.45829595067472273, 0.44750830891996984, 0.44615562890992883, 0.44615638193311835, 0.44621999485642594, 0.4462072485812717, 0.44624655573092664, 0.4461764950211774, 0.44619059338096595, 0.44615643408026034, 0.44625360239422135, 0.44618485891204923, 0.44614571915625839, 0.44625802922202079, 0.44620862844079667, 0.4461862538834776, 0.44624322794952348, 0.44622270824297106, 0.44619418668515592, 0.44617287499426911, 0.44620026430995569, 0.4461651481538042, 0.44614826954837378, 0.44618327117771067, 0.4461599324181979, 0.44617142871866733, 0.4462576513136825, 0.44614889224370319, 0.44618018139647886, 0.44616349090840213, 0.44616157818815222, 0.44617674073727986, 0.44617361173032177, 0.44621019377186166, 0.44618261192708092, 0.44616557630799042, 0.44615913960935411, 0.44625886993239855, 0.44622785845469354]}}