{"low_val_loss": 0.21925835559227105, "params": {"verbose": 1, "nb_epoch": 1000, "batch_size": 32, "metrics": ["loss", "acc", "val_loss", "val_acc"], "nb_sample": 29058, "do_validation": true}, "results": {"acc": [0.83990639410833501, 0.87514625920572653, 0.89428040470782577, 0.89624199876109845, 0.89796269529905703, 0.89768738385298363, 0.89920159680638723, 0.89964897790625642, 0.89995870328308902, 0.90019960079840322, 0.90040608438295822, 0.90075022369054991, 0.90088787941358661, 0.90102553513662331, 0.90071580975979071, 0.89937366646018313, 0.90068139582903162, 0.90150733016725171, 0.90112877692890081, 0.90105994906738252, 0.90061256796751321, 0.90037167045219901, 0.90037167045219901, 0.90033725652143992, 0.90068139582903162, 0.90019960079840322, 0.90147291623649251, 0.90030284259068072, 0.90016518686764402, 0.90147291623649251, 0.90081905155206832, 0.90068139582903162, 0.90040608438295822, 0.90026842865992152, 0.90071580975979071, 0.90092229334434581, 0.90040608438295822, 0.89992428935232982, 0.90143850230573341, 0.90147291623649251, 0.90023401472916231, 0.90050932617523571, 0.90105994906738252, 0.90033725652143992, 0.90099112120586411, 0.90019960079840322, 0.90140408837497421, 0.90136967444421501, 0.90037167045219901, 0.90102553513662331, 0.90057815403675412, 0.90009635900612572, 0.90050932617523571, 0.90088787941358661, 0.90130084658269671, 0.90040608438295822, 0.89992428935232982, 0.90112877692890081, 0.90102553513662331, 0.90075022369054991, 0.90102553513662331, 0.90075022369054991], "loss": [0.37667698381493397, 0.25381732370374421, 0.23860844726063313, 0.23272656001213685, 0.23001364811099037, 0.22780846158731699, 0.22689402545435317, 0.22598561625067451, 0.22563855694729973, 0.22475469642587945, 0.22485515747881615, 0.22435525921473065, 0.22421922296812796, 0.22380474047379317, 0.22380422011357021, 0.22382299072711775, 0.22375492203996838, 0.22353428210954496, 0.22364982923429841, 0.22361134582419856, 0.22361764429941322, 0.22334247332891791, 0.22362716293585622, 0.22341592823928216, 0.22339053611190379, 0.22332601235782429, 0.22315471159313141, 0.22335830622379774, 0.22318064000554189, 0.22341761712780495, 0.22304112899922088, 0.22330898791535564, 0.22300088545503025, 0.22335647020925634, 0.22315514051138663, 0.22303871636530395, 0.22322498382643452, 0.22323524627609692, 0.22325045073858615, 0.22305607647206271, 0.22307158685307271, 0.2231399393635651, 0.22306954282035241, 0.22304032500276555, 0.22297030482004018, 0.22299673522061872, 0.22305423095955665, 0.22296412545533553, 0.22264996607499388, 0.22288829320846196, 0.22307060297271017, 0.22329900347927947, 0.22316200776240136, 0.22302391888930551, 0.22318417036949345, 0.2231221558809228, 0.22301551173651685, 0.22309051393248258, 0.22303257155958012, 0.22289852377175218, 0.22302084279438963, 0.22289484778482085], "val_acc": [0.83606895842861806, 0.89212346451071078, 0.89532362968052603, 0.8970785589671989, 0.89769794577425988, 0.89893671938838193, 0.8979044080432802, 0.89842056371583112, 0.89934964392642258, 0.89996903073348367, 0.89811087031230064, 0.89893671938838193, 0.89986579959897339, 0.90027872413701415, 0.89965933732995307, 0.90079487980956496, 0.89965933732995307, 0.90131103548211577, 0.90058841754054464, 0.89831733258132096, 0.89996903073348367, 0.90162072888564626, 0.89945287506093274, 0.90027872413701415, 0.89976256846446323, 0.89914318165740226, 0.90038195527152431, 0.89914318165740226, 0.90120780434760561, 0.89996903073348367, 0.90007226186799383, 0.89986579959897339, 0.89914318165740226, 0.89986579959897339, 0.90017549300250399, 0.90100134207858529, 0.89934964392642258, 0.90120780434760561, 0.89986579959897339, 0.90007226186799383, 0.9006916486750548, 0.90079487980956496, 0.89986579959897339, 0.90120780434760561, 0.89976256846446323, 0.90027872413701415, 0.89955610619544291, 0.89976256846446323, 0.90110457321309545, 0.89934964392642258, 0.89883348825387177, 0.89873025711936161, 0.89955610619544291, 0.89996903073348367, 0.90110457321309545, 0.89976256846446323, 0.90027872413701415, 0.89945287506093274, 0.90089811094407513, 0.90182719115466659, 0.89996903073348367, 0.89965933732995307], "val_loss": [0.2718663075716734, 0.24115002725076856, 0.23217127363637738, 0.22885476504856803, 0.22673283365226399, 0.22638113184020506, 0.22389386353864874, 0.22413465217920334, 0.22273674778024197, 0.22348712610056418, 0.2212850312287315, 0.22180946657221248, 0.22098281290111027, 0.22143154170376064, 0.22116520865802561, 0.22137375249020441, 0.22019881488455575, 0.2214953671135966, 0.22050895617819674, 0.22061584408566029, 0.22031217364934105, 0.22099126853403372, 0.219987437748941, 0.22070688990674373, 0.22010123897376563, 0.22075577144703037, 0.21988742197336422, 0.2201328097518733, 0.21960143021192419, 0.22062732555111383, 0.21983032762739721, 0.22041513196969409, 0.22058853962060357, 0.2202371373269609, 0.21967461945176975, 0.21925835559227105, 0.22054910343830658, 0.22031251487931786, 0.21951344805235365, 0.21992176105711031, 0.22023088781349034, 0.21951867765694613, 0.220656091772859, 0.22053206304136883, 0.22005272498930203, 0.22031789206493696, 0.21995348486169838, 0.21980775913193437, 0.22178082696495871, 0.2214168954667162, 0.22102471451721437, 0.22006833795436928, 0.22089582657658968, 0.21982709865790595, 0.21987074999983028, 0.22046472628296029, 0.22060155808537987, 0.22007341439403763, 0.21936160389072842, 0.22001665327292275, 0.21978326938501069, 0.22055041619568919]}}