{"low_val_loss": 0.13249186676655453, "params": {"verbose": 1, "nb_epoch": 1000, "batch_size": 32, "metrics": ["loss", "acc", "val_loss", "val_acc"], "nb_sample": 94030, "do_validation": true}, "results": {"acc": [0.94346485164309268, 0.9454216739338509, 0.94852706584019653, 0.94945230246680501, 0.95006912687947287, 0.95043071360330966, 0.95079230033475315, 0.95066468148463257, 0.95096245878974794, 0.95126023609993449, 0.95164309263001168, 0.95177071148013226, 0.95158991811631222, 0.9516005530200663, 0.95184515580133999, 0.95161118792001709, 0.95201531426267372, 0.95177071148013226, 0.95195150484902347, 0.95190896522513246, 0.95212166330908943, 0.95216420291396364, 0.95233436137529737, 0.952196107625226, 0.95247261512410086, 0.95208975859275591, 0.95236626608529196, 0.95210039349650999, 0.95248325002658729, 0.95211102839519302, 0.95228118686033003, 0.95208975859275591, 0.95240880570537956, 0.95257896416037435, 0.95271721790917796, 0.95211102840026418, 0.95241944060406258, 0.95247261512790427, 0.95268531320298666, 0.95277039242794848, 0.95227055195657595, 0.95233436137910066, 0.95256832925662027, 0.95246198022415018, 0.95260023396788263, 0.95269594810674074, 0.95279166224052791, 0.95220674253405124, 0.95261086887670787, 0.95278102733677372, 0.95284483675929854, 0.95235563118660893, 0.95280229713921094, 0.95240880570030839, 0.95290864617675208, 0.95303626502687266, 0.95253642454535792, 0.95278102733170267, 0.95298309050810204, 0.95248325002658729, 0.95283420185047329, 0.95246198022415018, 0.95261086887670787, 0.9527597575241944, 0.95252578964287149, 0.95212166330401826, 0.95275975752926556, 0.95295118579683968, 0.95270658300669153, 0.95277039243301964, 0.95288737637431498, 0.95274912262044031, 0.95250451983916662, 0.95295118579683968, 0.95313197915558867, 0.95273848771668612, 0.95269594810674074, 0.95268531320298666, 0.95278102734184489, 0.95287674146548973, 0.95281293204296502, 0.95258959906412843, 0.95269594810166969, 0.95298309050810204, 0.95292991598933141, 0.95294055088801444, 0.95249388493541254, 0.952802297144282, 0.95279166224052791, 0.95296182069552271, 0.95279166224052791, 0.95264277358289906, 0.95280229713921094, 0.95278102734184489, 0.95274912262044031, 0.95290864617675208, 0.95274912262551137, 0.95297245559927679, 0.95284483675422738, 0.95289801127806906], "loss": [0.18427331989442278, 0.14366997249926022, 0.1401177116366735, 0.13825300397688337, 0.13704787266009744, 0.13615636626742031, 0.13548203356010183, 0.13498805250136964, 0.13452048622746043, 0.13413106617389506, 0.13396188264642767, 0.13385925268595691, 0.13357146746247903, 0.13357114136745152, 0.13329947718223917, 0.13309814294804717, 0.13307793104755083, 0.13299341639895065, 0.13293417036901012, 0.13296312118171189, 0.13283588048449022, 0.13279302537977683, 0.1326357867161061, 0.13272810931375251, 0.13262065056947955, 0.1325298875101219, 0.1324493277380977, 0.13244768490654907, 0.1324108345962377, 0.13243176061654108, 0.13230472480481856, 0.13222744182793369, 0.13223327959213285, 0.13219075022758758, 0.13213253795177909, 0.13204047634070901, 0.13206322849348329, 0.13201754963785919, 0.1319783859087231, 0.13201631659252216, 0.13193282423489247, 0.13188745467875546, 0.13173549669117962, 0.13177767734676299, 0.13159680624208109, 0.13166156396686582, 0.13156462956299544, 0.131605772511491, 0.13152359699164631, 0.13144398489654996, 0.13141015558392141, 0.13146046248142687, 0.13134973009038603, 0.13140053066290225, 0.13131130953689502, 0.13110992167048741, 0.13128268888475134, 0.13125676193190269, 0.13121884073489629, 0.13122461479793873, 0.13122394018245229, 0.1311257840993619, 0.13110712056770155, 0.13126776044090688, 0.13112213868106234, 0.13112827729214688, 0.13105608400297739, 0.13108781563985936, 0.13109143839699974, 0.13109219729453467, 0.1311353345399307, 0.1309632349795789, 0.13107424722834876, 0.13112691478451352, 0.13101790683070841, 0.13112511615548492, 0.13112342892638371, 0.13109170871029177, 0.13093548606719463, 0.13096752348959631, 0.13107762508713144, 0.13103375051641647, 0.13095762890668597, 0.13087605477571107, 0.13082165401735979, 0.13103616895649542, 0.13094213805077723, 0.13096536424446395, 0.13088505371452633, 0.1308838688207157, 0.13097754473142595, 0.13086801276821652, 0.13088998670440069, 0.13091704988750918, 0.13094991890088201, 0.130942814831294, 0.13081998715679735, 0.13082668935125538, 0.1308491721097588, 0.13078183465266144], "val_acc": [0.94448698315467072, 0.9488578356304237, 0.94943210821847879, 0.94962353241449715, 0.95019780500255235, 0.95137825421133226, 0.95214395099540583, 0.95262251148545174, 0.95230347115875447, 0.95220775906074528, 0.95192062276671774, 0.95262251148545174, 0.95208014293006638, 0.95243108728943338, 0.95265441551812147, 0.95313297600816749, 0.95297345584481874, 0.95271822358346092, 0.95089969372128635, 0.95236727922409392, 0.95204823889739665, 0.95322868810617667, 0.95275012761613065, 0.95239918325676365, 0.95306916794282792, 0.95233537519142419, 0.95239918325676365, 0.95313297600816749, 0.95310107197549765, 0.95284583971413983, 0.95278203164880038, 0.95290964777947929, 0.95335630423685558, 0.95316488004083721, 0.95198443083205719, 0.9536115364982134, 0.95303726391015819, 0.95306916794282792, 0.95345201633486476, 0.95300535987748847, 0.95297345584481874, 0.95348392036753449, 0.95303726391015819, 0.95300535987748847, 0.95297345584481874, 0.95297345584481874, 0.95287774374680956, 0.95345201633486476, 0.95329249617151612, 0.95357963246554367, 0.95290964777947929, 0.95380296069423176, 0.95316488004083721, 0.95275012761613065, 0.95380296069423176, 0.95351582440020421, 0.95322868810617667, 0.95345201633486476, 0.95278203164880038, 0.95220775906074528, 0.95303726391015819, 0.95265441551812147, 0.95338820826952531, 0.95287774374680956, 0.95338820826952531, 0.95236727922409392, 0.95310107197549765, 0.95294155181214901, 0.95329249617151612, 0.95332440020418585, 0.95220775906074528, 0.95290964777947929, 0.9536115364982134, 0.95354772843287394, 0.9528139356814701, 0.95303726391015819, 0.95329249617151612, 0.9536115364982134, 0.95332440020418585, 0.9532605921388464, 0.95316488004083721, 0.95329249617151612, 0.95313297600816749, 0.95313297600816749, 0.95335630423685558, 0.95335630423685558, 0.95364344053088312, 0.95357963246554367, 0.95297345584481874, 0.95332440020418585, 0.95313297600816749, 0.95364344053088312, 0.95271822358346092, 0.95370724859622258, 0.95297345584481874, 0.95329249617151612, 0.95275012761613065, 0.95271822358346092, 0.95313297600816749, 0.9528139356814701],