{"low_val_loss": 0.2121026588043734, "params": {"verbose": 1, "nb_epoch": 1000, "batch_size": 32, "metrics": ["loss", "acc", "val_loss", "val_acc"], "nb_sample": 29058, "do_validation": true}, "results": {"acc": [0.84792483997522194, 0.89637965448413515, 0.90192029733636181, 0.90302154312065519, 0.90377864959735699, 0.90381306352811619, 0.90429485855874459, 0.90460458393557708, 0.90470782572785469, 0.90653176405809066, 0.90598114116594397, 0.90642852226581316, 0.90653176405809066, 0.90601555509670317, 0.90677266157340486, 0.90756418198086586, 0.90666941978112736, 0.90629086654277646, 0.90732328446555166, 0.90787390735769835, 0.90756418198086586, 0.90653176405809066, 0.90742652625782916, 0.90780507949618006, 0.90691031729644156, 0.90632528047353567, 0.90701355908871917, 0.90711680088099667, 0.90580907151214807, 0.90708238695023746, 0.90752976805010666, 0.90752976805010666, 0.90752976805010666, 0.90763300984238415, 0.90749535411934756, 0.90811480487301255, 0.90790832128845755, 0.90749535411934756, 0.90766742377314336, 0.90773625163466176, 0.90790832128845755, 0.90711680088099667, 0.90825246059604925, 0.90797714914997596, 0.90749535411934756, 0.90777066556542085, 0.90763300984238415, 0.90746094018858836, 0.90787390735769835, 0.90735769839631086, 0.90728887053479246, 0.90763300984238415, 0.90849335811136345, 0.90866542776515935, 0.90797714914997596, 0.90735769839631086, 0.90839011631908595, 0.90763300984238415, 0.90828687452680845, 0.90811480487301255, 0.90942253424186115, 0.90866542776515935, 0.90828687452680845, 0.90852777204212265, 0.90883749741895514, 0.90852777204212265, 0.90728887053479246, 0.90842453024984515, 0.90808039094225346, 0.90783949342693926, 0.90866542776515935, 0.90832128845756765, 0.90787390735769835, 0.90732328446555166, 0.90849335811136345, 0.90790832128845755, 0.90811480487301255, 0.90794273521921676, 0.90856218597288185, 0.90756418198086586, 0.90835570238832675, 0.90763300984238415, 0.90845894418060436, 0.90763300984238415, 0.90866542776515935, 0.90818363273453095, 0.90766742377314336, 0.90794273521921676, 0.90842453024984515, 0.90814921880377175, 0.90790832128845755, 0.90873425562667764, 0.90856218597288185, 0.90835570238832675, 0.90845894418060436, 0.90801156308073505, 0.90852777204212265], "loss": [0.32230792095889427, 0.24003944878373287, 0.23183238365320707, 0.22639904578346307, 0.22229671947637805, 0.22037824431148512, 0.21902691488034939, 0.21841462482471666, 0.21773955214047383, 0.21711417614693621, 0.21680440138995963, 0.2165719631665127, 0.21600351226842981, 0.21578657379446919, 0.21582068747101929, 0.21520508268972546, 0.21530507030798191, 0.21472598134602647, 0.21453147463644598, 0.21439685959950211, 0.21447960191386245, 0.21392565844783731, 0.21426669322736283, 0.21392197887816014, 0.2137777546586202, 0.21373798388002421, 0.21350153822802334, 0.21364755272481714, 0.21348626950152014, 0.21343642808677077, 0.21311371802628068, 0.21299113799623698, 0.21289340434546586, 0.21316439707786761, 0.21284391994276139, 0.21248547160741968, 0.21254173569029708, 0.21243264370491682, 0.21204015425940292, 0.21184571186229673, 0.21197539296210677, 0.21202303360517144, 0.2118059138452878, 0.21195679690728078, 0.21162030048105834, 0.21165804873695035, 0.2113859510491905, 0.21153724435310467, 0.21147633691567236, 0.21142669002593392, 0.21122768343492887, 0.211388853840313, 0.21128809730511372, 0.21100286901796758, 0.21113882622794952, 0.2109233851532572, 0.21094667078319868, 0.21097960022130988, 0.21089008827216529, 0.21088114220449522, 0.21058802648322905, 0.21079047800281664, 0.21071053593100525, 0.21027467688857115, 0.21034532304761153, 0.21031084481540341, 0.21048774879808574, 0.21049048011816493, 0.21026439142945924, 0.21048506290294222, 0.21021911994160458, 0.21036259156168924, 0.21013374373267921, 0.21005280211263272, 0.20993723302527825, 0.21034938408581977, 0.20982852479114372, 0.21003460817980527, 0.20976873373357391, 0.20996482460979127, 0.20994006683260241, 0.20995088607037959, 0.21003928030318308, 0.20987643581633722, 0.20973862631309137, 0.20993360032135364, 0.20987086253321088, 0.20959218304535832, 0.20958093579780851, 0.2097936147556132, 0.20980345065923997, 0.2094416968287667, 0.20981615502191175, 0.2095740319006463, 0.20964807941522176, 0.20973467839253204, 0.20932852418945691], "val_acc": [0.88727160121334514, 0.89738825237072939, 0.90120780434760561, 0.90285950249976832, 0.90265304023074799, 0.90213688455819718, 0.90285950249976832, 0.90193042228917686, 0.90482089405546151, 0.90399504497938021, 0.90378858271035989, 0.90544028086252248, 0.90533704972801232, 0.90368535157584962, 0.90636936107311405, 0.90461443178644119, 0.90482089405546151, 0.90585320540056324, 0.90368535157584962, 0.90605966766958357, 0.9031691959032988, 0.905130587458992, 0.90389181384487005, 0.90688551674566487, 0.905130587458992, 0.90244657796172767, 0.90564674313154292, 0.90585320540056324, 0.90657582334213438, 0.90595643653507341, 0.90502735632448184, 0.90482089405546151, 0.90399504497938021, 0.90554351199703265, 0.905130587458992, 0.9031691959032988, 0.90461443178644119, 0.90616289880409373, 0.90554351199703265, 0.90554351199703265, 0.90533704972801232, 0.90461443178644119, 0.90502735632448184, 0.905130587458992, 0.90647259220762422, 0.90605966766958357, 0.90492412518997167, 0.90523381859350216, 0.90585320540056324, 0.90440796951742086, 0.90564674313154292, 0.90461443178644119, 0.90554351199703265, 0.90585320540056324, 0.905130587458992, 0.90616289880409373, 0.90533704972801232, 0.90647259220762422, 0.90533704972801232, 0.90337565817231913, 0.90523381859350216, 0.90471766292095135, 0.90544028086252248, 0.90482089405546151, 0.90688551674566487, 0.9067822856111547, 0.90564674313154292, 0.90647259220762422, 0.90667905447664454, 0.90523381859350216, 0.90698874788017503, 0.90554351199703265, 0.90595643653507341, 0.90750490355272584, 0.90358212044133945, 0.90420150724840054, 0.90626612993860389, 0.90595643653507341, 0.90626612993860389, 0.90616289880409373, 0.90564674313154292, 0.90595643653507341, 0.90564674313154292, 0.90657582334213438, 0.9067822856111547, 0.90657582334213438, 0.90657582334213438, 0.90719521014919535, 0.90306596476878864, 0.90605966766958357, 0.90544028086252248, 0.90533704972801232, 0.90337565817231913, 0.90554351199703265, 0.90698874788017503, 0.90471766292095135, 0.90729844128370551],