{"low_val_loss": 0.12233187888728501, "params": {"verbose": 1, "nb_epoch": 1000, "batch_size": 32, "metrics": ["loss", "acc", "val_loss", "val_acc"], "nb_sample": 94030, "do_validation": true}, "results": {"acc": [0.94357120069077605, 0.94823992343376406, 0.94953738169176682, 0.95038817398702546, 0.95066468148463257, 0.95093055408355676, 0.95106880783236025, 0.9516749973463452, 0.95183452090265697, 0.95117515686483034, 0.95176007657130701, 0.95162182282757457, 0.95222801234282728, 0.95218547273161414, 0.95189833032011062, 0.95230245666276725, 0.95227055195150478, 0.95185579071523641, 0.95211102840026418, 0.95240880570030839, 0.95216420291396364, 0.95220674252898008, 0.95248325002658729, 0.95221737743273427, 0.95240880570030839, 0.95207912368393066, 0.952196107625226, 0.95224928214399662, 0.95243007551288772, 0.95272785281800321, 0.95236626608529196, 0.95246198021907902, 0.9523769009941172, 0.95291928108050628, 0.95229182175901306, 0.95243007551288772, 0.95264277358797023, 0.95298309050810204, 0.95260023396788263, 0.95296182069679047, 0.95260023396788263, 0.95269594810674074, 0.95315324897323916, 0.95279166224052791, 0.9531851536743593, 0.95290864618182325, 0.95301499521429334, 0.95278102733677372, 0.95269594811181191, 0.95283420185047329, 0.95284483675422738, 0.95307880463808581, 0.95300436031053914, 0.95292991598426036, 0.95316388387192208, 0.95307880463681804, 0.95298309050303098, 0.95283420185554435, 0.95290864617675208, 0.95327023290439217, 0.95283420185047329, 0.95323832819312981, 0.95304689992555569, 0.95298309050303098, 0.95325959800570925, 0.95358928002208698, 0.95351483570087925, 0.95378070828459005, 0.95349356588322876, 0.95356801020950765, 0.95366372434836577, 0.95359991492077001, 0.95379134319848635, 0.95332340742316279, 0.95387642241837711, 0.95381261300092346, 0.95375943847708178, 0.95383388280336068, 0.95403594597976005, 0.95359991492584106, 0.95420610443475484, 0.95400404126469429, 0.95438689780364605, 0.95386578751462303, 0.95368499415587404, 0.95398277146098942, 0.95384451771725698, 0.95382324790974871, 0.95400404126342653, 0.95378070828459005, 0.95405721579233937, 0.95415292992105538, 0.95396150164967786, 0.95416356481973841, 0.95426991385727955, 0.95412102520472186, 0.95391896203846471, 0.9540253110709348, 0.95441880251617617, 0.9540997553972137, 0.95400404126849769, 0.95406785069609357, 0.95432308837605018, 0.95426991385727955, 0.9541422950173013, 0.95432308837605018, 0.95411039030096778, 0.95425927895859664, 0.95399340636474361, 0.95397213655723534, 0.95407848559477648, 0.95413166010847605, 0.95413166010847605, 0.95409975540228475, 0.95455705625864085, 0.95438689780364605, 0.95413166010847605, 0.95404658087844307, 0.95419546953607182, 0.95433372328487542, 0.95406785068595135, 0.95417419972856365, 0.95432308837731794, 0.95421673934865125, 0.95388705732847012, 0.95428054876103374, 0.95454642135488676, 0.95420610443475484, 0.95419546953607182, 0.95436562799106672, 0.95413166010847605, 0.95435499308731253, 0.95459959587365739, 0.9542380091460172, 0.95441880250983724, 0.9543762628948208, 0.95430181857361307, 0.95442943741359143, 0.9545889609699032, 0.95482292885756503, 0.95488673827501858, 0.95485483356375622, 0.9546315005899908, 0.9548016590449856, 0.95471657982002378, 0.95451451664489217, 0.95459959587365739, 0.95479102414630268, 0.95450388173987022, 0.95444007232241668, 0.95483356375624806, 0.95488673828008974, 0.95467404019993618, 0.95491864298628093, 0.95476975433372324, 0.95467404019993618, 0.95465277039242791, 0.95467404020500735, 0.9548761033712645, 0.95490800808252685, 0.95520578538764223, 0.95480165904625347, 0.9550143571200681, 0.9549399127937892, 0.95464213548867383, 0.95464213548867383, 0.95495054770261445, 0.95504626184147268, 0.95465277039242791, 0.9548761033712645, 0.95503562692757626, 0.95502499202889335, 0.95478038923747743, 0.95481229394873979, 0.95468467511383259, 0.95470594492134075, 0.95490800808759801, 0.95509943635010108, 0.95482292885249387, 0.95465277039749907, 0.95476975434006217, 0.9548761033712645, 0.95490800808759801, 0.95493991279505697, 0.95519515048388814, 0.95485483356882739, 0.95481229394873979, 0.9552695948152381, 0.95512070616268041, 0.95500372221631391, 0.95499308731255983, 0.95496118260256524, 0.95495054769754328, 0.95499308731255983, 0.95528022971392113, 0.95483356375624806, 0.95506753164898095, 0.95507816654766386, 0.95506753163883862, 0.95476975433372324, 0.95495054769881116, 0.95502499202889335, 0.95513134106643449, 0.95512070615760924, 0.95492927789510618, 0.95505689673508454, 0.9549824524138768, 0.95518451558520512, 0.95517388068652209, 0.95539721365521646, 0.95501435712640692, 0.95520578539271339, 0.95514197596511752, 0.95535467404019991, 0.9549399127937892, 0.95511007125512293, 0.95499308731763088, 0.95517388067637987, 0.95507816654766386, 0.95517388067764764, 0.95492927789130289, 0.95501435712513916, 0.95496118260129748, 0.95514197596511752],