{"low_val_loss": 0.21332357215773054, "params": {"verbose": 1, "nb_epoch": 1000, "batch_size": 32, "metrics": ["loss", "acc", "val_loss", "val_acc"], "nb_sample": 29058, "do_validation": true}, "results": {"acc": [0.8411452956156652, 0.88990983550141101, 0.89737765847615114, 0.90047491224447651, 0.90267740381306349, 0.9031247849129328, 0.90429485855874459, 0.90429485855874459, 0.90450134214329958, 0.90367540780507949, 0.90460458393557708, 0.90532727648151967, 0.90632528047353567, 0.90629086654277646, 0.90587789937366647, 0.90563700185835228, 0.90591231330442568, 0.90615321081973987, 0.90525844862000138, 0.90546493220455637, 0.90625645261201737, 0.90570582971987057, 0.90622203868125817, 0.90646293619657237, 0.90618762475049897, 0.90539610434303808, 0.90574024365062977, 0.90632528047353567, 0.90604996902746227, 0.90653176405809066, 0.90543051827379728, 0.90639410833505407, 0.90684148943492326, 0.90546493220455637, 0.90673824764264577, 0.90649735012733157, 0.90684148943492326, 0.90611879688898067, 0.90611879688898067, 0.90684148943492326, 0.90618762475049897, 0.90608438295822147, 0.90677266157340486, 0.90739211232706996, 0.90663500585036827, 0.90697914515795997, 0.90742652625782916, 0.90684148943492326, 0.90660059191960907, 0.90580907151214807, 0.90660059191960907, 0.90598114116594397, 0.90656617798884986, 0.90691031729644156, 0.90677266157340486, 0.90704797301947826, 0.90722004267327416, 0.90715121481175576, 0.90711680088099667, 0.90663500585036827, 0.90653176405809066, 0.90794273521921676, 0.90752976805010666, 0.90680707550416406, 0.90632528047353567, 0.90649735012733157, 0.90715121481175576, 0.90732328446555166, 0.90673824764264577, 0.90718562874251496, 0.90735769839631086, 0.90635969440429487, 0.90749535411934756, 0.90663500585036827, 0.90752976805010666, 0.90646293619657237, 0.90835570238832675, 0.90732328446555166, 0.90735769839631086, 0.90732328446555166, 0.90653176405809066, 0.90780507949618006, 0.90735769839631086, 0.90718562874251496, 0.90697914515795997, 0.90783949342693926, 0.90763300984238415, 0.90777066556542085, 0.90691031729644156, 0.90763300984238415, 0.90746094018858836, 0.90691031729644156, 0.90742652625782916], "loss": [0.33924904403523082, 0.24622533748474931, 0.23488707085740612, 0.22959031398697916, 0.22638270809351105, 0.22426476353820846, 0.22276450051312693, 0.22181669625813449, 0.22100053631577951, 0.22052097799621434, 0.21938468620306209, 0.21879858301407751, 0.21834128936107181, 0.21804597995316594, 0.21767005686303262, 0.21724793731777389, 0.21717705572846019, 0.21718558953261763, 0.21690413545501216, 0.2167133037373962, 0.21669409534454775, 0.21638708532172427, 0.21629164307646495, 0.21621649749092442, 0.21607068670051163, 0.21591065566756293, 0.21594920544591836, 0.21587555517098109, 0.21596621545860212, 0.21560009812878625, 0.21560605525533547, 0.21564894622583186, 0.21528151451052158, 0.2155617642736179, 0.21533301407845007, 0.21552654377456149, 0.21533425746645715, 0.21547559940283292, 0.21478518169821725, 0.21542153848949619, 0.21521889063494351, 0.21501878845811884, 0.21511831310450708, 0.21497612502506677, 0.21487780737568388, 0.21494081673220747, 0.21484965262286504, 0.2148009349396971, 0.21478876747409922, 0.21490845359986271, 0.21466021748975414, 0.21482206493588157, 0.2145677988116621, 0.214382529106937, 0.21469707832830609, 0.21439264066939392, 0.2146494687485575, 0.21417889372104049, 0.21438643450831643, 0.21430705918332602, 0.21422366054942052, 0.21412391570169226, 0.21419258239190653, 0.21402967307157392, 0.21414905733592546, 0.21401920101176167, 0.21374950740250234, 0.21423286852742268, 0.21405971612709748, 0.21393232491392747, 0.2136955279847946, 0.21389482322516329, 0.21389031422856389, 0.21346994259526947, 0.2135494587442586, 0.21367998802413288, 0.21378194138338991, 0.21380417415383382, 0.21373199649981786, 0.21371573182429932, 0.21332761067793238, 0.21359533975648901, 0.21353436095624806, 0.21340397294100238, 0.21357322203210671, 0.21342487121497669, 0.21352876438512158, 0.21350659954629111, 0.21344839851230121, 0.21336524367898599, 0.21334625275082406, 0.2133931528692399, 0.21345020644584684], "val_acc": [0.87880664806660325, 0.89253638907336375, 0.89934964392642258, 0.90193042228917686, 0.90017549300250399, 0.90306596476878864, 0.90131103548211577, 0.90162072888564626, 0.90141426661662594, 0.90368535157584962, 0.90492412518997167, 0.9031691959032988, 0.90482089405546151, 0.905130587458992, 0.90482089405546151, 0.90306596476878864, 0.90564674313154292, 0.90626612993860389, 0.9043047383829107, 0.90533704972801232, 0.9067822856111547, 0.90740167241821568, 0.90451120065193102, 0.90564674313154292, 0.90729844128370551, 0.90585320540056324, 0.90729844128370551, 0.90605966766958357, 0.90709197901468519, 0.90533704972801232, 0.90626612993860389, 0.90554351199703265, 0.90564674313154292, 0.90482089405546151, 0.90544028086252248, 0.90595643653507341, 0.90420150724840054, 0.90616289880409373, 0.90399504497938021, 0.90698874788017503, 0.90771136582174627, 0.905130587458992, 0.90698874788017503, 0.9067822856111547, 0.90626612993860389, 0.90719521014919535, 0.90626612993860389, 0.90709197901468519, 0.90667905447664454, 0.90709197901468519, 0.90482089405546151, 0.90636936107311405, 0.90636936107311405, 0.90554351199703265, 0.90636936107311405, 0.90564674313154292, 0.90719521014919535, 0.90719521014919535, 0.90574997426605308, 0.90595643653507341, 0.90626612993860389, 0.90564674313154292, 0.90657582334213438, 0.90574997426605308, 0.90492412518997167, 0.90595643653507341, 0.90636936107311405, 0.90461443178644119, 0.90574997426605308, 0.90688551674566487, 0.9043047384075229, 0.90585320540056324, 0.90595643653507341, 0.905130587458992, 0.90451120065193102, 0.90461443178644119, 0.90595643653507341, 0.90595643653507341, 0.90605966766958357, 0.90605966766958357, 0.90554351199703265, 0.90523381859350216, 0.90574997426605308, 0.90698874788017503, 0.90719521014919535, 0.90647259220762422, 0.90585320540056324, 0.90471766292095135, 0.90647259220762422, 0.90605966766958357, 0.90492412518997167, 0.90554351199703265, 0.90564674313154292],