{"low_val_loss": 0.21950018840012345, "params": {"verbose": 1, "nb_epoch": 1000, "batch_size": 32, "metrics": ["loss", "acc", "val_loss", "val_acc"], "nb_sample": 29058, "do_validation": true}, "results": {"acc": [0.83976873838529842, 0.83990639410833501, 0.83990639410833501, 0.83990639410833501, 0.83990639410833501, 0.83990639410833501, 0.83990639410833501, 0.83990639410833501, 0.83990639410833501, 0.83990639410833501, 0.83990639410833501, 0.83990639410833501, 0.83990639410833501, 0.83990639410833501, 0.83990639410833501, 0.83990639410833501, 0.83990639410833501, 0.83990639410833501, 0.83990639410833501, 0.83990639410833501, 0.83990639410833501, 0.83990639410833501, 0.83990639410833501, 0.83990639410833501, 0.83990639410833501, 0.87666047215913001, 0.89228439672379378, 0.89520958083832336, 0.89751531419918784, 0.89806593709133453, 0.89830683460664873, 0.89999311721384812, 0.89999311721384812, 0.89964897790625642, 0.89992428935232982, 0.90002753114460732, 0.89906394108335053, 0.90002753114460732, 0.90002753114460732, 0.90088787941358661, 0.89999311721384812, 0.90126643265193751, 0.90119760479041922, 0.90061256796751321, 0.90050932617523571, 0.90064698189827241, 0.90130084658269671, 0.90099112120586411, 0.90081905155206832, 0.90047491224447651, 0.90095670727510502, 0.90054374010599492, 0.90002753114460732, 0.89951132218321972, 0.90044049831371742, 0.90033725652143992, 0.90050932617523571, 0.90112877692890081, 0.90054374010599492, 0.90002753114460732, 0.90040608438295822, 0.90099112120586411, 0.90099112120586411, 0.90078463762130911, 0.90075022369054991, 0.89978663362929312, 0.90085346548282741, 0.90047491224447651, 0.90002753114460732, 0.90026842865992152, 0.90143850230573341, 0.90019960079840322, 0.90023401472916231, 0.90105994906738252, 0.90057815403675412, 0.90044049831371742, 0.90006194507536652, 0.90085346548282741, 0.90147291623649251, 0.90061256796751321, 0.90081905155206832, 0.90099112120586411, 0.89985546149081153, 0.90047491224447651, 0.89964897790625642, 0.90085346548282741, 0.90023401472916231, 0.90147291623649251], "loss": [0.40242446004068527, 0.34966198451828828, 0.34773393658287421, 0.34726381538181594, 0.34703722185307123, 0.34682247156909463, 0.34665788457713476, 0.34662608657296606, 0.34649348770959204, 0.34646497024903322, 0.34631832046857991, 0.34628782815340503, 0.34616009092386724, 0.34620971422135044, 0.34607132400203794, 0.34607495990253229, 0.34594270017545986, 0.34588033870817403, 0.34579146760026458, 0.34568923093125731, 0.34561453702133255, 0.34557507043285557, 0.34524347488562956, 0.34483638358006202, 0.33126925716495981, 0.25705798546588055, 0.23952357215098269, 0.23342417760728618, 0.23074265890517265, 0.2290075782427376, 0.22787891745042207, 0.22677536751164468, 0.22616949257591759, 0.22560900258167915, 0.22509846768176386, 0.22488107301037888, 0.22470480558516992, 0.22429684291679178, 0.22408940721890647, 0.22409613723749017, 0.22365962965078681, 0.22399585381108195, 0.22374681994759721, 0.22363121103889516, 0.22356484973337404, 0.22357622512332057, 0.2233978519215539, 0.22321558854020185, 0.22337645158836766, 0.22331081570667577, 0.22324064851034878, 0.22314838312581151, 0.22321530775038781, 0.2230613281873049, 0.22335143415816935, 0.22318027884612804, 0.22325813188975574, 0.22306814463011077, 0.22335145523122557, 0.22333870038940914, 0.22292350043734152, 0.22322907423728852, 0.22325062742129237, 0.22301743955781242, 0.22324196758567036, 0.22309039844822692, 0.22320394236941865, 0.22293809374222712, 0.22312269652088873, 0.22309920387349624, 0.22306795956197581, 0.22295308152738166, 0.22297514023026146, 0.2229895437559615, 0.22316800705995019, 0.22304363635214997, 0.22313808892900416, 0.22296061946627968, 0.22300977601352878, 0.22320886365046266, 0.22306445758499785, 0.2231544256005204, 0.22297114822169975, 0.22298954622355929, 0.22310869998599026, 0.22319347298570053, 0.22299785465689223, 0.22303554322269287], "val_acc": [0.83606895842861806, 0.83606895842861806, 0.83606895842861806, 0.83606895842861806, 0.83606895842861806, 0.83606895842861806, 0.83606895842861806, 0.83606895842861806, 0.83606895842861806, 0.83606895842861806, 0.83606895842861806, 0.83606895842861806, 0.83606895842861806, 0.83606895842861806, 0.83606895842861806, 0.83606895842861806, 0.83606895842861806, 0.83606895842861806, 0.83606895842861806, 0.83606895842861806, 0.83606895842861806, 0.83606895842861806, 0.83606895842861806, 0.83606895842861806, 0.83606895842861806, 0.88851037480285489, 0.89356870039385317, 0.89583978537768905, 0.8946010117389549, 0.89852379485034128, 0.89718179010170906, 0.8982141014468108, 0.89614947875660733, 0.89842056371583112, 0.89666563442915825, 0.89873025711936161, 0.90007226186799383, 0.89852379485034128, 0.89996903073348367, 0.8990399505228921, 0.89914318165740226, 0.90017549300250399, 0.90007226186799383, 0.8982141014468108, 0.89831733258132096, 0.89976256846446323, 0.89976256846446323, 0.90110457321309545, 0.89996903073348367, 0.90027872413701415, 0.90048518640603448, 0.90017549300250399, 0.89934964392642258, 0.9006916486750548, 0.89842056371583112, 0.89955610619544291, 0.90007226186799383, 0.89955610619544291, 0.8990399505228921, 0.89955610619544291, 0.90007226186799383, 0.89955610619544291, 0.89852379485034128, 0.89934964392642258, 0.89965933732995307, 0.90027872413701415, 0.89955610619544291, 0.89862702598485145, 0.90162072888564626, 0.90038195527152431, 0.89934964392642258, 0.89914318165740226, 0.89945287506093274, 0.9006916486750548, 0.90017549300250399, 0.90007226186799383, 0.90027872413701415, 0.90038195527152431, 0.89873025711936161, 0.90089811094407513, 0.90038195527152431, 0.90038195527152431, 0.90089811094407513, 0.90007226186799383, 0.89996903073348367, 0.90048518640603448, 0.90038195527152431, 0.90048518640603448], "val_loss": [0.35060901609296041, 0.34580720878489135, 0.34556583326286461, 0.34596286570556983, 0.34517554992786242, 0.3451781198128564, 0.34491539902272111, 0.34457088115784584, 0.34542312263162606, 0.34482453901467214, 0.3446619738129082, 0.34455521404589368, 0.34463308065671283, 0.34478050065481147, 0.34503480337642473, 0.3447218210880289, 0.34428979065244236, 0.34462387232671177, 0.34468690801038454, 0.34453784375598312, 0.34410435443103182, 0.34392967761405863, 0.34353816395107656, 0.34265540508068643, 0.28141148586360321, 0.24339739835408741, 0.23348306148207518, 0.22939774059001489, 0.22815865260400159, 0.22578361477843992, 0.22437716764083057, 0.22390503319803501, 0.2243286980814248, 0.22331606098541573, 0.22299842862099872, 0.22179767431902223, 0.22261772936769003, 0.22155052958177662, 0.22084736816959633, 0.22139909529668744, 0.22041002219277317, 0.22099281157565656, 0.22110753460197216, 0.2205402426297812, 0.22062591603386325, 0.22069668872592446, 0.22059219742111713, 0.22060819733951365, 0.2202725416306828, 0.22055834193058374, 0.22032731104170292, 0.22025415707424573, 0.2200546662689572, 0.22087027314180091, 0.2205727155595984, 0.2204048163851213, 0.22010824859259212, 0.22050872549093137, 0.22057632485250209, 0.21993333734421952, 0.22122618635089403, 0.21950018840012345, 0.22017075251386029, 0.21990200963640061, 0.21975355722333939, 0.22039941855600231, 0.22202166498378051, 0.21997645081067904, 0.22005569940998027, 0.21983783669893595, 0.22053351854040021, 0.22093732553061482, 0.22033609436480539, 0.22071823209779506, 0.22043293880040499, 0.22022075186120821, 0.22012107751558252, 0.22110356057442118, 0.22040144331107953, 0.22005560250243891, 0.22068298138048154, 0.22014742179023747, 0.2195420258952403, 0.22167687640293987, 0.22019455941011137, 0.21970898375996523, 0.21992216483596877, 0.22007923999585344]}}