{"low_val_loss": 0.2193179059055699, "params": {"verbose": 1, "nb_epoch": 1000, "batch_size": 32, "metrics": ["loss", "acc", "val_loss", "val_acc"], "nb_sample": 29058, "do_validation": true}, "results": {"acc": [0.83963108266226172, 0.83990639410833501, 0.83990639410833501, 0.83990639410833501, 0.83990639410833501, 0.83990639410833501, 0.83990639410833501, 0.83990639410833501, 0.83990639410833501, 0.83990639410833501, 0.83990639410833501, 0.83990639410833501, 0.83990639410833501, 0.83990639410833501, 0.83990639410833501, 0.83990639410833501, 0.83990639410833501, 0.84747745887535275, 0.88708789317915893, 0.89286943354669968, 0.89679262165324525, 0.89703351916855945, 0.89799710922981624, 0.89937366646018313, 0.89958015004473812, 0.89927042466790552, 0.90016518686764402, 0.90040608438295822, 0.90023401472916231, 0.90016518686764402, 0.90092229334434581, 0.90030284259068072, 0.90064698189827241, 0.90095670727510502, 0.90040608438295822, 0.90164498589028841, 0.90099112120586411, 0.90150733016725171, 0.90119760479041922, 0.90009635900612572, 0.90033725652143992, 0.90064698189827241, 0.90050932617523571, 0.90040608438295822, 0.90136967444421501, 0.90085346548282741, 0.90019960079840322, 0.90123201872117831, 0.90040608438295822, 0.90164498589028841, 0.90071580975979071, 0.90178264161332511, 0.90061256796751321, 0.90102553513662331, 0.90047491224447651, 0.90071580975979071, 0.90057815403675412, 0.90154174409801091, 0.90064698189827241, 0.90140408837497421, 0.90054374010599492, 0.90040608438295822, 0.89999311721384812, 0.90057815403675412, 0.90078463762130911, 0.90037167045219901, 0.90147291623649251, 0.90088787941358661, 0.90130084658269671, 0.90136967444421501, 0.9013352605134558, 0.90095670727510502, 0.90112877692890081, 0.90081905155206832, 0.90044049831371742, 0.90085346548282741, 0.90078463762130911, 0.90119760479041922, 0.90075022369054991, 0.90116319085966001, 0.90102553513662331, 0.90078463762130911, 0.90061256796751321, 0.90102553513662331, 0.90023401472916231, 0.90057815403675412, 0.90078463762130911, 0.90057815403675412, 0.90085346548282741, 0.90026842865992152, 0.90078463762130911, 0.90099112120586411, 0.90047491224447651, 0.90047491224447651, 0.90071580975979071, 0.90064698189827241, 0.90054374010599492, 0.90050932617523571, 0.90116319085966001, 0.89999311721384812, 0.90071580975979071, 0.89958015004473812, 0.90033725652143992, 0.90030284259068072, 0.90013077293688482, 0.90044049831371742, 0.90119760479041922, 0.90050932617523571, 0.90037167045219901, 0.90019960079840322, 0.90044049831371742, 0.90088787941358661, 0.9013352605134558, 0.90064698189827241, 0.90037167045219901, 0.90064698189827241, 0.90044049831371742, 0.90085346548282741, 0.90068139582903162, 0.90119760479041922, 0.90009635900612572, 0.90105994906738252, 0.90016518686764402, 0.90050932617523571, 0.89971780576777483, 0.90092229334434581, 0.90016518686764402, 0.90064698189827241, 0.90085346548282741, 0.89975221969853392, 0.90064698189827241, 0.89992428935232982, 0.90019960079840322, 0.90033725652143992, 0.90030284259068072, 0.89988987542157062, 0.90057815403675412, 0.90033725652143992, 0.90068139582903162, 0.90116319085966001, 0.90061256796751321, 0.9018170555440842, 0.90078463762130911, 0.90078463762130911, 0.90061256796751321, 0.90037167045219901, 0.90092229334434581, 0.90068139582903162, 0.90126643265193751, 0.90037167045219901, 0.90109436299814161, 0.90016518686764402, 0.90092229334434581, 0.90095670727510502, 0.90064698189827241, 0.90057815403675412, 0.89978663362929312, 0.90164498589028841, 0.90047491224447651, 0.90068139582903162, 0.90040608438295822, 0.90050932617523571, 0.90085346548282741, 0.90061256796751321, 0.90105994906738252, 0.90143850230573341, 0.90085346548282741], "loss": [0.41144583149190633, 0.34972562898693726, 0.34783806309429088, 0.34711651621472689, 0.34683442972582512, 0.3466643532354125, 0.34655985075300183, 0.34637585646111407, 0.3462140999195441, 0.34619438388743268, 0.34603383385890596, 0.34596132473161556, 0.34579980435505997, 0.34564230741772867, 0.34548196760234129, 0.34501781080950683, 0.34427258815545603, 0.29800897425734046, 0.24699093203789604, 0.23642262069576253, 0.23207349173519337, 0.22964360431463329, 0.22829568097674927, 0.22695251780039871, 0.22615913466266249, 0.22570329356672711, 0.22542264452370769, 0.22483154395233665, 0.2248227022076984, 0.22437328478722129, 0.22421792178876354, 0.22404893220980684, 0.22391826928850839, 0.2236968170949159, 0.22375198210779904, 0.22344380634782302, 0.22345927380455119, 0.22341631733302084, 0.22331878082639303, 0.22343925241629256, 0.22325371749849049, 0.22326648587722378, 0.22322505954656871, 0.22308601660006402, 0.22331576886324286, 0.22307878069031409, 0.22317291290630484, 0.22330824376563835, 0.2229862044522368, 0.22301931003265923, 0.22308696093621941, 0.22290535324281796, 0.22304591243196004, 0.22294000481999629, 0.22317891342361448, 0.22306637526772799, 0.22305963225075542, 0.22288915791041558, 0.22309890060220011, 0.22270237920645944, 0.2229366941850329, 0.22298314410318026, 0.22329457317944262, 0.22298537622846218, 0.22291553504215048, 0.22296077646845855, 0.22267213806748939, 0.2229665533960444, 0.22300108216389614, 0.22290365367671297, 0.22295950856671312, 0.22293670854545458, 0.22303897559476643, 0.22292893250340218, 0.22297265046212755, 0.22286374415999491, 0.22306211826166075, 0.2227807245880388, 0.22300298025707416, 0.22298840796391622, 0.2229047721386842, 0.22292181353594795, 0.22280264070291006, 0.22295088611796504, 0.22277177011516486, 0.2229112349017987, 0.22274208597776574, 0.22295208320552579, 0.22280790894984906, 0.22301134947881998, 0.22289662084044343, 0.22287090452213831, 0.22289671648262133, 0.22295254936188066, 0.22286324545672365, 0.22302166154748254, 0.22287360390831445, 0.22277551050056191, 0.22279695807339348, 0.222926231804599, 0.22291449417151607, 0.22291194378429191, 0.22280988177496516, 0.2228296785742625, 0.22285963991775229, 0.22292237199257817, 0.2228882100512404, 0.22291281633296994, 0.22279091868481637, 0.22285824568228232, 0.22300340613233352, 0.22304797904425294, 0.22289147289813482, 0.22270308596779642, 0.22295047232113388, 0.22283305160798259, 0.22278827847880858, 0.2227413224105913, 0.22287113826202176, 0.22283380356008248, 0.22281579857535588, 0.22282397670155524, 0.22282327354668144, 0.22278258995914466, 0.22278040709658986, 0.22284173103706689, 0.22293812026953627, 0.22281701435975093, 0.22264722719869576, 0.22273437783118985, 0.22290457743387015, 0.22295501914140206, 0.22286669683190583, 0.22289696386406643, 0.22289471763096863, 0.22273424495660527, 0.22291210170901152, 0.22289435300145033, 0.22273217338648918, 0.2228224357597515, 0.22276509048129911, 0.22274845732447676, 0.22266597090978338, 0.22295123722022969, 0.22282852451835269, 0.2227335126028393, 0.22274769755755069, 0.2228423150389478, 0.22265878089752528, 0.22279883894993208, 0.22266256936410886, 0.22280131669745687, 0.22275479058925132, 0.22271997118773221, 0.22295011183032487, 0.22276208423946242, 0.2227830414165608, 0.22262249507614584, 0.22277946437170779, 0.22278583404842103, 0.22258806887390248, 0.22281162807418184, 0.22278291998681465, 0.22268311347166533, 0.22277777500540866, 0.22274399698662639, 0.22283962272172728],