{"low_val_loss": 0.12788647475437037, "params": {"verbose": 1, "nb_epoch": 1000, "batch_size": 32, "metrics": ["loss", "acc", "val_loss", "val_acc"], "nb_sample": 94030, "do_validation": true}, "results": {"acc": [0.94411358077209406, 0.94854833564263363, 0.9497394448681663, 0.95000531745187711, 0.9505051579283208, 0.95102626821354042, 0.95147293416994572, 0.95184515580641116, 0.9523024566678383, 0.95191960012761889, 0.95223864724024243, 0.95233436137149396, 0.95217483781771772, 0.95218547272147191, 0.95245134531532494, 0.95249388493034137, 0.95256832925662027, 0.9524726151228331, 0.95260023397295368, 0.95271721790917796, 0.95263213867914498, 0.95273848771668612, 0.95323832819820098, 0.95290864618182325, 0.9530362650218015, 0.95299372540678506, 0.95281293204803608, 0.9528767414705609, 0.95319578857811338, 0.95299372540678506, 0.95300436031053914, 0.95278102733170267, 0.95306816973813502, 0.95291928108050628, 0.95296182070566493, 0.95323832819312981, 0.95304689993569791, 0.95336594704832156, 0.95320642348693863, 0.95301499521429334, 0.95304689993062675, 0.95321705839196047, 0.95299372541185623, 0.95313197915558867, 0.95312134425183448, 0.9528448367643696, 0.95312134425183448, 0.95323832819312981, 0.95328086780814636, 0.95328086780814636, 0.95334467723193883, 0.95310007444559408, 0.95286610656173565, 0.95330213762072569, 0.95295118579176863, 0.95357864511326174, 0.95345102626821232, 0.95303626502687266, 0.95385515261086884, 0.9531851536743593, 0.95336594703817934, 0.95297245560434796, 0.95345102627328338, 0.95348293098074244, 0.95355737530575346, 0.95324896310195506, 0.95317451877567627, 0.95340848665319577, 0.95350420078698284, 0.95361054982452409, 0.95337658194700459, 0.95355737531082463, 0.95331277252447977, 0.95339785175451275, 0.95311070935822262, 0.95352547059956227, 0.95341912155694986, 0.95377007338210373, 0.9534297564657751, 0.95308943954564329, 0.95338721685075867, 0.95355737530575346, 0.95312134426197681, 0.95375943848215294, 0.95333404232691699, 0.95310007444432632, 0.95302563011804742, 0.95348293098454573, 0.95337658194320118, 0.95341912155694986, 0.95354674040707044, 0.95319578858318443, 0.95324896309688401, 0.95324896309688401, 0.95333404233198804, 0.95369562905962812, 0.95363181964217458, 0.95344039136952929, 0.95312134425690564, 0.95362118473334934], "loss": [0.17017107642973109, 0.14069647626440462, 0.13761698037788461, 0.13594138266735226, 0.13481994631557492, 0.13414297022775654, 0.13329591340496605, 0.13274315059118469, 0.13226773571720227, 0.13184639596715364, 0.13108109624147746, 0.13083515460727241, 0.13050379455628375, 0.13030811623471772, 0.12994180152197268, 0.12970232316170502, 0.12932068107309563, 0.12934935681373722, 0.1290434556832456, 0.12884377502217947, 0.12868603317447955, 0.12828615654490103, 0.12791783681647848, 0.12784420371794084, 0.1276614318929726, 0.12773399446256667, 0.12752131851514603, 0.12734082895815912, 0.12733494033889417, 0.1272495373166756, 0.12716937534900138, 0.12728615885644623, 0.12709468882061453, 0.12713880355635387, 0.12703114526805301, 0.12687382607111763, 0.12697370505917394, 0.12701840453150171, 0.12695601647231447, 0.1267615732998662, 0.1268060844611465, 0.12670921091733936, 0.12664494895686573, 0.126703872973632, 0.12676637281161457, 0.12669795243414009, 0.12664981851126239, 0.12661279626408561, 0.12650237808699913, 0.12656319281390394, 0.12648127502384915, 0.12638937285874963, 0.12654942401301417, 0.12641201572894645, 0.12631146173001501, 0.12635060823248648, 0.12640396559428324, 0.12640433054546923, 0.12619897354226614, 0.12635768065170622, 0.12645797050002089, 0.12630698854040492, 0.12630902493534399, 0.12618289540248337, 0.12613350853750227, 0.12625606208897064, 0.12629869599887744, 0.12612719813201906, 0.12617029674512859, 0.12599521894112908, 0.12622823531160099, 0.12612964164322643, 0.12582607046459046, 0.12620044961107368, 0.12603041791737138, 0.12605123224092851, 0.12604752003569736, 0.12602026745650055, 0.12594059495774151, 0.12601710026246823, 0.12604526729500953, 0.12588262039679557, 0.12600357048304603, 0.12599128278933674, 0.12592166581965755, 0.1260118979798642, 0.12590155988142462, 0.12589719725088733, 0.12597341285472752, 0.12587928354825717, 0.12592282120431977, 0.12596725186559476, 0.12593236697026927, 0.12588595219133167, 0.12591497747711486, 0.12590838073669919, 0.12585069765965254, 0.12581724209518214, 0.12570885147669209, 0.12576157093304821], "val_acc": [0.94837927514037779, 0.94940020418580906, 0.95007018887187344, 0.95026161306789181, 0.95105921388463499, 0.95271822358346092, 0.95195252679938747, 0.95259060745278201, 0.95319678407350694, 0.95354772843287394, 0.95332440020418585, 0.9536115364982134, 0.95354772843287394, 0.95335630423685558, 0.95335630423685558, 0.95329249617151612, 0.95252679938744256, 0.95338820826952531, 0.95351582440020421, 0.95345201633486476, 0.95278203164880038, 0.95322868810617667, 0.95380296069423176, 0.95316488004083721, 0.95294155181214901, 0.95220775906074528, 0.95294155181214901, 0.95316488004083721, 0.95357963246554367, 0.95294155181214901, 0.95345201633486476, 0.95367534456355285, 0.95342011230219503, 0.95287774374680956, 0.95306916794282792, 0.95319678407350694, 0.95316488004083721, 0.95306916794282792, 0.95332440020418585, 0.95294155181214901, 0.95287774374680956, 0.95249489535477283, 0.95230347115875447, 0.95278203164880038, 0.95268631955079119, 0.95393057682491067, 0.95345201633486476, 0.95364344053088312, 0.95345201633486476, 0.95278203164880038, 0.95249489535477283, 0.95386676875957122, 0.95354772843287394, 0.95370724859622258, 0.95316488004083721, 0.95335630423685558, 0.9536115364982134, 0.95259060745278201, 0.95313297600816749, 0.95306916794282792, 0.95342011230219503, 0.95409009698825931, 0.9536115364982134, 0.95357963246554367, 0.95262251148545174, 0.95230347115875447, 0.95214395099540583, 0.95405819295558958, 0.95377105666156203, 0.95377105666156203, 0.95383486472690149, 0.95386676875957122, 0.95316488004083721, 0.95409009698825931, 0.95319678407350694, 0.95370724859622258, 0.95348392036753449, 0.95329249617151612, 0.9536115364982134, 0.95364344053088312, 0.95332440020418585, 0.95297345584481874, 0.95357963246554367, 0.95364344053088312, 0.95389867279224094, 0.95348392036753449, 0.95373915262889231, 0.95357963246554367, 0.95345201633486476, 0.95409009698825931, 0.95306916794282792, 0.95290964777947929, 0.95275012761613065, 0.95421771311893822, 0.95364344053088312, 0.95313297600816749, 0.95316488004083721, 0.95370724859622258, 0.95345201633486476, 0.9536115364982134],