{"low_val_loss": 0.21295282548027927, "params": {"verbose": 1, "nb_epoch": 1000, "batch_size": 32, "metrics": ["loss", "acc", "val_loss", "val_acc"], "nb_sample": 29058, "do_validation": true}, "results": {"acc": [0.84833780714433205, 0.89403950719251157, 0.90006194507536652, 0.9022988505747126, 0.90333126849748779, 0.90381306352811619, 0.90463899786633628, 0.90353775208204279, 0.90415720283570788, 0.90429485855874459, 0.90481106752013218, 0.90494872324316888, 0.90532727648151967, 0.90494872324316888, 0.90491430931240968, 0.90522403468924217, 0.90629086654277646, 0.90498313717392798, 0.90598114116594397, 0.90598114116594397, 0.90584348544290727, 0.90560258792759307, 0.90487989538165048, 0.90629086654277646, 0.90594672723518477, 0.90549934613531557, 0.90649735012733157, 0.90611879688898067, 0.90615321081973987, 0.90635969440429487, 0.90649735012733157, 0.90515520682772388, 0.90594672723518477, 0.90556817399683387, 0.90673824764264577, 0.90539610434303808, 0.90635969440429487, 0.90656617798884986, 0.90611879688898067, 0.90570582971987057, 0.90642852226581316, 0.90691031729644156, 0.90666941978112736, 0.90746094018858836, 0.90646293619657237, 0.90639410833505407, 0.90708238695023746, 0.90718562874251496, 0.90604996902746227, 0.90670383371188656, 0.90680707550416406, 0.90656617798884986, 0.90711680088099667, 0.90704797301947826, 0.90608438295822147, 0.90725445660403337, 0.90646293619657237, 0.90629086654277646, 0.90739211232706996, 0.90725445660403337, 0.90680707550416406, 0.90697914515795997, 0.90718562874251496, 0.90684148943492326, 0.90715121481175576, 0.90708238695023746, 0.90708238695023746, 0.90639410833505407, 0.90666941978112736, 0.90646293619657237, 0.90663500585036827, 0.90629086654277646], "loss": [0.32146525327202147, 0.24073457828880679, 0.2325172632845742, 0.2276371492980481, 0.2246456447853111, 0.22302298285659375, 0.22192803575821471, 0.22066911998965702, 0.21985574699648561, 0.21901853670383833, 0.21864286181555406, 0.21852084409100148, 0.21811390725046553, 0.21766288579125653, 0.21758624365689089, 0.21737074155597122, 0.21703777981483291, 0.21701758617386008, 0.21662079980327756, 0.21641059116711595, 0.21626183388771264, 0.21643468845907185, 0.21612596529196151, 0.2156615670216831, 0.21592432285538313, 0.21597434388638626, 0.21588742136914238, 0.2157638303841011, 0.2155634307964569, 0.21572133969669147, 0.21581068568898806, 0.21523804215859074, 0.21569763700897576, 0.2151611783612955, 0.21514971660225363, 0.21529800999852974, 0.21525917547225534, 0.21490116662940234, 0.21509625555280004, 0.21506867174748109, 0.21512822355256864, 0.21480150741821588, 0.21517232476819328, 0.21493539751197541, 0.21451555339312986, 0.21479174732578671, 0.21444350613337668, 0.21478056448998753, 0.21465867725798052, 0.21468768292771737, 0.21456563695101147, 0.21485029265768629, 0.21448844762856045, 0.21453641901587955, 0.21471479927426246, 0.21449282764366079, 0.2145467599126584, 0.214307004848035, 0.21429796598572715, 0.21442581764953914, 0.21423775286879293, 0.21439241318810404, 0.21433754214745557, 0.21415590184256808, 0.21420930883033351, 0.21413120502483346, 0.21421364435712112, 0.21410112516280583, 0.21440171826418272, 0.21407259710104101, 0.21401169232142603, 0.21410045606333586], "val_acc": [0.88623928986824341, 0.8979044080432802, 0.90027872413701415, 0.90182719115466659, 0.90182719115466659, 0.90141426661662594, 0.90254980909623783, 0.90327242703780897, 0.9043047383829107, 0.90285950249976832, 0.90265304023074799, 0.90368535157584962, 0.90544028086252248, 0.90585320540056324, 0.90502735632448184, 0.90533704972801232, 0.90647259220762422, 0.90595643653507341, 0.90564674313154292, 0.90440796951742086, 0.90533704972801232, 0.90636936107311405, 0.90554351199703265, 0.9043047383829107, 0.90564674313154292, 0.90554351199703265, 0.90729844128370551, 0.90544028086252248, 0.90647259220762422, 0.90740167241821568, 0.90688551674566487, 0.90554351199703265, 0.90843398376331741, 0.90409827611389038, 0.90451120065193102, 0.90698874788017503, 0.90616289880409373, 0.90719521014919535, 0.90616289880409373, 0.90698874788017503, 0.90760813468723611, 0.90709197901468519, 0.90729844128370551, 0.9067822856111547, 0.9067822856111547, 0.90605966766958357, 0.90574997426605308, 0.90688551674566487, 0.90616289880409373, 0.90657582334213438, 0.90378858271035989, 0.90771136582174627, 0.90554351199703265, 0.90771136582174627, 0.90771136582174627, 0.90347888930682929, 0.90802105922527676, 0.90698874788017503, 0.90502735632448184, 0.90595643653507341, 0.90647259220762422, 0.90698874788017503, 0.90698874788017503, 0.90564674313154292, 0.90595643653507341, 0.90771136582174627, 0.9067822856111547, 0.90760813468723611, 0.9067822856111547, 0.90667905447664454, 0.90750490355272584, 0.90771136582174627], "val_loss": [0.24808559093950849, 0.23309929031908322, 0.22797421824148198, 0.22338898786514477, 0.22174430384507449, 0.22007956079768731, 0.21860377679880749, 0.21835935966474077, 0.21708954422296944, 0.21762455633590622, 0.21692999887296607, 0.21638517104349997, 0.21540139299730182, 0.21487491506411341, 0.21477017286848429, 0.21513468369224731, 0.21561947902425149, 0.21361228126213008, 0.21381796481895585, 0.21674714782381496, 0.21475227881206427, 0.21375573381644672, 0.21414767907932594, 0.21476766427407215, 0.21428426868519054, 0.21315937271991406, 0.21327353674117364, 0.21429081167170072, 0.21457656545142856, 0.21449366968101646, 0.21406095351820403, 0.21498098736566398, 0.21300772984010388, 0.21441834157461032, 0.21492112578161363, 0.2136359243825135, 0.21383684728061181, 0.21368866813088075, 0.21420238848882919, 0.21435137871582466, 0.21336408499237972, 0.21314358652173346, 0.21320317813741468, 0.2145342295342362, 0.2146566982262888, 0.21295282548027927, 0.21337381088661067, 0.21311013656983227, 0.21331004967775163, 0.21431245756577544, 0.21529169518031779, 0.21370272331468163, 0.21301687903924538, 0.21448323248438611, 0.21409244263296442, 0.21802071006081231, 0.21380572442953291, 0.21476205924697567, 0.21385444136328946, 0.21365017176314358, 0.21361388831398515, 0.21437117961632698, 0.21354593403496658, 0.21456400342643278, 0.21472596516424108, 0.21459491825194826, 0.2143302756934955, 0.21529191731791311, 0.21387481900502914, 0.21320513004031949, 0.21298093608785024, 0.21351080312071244]}}