{"low_val_loss": 0.12762048474934681, "params": {"verbose": 1, "nb_epoch": 1000, "batch_size": 32, "metrics": ["loss", "acc", "val_loss", "val_acc"], "nb_sample": 94030, "do_validation": true}, "results": {"acc": [0.94370945443450849, 0.94792087631606936, 0.94904817612414838, 0.95016484101326004, 0.95079230033475315, 0.95109007763986853, 0.95144102946375453, 0.95197277464638941, 0.95172817186511582, 0.95144102945868336, 0.95168563224502822, 0.95208975858895251, 0.95199404445896885, 0.95208975859275591, 0.95218547272147191, 0.95213229820270129, 0.95253642454535792, 0.95249388493541254, 0.95241944060406258, 0.95233436137910066, 0.95216420291396364, 0.95273848772175729, 0.95250451983916662, 0.95262150377539079, 0.95264277358416682, 0.95250451984423778, 0.95229182175901306, 0.95273848771668612, 0.95264277358797023, 0.95308943954057213, 0.95306816973813502, 0.95302563011804742, 0.95278102733170267, 0.95255769435413384, 0.95278102733677372, 0.95271721791424901, 0.95273848771668612, 0.95270658300542377, 0.95253642455550014, 0.95291928108050628, 0.95274912262551137, 0.95263213868041274, 0.95248325003165835, 0.95284483675929854, 0.9527597575241944, 0.95265340848665314, 0.95277039243301964, 0.95279166223545675, 0.95263213867914498, 0.95279166223545675, 0.95254705945418305, 0.95292991598933141, 0.95285547165798146, 0.95275975753053332, 0.95297245559927679, 0.95265340848665314, 0.95335531213949631, 0.95292991598426036, 0.9531107093480804, 0.95355737530575346, 0.95342975647084627, 0.95332340742316279, 0.95345102626948008, 0.95322769328937573, 0.95313197915558867, 0.95339785174944169, 0.95296182069679047, 0.95341912155694986, 0.95340848665319577, 0.95338721685075867, 0.95391896203339355, 0.95316388387699325, 0.95361054982452409, 0.95335531213949631, 0.95321705838562165, 0.95339785175958391, 0.95339785174944169, 0.95358928001701582, 0.95353610550331636, 0.95363181963710342, 0.95324896310195506, 0.95335531213949631, 0.95340848665319577, 0.95339785175197722, 0.95354674040833831, 0.95355737530575346, 0.95344039136445813, 0.95331277252447977, 0.95336594704832156, 0.95287674146675749, 0.95319578857811338, 0.95321705838562165, 0.95359991492077001, 0.95356801020950765, 0.95356801020950765, 0.95312134426197681, 0.95329150271190044, 0.95315324896309683, 0.95269594810166969, 0.95345102626821232, 0.95359991492584106, 0.95344039136445813, 0.95338721685582983, 0.95344039137079706, 0.95330213761565463, 0.95328086781828858, 0.95317451877567627, 0.95318515367943035, 0.95359991492077001], "loss": [0.16794560584669022, 0.1409008365430712, 0.13836391065224149, 0.13670945406898238, 0.13563881634803804, 0.13476312032858259, 0.13450935491251081, 0.13393612783630007, 0.1339247362857155, 0.13342491988275695, 0.13323338451609767, 0.13325656037989619, 0.13283605462951026, 0.13293413875154469, 0.13274076780232802, 0.13259605455778734, 0.13256331695326717, 0.13244675080817164, 0.13230637565380357, 0.13227439725270973, 0.13217348734169049, 0.13214521413278951, 0.13210215120160629, 0.13211619527583601, 0.13207817520472034, 0.13196978413807031, 0.1319423549393067, 0.13176997442610225, 0.13168084905744804, 0.13172289976493787, 0.13162123587528823, 0.13158631007347818, 0.13161535066912292, 0.13147419420985432, 0.13161574131115364, 0.1315351875759776, 0.13132700781821952, 0.13136115909972926, 0.13137683252140675, 0.13136728238700668, 0.13116136335773848, 0.13116686035379074, 0.1310918835952195, 0.1312782467517728, 0.13116164147468765, 0.13121219512895677, 0.1311417188319097, 0.13124331093878489, 0.13109033259368127, 0.13115424868462253, 0.13104408414350802, 0.13101966815540972, 0.13093652920794496, 0.13071361147925079, 0.13013114716275681, 0.12944416400173123, 0.12884840844689335, 0.12839579561993275, 0.12803797141108933, 0.12793257420807902, 0.1276505505469433, 0.12738973218921898, 0.1271654093860122, 0.12734735253186069, 0.12713708410822597, 0.12713140510240539, 0.12689553998425757, 0.12664029112660757, 0.12667756544844649, 0.12664719425679824, 0.12657782203484871, 0.12662732696502776, 0.12647466784907482, 0.12656792258501282, 0.12634153844921192, 0.12638812290361356, 0.12645630182304762, 0.12649876659550427, 0.12635740690423772, 0.12636322774786168, 0.12634093747561909, 0.12631028663106741, 0.12626579520299019, 0.12628396957887686, 0.1262156426353517, 0.12619448299548935, 0.12617065585435774, 0.12628684898018899, 0.12618112271103113, 0.12615430828270652, 0.1260338544042324, 0.12599461809930607, 0.12619361925418929, 0.12610844739695046, 0.12617952906377364, 0.12610022154536943, 0.12605798028565576, 0.12613122198115834, 0.12614431455723468, 0.12598177219229875, 0.12600344061189087, 0.12606824889413021, 0.12605223323906989, 0.12614848797028208, 0.12598976832353459, 0.125977456102178, 0.12602518546772068, 0.1260774622185489, 0.12595776019040086], "val_acc": [0.94802833078101068, 0.95019780500255235, 0.95144206227667172, 0.95163348647269019, 0.95147396630934145, 0.95169729453802965, 0.95067636549259826, 0.95188871873404801, 0.95262251148545174, 0.95306916794282792, 0.95348392036753449, 0.9524629913221031, 0.95306916794282792, 0.95259060745278201, 0.95389867279224094, 0.95306916794282792, 0.95310107197549765, 0.95319678407350694, 0.95370724859622258, 0.95294155181214901, 0.95265441551812147, 0.95236727922409392, 0.95402628892291985, 0.95329249617151612, 0.95383486472690149, 0.95243108728943338, 0.95364344053088312, 0.95338820826952531, 0.95389867279224094, 0.9539624808575804, 0.95354772843287394, 0.95303726391015819, 0.9524629913221031, 0.95294155181214901, 0.95367534456355285, 0.95338820826952531, 0.95335630423685558, 0.95313297600816749, 0.95386676875957122, 0.95377105666156203, 0.9521120469627361, 0.95335630423685558, 0.95290964777947929, 0.95249489535477283, 0.95329249617151612, 0.95297345584481874, 0.95357963246554367, 0.95342011230219503, 0.95348392036753449, 0.9532605921388464, 0.95294155181214901, 0.95284583971413983, 0.95259060745278201, 0.95329249617151612, 0.95342011230219503, 0.95198443083205719, 0.95306916794282792, 0.95383486472690149, 0.95399438489025012, 0.95348392036753449, 0.95300535987748847, 0.95351582440020421, 0.95409009698825931, 0.95444104134762631, 0.95322868810617667, 0.95354772843287394, 0.9539624808575804, 0.95332440020418585, 0.95262251148545174, 0.95354772843287394, 0.95389867279224094, 0.95367534456355285, 0.95405819295558958, 0.95393057682491067, 0.95357963246554367, 0.95338820826952531, 0.95290964777947929, 0.95370724859622258, 0.95386676875957122, 0.95367534456355285, 0.95329249617151612, 0.9536115364982134, 0.95380296069423176, 0.95357963246554367, 0.95364344053088312, 0.95284583971413983, 0.95412200102092903, 0.95370724859622258, 0.9532605921388464, 0.95386676875957122, 0.95373915262889231, 0.95220775906074528, 0.9539624808575804, 0.95335630423685558, 0.95338820826952531, 0.95373915262889231, 0.95383486472690149, 0.95386676875957122, 0.95440913731495658, 0.95367534456355285, 0.95389867279224094, 0.95418580908626849, 0.95373915262889231, 0.95409009698825931, 0.95469627360898413, 0.95354772843287394, 0.95424961715160794, 0.95389867279224094, 0.95338820826952531],