{"low_val_loss": 0.21575403368865617, "params": {"verbose": 1, "nb_epoch": 1000, "batch_size": 32, "metrics": ["loss", "acc", "val_loss", "val_acc"], "nb_sample": 29058, "do_validation": true}, "results": {"acc": [0.83990639410833501, 0.87524950099800403, 0.89307591713125478, 0.89658613806869025, 0.89885745749879553, 0.90174822768256591, 0.90095670727510502, 0.9020579530593984, 0.9019547112671209, 0.90240209236699021, 0.9026085759515452, 0.90305595705141439, 0.90343451028976529, 0.9020579530593984, 0.90343451028976529, 0.9030903709821736, 0.90278064560534099, 0.9029871291898961, 0.9030903709821736, 0.90253974809002679, 0.9031247849129328, 0.90302154312065519, 0.90333126849748779, 0.90305595705141439, 0.9030903709821736, 0.90253974809002679, 0.9029527152591369, 0.90384747745887539, 0.90384747745887539, 0.9032280267052103, 0.9029871291898961, 0.90453575607405878, 0.90346892422052449, 0.90278064560534099, 0.90302154312065519, 0.9030903709821736, 0.90305595705141439, 0.90360657994356119, 0.90278064560534099, 0.90315919884369189, 0.9023332645054718, 0.9026429898823044, 0.9027462316745819, 0.90302154312065519, 0.90350333815128359, 0.90240209236699021, 0.90377864959735699, 0.90326244063596939, 0.9028494734668594, 0.90343451028976529, 0.90291830132837769, 0.90350333815128359, 0.9026429898823044, 0.9028150595361002, 0.90360657994356119, 0.9030903709821736, 0.9030903709821736, 0.903365682428247, 0.90326244063596939, 0.9032280267052103, 0.90374423566659778, 0.90278064560534099, 0.90384747745887539, 0.90353775208204279, 0.90291830132837769, 0.903365682428247, 0.90357216601280199, 0.90370982173583869, 0.90377864959735699, 0.9024709202285085, 0.90333126849748779, 0.903365682428247, 0.9027462316745819, 0.90353775208204279, 0.90353775208204279, 0.90319361277445109, 0.90384747745887539, 0.90353775208204279, 0.90315919884369189, 0.90305595705141439, 0.90405396104343039, 0.90484548145089128, 0.90432927248950379, 0.90364099387432029, 0.90329685456672859, 0.90412278890494868, 0.90391630532039369, 0.90305595705141439, 0.90457017000481799, 0.90474223965861378, 0.90422603069722629, 0.90315919884369189, 0.90343451028976529, 0.903365682428247, 0.90422603069722629, 0.90412278890494868, 0.90457017000481799, 0.90388189138963448, 0.90470782572785469, 0.90353775208204279, 0.90353775208204279, 0.90422603069722629, 0.90415720283570788, 0.90484548145089128, 0.90401954711267118, 0.90429485855874459, 0.90429485855874459, 0.90381306352811619, 0.90415720283570788, 0.90343451028976529, 0.90436368642026288, 0.90326244063596939, 0.90412278890494868, 0.90429485855874459], "loss": [0.36606252167246461, 0.25506158447641408, 0.23974089519861014, 0.23285602590149815, 0.22894585468385248, 0.22653350205263176, 0.22498572397710709, 0.22387273690078485, 0.22322518132720343, 0.22272320800456452, 0.2223723973240197, 0.22205379072742654, 0.22166305104530443, 0.22158479402097522, 0.22137082398442376, 0.22147501108494747, 0.22129670588351041, 0.22100706083161742, 0.22095232208571447, 0.22096013948521337, 0.22084714977614395, 0.22090907903661597, 0.22067695401952012, 0.2205600474101316, 0.22063480829195053, 0.22034733630234762, 0.22027250684442837, 0.22016054385502148, 0.22029281224163427, 0.22003213749780931, 0.22007057740663874, 0.22009242419095762, 0.22007996794222243, 0.2200203506269986, 0.22013349177069555, 0.22013163753661541, 0.21971171904349904, 0.21995855110702384, 0.21996704274619913, 0.21988352460834007, 0.21996270139938262, 0.21972593597637516, 0.21991336586233826, 0.21963929361870485, 0.21981639087918609, 0.21960769387874726, 0.2198621641899125, 0.21951741548702031, 0.21976616592603818, 0.21954666341776299, 0.21971970248701519, 0.21964014009932492, 0.21956639908630035, 0.2194182071921339, 0.2196574714533501, 0.21961501770272168, 0.21965999786733506, 0.21944943632038488, 0.21944014859655717, 0.21949770360091769, 0.21958520498760831, 0.219438832824293, 0.21939512261120483, 0.21950841459127524, 0.21947233075048717, 0.21933823336966804, 0.21936907382987472, 0.21945328461679986, 0.21920597552650625, 0.21919544203982774, 0.21931365685601495, 0.21913418114394045, 0.2193463623915497, 0.2192550932961474, 0.21917551756683978, 0.21925762404848403, 0.21908419899720927, 0.21928001287036167, 0.21914998276990044, 0.21899188795587923, 0.21901952472788602, 0.21913799974803025, 0.21903697791788104, 0.2190942163743585, 0.21895347607505813, 0.21886601298073136, 0.21903119404327556, 0.21894884492256611, 0.21895058812766238, 0.21910390065430002, 0.21876003875096706, 0.21910019700181912, 0.21896464192159196, 0.21896306821518505, 0.21887731040217914, 0.2188450996989319, 0.21879329955194682, 0.21899371589216365, 0.21891382220516892, 0.21903136529690451, 0.21885558729186849, 0.21880943300142874, 0.21884942192299539, 0.21852130680031226, 0.2186682005345891, 0.2187721772641569, 0.21884525626013634, 0.21877479813216075, 0.21869649811689273, 0.21872366679490937, 0.21859924881364254, 0.21846909166588507, 0.21870053584976956, 0.21861492286603756], "val_acc": [0.83606895842861806, 0.88964591730707898, 0.89418808720091414, 0.89738825237072939, 0.89780117690877004, 0.89862702598485145, 0.90038195527152431, 0.90172396002015642, 0.90100134207858529, 0.90254980909623783, 0.90213688455819718, 0.90203365342368702, 0.90131103548211577, 0.90244657796172767, 0.90368535157584962, 0.90327242703780897, 0.90306596476878864, 0.90234334682721751, 0.90275627136525816, 0.90461443178644119, 0.90110457321309545, 0.90234334682721751, 0.90244657796172767, 0.90378858271035989, 0.90471766292095135, 0.90182719115466659, 0.90275627136525816, 0.90141426661662594, 0.90399504497938021, 0.90193042228917686, 0.9015174977511361, 0.90378858271035989, 0.90482089405546151, 0.90244657796172767, 0.90337565817231913, 0.9031691959032988, 0.9015174977511361, 0.90306596476878864, 0.90296273363427848, 0.90285950249976832, 0.90296273363427848, 0.90306596476878864, 0.90368535157584962, 0.90265304023074799, 0.90234334682721751, 0.90368535157584962, 0.90337565817231913, 0.90296273363427848, 0.90224011569270735, 0.90285950249976832, 0.90234334682721751, 0.90399504497938021, 0.90378858271035989, 0.90306596476878864, 0.90275627136525816, 0.90337565817231913, 0.90347888930682929, 0.89996903075809587, 0.90244657798633987, 0.90265304023074799, 0.90234334682721751, 0.9043047383829107, 0.90234334685182971, 0.90399504497938021, 0.90244657796172767, 0.90193042228917686, 0.90244657798633987, 0.90162072888564626, 0.90120780434760561, 0.90182719115466659, 0.90306596476878864, 0.90182719115466659, 0.90368535157584962, 0.90234334685182971, 0.90389181384487005, 0.9015174977757483, 0.90389181386948225, 0.90254980909623783, 0.90193042228917686, 0.90193042231378906, 0.90440796951742086, 0.90306596476878864, 0.9026530402553602, 0.9018271911792789, 0.90471766292095135, 0.90265304023074799, 0.90120780434760561, 0.90347888930682929, 0.90203365344829922, 0.9026530402553602, 0.90316919592791101, 0.90172396002015642, 0.90275627136525816, 0.90234334682721751, 0.90306596479340084, 0.90337565817231913, 0.9015174977757483, 0.9018271911792789, 0.90306596479340084, 0.90275627138987036, 0.90193042231378906, 0.9026530402553602, 0.90296273363427848, 0.90285950249976832, 0.90254980912085003, 0.90244657798633987, 0.90378858271035989, 0.90224011571731955, 0.90285950249976832, 0.90193042228917686, 0.90224011571731955, 0.90224011571731955, 0.90358212044133945, 0.90296273363427848],