{"low_val_loss": 0.13368215481215834, "params": {"verbose": 1, "nb_epoch": 1000, "batch_size": 32, "metrics": ["loss", "acc", "val_loss", "val_acc"], "nb_sample": 94030, "do_validation": true}, "results": {"acc": [0.94349675635435504, 0.94568754652770393, 0.94737849622968029, 0.9480378602573647, 0.9490907157290227, 0.94992023822691518, 0.94962246092687097, 0.95000531746201933, 0.9501223013982435, 0.95032436456450065, 0.95060087206210786, 0.95046261831330425, 0.95055833244709131, 0.95079230032968198, 0.95083483994469853, 0.95080293523977499, 0.95091991917980256, 0.9508242050460155, 0.95078166543099907, 0.95096245878974794, 0.95066468148463257, 0.95101563330851857, 0.95081357014733248, 0.95087737956478613, 0.9510156333148575, 0.95127087100368857, 0.95105817292353501, 0.95131341061363395, 0.95124960119110924, 0.95131341061363395, 0.95090928427604848, 0.95114325215863915, 0.9509730936947699, 0.95107944273104328, 0.95104753801978092, 0.95113261725488496, 0.95107944273104328, 0.95135595022865038, 0.95130277571621868, 0.95105817292353501, 0.95080293523343618, 0.9511857917698523, 0.95115388706239323, 0.95134531532996747, 0.95102626821734382, 0.95151547379003332, 0.95104753801978092, 0.95129214080866131, 0.95133468042114222, 0.9512921408124646, 0.95141975965624626, 0.95087737956478613, 0.95109007763986853, 0.95126023609486332, 0.9513453153248963, 0.95130277570987987, 0.95123896628735505, 0.95100499840983554, 0.95123896628735505, 0.95140912474742101, 0.95118579177365559, 0.95182388599890289, 0.95122833138360097, 0.95121769648111465, 0.95136658513240457, 0.95120706157609269, 0.95140912474742101, 0.95135595022865038, 0.95153674359754159, 0.95136658513747563, 0.9516962671487823, 0.95157928321255814, 0.95140912475249217, 0.95187706051260235, 0.95188769541635643, 0.95179198128256937, 0.95168563225009928, 0.95160055301499524, 0.95174944167262399, 0.95167499735141625, 0.95189833032011062, 0.95193023503644403, 0.95165372753883692, 0.9517388067688699, 0.95163245773132865, 0.95179198128256937, 0.95214293310645537, 0.95173880676379874, 0.9516962671487823, 0.95180261618632356, 0.9517707114750612, 0.95216420292410586, 0.95200467935765176, 0.95182388599383172, 0.95198340955521465, 0.95194086994526927, 0.95164309263001168, 0.95203658407398528, 0.95200467936272293, 0.9519089652238647, 0.95194086993512705, 0.95197277464638941, 0.95218547272273968, 0.95164309263001168, 0.95206848878017658, 0.95200467935765176, 0.95189833032518167, 0.95206848878017658, 0.95210039349143893, 0.95191960013268995, 0.95191960013268995, 0.95184515581148221, 0.95154737849622462, 0.95172817186004466, 0.95213229820777234, 0.95206848878017658, 0.95196213974263533, 0.95213229820270129], "loss": [0.17718196520879967, 0.14420121269946157, 0.14143672687194961, 0.13951268615265494, 0.13805510074068203, 0.13744919199354277, 0.13690159241848648, 0.13674193651948371, 0.13630557542916982, 0.13608946805929018, 0.13578466427008623, 0.1356385998874364, 0.13541408267621347, 0.13527778348552982, 0.1350281547566817, 0.1350131124134433, 0.13490603199813209, 0.13463229201936119, 0.13475037710338048, 0.13479645004947427, 0.13455463821025024, 0.13469804027185633, 0.13459750647387911, 0.13455846747584538, 0.13447682924753274, 0.1343856788052088, 0.13444938389836988, 0.13439117736237285, 0.13436136108391383, 0.13421061570725137, 0.13442664172064175, 0.13433492582956552, 0.13439760784082028, 0.13421753138639719, 0.13425447550172104, 0.13436875129495923, 0.13426826314401033, 0.13412998173986865, 0.13429183446256757, 0.13408666300560318, 0.13416979076998653, 0.13419005921561958, 0.13404010797556723, 0.13404240524161562, 0.13416963047858541, 0.13412626883688347, 0.13413789786836586, 0.1340709380357808, 0.13423666610805124, 0.13408870277418222, 0.13397833304853118, 0.13410446414567304, 0.13403570344254626, 0.13396914269405516, 0.13390764696940527, 0.13401564631666971, 0.13403197883688825, 0.13391133072679759, 0.13413121827357971, 0.13392021824841194, 0.133850604620916, 0.13400637345416463, 0.13401586474997559, 0.13399841748665309, 0.13382726436163736, 0.13387732297660671, 0.13394407560793525, 0.13365077639675502, 0.13390647132089514, 0.13380214499927107, 0.13379191961414785, 0.13374136663505046, 0.13372046600804993, 0.13371074169233962, 0.13366187727367018, 0.13357261283778579, 0.13357680289907353, 0.13364240657084547, 0.13356482560132191, 0.13358474162795575, 0.13330411382814258, 0.13351062208613754, 0.1334659200525786, 0.13337496455509612, 0.1334276034917766, 0.13338177358706074, 0.13341313054285747, 0.13346785361765959, 0.13336671160893163, 0.1332743054957678, 0.13341638997746258, 0.13320647738600594, 0.13324552327774819, 0.13325311847432844, 0.13316203651340239, 0.13316983672947019, 0.13315081622934488, 0.13307867902277074, 0.13305890321871022, 0.13307323670140528, 0.13298085908360219, 0.13316367019324826, 0.13305437959826502, 0.1330932590467466, 0.13302455234166904, 0.13307725424752215, 0.13301019173162637, 0.13298647181847736, 0.13288731052813904, 0.1329974450029161, 0.13303024713665099, 0.13299831226888037, 0.13299880392105021, 0.13288989700826653, 0.13298027371724438, 0.13294160936250024, 0.1329227252273335, 0.13285635964578293], "val_acc": [0.94448698315467072, 0.94930449208779988, 0.94933639612046961, 0.9501339969372129, 0.95112302194997445, 0.94869831546707506, 0.95156967840735074, 0.95201633486472692, 0.95141015824400199, 0.95141015824400199, 0.95147396630934145, 0.95230347115875447, 0.95198443083205719, 0.95230347115875447, 0.95233537519142419, 0.95204823889739665, 0.95230347115875447, 0.95230347115875447, 0.95249489535477283, 0.95303726391015819, 0.95249489535477283, 0.95042113323124044, 0.95153777437468101, 0.95144206227667172, 0.95233537519142419, 0.95188871873404801, 0.95134635017866254, 0.95208014293006638, 0.9521120469627361, 0.95121873404798363, 0.95160158244002047, 0.95223966309341501, 0.95268631955079119, 0.9524629913221031, 0.95185681470137828, 0.95223966309341501, 0.95284583971413983, 0.95316488004083721, 0.95259060745278201, 0.95223966309341501, 0.95239918325676365, 0.95300535987748847, 0.95271822358346092, 0.95112302194997445, 0.95259060745278201, 0.95169729453802965, 0.95070826952526799, 0.95255870342011228, 0.95188871873404801, 0.9521120469627361, 0.95236727922409392, 0.95214395099540583, 0.95220775906074528, 0.95236727922409392, 0.95262251148545174, 0.95230347115875447, 0.95262251148545174, 0.95220775906074528, 0.95214395099540583, 0.95172919857069938, 0.95179300663603883, 0.95268631955079119, 0.95064446145992854, 0.95284583971413983, 0.95236727922409392, 0.95300535987748847, 0.95310107197549765, 0.95214395099540583, 0.95278203164880038, 0.95275012761613065, 0.95185681470137828, 0.95192062276671774, 0.95220775906074528, 0.95294155181214901, 0.95243108728943338, 0.95290964777947929, 0.9528139356814701, 0.95316488004083721, 0.9528139356814701, 0.95313297600816749, 0.94981495661051552, 0.95249489535477283, 0.95217585502807556, 0.95249489535477283, 0.95287774374680956, 0.95290964777947929, 0.95294155181214901, 0.9528139356814701, 0.95370724859622258, 0.95259060745278201, 0.95214395099540583, 0.95351582440020421, 0.95268631955079119, 0.95278203164880038, 0.95335630423685558, 0.95332440020418585, 0.95300535987748847, 0.95271822358346092, 0.95310107197549765, 0.95380296069423176, 0.95319678407350694, 0.95255870342011228, 0.95275012761613065, 0.95338820826952531, 0.95294155181214901, 0.95239918325676365, 0.9532605921388464, 0.95329249617151612, 0.95287774374680956, 0.95287774374680956, 0.95306916794282792, 0.95268631955079119, 0.95287774374680956, 0.95294155181214901, 0.95217585502807556, 0.95290964777947929, 0.95262251148545174, 0.95316488004083721],