{"low_val_loss": 0.13246944889468068, "params": {"verbose": 1, "nb_epoch": 1000, "batch_size": 32, "metrics": ["loss", "acc", "val_loss", "val_acc"], "nb_sample": 94030, "do_validation": true}, "results": {"acc": [0.94344358183558441, 0.94663405296182068, 0.94882484314024074, 0.94978198447811168, 0.95016484100818888, 0.95101563330851857, 0.95093055407848559, 0.95146229927633386, 0.95132404552245919, 0.95210039349143893, 0.95186642560884827, 0.95201531426647701, 0.95170690205760755, 0.95203658407398528, 0.9516962671487823, 0.95217483782278889, 0.95194086993512705, 0.95256832925662027, 0.95246198022922124, 0.95260023396915039, 0.95231309156652133, 0.9528235669467191, 0.95249388493034137, 0.9525683292591558, 0.95223864724024243, 0.95238753590294245, 0.95248325003419398, 0.9524194406142048, 0.95265340848665314, 0.95244071041790968, 0.9524726151228331, 0.95237690098904604, 0.95261086887670787, 0.95272785281293204, 0.95257896417051657, 0.9524726151228331, 0.95295118579683968, 0.9531851536743593, 0.95234499627778368, 0.95249388493034137, 0.95244071041664191, 0.95266404339040733, 0.95296182070059388, 0.95291928108050628, 0.95264277358289906, 0.95271721790917796, 0.95263213868041274, 0.95277039242921635, 0.9525151547429207, 0.95288737636924381, 0.95281293204296502, 0.95274912262170808, 0.95269594810166969, 0.95295118579683968, 0.95282356695179027, 0.95268531319791561, 0.95280229713921094, 0.95296182070059388, 0.95270658300542377, 0.95256832925662027, 0.95272785281293204, 0.95272785281293204, 0.95306816973433173, 0.95282356694798687, 0.95252578964160373, 0.9527597575241944, 0.95269594810166969, 0.95302563012818964, 0.95246198021907902, 0.95297245559927679, 0.95272785281293204, 0.95267467829416141, 0.9527597575241944, 0.95264277358797023, 0.95269594811181191, 0.95257896416037435, 0.95255769435793725, 0.95285547166305262, 0.95255769435793725, 0.952547059449112, 0.95299372540678506, 0.95287674147563195, 0.95299372540678506, 0.95255769435793725, 0.95285547166305262, 0.95277039242794848, 0.95265340849172431, 0.95274912262551137], "loss": [0.17837479964709246, 0.14280383400519986, 0.13933634834347616, 0.13745411217504266, 0.13638934584154824, 0.13538220821131319, 0.13472325140845073, 0.13443468767924979, 0.13413988008887592, 0.13371207265730653, 0.13354018547178095, 0.13341989521886849, 0.13328521786887354, 0.13328358602564372, 0.13299967895321271, 0.13284724009591037, 0.13286699831436621, 0.13249766222358472, 0.13257129847572344, 0.13260501838581087, 0.1323468532688194, 0.13223652689769511, 0.13211546598617782, 0.13226372749088774, 0.13206776610046617, 0.13199415339423815, 0.1317851809281422, 0.13200655130297659, 0.13174061133679488, 0.13178811578624214, 0.13172164360457667, 0.13187838033943858, 0.13166907997787042, 0.13173240078556706, 0.13159939943634802, 0.13154441622261873, 0.13154274603667113, 0.13145851293139182, 0.13158638075154144, 0.13141284847270931, 0.13155989842751831, 0.13142745433981198, 0.13144198060954845, 0.13142004044950134, 0.13135088127045813, 0.1314429042498558, 0.13131793339550654, 0.13128230869152008, 0.13129906724386869, 0.13113509735157297, 0.13124573652565283, 0.13120352039277067, 0.1312350438388151, 0.13123042966113069, 0.13124937355901845, 0.13117417064295808, 0.13113773711442497, 0.13114345655959297, 0.13133446308452881, 0.1312442912665768, 0.13104212930449574, 0.13104755628838585, 0.13105194835533274, 0.1310924467426354, 0.13093164001330915, 0.1310650301059009, 0.13102836770774215, 0.13111679193746101, 0.13104195975406643, 0.13104055287479074, 0.13099193623047597, 0.13108508354895776, 0.1310760727676574, 0.1309719429470739, 0.13098306806495971, 0.13082641467985309, 0.1310170479534814, 0.13101538907564994, 0.13079361595188849, 0.13094286863971116, 0.13083674432148226, 0.13092729329118372, 0.1308143532331302, 0.13094895852413327, 0.13083079572254758, 0.13095476724303276, 0.13067899561018356, 0.13084847926760715], "val_acc": [0.94448698315467072, 0.94908116385911179, 0.94895354772843288, 0.95093159775395608, 0.9511868300153139, 0.95147396630934145, 0.95185681470137828, 0.95195252679938747, 0.95265441551812147, 0.95214395099540583, 0.9524629913221031, 0.95239918325676365, 0.95294155181214901, 0.9528139356814701, 0.95166539050535992, 0.9521120469627361, 0.95287774374680956, 0.95313297600816749, 0.95329249617151612, 0.95275012761613065, 0.95297345584481874, 0.95077207759060745, 0.95259060745278201, 0.95332440020418585, 0.95354772843287394, 0.95236727922409392, 0.95058065339458908, 0.95287774374680956, 0.95310107197549765, 0.95179300663603883, 0.95287774374680956, 0.95278203164880038, 0.95348392036753449, 0.9521120469627361, 0.95322868810617667, 0.95306916794282792, 0.95300535987748847, 0.95252679938744256, 0.95287774374680956, 0.95249489535477283, 0.95335630423685558, 0.95306916794282792, 0.9528139356814701, 0.95335630423685558, 0.95278203164880038, 0.95322868810617667, 0.95319678407350694, 0.95402628892291985, 0.95255870342011228, 0.9532605921388464, 0.95342011230219503, 0.9532605921388464, 0.95284583971413983, 0.95310107197549765, 0.95345201633486476, 0.95227156712608474, 0.95342011230219503, 0.95329249617151612, 0.95287774374680956, 0.95367534456355285, 0.95153777437468101, 0.95294155181214901, 0.95316488004083721, 0.95332440020418585, 0.95303726391015819, 0.95179300663603883, 0.95370724859622258, 0.95297345584481874, 0.95338820826952531, 0.95316488004083721, 0.95357963246554367, 0.9532605921388464, 0.95329249617151612, 0.95290964777947929, 0.95310107197549765, 0.95316488004083721, 0.95332440020418585, 0.95332440020418585, 0.95268631955079119, 0.95351582440020421, 0.95335630423685558, 0.95306916794282792, 0.95319678407350694, 0.95300535987748847, 0.95230347115875447, 0.95342011230219503, 0.95297345584481874, 0.95357963246554367], "val_loss": [0.14632504834827262, 0.14093534805017535, 0.13912546352757643, 0.13694597005220382, 0.13679137466367924, 0.13628239219227636, 0.13554686656000209, 0.13521035690661168, 0.13511624152716506, 0.13490658965781369, 0.13481269249499545, 0.13432230227904973, 0.1338322093532501, 0.13377937455169547, 0.13556807973593732, 0.13414439869994196, 0.13388855171339009, 0.13409239575057658, 0.1350097070120545, 0.13423776484345099, 0.13420976863650111, 0.1350819805723526, 0.13462970160221707, 0.1340351400972021, 0.13338950077844797, 0.13405844300601208, 0.13504282374937143, 0.13339147278625421, 0.133707159880079, 0.13402876103769432, 0.13328926524621848, 0.13473299666174277, 0.13326598985397342, 0.13387904349370322, 0.13313634839192254, 0.13328416864689574, 0.1330614345649285, 0.1336487973961768, 0.13335126948377926, 0.13383139417644146, 0.133879563181208, 0.13277363971887407, 0.13381410197313492, 0.1329713153142735, 0.13421522852769308, 0.1332983770514703, 0.13343780461343166, 0.13347691161754852, 0.13334617777734675, 0.13326091204559304, 0.13356382475006848, 0.13331995174885861, 0.13385235549308713, 0.13279014422010105, 0.13310140049852329, 0.13356249450385996, 0.13294492502216176, 0.13359088037446362, 0.13328872098301733, 0.1324714176164728, 0.13375657341324626, 0.13246944889468068, 0.13348396766347018, 0.13336410391704959, 0.13270883681941939, 0.13446809439299481, 0.1335885700631379, 0.132965302351537, 0.13523828615531927, 0.13294899707917748, 0.13250982439532427, 0.1329323300115304, 0.13305379860122146, 0.13264283572664487, 0.13270394233278379, 0.1330260074925155, 0.13266100586145249, 0.13300841113038062, 0.13327017099505759, 0.13268734825819717, 0.13281971943574697, 0.13304323224695955, 0.13304962590812205, 0.13289353056350126, 0.13367741816164189, 0.13281485437396048, 0.13440758258203209, 0.13287389886077264]}}