{"low_val_loss": 0.13326270565782322, "params": {"verbose": 1, "nb_epoch": 1000, "batch_size": 32, "metrics": ["loss", "acc", "val_loss", "val_acc"], "nb_sample": 94030, "do_validation": true}, "results": {"acc": [0.94364564501198378, 0.94699563968692524, 0.94894182707646491, 0.94938849303413808, 0.94978198447811168, 0.94992023822184413, 0.95024992024329291, 0.95061150697093311, 0.95109007763986853, 0.95111134744230563, 0.9509943635010103, 0.95085610975727786, 0.95101563331866079, 0.95120706158116386, 0.95105817292860617, 0.95165372753503363, 0.95136658513747563, 0.95162182282757457, 0.95149420397745399, 0.95130277571495092, 0.95116452196614742, 0.95155801341012092, 0.95169626715385347, 0.95147293417501688, 0.95153674359754159, 0.95143039456000045, 0.9516005530200663, 0.95169626715892452, 0.95123896628735505, 0.95161118792382049, 0.95133468042621327, 0.95150483888120807, 0.95179198128256937, 0.95137722003615866, 0.95134531532616406, 0.9516749973463452, 0.95168563225009928, 0.95161118791874932, 0.95167499734127403, 0.95135595022865038, 0.95183452089758591, 0.95168563225009928, 0.95183452090265697, 0.95163245773132865, 0.95143039456000045, 0.95165372753376587, 0.95189833032011062, 0.9515792832138259, 0.95176007657637818, 0.95185579071016524, 0.95160055301499524, 0.95170690205253639, 0.95169626715385347, 0.95144102945868336, 0.95168563224502822, 0.95184515580133999, 0.9516962671487823, 0.95166436243751995, 0.95171753696136163, 0.95161118792382049, 0.95164309263001168, 0.95154737849622462, 0.9517707114750612, 0.95181325109007764, 0.9519940444640399, 0.95194086993512705, 0.95189833032518167, 0.95190896522893587, 0.95193023503137297, 0.95155801341012092, 0.95188769541635643], "loss": [0.17474967931339516, 0.14249806012655208, 0.13941311186846489, 0.1377365213676322, 0.13694013895810214, 0.13631584423945886, 0.13586872868001379, 0.13542704168474573, 0.13508735272296879, 0.13486549884451712, 0.13466623114592519, 0.13437840198264228, 0.13467172283949047, 0.13423682209292487, 0.13406312434979542, 0.133843492449921, 0.13401608242071222, 0.13391110167837544, 0.13388198826742922, 0.13370125136178415, 0.13369415208885901, 0.13355434862911658, 0.1336329850784885, 0.13355853214224489, 0.13344366154581463, 0.13346148338372893, 0.13374443525274321, 0.13347191225591143, 0.13347531606724614, 0.13341425612091853, 0.1335244596205746, 0.13349877990275941, 0.13346082264495876, 0.13339372416493692, 0.13333483083690847, 0.1334361176290855, 0.13329519986405874, 0.13339532665043868, 0.13340075754281322, 0.13332182496158568, 0.13337923916117961, 0.13324944240754302, 0.13328994702249464, 0.13325734064735709, 0.13333214833345183, 0.13329704436522577, 0.1331195558630002, 0.13320569776780652, 0.13304989778553694, 0.13305292000456667, 0.13316416614273438, 0.13307814914178517, 0.13312908807555679, 0.13312931041821868, 0.13318330605293377, 0.13314129723493284, 0.13323938117274309, 0.13311678748409456, 0.1330449845367298, 0.13316380737402281, 0.1330497829916058, 0.13297924660942562, 0.13297772246365291, 0.13304795555268831, 0.13309202859227509, 0.13297115665166465, 0.13292718118813954, 0.13307672323672731, 0.13315531660751259, 0.13294792267872554, 0.13295748078230721], "val_acc": [0.94448698315467072, 0.9480602348136804, 0.94984686064318535, 0.95134635017866254, 0.95134635017866254, 0.95093159775395608, 0.95099540581929554, 0.95156967840735074, 0.94965543644716688, 0.95287774374680956, 0.95125063808065335, 0.95249489535477283, 0.9524629913221031, 0.95182491066870856, 0.95182491066870856, 0.95169729453802965, 0.95255870342011228, 0.95265441551812147, 0.95163348647269019, 0.9524629913221031, 0.95093159775395608, 0.95227156712608474, 0.95275012761613065, 0.95150587034201128, 0.94975114854517606, 0.9524629913221031, 0.95303726391015819, 0.9511868300153139, 0.95265441551812147, 0.95332440020418585, 0.95163348647269019, 0.95271822358346092, 0.95275012761613065, 0.95115492598264417, 0.95204823889739665, 0.95322868810617667, 0.95236727922409392, 0.95236727922409392, 0.95271822358346092, 0.95217585502807556, 0.95239918325676365, 0.95259060745278201, 0.95179300663603883, 0.95319678407350694, 0.95287774374680956, 0.95342011230219503, 0.95319678407350694, 0.95316488004083721, 0.95249489535477283, 0.95230347115875447, 0.95278203164880038, 0.95255870342011228, 0.95287774374680956, 0.95204823889739665, 0.95259060745278201, 0.95255870342011228, 0.95255870342011228, 0.95153777437468101, 0.95316488004083721, 0.95322868810617667, 0.95297345584481874, 0.95297345584481874, 0.9517611026033691, 0.95144206227667172, 0.95255870342011228, 0.95275012761613065, 0.95268631955079119, 0.95233537519142419, 0.95275012761613065, 0.95243108728943338, 0.95064446145992854], "val_loss": [0.14555025527813775, 0.14062083472800596, 0.13816722163539752, 0.13795870390586126, 0.13765006870860466, 0.13702756774218611, 0.13606059793696651, 0.13590943238841993, 0.13638593952944991, 0.13638945655814538, 0.13721968442669416, 0.13543049232381044, 0.13508595466412196, 0.13458781615432092, 0.13562568523191323, 0.13493229263196374, 0.13429284226976529, 0.13463446453133823, 0.13471730612408542, 0.13476751561810496, 0.13659878299134676, 0.13444518723114832, 0.13434619084000587, 0.13460619349057362, 0.135980991495468, 0.13511173514960187, 0.13422722177843374, 0.13463859314754065, 0.13439778446287845, 0.13471609633178233, 0.13432541099101716, 0.1341123079758417, 0.13421108547527763, 0.13465721746730738, 0.13623972190139913, 0.13398089999691482, 0.13461048989982219, 0.13401228356431369, 0.13438063634691674, 0.13363130865575801, 0.13397112861275673, 0.13485599486247626, 0.13490403850475871, 0.13489917315440009, 0.13326270565782322, 0.1338163120287027, 0.13584668743802067, 0.13385283638451737, 0.13480485521918689, 0.13459539607893667, 0.13405918135227385, 0.13469039629374674, 0.13438647440071311, 0.1338746588051532, 0.13377732867703046, 0.13365195003861582, 0.13430560014347084, 0.1341740602276546, 0.13419428600484221, 0.13377213493206325, 0.13440788293094766, 0.13342454079338914, 0.13412244236757556, 0.13419810578230845, 0.1355181967857664, 0.1332754288315621, 0.13387407317962982, 0.13368799381486732, 0.13482264748804421, 0.1338809270272911, 0.13541741361494511]}}