{"low_val_loss": 0.21587452330898915, "params": {"verbose": 1, "nb_epoch": 1000, "batch_size": 32, "metrics": ["loss", "acc", "val_loss", "val_acc"], "nb_sample": 29058, "do_validation": true}, "results": {"acc": [0.83949342693922502, 0.88206345928831986, 0.89527840869984165, 0.89882304356803633, 0.89978663362929312, 0.90095670727510502, 0.902574162020786, 0.90202353912863931, 0.9026429898823044, 0.9022644366439535, 0.9027462316745819, 0.9026085759515452, 0.90302154312065519, 0.90340009635900609, 0.9019547112671209, 0.903365682428247, 0.90253974809002679, 0.9031247849129328, 0.9020579530593984, 0.9032280267052103, 0.90405396104343039, 0.90367540780507949, 0.90381306352811619, 0.9030903709821736, 0.90419161676646709, 0.90381306352811619, 0.90333126849748779, 0.9032280267052103, 0.90350333815128359, 0.90381306352811619, 0.90377864959735699, 0.90419161676646709, 0.90401954711267118, 0.90419161676646709, 0.90326244063596939, 0.90381306352811619, 0.90443251428178129, 0.90357216601280199, 0.90384747745887539, 0.90367540780507949, 0.90512079289696468, 0.90419161676646709, 0.90477665358937298, 0.90305595705141439, 0.90329685456672859, 0.90333126849748779, 0.90415720283570788, 0.90377864959735699, 0.90474223965861378, 0.90340009635900609, 0.90432927248950379, 0.90391630532039369, 0.90401954711267118, 0.90481106752013218, 0.90429485855874459, 0.90450134214329958, 0.90415720283570788, 0.90498313717392798, 0.90381306352811619, 0.90398513318191209, 0.90446692821254049, 0.90491430931240968, 0.90470782572785469, 0.90460458393557708, 0.90350333815128359, 0.90398513318191209, 0.90481106752013218, 0.90457017000481799, 0.90395071925115289, 0.90463899786633628, 0.90450134214329958, 0.90415720283570788, 0.90388189138963448, 0.90422603069722629, 0.90412278890494868], "loss": [0.35787010938288116, 0.24935738354822881, 0.23221405737332282, 0.22709422271117446, 0.22497478595570267, 0.22371859353947718, 0.22257821726460764, 0.22220390720831501, 0.22204668431709026, 0.22170009207576863, 0.22157383972036757, 0.2213683027718456, 0.2211557575566564, 0.22122650033174424, 0.22106709196484978, 0.22089812550244722, 0.22092680915676313, 0.22085112675032667, 0.22078020555514069, 0.22056484770090551, 0.22073304935468269, 0.22060189904559574, 0.22054349452973035, 0.22069716301145847, 0.22048417997094391, 0.22053750599689295, 0.22040085823433028, 0.22037082357885046, 0.22056698577446607, 0.22025630399441185, 0.22023777254384763, 0.22022325740570095, 0.22056848232687282, 0.22029982170519427, 0.22042479584981606, 0.22008694396791106, 0.22026899335924818, 0.22025724139042244, 0.22025481071132136, 0.22008493717128325, 0.22020111441349685, 0.21995245863717047, 0.21988747320324131, 0.21991955877730882, 0.22010750369994375, 0.21989101016071183, 0.21970329324861823, 0.21991693407606872, 0.21982047890677511, 0.2199151195486756, 0.21978825970666768, 0.21967513005857711, 0.21970562694334783, 0.21965691537717244, 0.21970037971879325, 0.21966065378611313, 0.21960876447625724, 0.21951378156026607, 0.21959902820365768, 0.21981177709330563, 0.21968567762050825, 0.21969820712354263, 0.21942276844786993, 0.21957382274988643, 0.21952211991020534, 0.21950746885932185, 0.21939522959432958, 0.21963432344453973, 0.21968593687727772, 0.21943613163928416, 0.2194384543602852, 0.2194222654226568, 0.21957261009956269, 0.2195145826043442, 0.21936178964814182], "val_acc": [0.83606895842861806, 0.8946010117389549, 0.89656240329464809, 0.89883348825387177, 0.9006916486750548, 0.90120780434760561, 0.89976256846446323, 0.90131103548211577, 0.90100134207858529, 0.90162072888564626, 0.90100134207858529, 0.90100134207858529, 0.90048518640603448, 0.90172396002015642, 0.90244657796172767, 0.90327242703780897, 0.90162072888564626, 0.90358212044133945, 0.90193042228917686, 0.90162072888564626, 0.90306596476878864, 0.90337565817231913, 0.90172396002015642, 0.90234334682721751, 0.90182719115466659, 0.90275627136525816, 0.90224011569270735, 0.90162072888564626, 0.90244657796172767, 0.90275627136525816, 0.90120780434760561, 0.90058841754054464, 0.90213688455819718, 0.90213688455819718, 0.90089811094407513, 0.90141426661662594, 0.90244657796172767, 0.90254980909623783, 0.90131103548211577, 0.90275627136525816, 0.90120780434760561, 0.90089811094407513, 0.90079487980956496, 0.90254980909623783, 0.90079487980956496, 0.90089811094407513, 0.9031691959032988, 0.9031691959032988, 0.90368535157584962, 0.90213688455819718, 0.90089811094407513, 0.90213688455819718, 0.90224011569270735, 0.90110457321309545, 0.90120780434760561, 0.90193042228917686, 0.90285950249976832, 0.90224011569270735, 0.90027872413701415, 0.90089811094407513, 0.90120780434760561, 0.90234334682721751, 0.90389181384487005, 0.90285950249976832, 0.90306596476878864, 0.90244657796172767, 0.90224011569270735, 0.90275627136525816, 0.90213688455819718, 0.90213688455819718, 0.90389181384487005, 0.90089811094407513, 0.90285950249976832, 0.90203365342368702, 0.90244657796172767], "val_loss": [0.26256322711198532, 0.23395087339443185, 0.22521864967633171, 0.22325782735207211, 0.22138103711059912, 0.21868250276991441, 0.21909788438283684, 0.21791716647416406, 0.21791513372934479, 0.2172507673849616, 0.2170696866805184, 0.21769670257138138, 0.21834507325528218, 0.21723376772740166, 0.21819572025031095, 0.21736275724573648, 0.21820746346365202, 0.21715393684911349, 0.21758755914158553, 0.21860038334892373, 0.21631544322326135, 0.21722226723054866, 0.21750036081047489, 0.21817481814369005, 0.21842176025775462, 0.21742771953095147, 0.216750356777418, 0.21677112532890136, 0.21610730193010041, 0.21634704022876641, 0.21944043825713058, 0.21778008667285861, 0.21648292051043885, 0.21684430292716667, 0.21743507338244566, 0.2178151007898208, 0.21645318493023985, 0.21665676846166532, 0.21672849130541888, 0.2166846881368599, 0.21700481656191581, 0.21713101683884223, 0.2167032174039234, 0.21626276985969142, 0.21703428043243106, 0.2170802465229196, 0.21652793447102778, 0.2164089406953085, 0.21587452330898915, 0.21626749074814722, 0.21739190704893668, 0.21727995237748393, 0.21704717591917155, 0.21714018248817654, 0.21676200958084393, 0.21726408217779511, 0.21661968980397162, 0.21665339588602101, 0.21847740650681552, 0.21761904853015684, 0.21727941619410929, 0.21632013017454174, 0.21707839748063693, 0.21672287249547895, 0.21622095769977895, 0.21615239059800787, 0.21698493573938077, 0.21661472810955132, 0.2160387214023631, 0.21590167897471435, 0.21641450266332538, 0.21890127961574304, 0.21614593516639527, 0.21678256271386817, 0.21620300298654174]}}