{"low_val_loss": 0.21190102897254481, "params": {"verbose": 1, "nb_epoch": 1000, "batch_size": 32, "metrics": ["loss", "acc", "val_loss", "val_acc"], "nb_sample": 29058, "do_validation": true}, "results": {"acc": [0.85935026498726685, 0.89830683460664873, 0.9023332645054718, 0.902367678436231, 0.90346892422052449, 0.9027462316745819, 0.90408837497418959, 0.90512079289696468, 0.90432927248950379, 0.90543051827379728, 0.90543051827379728, 0.90598114116594397, 0.90543051827379728, 0.90587789937366647, 0.90611879688898067, 0.90666941978112736, 0.90660059191960907, 0.90639410833505407, 0.90642852226581316, 0.90701355908871917, 0.90704797301947826, 0.90635969440429487, 0.90543051827379728, 0.90656617798884986, 0.90663500585036827, 0.90673824764264577, 0.90622203868125817, 0.90687590336568247, 0.90660059191960907, 0.90673824764264577, 0.90649735012733157, 0.90677266157340486, 0.90684148943492326, 0.90656617798884986, 0.90725445660403337, 0.90591231330442568, 0.90680707550416406, 0.90794273521921676, 0.90670383371188656, 0.90773625163466176, 0.90759859591162506, 0.90691031729644156, 0.90718562874251496, 0.90691031729644156, 0.90735769839631086, 0.90752976805010666, 0.90763300984238415, 0.90642852226581316, 0.90728887053479246, 0.90839011631908595, 0.90749535411934756, 0.90766742377314336, 0.90842453024984515, 0.90670383371188656, 0.90742652625782916, 0.90739211232706996, 0.90673824764264577, 0.90749535411934756, 0.90756418198086586, 0.90756418198086586, 0.90752976805010666, 0.90739211232706996, 0.90790832128845755, 0.90715121481175576, 0.90687590336568247, 0.90694473122720076, 0.90739211232706996, 0.90759859591162506, 0.90777066556542085, 0.90735769839631086, 0.90790832128845755, 0.90777066556542085, 0.90732328446555166, 0.90728887053479246, 0.90759859591162506, 0.90780507949618006, 0.90677266157340486, 0.90804597701149425, 0.90818363273453095, 0.90708238695023746, 0.90783949342693926, 0.90808039094225346, 0.90787390735769835, 0.90756418198086586, 0.90787390735769835, 0.90808039094225346, 0.90763300984238415, 0.90756418198086586, 0.90797714914997596, 0.90783949342693926, 0.90697914515795997, 0.90756418198086586, 0.90777066556542085, 0.90773625163466176, 0.90794273521921676, 0.90746094018858836, 0.90770183770390256, 0.90818363273453095, 0.90787390735769835, 0.90746094018858836, 0.90821804666529016, 0.90801156308073505, 0.90787390735769835, 0.90780507949618006, 0.90787390735769835, 0.90804597701149425, 0.90811480487301255, 0.90883749741895514, 0.90742652625782916, 0.90790832128845755, 0.90759859591162506, 0.90814921880377175, 0.90728887053479246, 0.90804597701149425, 0.90763300984238415, 0.90770183770390256, 0.90773625163466176, 0.90746094018858836, 0.90832128845756765, 0.90804597701149425, 0.90794273521921676, 0.90818363273453095, 0.90808039094225346, 0.90842453024984515, 0.90818363273453095, 0.90801156308073505, 0.90749535411934756, 0.90763300984238415, 0.90766742377314336, 0.90808039094225346, 0.90808039094225346], "loss": [0.32987298888286826, 0.230285944347249, 0.22443547177826745, 0.22183188930401773, 0.22097961296602983, 0.21987752275439762, 0.21918032806418219, 0.21849601457348153, 0.21761915542970414, 0.21718675358853867, 0.21660277550812237, 0.21653349682827427, 0.2160662885426014, 0.21554138358859057, 0.21553190372780046, 0.21539692915723491, 0.21507419340640166, 0.21500358110877962, 0.21479458729982975, 0.2144848229991109, 0.21434371375530534, 0.21423795899588191, 0.21414861388920392, 0.2137781475079048, 0.21380839701419507, 0.21372832377062456, 0.21371460830351385, 0.21336139965412954, 0.21348814184876347, 0.21302669208018102, 0.2129185695763452, 0.21279668065027849, 0.21270161881090088, 0.21256071908897015, 0.21266499898009328, 0.21239675844640876, 0.21244780350417786, 0.21227887571545165, 0.21267820641596374, 0.21228919955061118, 0.21199284841299007, 0.21202264238105403, 0.21171426704149957, 0.2117946417357072, 0.21192569666232522, 0.21167696680432874, 0.21176466893414209, 0.21170357209881266, 0.21151793243281322, 0.2113500619827019, 0.21153054556142267, 0.21134700566905604, 0.21139564195665655, 0.21114578085488506, 0.21121689379604974, 0.21102552615664169, 0.21094322064977994, 0.21111896408671676, 0.21075203875140647, 0.21094304102612252, 0.21083204055874072, 0.21087101653861329, 0.21071572773483158, 0.21087805511854349, 0.2106222765353809, 0.2107278065221117, 0.21062664153595753, 0.21064637671899436, 0.2108716553993617, 0.21058596594065429, 0.21039206893948337, 0.2104249212261905, 0.21060315879921154, 0.21033432731625792, 0.21028351555378416, 0.21017168819357163, 0.21055212249431376, 0.21035958698040347, 0.21030780405815855, 0.21015363314645863, 0.21016053378456875, 0.2100922877313971, 0.21057079305249388, 0.21047995536463071, 0.21016111967794024, 0.20999032037852, 0.20989261447358484, 0.21005988928342403, 0.21022583286978766, 0.21007222348040958, 0.21017224020316955, 0.2101042645350914, 0.21008569187172446, 0.21037325654192959, 0.21033764270513941, 0.21025400617130352, 0.21011119489629512, 0.20996825979871656, 0.21030974338123826, 0.21009622854034163, 0.20989093750649104, 0.21023311318136212, 0.21001885763793657, 0.21016191752924665, 0.20991439934113801, 0.2099158920457215, 0.20987615176032381, 0.20994249873222545, 0.20987635286407844, 0.21018955595061872, 0.20997178210979509, 0.20989123885437433, 0.21004172863299114, 0.20998316541748985, 0.20972960223694762, 0.2098543201762291, 0.20999998062637767, 0.20988380616514735, 0.20976967136299005, 0.20979692850571405, 0.20990059001249345, 0.20966165406187531, 0.2100530413144612, 0.20988215138498179, 0.20982269899838477, 0.2096296598797007, 0.20977702146363092, 0.20984257628231107, 0.20978905146411941, 0.2098270526650817, 0.20983522827594409],