{"low_val_loss": 0.13668456128805556, "params": {"verbose": 1, "nb_epoch": 1000, "batch_size": 32, "metrics": ["loss", "acc", "val_loss", "val_acc"], "nb_sample": 94030, "do_validation": true}, "results": {"acc": [0.94339040731681378, 0.94421992980963521, 0.94682548123446597, 0.94735722641710096, 0.94778262256726575, 0.94794214612357763, 0.94811230458364348, 0.94814420929744148, 0.94873976391020776, 0.94851643093137128, 0.94871849410269948, 0.94906944592151443, 0.94918642986280977, 0.94940976284164624, 0.94960119111555941, 0.94962246091672875, 0.95000531745694816, 0.94975007976684922, 0.94993087312559821, 0.95029245985830946, 0.95007976178322706, 0.95016484100818888, 0.9501223013906368, 0.95051579283207488, 0.95020738062320531, 0.95044134851213491, 0.95023928533446778, 0.9505476975484084, 0.95054769754333723, 0.95046261831330425, 0.95027119005080118, 0.95029245985323829, 0.95046261831457202, 0.95056896736098773, 0.9504307136020419, 0.95076039562349079, 0.95070722110472017, 0.95076039562475856, 0.95036690418458825, 0.95028182495455538, 0.95037753909341349, 0.95043071361218412, 0.95078166543607012, 0.95056896735084551, 0.95077103052724488, 0.95063277677844127, 0.95079230033475315, 0.95028182495962643, 0.95056896735084551, 0.95047325321832621, 0.95073912581598252, 0.95064341168219546, 0.95094118898223967, 0.95031372966581773, 0.95088801446854021, 0.95079230033475315, 0.95046261831457202, 0.95029245985323829, 0.950356269275763, 0.95053706263958315, 0.9508029352435784, 0.95044134850579598, 0.95068595129214084, 0.95024992023822186, 0.95063277677844127, 0.95054769754333723], "loss": [0.19792146666860322, 0.14745461363545456, 0.14390017133050431, 0.14235710190621181, 0.14143874784076779, 0.14098559586155146, 0.14033001093652467, 0.14006111732914159, 0.1397021303978877, 0.13965258022724131, 0.13930145147143938, 0.13909949368371249, 0.13887920079737551, 0.13861072734033955, 0.13848963810968282, 0.13819023754800697, 0.1380522991740474, 0.13781744620495245, 0.13751897012491399, 0.1374444139410394, 0.1373151462439158, 0.13717511384699885, 0.13718071523421904, 0.13706560821548669, 0.13700403769508576, 0.13689307442760387, 0.13688479651811178, 0.13693905303744602, 0.13676571277084407, 0.13669143113781387, 0.1368348469889368, 0.13672700657462816, 0.1366003395695769, 0.13670377283543586, 0.13661494278107808, 0.13661872859452742, 0.13677428544984402, 0.13664203736581257, 0.13677111608917683, 0.13647868388097589, 0.13657542933818573, 0.13666899565602952, 0.13660600188088318, 0.13658184575331561, 0.1366840267218162, 0.13664636362138408, 0.13659041941761779, 0.13660917520843185, 0.13661356746293085, 0.13655539711720002, 0.13647333388821464, 0.1365683818347122, 0.13664465343414642, 0.13655847104878979, 0.13657240328903619, 0.13657622122262547, 0.13662081918544774, 0.13658927433770363, 0.13657335394738482, 0.1364387919211735, 0.13656367289852642, 0.13659373703509281, 0.13654538796428009, 0.13646271994109041, 0.13644439223268293, 0.1364672731195728], "val_acc": [0.94448698315467072, 0.94793261868300149, 0.94815594691168958, 0.94930449208779988, 0.94959162838182742, 0.94943210821847879, 0.94940020418580906, 0.94965543644716688, 0.95093159775395608, 0.94975114854517606, 0.95035732516590099, 0.95125063808065335, 0.95010209290454317, 0.95074017355793772, 0.95115492598264417, 0.95080398162327717, 0.95105921388463499, 0.95112302194997445, 0.95128254211332308, 0.95102730985196526, 0.95169729453802965, 0.95182491066870856, 0.95169729453802965, 0.95105921388463499, 0.95169729453802965, 0.95192062276671774, 0.95089969372128635, 0.95249489535477283, 0.95156967840735074, 0.95208014293006638, 0.95195252679938747, 0.95275012761613065, 0.95223966309341501, 0.95125063808065335, 0.95089969372128635, 0.95134635017866254, 0.95156967840735074, 0.95160158244002047, 0.95147396630934145, 0.95172919857069938, 0.95188871873404801, 0.95067636549259826, 0.95147396630934145, 0.95064446145992854, 0.95208014293006638, 0.95099540581929554, 0.95093159775395608, 0.9511868300153139, 0.95153777437468101, 0.95217585502807556, 0.95074017355793772, 0.95227156712608474, 0.95163348647269019, 0.95252679938744256, 0.95144206227667172, 0.95156967840735074, 0.95131444614599281, 0.95223966309341501, 0.95109111791730472, 0.95093159775395608, 0.95259060745278201, 0.9517611026033691, 0.95134635017866254, 0.95160158244002047, 0.9521120469627361, 0.95214395099540583], "val_loss": [0.15140356975757327, 0.1448755881436751, 0.14258168861003723, 0.14166276380723991, 0.14104181641048166, 0.14063653363948456, 0.14102441774069838, 0.13986028108656437, 0.14013381452205048, 0.13939551776536513, 0.13934465777176475, 0.1390789555496954, 0.13884850127613929, 0.13850685569014154, 0.13891112030164784, 0.1377182545091894, 0.13753345603576847, 0.13764209383285703, 0.13834627641858405, 0.13759858768210842, 0.13708233162323361, 0.13714756934526565, 0.13741498525411788, 0.13744092519685527, 0.13672918296167594, 0.13716042984605992, 0.13717702835714593, 0.13686255680900133, 0.13677959722495767, 0.13712573435391437, 0.13679477407855151, 0.13751458909292194, 0.13774135395610679, 0.13686881353674554, 0.13701006967142687, 0.13719451923214276, 0.13722285377303819, 0.13776620744331539, 0.13674260566183169, 0.13668456128805556, 0.13710658345989515, 0.13736570522668351, 0.13758484229270507, 0.13711231182205275, 0.13712286283397565, 0.13729899663966855, 0.13723796306557348, 0.13719582433692043, 0.13714487047132909, 0.13797095332973583, 0.13796513504051566, 0.13729581551178491, 0.13730853182064476, 0.13713777794456561, 0.13701772594547745, 0.1375860954525977, 0.13925476837950801, 0.13698312855834802, 0.13688974776088947, 0.13755785998845052, 0.13692950694467595, 0.13694272259741855, 0.13744318082400006, 0.13713465145142056, 0.13694294521536615, 0.13682698213503397]}}