{"low_val_loss": 0.13331032407742455, "params": {"verbose": 1, "nb_epoch": 1000, "batch_size": 32, "metrics": ["loss", "acc", "val_loss", "val_acc"], "nb_sample": 94030, "do_validation": true}, "results": {"acc": [0.94335850260681919, 0.94372008933319151, 0.94714452834201845, 0.94834627247130532, 0.94906944592658549, 0.94960119111048824, 0.95001595236577341, 0.94997341274061464, 0.95005849197064762, 0.9501435712006806, 0.95018611082583937, 0.95031372966074656, 0.95080293523850723, 0.95089864936722324, 0.95056896735084551, 0.95052642773582896, 0.95083483994469853, 0.95114325216371021, 0.95100499840476449, 0.95113261725488496, 0.95090928427604848, 0.95112198235113088, 0.95104753801978092, 0.9513878549449839, 0.95115388705732218, 0.95170690205760755, 0.95176007658144923, 0.95131341061363395, 0.95151547378496226, 0.9516218228225034, 0.95138785494118061, 0.9516324577262576, 0.95187706051767351, 0.9517707114750612, 0.95189833032011062, 0.9518132510951488, 0.9519089652238647, 0.95140912475249217, 0.95151547378496226, 0.95176007657130701, 0.95185579070509407, 0.95150483888247595, 0.95165372753883692, 0.9518132510951488, 0.95190896522893587, 0.95174944167262399, 0.95188769542142759, 0.95193023503137297, 0.95220674252898008, 0.9516749973463452, 0.9520259491702312, 0.95210039350158115, 0.95204721897266831, 0.95184515580133999, 0.95183452090265697, 0.95208975859275591, 0.95216420291523141, 0.95211102839519302, 0.95187706051260235, 0.95196213974770649, 0.95188769541635643, 0.95239817079655431, 0.95170690205380415, 0.95195150483888125, 0.9519834095501436, 0.95213229820270129, 0.9521216632989471, 0.95210039349143893, 0.95206848878017658, 0.95231309157159238, 0.95218547272147191, 0.95215356801020956], "loss": [0.20210086146333325, 0.14733826338874018, 0.14243660522188062, 0.14009394461688596, 0.13874710794270045, 0.13763314636637528, 0.13706415918777817, 0.13652047357235414, 0.13610206613762638, 0.1357448173323762, 0.13550248065743309, 0.13519322279922719, 0.13497616113274957, 0.13496373847933585, 0.1347479536704696, 0.13471257708500031, 0.13453787453864832, 0.13444598705308636, 0.13438426316193314, 0.13423127996361181, 0.13415306083533937, 0.13411221284251715, 0.13401310159657898, 0.13380869885467411, 0.13371312829919296, 0.13370901838707236, 0.13361958742369923, 0.13363682657264717, 0.13356036856147718, 0.1334730034480732, 0.13346603185359968, 0.13344888921831435, 0.13343258122174168, 0.13340755947822461, 0.13325988895700647, 0.13332505904999387, 0.13332777817563327, 0.13320417854585104, 0.13317692305987394, 0.13322225211878147, 0.1332136984012437, 0.13311963339321262, 0.1331833749835217, 0.13314176822144796, 0.13321853986157137, 0.13314008231931554, 0.13306509225476643, 0.13304858533609082, 0.13304288220823313, 0.13316640410523561, 0.13306895594029278, 0.13312978009289914, 0.13294655686765544, 0.13300678608240782, 0.13298355598982428, 0.13301385084590442, 0.1330405066512651, 0.13294423961966173, 0.13299860735592736, 0.13285437255295923, 0.13302547350909361, 0.13288631653671684, 0.13300690101531926, 0.13295980728600115, 0.13296326607589354, 0.13286837347625963, 0.13291135156166836, 0.13291355148449066, 0.13288061188441394, 0.132848619868321, 0.1327879446606097, 0.13286844549702004], "val_acc": [0.94448698315467072, 0.94742215416028586, 0.94908116385911179, 0.94917687595712097, 0.95000638080653399, 0.94975114854517606, 0.95109111791730472, 0.9508358856559469, 0.95134635017866254, 0.95089969372128635, 0.95166539050535992, 0.95182491066870856, 0.95121873404798363, 0.95188871873404801, 0.95172919857069938, 0.95112302194997445, 0.95099540581929554, 0.95192062276671774, 0.9521120469627361, 0.9521120469627361, 0.9524629913221031, 0.95188871873404801, 0.95252679938744256, 0.95265441551812147, 0.9521120469627361, 0.95198443083205719, 0.95255870342011228, 0.95294155181214901, 0.95306916794282792, 0.95227156712608474, 0.95332440020418585, 0.95297345584481874, 0.95287774374680956, 0.95294155181214901, 0.95290964777947929, 0.9517611026033691, 0.95303726391015819, 0.95319678407350694, 0.95306916794282792, 0.95303726391015819, 0.95275012761613065, 0.95322868810617667, 0.95297345584481874, 0.95249489535477283, 0.95252679938744256, 0.95319678407350694, 0.95185681470137828, 0.95255870342011228, 0.9528139356814701, 0.9536115364982134, 0.95290964777947929, 0.95255870342011228, 0.95262251148545174, 0.95297345584481874, 0.95294155181214901, 0.95306916794282792, 0.95284583971413983, 0.95201633486472692, 0.95268631955079119, 0.95265441551812147, 0.95265441551812147, 0.95236727922409392, 0.95303726391015819, 0.95227156712608474, 0.95294155181214901, 0.95271822358346092, 0.95313297600816749, 0.95230347115875447, 0.95179300663603883, 0.95259060745278201, 0.95332440020418585, 0.9528139356814701], "val_loss": [0.1512303279105226, 0.14418526372438245, 0.14153607610675861, 0.14007165022251433, 0.13870254435280319, 0.13813390070215939, 0.1373348866968267, 0.13684564509779412, 0.13683999694918053, 0.13604979458369121, 0.1361956949002999, 0.13622382320577756, 0.1357198563015023, 0.13498053593620954, 0.13491885785836844, 0.13549046762451156, 0.13605977577737791, 0.13586266506358699, 0.13469443919594462, 0.13456931649105869, 0.13454201478357064, 0.13495594094972821, 0.13463846647055586, 0.13485727031706182, 0.13475382469229366, 0.1344108808416761, 0.13384989570710293, 0.13390270505631044, 0.13387414184933782, 0.13539205245662247, 0.13386985523632863, 0.13389299574891422, 0.13385960860667545, 0.13388883834871149, 0.13444281900192231, 0.13398797277811841, 0.13381766688864014, 0.13385903069605901, 0.13365082415662261, 0.13360018883377786, 0.13397371439589353, 0.1338782804519425, 0.13351467328128033, 0.13374039730615248, 0.13361027856576557, 0.13331032407742455, 0.13410105514223628, 0.13382605640783396, 0.13379881457787438, 0.13436851032066857, 0.13401002079845539, 0.13414750346317772, 0.13346615675104676, 0.13384160115809055, 0.13409299565447783, 0.1336337576176726, 0.13397985831903311, 0.13384741045355858, 0.13333733290749555, 0.13365587779150107, 0.13367175412397106, 0.13375299489253969, 0.13351538877567204, 0.13364160946756221, 0.13340601874225416, 0.13409196039934648, 0.13357230034172382, 0.13353655123137101, 0.13429261528567857, 0.13373957495259775, 0.13401031906698935, 0.13385993526176934]}}