{"low_val_loss": 0.21346839853850166, "params": {"verbose": 1, "nb_epoch": 1000, "batch_size": 32, "metrics": ["loss", "acc", "val_loss", "val_acc"], "nb_sample": 29058, "do_validation": true}, "results": {"acc": [0.85284603207378351, 0.89541606442287835, 0.90188588340560261, 0.90415720283570788, 0.90364099387432029, 0.90426044462798538, 0.90439810035102208, 0.90405396104343039, 0.90426044462798538, 0.90505196503544638, 0.90601555509670317, 0.90615321081973987, 0.90563700185835228, 0.90598114116594397, 0.90567141578911148, 0.90563700185835228, 0.90556817399683387, 0.90587789937366647, 0.90484548145089128, 0.90615321081973987, 0.90529286255076058, 0.90580907151214807, 0.90598114116594397, 0.90529286255076058, 0.90539610434303808, 0.90567141578911148, 0.90529286255076058, 0.90574024365062977, 0.90560258792759307, 0.90536169041227887, 0.90629086654277646, 0.90604996902746227, 0.90570582971987057, 0.90601555509670317, 0.90694473122720076, 0.90553376006607478, 0.90604996902746227, 0.90563700185835228, 0.90560258792759307, 0.90639410833505407, 0.90622203868125817, 0.90608438295822147, 0.90622203868125817, 0.90594672723518477, 0.90635969440429487, 0.90635969440429487, 0.90594672723518477, 0.90749535411934756, 0.90725445660403337, 0.90622203868125817, 0.90560258792759307, 0.90656617798884986, 0.90660059191960907, 0.90629086654277646, 0.90684148943492326], "loss": [0.31836161769757837, 0.24029419300055954, 0.23145456776612383, 0.22696609342079366, 0.22447686034885292, 0.22297756669511629, 0.2218049894588863, 0.22061631220252631, 0.21992556029568283, 0.21912776821950805, 0.21854971227088596, 0.21829008982023473, 0.21771349073875812, 0.21768995222906523, 0.2171898967809465, 0.21696534743563947, 0.21710214552756915, 0.21676722337636101, 0.21649013494317806, 0.21637357952212571, 0.21629605125524326, 0.21610564669097129, 0.21633468361634764, 0.21583324248113225, 0.21550348060631144, 0.21580087491622343, 0.21552147172374492, 0.21541453533414986, 0.21543718850147422, 0.21563622360999443, 0.21552827305898456, 0.21528725357126166, 0.21521610442635014, 0.21518349989359473, 0.21511302623784717, 0.21531142487119961, 0.21496391072802637, 0.21505159919049344, 0.21499439785358904, 0.21483328231835416, 0.21477008032479269, 0.21468469294893047, 0.21478271871647248, 0.21476808505209588, 0.21462148337401446, 0.21450044151342484, 0.21432922779334307, 0.21460365932720687, 0.21428854759918189, 0.21440479701392723, 0.21467881204692577, 0.21429834429679007, 0.21435174636629462, 0.21434731142729638, 0.21436943440834044], "val_acc": [0.88871683709648752, 0.89800763917779036, 0.90100134207858529, 0.90234334682721751, 0.90389181384487005, 0.90461443178644119, 0.90471766292095135, 0.90451120065193102, 0.9043047383829107, 0.90285950249976832, 0.90389181384487005, 0.90657582334213438, 0.90358212044133945, 0.90533704972801232, 0.90492412518997167, 0.90420150724840054, 0.90347888930682929, 0.90544028086252248, 0.90502735632448184, 0.90347888930682929, 0.90533704972801232, 0.90420150724840054, 0.90626612993860389, 0.9031691959032988, 0.90554351199703265, 0.905130587458992, 0.90451120065193102, 0.90574997426605308, 0.90554351199703265, 0.90688551674566487, 0.90482089405546151, 0.90636936107311405, 0.90616289880409373, 0.90585320540056324, 0.90533704972801232, 0.90533704972801232, 0.90595643653507341, 0.90647259220762422, 0.90461443178644119, 0.90595643653507341, 0.90378858271035989, 0.905130587458992, 0.90492412518997167, 0.90605966766958357, 0.905130587458992, 0.90647259220762422, 0.90399504497938021, 0.90533704972801232, 0.90451120065193102, 0.90585320540056324, 0.90502735632448184, 0.90554351199703265, 0.90440796951742086, 0.90347888930682929, 0.90523381859350216], "val_loss": [0.24630032654048317, 0.23195629534835083, 0.22621708766242798, 0.22207489696168747, 0.22045253133077278, 0.21952833845800718, 0.21920077755464246, 0.21837311818206645, 0.2179017125532651, 0.21846321638959276, 0.21701553207353455, 0.21548009468230028, 0.21713768048676296, 0.21651592549493073, 0.21621407059443259, 0.21518517732681769, 0.21877720543778789, 0.2142982509122171, 0.21430254430486356, 0.2154670194832794, 0.21378957183230363, 0.21638469607071745, 0.21434354179105092, 0.21759885100987572, 0.21380119531334549, 0.21435426120063009, 0.21581472192642992, 0.21413962350573915, 0.21346839853850166, 0.21373092944843303, 0.21475673091661404, 0.21381058379557033, 0.21420285270914791, 0.21590652665610011, 0.21468687394682537, 0.21453298981977073, 0.21394883310805907, 0.21360909093382485, 0.21417011102618996, 0.21407882845708187, 0.21472553764689606, 0.21425335677929974, 0.21565836434506086, 0.21361620154582125, 0.21577093448507978, 0.21470435320734177, 0.21650157705652365, 0.21469979274441511, 0.21589288005361718, 0.21531331285648184, 0.21407532853780917, 0.21493013936126762, 0.21429716707924959, 0.21604107100490791, 0.21470351415521235]}}