{"low_val_loss": 0.13017684457449963, "params": {"verbose": 1, "nb_epoch": 1000, "batch_size": 32, "metrics": ["loss", "acc", "val_loss", "val_acc"], "nb_sample": 94030, "do_validation": true}, "results": {"acc": [0.94366691481442089, 0.94614484739547, 0.94844198660509238, 0.94939912794042769, 0.94952674678294158, 0.95000531745694816, 0.9498351589968822, 0.95030309475699248, 0.95039880889077955, 0.95029245986338051, 0.9500797617781559, 0.95065404658087849, 0.95069658619589492, 0.95081357014733248, 0.95094118898223967, 0.95081357014226142, 0.95066468148970373, 0.95079230032968198, 0.95114325215990692, 0.95117515686483034, 0.95113261725108167, 0.95096245879481911, 0.95082420504094434, 0.9513665851387435, 0.95129214080612567, 0.95120706157609269, 0.95129214080612567, 0.95100499840603225, 0.95140912474742101, 0.95070722110472017, 0.95127087100368857, 0.95080293523343618, 0.95120706158116386, 0.95088801446854021, 0.95174944166755293, 0.95117515686990151, 0.95101563330851857, 0.95147293417501688, 0.95129214080612567, 0.95121769648491794, 0.95133468042114222, 0.95157928320748697, 0.95120706158116386, 0.95118579176858453, 0.95115388705732218, 0.95110071253855155, 0.95113261725995613, 0.95105817292860617, 0.95117515686483034, 0.95130277570987987, 0.95130277571495092, 0.95140912475249217, 0.95151547378749779, 0.95138785493991285, 0.95123896629369398, 0.95132404552245919, 0.95138785493991285, 0.9517707114750612, 0.95128150590237159, 0.95110071254362261, 0.9516218228225034, 0.95120706158116386, 0.95147293417501688, 0.9509943635010103, 0.95112198235113088, 0.95122833138360097, 0.95119642667740978, 0.95127087099861751, 0.95133468042114222, 0.95158991811124105, 0.95138785493991285, 0.95147293416994572, 0.95102626821227265, 0.95151547378623003, 0.95157928320748697, 0.95126023609993449, 0.95121769647984689, 0.95163245773132865, 0.95133468043128444, 0.95120706157609269, 0.95120706157609269, 0.95166436243878771, 0.95158991811124105, 0.95140912474742101, 0.95149420397745399, 0.95133468042114222, 0.95113261725488496, 0.95118579176858453, 0.95164309263001168, 0.95103690311602684, 0.95152610868871634, 0.95141975966131742, 0.95123896629242621, 0.95145166436750861, 0.95166436244259101, 0.95171753695629058, 0.95120706158116386, 0.95130277572002209, 0.95122833138360097, 0.95149420398759621, 0.95122833138360097, 0.95147293417501688, 0.95105817292353501, 0.9513453153248963], "loss": [0.37008567201695669, 0.18135080484650204, 0.15159755231287458, 0.14440492432979299, 0.14092352495673463, 0.13862483453607352, 0.13713607601975933, 0.13620148425509571, 0.1356717180278052, 0.13503523976716869, 0.13460346917796803, 0.13420673256416493, 0.13373166649058299, 0.13322427084626484, 0.13311182112000883, 0.13287836166787476, 0.13270599043655812, 0.13250601466736819, 0.13235714171720822, 0.13231272719214918, 0.13212611510007416, 0.13215311635802632, 0.13212637855222373, 0.13192171233392302, 0.13196693148151378, 0.13169416258002448, 0.131871404284957, 0.13169580989063742, 0.13171614352316552, 0.13174061582267355, 0.13165335393384278, 0.1316829555475888, 0.13161399808162502, 0.13152080621856788, 0.13134611000003926, 0.1314097219387369, 0.13146705077110288, 0.13142969981636202, 0.13135044420888567, 0.13145135789127105, 0.13148023737094305, 0.13124824609656188, 0.13124708589703227, 0.13131633780054383, 0.13139337110358401, 0.13136133299820585, 0.13127158260099508, 0.13118495149782564, 0.13125078879050356, 0.13120967063394764, 0.13094465718597195, 0.13121351203860901, 0.13111096140483358, 0.13116401139312789, 0.13117126932657489, 0.13117771805486411, 0.13107324154774369, 0.13117832374673544, 0.13105847246435415, 0.13121161868657683, 0.13104907061988263, 0.13108396232318309, 0.13107819698214543, 0.131163002554643, 0.13111605449717031, 0.13112952311907652, 0.13122766630631563, 0.13100808496571825, 0.13105069174344403, 0.13096881492401544, 0.13108464147842883, 0.13093539499492007, 0.13107684768378214, 0.13086754657778982, 0.13098234928933217, 0.13088437668011693, 0.13100077096116514, 0.13092910749305883, 0.13075297299146932, 0.13093633036892122, 0.13083862129222087, 0.13080939272103456, 0.13085178317933779, 0.13087762600625308, 0.13087423805238135, 0.13085613411645311, 0.13100282449354889, 0.13088898672032429, 0.13089443396966685, 0.13085817627360766, 0.1309484534548766, 0.13088771297039661, 0.13071213554609562, 0.13089634943272122, 0.13067296318607635, 0.13077232918244378, 0.13087010233786137, 0.13076054391601827, 0.13083797174928913, 0.13081533414314975, 0.13106604242461828, 0.130783733121134, 0.13084485484927966, 0.13084207862678182], "val_acc": [0.94589076059213884, 0.94841117917304751, 0.95067636549259826, 0.95064446145992854, 0.95128254211332308, 0.95045303726391017, 0.95141015824400199, 0.95074017355793772, 0.95150587034201128, 0.95268631955079119, 0.9524629913221031, 0.95188871873404801, 0.95300535987748847, 0.95249489535477283, 0.95310107197549765, 0.95310107197549765, 0.95160158244002047, 0.95265441551812147, 0.95243108728943338, 0.95217585502807556, 0.95147396630934145, 0.95160158244002047, 0.95259060745278201, 0.94962353241449715, 0.95220775906074528, 0.95278203164880038, 0.95268631955079119, 0.95278203164880038, 0.95252679938744256, 0.95275012761613065, 0.95259060745278201, 0.95271822358346092, 0.95236727922409392, 0.95220775906074528, 0.95300535987748847, 0.95121873404798363, 0.95284583971413983, 0.95259060745278201, 0.95188871873404801, 0.95268631955079119, 0.95287774374680956, 0.95287774374680956, 0.9524629913221031, 0.95306916794282792, 0.95105921388463499, 0.95243108728943338, 0.95201633486472692, 0.95284583971413983, 0.95278203164880038, 0.9528139356814701, 0.95255870342011228, 0.95192062276671774, 0.95297345584481874, 0.95192062276671774, 0.95313297600816749, 0.95290964777947929, 0.95259060745278201, 0.95141015824400199, 0.9501339969372129, 0.95243108728943338, 0.95351582440020421, 0.95208014293006638, 0.95290964777947929, 0.95329249617151612, 0.95271822358346092, 0.95310107197549765, 0.95297345584481874, 0.95306916794282792, 0.95303726391015819, 0.95278203164880038, 0.95275012761613065, 0.95271822358346092, 0.95268631955079119, 0.95252679938744256, 0.95227156712608474, 0.95230347115875447, 0.95259060745278201, 0.9532605921388464, 0.95310107197549765, 0.95278203164880038, 0.95188871873404801, 0.9528139356814701, 0.95316488004083721, 0.95297345584481874, 0.95067636549259826, 0.95342011230219503, 0.95278203164880038, 0.95284583971413983, 0.95300535987748847, 0.95287774374680956, 0.95259060745278201, 0.95141015824400199, 0.95278203164880038, 0.95230347115875447, 0.95290964777947929, 0.95306916794282792, 0.95294155181214901, 0.95284583971413983, 0.95160158244002047, 0.95271822358346092, 0.95300535987748847, 0.95236727922409392, 0.95287774374680956, 0.95268631955079119],