{"low_val_loss": 0.21198377483299891, "params": {"verbose": 1, "nb_epoch": 1000, "batch_size": 32, "metrics": ["loss", "acc", "val_loss", "val_acc"], "nb_sample": 29058, "do_validation": true}, "results": {"acc": [0.85057471264367812, 0.89593227338426595, 0.90030284259068072, 0.9027462316745819, 0.9026085759515452, 0.9030903709821736, 0.90364099387432029, 0.90391630532039369, 0.90360657994356119, 0.90460458393557708, 0.90491430931240968, 0.90463899786633628, 0.90477665358937298, 0.90635969440429487, 0.90642852226581316, 0.90536169041227887, 0.90608438295822147, 0.90618762475049897, 0.90632528047353567, 0.90673824764264577, 0.90601555509670317, 0.90691031729644156, 0.90708238695023746, 0.90646293619657237, 0.90618762475049897, 0.90653176405809066, 0.90635969440429487, 0.90663500585036827, 0.90735769839631086, 0.90694473122720076, 0.90742652625782916, 0.90722004267327416, 0.90790832128845755, 0.90770183770390256, 0.90797714914997596, 0.90663500585036827, 0.90770183770390256, 0.90766742377314336, 0.90642852226581316, 0.90739211232706996, 0.90770183770390256, 0.90728887053479246, 0.90718562874251496, 0.90797714914997596, 0.90691031729644156, 0.90859659990364094, 0.90835570238832675, 0.90763300984238415, 0.90832128845756765, 0.90835570238832675, 0.90873425562667764, 0.90749535411934756, 0.90832128845756765, 0.90821804666529016, 0.90821804666529016, 0.90811480487301255, 0.90777066556542085, 0.90746094018858836, 0.90856218597288185, 0.90725445660403337, 0.90752976805010666, 0.90790832128845755, 0.90797714914997596, 0.90735769839631086, 0.90880308348819605, 0.90790832128845755, 0.90890632528047355, 0.90777066556542085, 0.90839011631908595, 0.90801156308073505, 0.90814921880377175, 0.90873425562667764, 0.90787390735769835, 0.90849335811136345, 0.90821804666529016, 0.90766742377314336, 0.90808039094225346, 0.90759859591162506, 0.90852777204212265, 0.90794273521921676, 0.90832128845756765, 0.90770183770390256, 0.90811480487301255, 0.90814921880377175, 0.90839011631908595, 0.90766742377314336, 0.90732328446555166, 0.90880308348819605, 0.90728887053479246, 0.90756418198086586, 0.90746094018858836, 0.90797714914997596, 0.90808039094225346], "loss": [0.32231029651413451, 0.24001429562427867, 0.23227903358279001, 0.2280680404491279, 0.22557931994744709, 0.2237351902331762, 0.22273836521719231, 0.22205516075068901, 0.22091794415197663, 0.22062690320260445, 0.21957552966320926, 0.21918921425413748, 0.21866012160990062, 0.21823448476258719, 0.21784493678215253, 0.21728135443790494, 0.2168636228905893, 0.21658435772718029, 0.21645302324519214, 0.2160177431342705, 0.21613752599006897, 0.21578777049825756, 0.21520817463533778, 0.21531206794414906, 0.21494833165220109, 0.21493218193261826, 0.21451696832198616, 0.2142986828789871, 0.21418261523092186, 0.21426500423248057, 0.21386589235535458, 0.21385966840729151, 0.21364802202857636, 0.21334941248347017, 0.2135455923641989, 0.21331930698188337, 0.21279491037766238, 0.21267275768301735, 0.2125260888742157, 0.21271560613676968, 0.21270574332045089, 0.21218115197797119, 0.21285933122203965, 0.21236074010742384, 0.21228278713052498, 0.21187961661543445, 0.21178627306716852, 0.21205333684462052, 0.21180228315977362, 0.21171569802885956, 0.21176693436037575, 0.21170329155527443, 0.21179704092506066, 0.21176408828166357, 0.21138145656605878, 0.21157370699814834, 0.21132515483253206, 0.21141703844365811, 0.21145413420190337, 0.21122057570198186, 0.21125980682137238, 0.21110084794547751, 0.21125655522472195, 0.21150612437484664, 0.21110694543305641, 0.21118774584911379, 0.21102069038865703, 0.21084702180316345, 0.21098418582518746, 0.21088532317126968, 0.21102397683006627, 0.21116106016746641, 0.21112070023070978, 0.21088099217184342, 0.21058043984054811, 0.21090476898047902, 0.21095916696066652, 0.21116170111854649, 0.21075854385696657, 0.21072045550974913, 0.21066010443438468, 0.21092191078962363, 0.21073759403275896, 0.21032309469808133, 0.21043305727379175, 0.21068808910407377, 0.21080013925000801, 0.21061745545058219, 0.21048495003920115, 0.21042702429243224, 0.21067586294002613, 0.21049618803057504, 0.21066300010469388], "val_acc": [0.88644575213726384, 0.89831733258132096, 0.90110457321309545, 0.90234334682721751, 0.90182719115466659, 0.90368535157584962, 0.90285950249976832, 0.90275627136525816, 0.90409827611389038, 0.90358212044133945, 0.90482089405546151, 0.90399504497938021, 0.90399504497938021, 0.90554351199703265, 0.90502735632448184, 0.9031691959032988, 0.90224011569270735, 0.90595643653507341, 0.90564674313154292, 0.90440796951742086, 0.90275627138987036, 0.90471766292095135, 0.905130587458992, 0.90564674313154292, 0.90564674313154292, 0.90657582334213438, 0.90636936107311405, 0.90698874788017503, 0.90709197901468519, 0.90574997426605308, 0.90471766292095135, 0.90688551674566487, 0.90554351199703265, 0.90636936107311405, 0.90636936107311405, 0.90636936107311405, 0.90368535157584962, 0.90585320540056324, 0.90544028086252248, 0.90544028086252248, 0.905130587458992, 0.90244657796172767, 0.90585320540056324, 0.90533704972801232, 0.90554351199703265, 0.90451120065193102, 0.90554351199703265, 0.90657582334213438, 0.90626612993860389, 0.90709197901468519, 0.90544028086252248, 0.90667905447664454, 0.90626612993860389, 0.90492412518997167, 0.90451120065193102, 0.90564674313154292, 0.90265304023074799, 0.90595643653507341, 0.90688551674566487, 0.90554351199703265, 0.905130587458992, 0.90729844128370551, 0.90636936107311405, 0.90636936107311405, 0.90709197901468519, 0.90647259220762422, 0.90781459695625644, 0.90698874788017503, 0.90667905447664454, 0.90750490355272584, 0.90409827611389038, 0.90698874788017503, 0.90740167241821568, 0.90554351199703265, 0.90657582334213438, 0.90595643653507341, 0.90358212044133945, 0.90616289880409373, 0.90647259220762422, 0.90771136582174627, 0.90492412518997167, 0.90533704972801232, 0.90636936107311405, 0.90409827611389038, 0.90698874788017503, 0.90420150724840054, 0.90636936107311405, 0.90275627136525816, 0.90698874788017503, 0.905130587458992, 0.9015174977511361, 0.90574997426605308, 0.90523381859350216],