{"low_val_loss": 0.21363824271215576, "params": {"verbose": 1, "nb_epoch": 1000, "batch_size": 32, "metrics": ["loss", "acc", "val_loss", "val_acc"], "nb_sample": 29058, "do_validation": true}, "results": {"acc": [0.83949342693922502, 0.88615871704866134, 0.89792828136829783, 0.9022300227131943, 0.9028494734668594, 0.9031247849129328, 0.90374423566659778, 0.90443251428178129, 0.90474223965861378, 0.90529286255076058, 0.90525844862000138, 0.90546493220455637, 0.90567141578911148, 0.90532727648151967, 0.90560258792759307, 0.90532727648151967, 0.90474223965861378, 0.90501755110468718, 0.90563700185835228, 0.90567141578911148, 0.90491430931240968, 0.90494872324316888, 0.90460458393557708, 0.90463899786633628, 0.90553376006607478, 0.90577465758138898, 0.90505196503544638, 0.90549934613531557, 0.90560258792759307, 0.90587789937366647, 0.90618762475049897, 0.90556817399683387, 0.90553376006607478, 0.90529286255076058, 0.90691031729644156, 0.90591231330442568, 0.90642852226581316, 0.90574024365062977, 0.90567141578911148, 0.90570582971987057, 0.90615321081973987, 0.90577465758138898, 0.90591231330442568, 0.90539610434303808, 0.90604996902746227, 0.90570582971987057, 0.90591231330442568, 0.90635969440429487, 0.90625645261201737, 0.90666941978112736, 0.90677266157340486, 0.90577465758138898, 0.90584348544290727, 0.90632528047353567, 0.90604996902746227, 0.90567141578911148, 0.90660059191960907, 0.90642852226581316, 0.90608438295822147, 0.90598114116594397, 0.90708238695023746], "loss": [0.35033601521009816, 0.24821516015371442, 0.23520474453047158, 0.22929293878047774, 0.22582638135205646, 0.22375607196274566, 0.22238210073988701, 0.22165875636429361, 0.22090111199915882, 0.22016863079899412, 0.21973401580257929, 0.21938201946673239, 0.21905818838190003, 0.21825853001804002, 0.21839401540074094, 0.21797984478159102, 0.21783837581670862, 0.21759117835695413, 0.21706150244169928, 0.2168840509744166, 0.21691040398618525, 0.21677500912975409, 0.21657245915003109, 0.21647863319237626, 0.216525564012643, 0.21621780581369773, 0.2164539963271582, 0.2163006187970381, 0.21605376965064452, 0.21625709779428776, 0.21593985652928097, 0.21611901131545821, 0.21585493272707462, 0.21586274822766327, 0.21585580781642552, 0.21588593108687334, 0.21567350329999316, 0.21571838456215062, 0.21575275142317202, 0.21561995658826524, 0.21527605962436561, 0.21553758815442697, 0.2156222131735569, 0.21553815595517961, 0.2154500319250223, 0.21545636325703327, 0.21538797050860131, 0.2153149612720496, 0.21537415668938134, 0.215139976850896, 0.21523953630028131, 0.21523614571634847, 0.21490611464464129, 0.21521189562621384, 0.21534758379777896, 0.21502065386883906, 0.21472624796833062, 0.21502915755399143, 0.2148906797467082, 0.21486185981021366, 0.2148002294347626], "val_acc": [0.83606895842861806, 0.890987922031099, 0.90007226186799383, 0.89996903073348367, 0.90141426661662594, 0.90244657796172767, 0.90224011569270735, 0.90378858271035989, 0.90440796951742086, 0.90337565817231913, 0.90409827611389038, 0.90378858271035989, 0.90461443178644119, 0.90409827611389038, 0.90492412518997167, 0.90409827611389038, 0.90616289880409373, 0.90533704972801232, 0.90616289880409373, 0.90492412518997167, 0.90554351199703265, 0.90502735632448184, 0.90719521014919535, 0.90554351199703265, 0.90698874788017503, 0.90440796951742086, 0.90626612993860389, 0.90605966766958357, 0.905130587458992, 0.90688551674566487, 0.90657582334213438, 0.90719521014919535, 0.90667905447664454, 0.90502735632448184, 0.90564674313154292, 0.90647259220762422, 0.90595643653507341, 0.90461443178644119, 0.90554351199703265, 0.90564674313154292, 0.90657582334213438, 0.90750490355272584, 0.90760813468723611, 0.90605966766958357, 0.90544028086252248, 0.90636936107311405, 0.90626612993860389, 0.90502735632448184, 0.90554351199703265, 0.9043047383829107, 0.90636936107311405, 0.90492412518997167, 0.90729844128370551, 0.90616289880409373, 0.90740167241821568, 0.90564674313154292, 0.90647259220762422, 0.90544028086252248, 0.90647259220762422, 0.90451120065193102, 0.90564674313154292], "val_loss": [0.26053427913073995, 0.23943461796946233, 0.22865292726193615, 0.22402334130805898, 0.22217257056761, 0.22016370078352468, 0.22019226570499562, 0.21901175914453602, 0.21705940080597216, 0.21755618205857594, 0.2175354988345842, 0.2163134760392442, 0.2168151747488786, 0.21630495460554949, 0.2154073180909421, 0.21776827644351787, 0.21623661737884053, 0.21529274043670635, 0.21490789511642602, 0.21502814841329515, 0.21504987719825169, 0.21474642379249201, 0.21476264778977272, 0.21546172483474144, 0.21523713715442921, 0.21623976895212821, 0.21425479926769611, 0.21572325941122536, 0.21711893360152312, 0.21401921177385416, 0.21541471471847537, 0.21419904300816303, 0.2147243114814579, 0.21471135349198367, 0.21363824271215576, 0.21422537944997885, 0.21385982815690413, 0.2165511513938965, 0.21530390169409588, 0.21589593289498268, 0.21507064490984304, 0.21494896724840135, 0.21398106738240452, 0.21572378953691729, 0.21403053469661343, 0.21489023233488813, 0.21511070092322226, 0.216743066207019, 0.21566902698347712, 0.21521491153180888, 0.21433344751033445, 0.21685212598910725, 0.21440590518884667, 0.21438081011974469, 0.21433913719731612, 0.21403775203027406, 0.21432763702349852, 0.21516598941520038, 0.21420797491831664, 0.21458166172547005, 0.21502148618365363]}}