{"low_val_loss": 0.21019133521182207, "params": {"verbose": 1, "nb_epoch": 1000, "batch_size": 32, "metrics": ["loss", "acc", "val_loss", "val_acc"], "nb_sample": 29058, "do_validation": true}, "results": {"acc": [0.86024502718700535, 0.89627641269185765, 0.90116319085966001, 0.90426044462798538, 0.90450134214329958, 0.90460458393557708, 0.90501755110468718, 0.90532727648151967, 0.90635969440429487, 0.90591231330442568, 0.90691031729644156, 0.90673824764264577, 0.90604996902746227, 0.90684148943492326, 0.90608438295822147, 0.90684148943492326, 0.90556817399683387, 0.90642852226581316, 0.90677266157340486, 0.90704797301947826, 0.90663500585036827, 0.90742652625782916, 0.90722004267327416, 0.90715121481175576, 0.90660059191960907, 0.90625645261201737, 0.90752976805010666, 0.90728887053479246, 0.90718562874251496, 0.90722004267327416, 0.90663500585036827, 0.90797714914997596, 0.90691031729644156, 0.90704797301947826, 0.90818363273453095, 0.90759859591162506, 0.90742652625782916, 0.90794273521921676, 0.90777066556542085, 0.90766742377314336, 0.90797714914997596, 0.90684148943492326, 0.90801156308073505, 0.90763300984238415, 0.90673824764264577, 0.90832128845756765, 0.90735769839631086, 0.90880308348819605, 0.90828687452680845, 0.90828687452680845, 0.90832128845756765, 0.90697914515795997, 0.90735769839631086, 0.90766742377314336, 0.90832128845756765, 0.90832128845756765, 0.90718562874251496, 0.90869984169591855, 0.90808039094225346, 0.90759859591162506, 0.90787390735769835, 0.90811480487301255, 0.90770183770390256, 0.90752976805010666, 0.90849335811136345, 0.90852777204212265, 0.90708238695023746, 0.90790832128845755, 0.90735769839631086, 0.90756418198086586, 0.90687590336568247, 0.90890632528047355, 0.90873425562667764, 0.90763300984238415, 0.90797714914997596, 0.90752976805010666, 0.90856218597288185, 0.90746094018858836, 0.90818363273453095, 0.90790832128845755, 0.90763300984238415, 0.90759859591162506, 0.90849335811136345, 0.90835570238832675, 0.90742652625782916, 0.90866542776515935, 0.90746094018858836, 0.90787390735769835, 0.90852777204212265, 0.90787390735769835, 0.90880308348819605, 0.90825246059604925, 0.90808039094225346, 0.90849335811136345, 0.90835570238832675, 0.90787390735769835, 0.90759859591162506, 0.90783949342693926, 0.90842453024984515, 0.90783949342693926], "loss": [0.32014003609259611, 0.23050224624322396, 0.22369712508301567, 0.22096251967161848, 0.22020076707011141, 0.21905961849998717, 0.21812074249936578, 0.21742727942505791, 0.21667418785388623, 0.21635236133984062, 0.21595813844231682, 0.21537771425110583, 0.21516227606683713, 0.21479721790630496, 0.21449788791141028, 0.21420691315010595, 0.21388951109679821, 0.21400627426167743, 0.21364881397032082, 0.21316963983064438, 0.21318845869841896, 0.21288119333314998, 0.21276633185147009, 0.21284226244803314, 0.21239712697951413, 0.21220409613231134, 0.21208979479382153, 0.21218233071106071, 0.21219124305593073, 0.21173851145947412, 0.21216409024159097, 0.21144834403242521, 0.21178175065858995, 0.21139042516565837, 0.2114005973599937, 0.21131266380826705, 0.21120036912313947, 0.21102504228821919, 0.21145455632839547, 0.21108104181583948, 0.21101543991799873, 0.21129299177914412, 0.21075542996016322, 0.21102197825861482, 0.2109493991500834, 0.21089477374841017, 0.21076113359627133, 0.21055704972249889, 0.21073778248516722, 0.21089574497612831, 0.21079698293402219, 0.21075296580331998, 0.21077887786407315, 0.21024401492945416, 0.21038690650813455, 0.21066571765124359, 0.21068688709969843, 0.2103324189666248, 0.21071329944336237, 0.21029290437320938, 0.21055575587423089, 0.21062200130164413, 0.21039647000139058, 0.2103655279335, 0.21034055453789197, 0.21025861303114138, 0.21033758599272909, 0.21041899005071502, 0.20997635486972704, 0.21027207924328065, 0.21006990640791939, 0.21017890405536757, 0.21014763199378048, 0.21020568327775566, 0.20997699729839792, 0.20998810601676271, 0.20998584524400096, 0.21007661673533498, 0.20978594580893431, 0.21013754445148464, 0.21008304968220917, 0.21014699751942745, 0.20974815998556395, 0.21016304196465638, 0.20994651073397491, 0.20987638749717596, 0.20992096619199382, 0.20969025737872199, 0.20973214788531738, 0.20973062633307082, 0.20991159122934919, 0.20987680137554354, 0.20960072950679948, 0.20964718855253625, 0.20955977888063895, 0.20975836788814586, 0.21003948922891916, 0.21005042386566569, 0.20976351609011135, 0.20969526131837837], "val_acc": [0.89232992677973111, 0.89873025711936161, 0.90120780434760561, 0.90275627136525816, 0.90327242703780897, 0.90420150724840054, 0.90523381859350216, 0.90389181384487005, 0.90399504497938021, 0.90440796951742086, 0.905130587458992, 0.90523381859350216, 0.90502735632448184, 0.90554351199703265, 0.90533704972801232, 0.90440796951742086, 0.90420150724840054, 0.90533704972801232, 0.90461443178644119, 0.90502735632448184, 0.90544028086252248, 0.90420150724840054, 0.90595643653507341, 0.90523381859350216, 0.905130587458992, 0.9043047383829107, 0.90554351199703265, 0.90482089405546151, 0.905130587458992, 0.90347888930682929, 0.90616289880409373, 0.90605966766958357, 0.90585320540056324, 0.90523381859350216, 0.90647259220762422, 0.90409827611389038, 0.90461443178644119, 0.90605966766958357, 0.90461443178644119, 0.90585320540056324, 0.905130587458992, 0.90688551674566487, 0.90492412518997167, 0.90616289880409373, 0.90688551674566487, 0.90667905447664454, 0.90523381859350216, 0.90523381859350216, 0.90585320540056324, 0.90492412518997167, 0.90636936107311405, 0.90585320540056324, 0.90616289880409373, 0.90471766292095135, 0.90616289880409373, 0.90492412518997167, 0.90502735632448184, 0.9067822856111547, 0.90564674313154292, 0.90616289880409373, 0.90636936107311405, 0.90574997426605308, 0.90409827611389038, 0.90482089405546151, 0.90574997426605308, 0.90626612993860389, 0.90740167241821568, 0.90482089405546151, 0.9067822856111547, 0.90605966766958357, 0.90595643653507341, 0.90574997426605308, 0.90533704972801232, 0.90657582334213438, 0.90574997426605308, 0.90574997426605308, 0.90698874788017503, 0.90688551674566487, 0.90667905447664454, 0.90544028086252248, 0.90564674313154292, 0.90616289880409373, 0.90667905447664454, 0.90544028086252248, 0.90626612993860389, 0.90544028086252248, 0.90688551674566487, 0.9079178280907666, 0.90657582334213438, 0.90502735632448184, 0.90605966766958357, 0.90636936107311405, 0.90585320540056324, 0.90647259220762422, 0.90626612993860389, 0.90564674313154292, 0.90502735632448184, 0.90636936107311405, 0.90667905447664454, 0.90564674313154292],