{"low_val_loss": 0.21334207935993843, "params": {"verbose": 1, "nb_epoch": 1000, "batch_size": 32, "metrics": ["loss", "acc", "val_loss", "val_acc"], "nb_sample": 29058, "do_validation": true}, "results": {"acc": [0.83908045977011492, 0.88306146328033586, 0.89896069929107303, 0.90143850230573341, 0.9032280267052103, 0.90353775208204279, 0.90350333815128359, 0.90446692821254049, 0.90422603069722629, 0.90481106752013218, 0.90536169041227887, 0.90487989538165048, 0.90574024365062977, 0.90457017000481799, 0.90494872324316888, 0.90501755110468718, 0.90625645261201737, 0.90629086654277646, 0.90625645261201737, 0.90632528047353567, 0.90536169041227887, 0.90598114116594397, 0.90570582971987057, 0.90498313717392798, 0.90660059191960907, 0.90670383371188656, 0.90649735012733157, 0.90584348544290727, 0.90660059191960907, 0.90556817399683387, 0.90604996902746227, 0.90708238695023746, 0.90622203868125817, 0.90684148943492326, 0.90556817399683387, 0.90687590336568247, 0.90625645261201737, 0.90708238695023746, 0.90697914515795997, 0.90656617798884986, 0.90691031729644156, 0.90625645261201737, 0.90670383371188656, 0.90632528047353567, 0.90556817399683387, 0.90577465758138898, 0.90691031729644156, 0.90759859591162506, 0.90701355908871917, 0.90749535411934756, 0.90622203868125817, 0.90759859591162506, 0.90673824764264577, 0.90763300984238415, 0.90684148943492326, 0.90629086654277646, 0.90677266157340486, 0.90656617798884986, 0.90649735012733157, 0.90735769839631086, 0.90687590336568247, 0.90697914515795997], "loss": [0.35620013358359515, 0.24765058404047643, 0.23509416697461008, 0.22945928706835794, 0.22646629060736845, 0.22413612320948406, 0.22279795505948993, 0.22183155256174611, 0.22091848115876531, 0.22012375111269422, 0.21954311701723028, 0.21891793814506408, 0.21842171087730711, 0.21810888570455619, 0.21776215119497752, 0.2175036663886564, 0.21690936499296323, 0.21690801578408567, 0.21679413467502059, 0.21640208341584857, 0.21626572831629295, 0.21622514212949531, 0.21595819124918497, 0.21605008392135566, 0.21556694456650166, 0.21566494706123543, 0.2155737861300778, 0.21553551716686026, 0.21534468825397296, 0.21503107639983315, 0.21502643850078115, 0.21503505982923707, 0.21517395552621663, 0.21490128632483343, 0.21497408972775028, 0.2148793450598297, 0.21486642015834448, 0.21488985840493482, 0.21466415526646776, 0.2146933204554351, 0.21441569390419354, 0.21466639798503914, 0.21454012772560421, 0.21444568869831079, 0.21433238877177493, 0.21443597012930149, 0.21419879778121192, 0.21448096231531724, 0.21449474484739664, 0.21408167867002406, 0.2143380611702124, 0.21411311524693313, 0.21426726377426386, 0.21412960639335649, 0.21396423892592834, 0.21386681075200645, 0.21398193142747665, 0.21398467826895773, 0.21393888041718598, 0.21400608429376269, 0.2138562133573306, 0.21369504579648985], "val_acc": [0.83606895842861806, 0.89191700224169046, 0.89924641279191242, 0.90110457321309545, 0.90058841754054464, 0.90224011569270735, 0.90110457321309545, 0.90306596476878864, 0.9031691959032988, 0.90399504497938021, 0.90347888930682929, 0.90399504497938021, 0.90554351199703265, 0.90420150724840054, 0.905130587458992, 0.90492412518997167, 0.90378858271035989, 0.90409827611389038, 0.90554351199703265, 0.90420150724840054, 0.9043047383829107, 0.90595643653507341, 0.9043047383829107, 0.90409827611389038, 0.90544028086252248, 0.90544028086252248, 0.90409827611389038, 0.90471766292095135, 0.905130587458992, 0.9043047383829107, 0.90461443178644119, 0.90533704972801232, 0.90585320540056324, 0.90564674313154292, 0.90544028086252248, 0.90626612993860389, 0.90523381859350216, 0.90585320540056324, 0.90574997426605308, 0.90389181384487005, 0.90482089405546151, 0.90605966766958357, 0.90595643653507341, 0.90440796951742086, 0.90399504497938021, 0.90502735632448184, 0.9043047383829107, 0.90482089405546151, 0.90482089405546151, 0.90502735632448184, 0.90471766292095135, 0.90296273363427848, 0.90378858271035989, 0.90533704972801232, 0.90378858271035989, 0.90389181384487005, 0.90502735632448184, 0.90399504497938021, 0.90471766292095135, 0.90502735632448184, 0.90409827611389038, 0.90409827611389038], "val_loss": [0.26079130841874232, 0.23793221114712307, 0.22899797016085024, 0.22646446508360535, 0.22250448485898494, 0.22059295989232278, 0.22042192939426233, 0.21849638263950583, 0.21744141120763955, 0.2166008660270787, 0.2176650575905057, 0.21661661750356934, 0.21649922408518119, 0.21550668960165484, 0.21603229009995609, 0.2161038375324148, 0.21627311660948831, 0.21516149003672824, 0.21464723488907211, 0.21491874298641306, 0.21586026127485836, 0.2148443937110891, 0.21590043473467685, 0.2152830020148552, 0.2139566775826314, 0.21474183625919943, 0.21564568827011224, 0.2151885156207155, 0.21539090339202463, 0.21846394292388008, 0.2155458234812781, 0.21459721042495328, 0.21361904244212723, 0.21418035605060337, 0.21446460869409012, 0.21334207935993843, 0.21381081829772985, 0.21398536542676067, 0.21463107667718004, 0.21546198865313199, 0.21396270982249671, 0.21351961643072895, 0.21350271305925178, 0.21347084095372965, 0.21593515049922671, 0.21452425229385735, 0.21428285353481799, 0.21428762972693308, 0.2146231851932667, 0.21526254380193549, 0.21413061050139579, 0.21425309349930149, 0.21405200970804186, 0.21374483246102821, 0.21544845115662212, 0.21335321284551376, 0.21407130322146739, 0.21677404670409156, 0.21495240884286473, 0.21532126261290349, 0.21406754669210817, 0.21606785567217571]}}