{"low_val_loss": 0.13282596472424474, "params": {"verbose": 1, "nb_epoch": 1000, "batch_size": 32, "metrics": ["loss", "acc", "val_loss", "val_acc"], "nb_sample": 94030, "do_validation": true}, "results": {"acc": [0.94357120069077605, 0.94433691375600171, 0.94743167074845092, 0.94897373178899513, 0.94945230246173384, 0.94999468255319408, 0.95030309475826025, 0.95048388812588358, 0.95076039562349079, 0.95086674465596088, 0.95080293523343618, 0.95107944273611444, 0.9510688078272892, 0.95155801340504986, 0.95145166436750861, 0.95157928321255814, 0.95186642560884827, 0.95183452090265697, 0.95171753696136163, 0.95196213974263533, 0.95197277464638941, 0.95194086994019822, 0.95211102839519302, 0.95229182176915528, 0.95231309156652133, 0.95213229820777234, 0.95231309156652133, 0.95233436137910066, 0.95213229821284351, 0.95233436137529737, 0.95234499627778368, 0.95203658407905645, 0.95244071041664191, 0.95246198021907902, 0.95253642454535792, 0.95216420291396364, 0.95237690098904604, 0.95194086993512705, 0.95248325002658729, 0.95253642454535792, 0.95267467829923258, 0.9523769009941172, 0.95256832925662027, 0.95269594810166969, 0.95252578964667489, 0.95219610763029716, 0.95247261512790427, 0.95269594810166969, 0.95256832926295909, 0.95274912262044031, 0.95251515473784965, 0.95260023397295368, 0.95231309156652133, 0.95251515473911741, 0.95228118686033003, 0.95253642455550014, 0.9525895990653962, 0.95255769435286608, 0.95295118579683968, 0.95246198021907902, 0.952547059449112, 0.95246198021907902, 0.95262150378046195, 0.95268531319791561, 0.95253642454282228, 0.95284483675422738, 0.95271721791424901, 0.95270658300542377, 0.9527597575241944, 0.952547059449112, 0.95245134532039599, 0.95230245666276725, 0.95277039243301964, 0.95261086887670787, 0.95241944060913364, 0.95248325002658729, 0.95272785281800321, 0.95320642349200968, 0.95243007550781666, 0.95273848771668612, 0.95260023397295368, 0.95223864724024243, 0.95249388493034137, 0.952547059449112, 0.95260023396788263], "loss": [0.19325443293000363, 0.14577250976321876, 0.1415730071998994, 0.13945872869901577, 0.13793828287150497, 0.13700944949410943, 0.13642217913967591, 0.1356919323518202, 0.13524471727962203, 0.13480122072786002, 0.1344945715291252, 0.13421566734811696, 0.13372346323946618, 0.13365602108324942, 0.13350515817801623, 0.13336714075548045, 0.13321126165070724, 0.13311685911647869, 0.13288239917228492, 0.13275441979005098, 0.13270353139774807, 0.132695704406181, 0.13254393135329884, 0.13247743542604748, 0.13247598128871285, 0.1324430981649562, 0.13240408654568658, 0.13229952739405273, 0.13220051609682526, 0.13226349352665129, 0.13225812306194804, 0.13223189584745265, 0.13230081248997147, 0.1320101882507671, 0.13214180231935058, 0.13199392572539762, 0.13202670889275767, 0.13221095493010837, 0.13197373605295531, 0.13203373766098836, 0.13198375487681285, 0.13200695251678135, 0.13199017748068675, 0.13208064600773015, 0.13191718422569748, 0.13183175350780957, 0.13195991188265549, 0.13192186404162615, 0.13172976150609553, 0.13179862866187861, 0.13186023883517792, 0.13185690895909896, 0.13195548737006632, 0.13180937700803186, 0.1318707622572626, 0.13185105112452691, 0.1317938840117947, 0.13190637675467468, 0.13171114490841801, 0.13168112730149206, 0.13167642250555658, 0.13169349665033186, 0.13174094953024043, 0.13169735100936042, 0.13175781052930044, 0.13172036742265206, 0.13166628175532072, 0.13172276607974787, 0.13152303286415776, 0.131654410934234, 0.13171003473387569, 0.13180602063961414, 0.13156751499782784, 0.13164382880607287, 0.13168559736055882, 0.13165991099276569, 0.13156178153003009, 0.13161773732446883, 0.13172406469074879, 0.1316061501923006, 0.13166270960198809, 0.13159072463114718, 0.13163454479756892, 0.13166555286974735, 0.13164101970985914], "val_acc": [0.94448698315467072, 0.94825165900969888, 0.94888973966309342, 0.94965543644716688, 0.94971924451250633, 0.95067636549259826, 0.95019780500255235, 0.95150587034201128, 0.95201633486472692, 0.95102730985196526, 0.95150587034201128, 0.95198443083205719, 0.9521120469627361, 0.95125063808065335, 0.9524629913221031, 0.9517611026033691, 0.9536115364982134, 0.9524629913221031, 0.95284583971413983, 0.95287774374680956, 0.95294155181214901, 0.9536115364982134, 0.9528139356814701, 0.9528139356814701, 0.95332440020418585, 0.95185681470137828, 0.95150587034201128, 0.95233537519142419, 0.95332440020418585, 0.95345201633486476, 0.95354772843287394, 0.9536115364982134, 0.95303726391015819, 0.95370724859622258, 0.95182491066870856, 0.95310107197549765, 0.95354772843287394, 0.95367534456355285, 0.95348392036753449, 0.95329249617151612, 0.95316488004083721, 0.95367534456355285, 0.95357963246554367, 0.95322868810617667, 0.95169729453802965, 0.95271822358346092, 0.95329249617151612, 0.95329249617151612, 0.95351582440020421, 0.95373915262889231, 0.95345201633486476, 0.95156967840735074, 0.95319678407350694, 0.95332440020418585, 0.95306916794282792, 0.95313297600816749, 0.95348392036753449, 0.95338820826952531, 0.95354772843287394, 0.95303726391015819, 0.95370724859622258, 0.95351582440020421, 0.95383486472690149, 0.95348392036753449, 0.95386676875957122, 0.95345201633486476, 0.95380296069423176, 0.95377105666156203, 0.95342011230219503, 0.9532605921388464, 0.95338820826952531, 0.95354772843287394, 0.95329249617151612, 0.95310107197549765, 0.95373915262889231, 0.95313297600816749, 0.95357963246554367, 0.95329249617151612, 0.95364344053088312, 0.95367534456355285, 0.95294155181214901, 0.95354772843287394, 0.95332440020418585, 0.95329249617151612, 0.95351582440020421], "val_loss": [0.14913588528192853, 0.14318620067635562, 0.14068068308359266, 0.13905755843778939, 0.13806675852957642, 0.13771324223187914, 0.13704028472232083, 0.13633110129472673, 0.13587791799183035, 0.13594727095305889, 0.13518529166165605, 0.13466692892259302, 0.1351022324474902, 0.13501146135660627, 0.13413657080486699, 0.13435253097127597, 0.13418977293734985, 0.1338856916450584, 0.1338489869901375, 0.13422377489701165, 0.13452628766903924, 0.13383376145960726, 0.1334752121977337, 0.13379118763739475, 0.13323058066447516, 0.13420175481540109, 0.1345462878075423, 0.13383385842364623, 0.133646343449143, 0.13381921332909508, 0.13401346315114915, 0.1334688434364952, 0.13357081395755044, 0.13390215580323603, 0.13441398395524912, 0.13390509867608061, 0.13324444809659455, 0.13303476232120642, 0.13362119146045098, 0.13431771917648008, 0.133444334990276, 0.13347563177115185, 0.13401768143674347, 0.13364489389476025, 0.1337512187467676, 0.13422136876832896, 0.13333748821254712, 0.13355915985750477, 0.13389519174859468, 0.13440141928890428, 0.13325579549438374, 0.13446192322522327, 0.13307337247732801, 0.13368930209631547, 0.13320270261996831, 0.13330512125978761, 0.13385413771551322, 0.13338367862797107, 0.13282596472424474, 0.13340382333968506, 0.13296690389833443, 0.13311913999528713, 0.13298904687554147, 0.13313237910271603, 0.13306183169817912, 0.13353720644128572, 0.13317683876614261, 0.1330277881175736, 0.13321112245967828, 0.13342984551549597, 0.13338781660684157, 0.13291548865487407, 0.13359676413009852, 0.13324922497701347, 0.13288752031629034, 0.1335432242360603, 0.13298727524898957, 0.13292472663412994, 0.13317939740828619, 0.13306875750536576, 0.13336503340170022, 0.13354273172853218, 0.13341638702478958, 0.13315065366165135, 0.13341139117564821]}}