{"low_val_loss": 0.21396448847075247, "params": {"verbose": 1, "nb_epoch": 1000, "batch_size": 32, "metrics": ["loss", "acc", "val_loss", "val_acc"], "nb_sample": 29058, "do_validation": true}, "results": {"acc": [0.83990639410833501, 0.8787597219354395, 0.89717117489159615, 0.90050932617523571, 0.90192029733636181, 0.90278064560534099, 0.90329685456672859, 0.9030903709821736, 0.90391630532039369, 0.90467341179709548, 0.90470782572785469, 0.90474223965861378, 0.90484548145089128, 0.90505196503544638, 0.90536169041227887, 0.90570582971987057, 0.90622203868125817, 0.90539610434303808, 0.90505196503544638, 0.90615321081973987, 0.90580907151214807, 0.90481106752013218, 0.90625645261201737, 0.90577465758138898, 0.90608438295822147, 0.90587789937366647, 0.90529286255076058, 0.90512079289696468, 0.90536169041227887, 0.90525844862000138, 0.90549934613531557, 0.90549934613531557, 0.90629086654277646, 0.90584348544290727, 0.90539610434303808, 0.90529286255076058, 0.90639410833505407, 0.90611879688898067, 0.90563700185835228, 0.90594672723518477, 0.90574024365062977, 0.90515520682772388, 0.90580907151214807, 0.90646293619657237, 0.90577465758138898, 0.90604996902746227, 0.90611879688898067, 0.90639410833505407, 0.90601555509670317, 0.90598114116594397, 0.90656617798884986, 0.90608438295822147, 0.90591231330442568, 0.90629086654277646, 0.90704797301947826, 0.90673824764264577, 0.90601555509670317, 0.90663500585036827, 0.90615321081973987, 0.90660059191960907, 0.90660059191960907, 0.90725445660403337, 0.90677266157340486], "loss": [0.36126997337125766, 0.25030425487749813, 0.23641809143812662, 0.2304314000122939, 0.22711107162510638, 0.22500506685469171, 0.22340531467620156, 0.22221711808820085, 0.22159387904275546, 0.22071042588592535, 0.22049572658937577, 0.22000890298247117, 0.21969974056574457, 0.21924707784651848, 0.21916169310085409, 0.21856367442405875, 0.21848435403735689, 0.2179518373866039, 0.21768574224437159, 0.21744636446904214, 0.21724700968891986, 0.21698797296895994, 0.21683930182283465, 0.2167809052471428, 0.21672460883944278, 0.21644630581883367, 0.21653518758215845, 0.21640144989716845, 0.2160354096941679, 0.21623049394169039, 0.21604451875810388, 0.21617332258833777, 0.21585631298546257, 0.21594120134907896, 0.21591213543259821, 0.21596884072315128, 0.2158724185796842, 0.21574098014834467, 0.21560319463391456, 0.2152973217019917, 0.21542383285192032, 0.21554836403852615, 0.21527636136207878, 0.21540446382652018, 0.21543054734346126, 0.21528659883718118, 0.21521191068175816, 0.21542753336541018, 0.21527436213570803, 0.21501248722073052, 0.21526051133997229, 0.21517203302609242, 0.21521470464714232, 0.21520439463329952, 0.21501542324844744, 0.21498197840342537, 0.21492957006427441, 0.21479866241127143, 0.21476681045462254, 0.21497365615283009, 0.21482078413808445, 0.21483659153098175, 0.21467996064699613], "val_acc": [0.83606895842861806, 0.89016207297962979, 0.89656240329464809, 0.90017549300250399, 0.90089811094407513, 0.90141426661662594, 0.90182719115466659, 0.90203365342368702, 0.90265304023074799, 0.90234334682721751, 0.90409827611389038, 0.90409827611389038, 0.90451120065193102, 0.90523381859350216, 0.90461443178644119, 0.90409827611389038, 0.90461443178644119, 0.90502735632448184, 0.90657582334213438, 0.90523381859350216, 0.90492412518997167, 0.90554351199703265, 0.90544028086252248, 0.90440796951742086, 0.90409827611389038, 0.90544028086252248, 0.90595643653507341, 0.90626612993860389, 0.90482089405546151, 0.90616289880409373, 0.90502735632448184, 0.9043047383829107, 0.90347888930682929, 0.90564674313154292, 0.90605966766958357, 0.90420150724840054, 0.90554351199703265, 0.90688551674566487, 0.90585320540056324, 0.90688551674566487, 0.90461443178644119, 0.90616289880409373, 0.90585320540056324, 0.90554351199703265, 0.90554351199703265, 0.90544028086252248, 0.90626612993860389, 0.9043047383829107, 0.90626612993860389, 0.9043047383829107, 0.90533704972801232, 0.90647259220762422, 0.90523381859350216, 0.9043047383829107, 0.90461443178644119, 0.9043047383829107, 0.90399504497938021, 0.90502735632448184, 0.90616289880409373, 0.90564674313154292, 0.90409827611389038, 0.90605966766958357, 0.90254980909623783], "val_loss": [0.26468339109243566, 0.23862746815397431, 0.23144239863461355, 0.22642513825032712, 0.22333384617275531, 0.22161874909746496, 0.22026168759225803, 0.22146775661711476, 0.21897487615399455, 0.21950886262032937, 0.21765833149522873, 0.21790707195963149, 0.21689224626499395, 0.21570564777080495, 0.21641825311038965, 0.21646007563204689, 0.21559081401718627, 0.21589066528296882, 0.21583246750347729, 0.21479841192108048, 0.21500756057550185, 0.21448612161756755, 0.21545126748685561, 0.21565894727934817, 0.2156953730917425, 0.21420527258265851, 0.21445511982477128, 0.2153244122787441, 0.21427080847105276, 0.21426491594860966, 0.21446871436933154, 0.21452770444388677, 0.21479788182615384, 0.21436756311511926, 0.21500040330027381, 0.2147826979382311, 0.21396448847075247, 0.21526328431288747, 0.21589238072088951, 0.21517927626085759, 0.21485599800690514, 0.21611576781401365, 0.21499345545812054, 0.21544303141647392, 0.21520635240757516, 0.21765419922340662, 0.21636124373196053, 0.21424330211502857, 0.21515499453026776, 0.214671684853418, 0.21439706527917293, 0.21434962935918772, 0.21490992767973016, 0.21460881676358359, 0.21489082209599009, 0.2151425632330807, 0.21420086815197967, 0.21532462914932424, 0.21459324834048224, 0.21458570716845504, 0.21514061027492692, 0.2162593173866266, 0.21569069321032242]}}