{"low_val_loss": 0.12957112598953166, "params": {"verbose": 1, "nb_epoch": 1000, "batch_size": 32, "metrics": ["loss", "acc", "val_loss", "val_acc"], "nb_sample": 94030, "do_validation": true}, "results": {"acc": [0.94336913750930551, 0.94431564394342227, 0.94833563756755113, 0.94911198553653087, 0.95001595235563119, 0.95029245985323829, 0.95083483994469853, 0.95095182389106492, 0.95119642667233861, 0.95123896628735505, 0.95116452196614742, 0.95163245773132865, 0.9513453153248963, 0.95174944166755293, 0.95157928320748697, 0.95171753695629058, 0.95164309263508284, 0.9517707114750612, 0.95164309263001168, 0.95184515580133999, 0.95217483781771772, 0.95221737743273427, 0.9522599170477507, 0.95195150483888125, 0.9516218228225034, 0.95217483782278889, 0.95154737849622462, 0.95179198128764053, 0.95211102840026418, 0.95179198128764053, 0.95227055195657595, 0.95171753695629058, 0.95162182283264574, 0.95203658406891423, 0.95235563118153777, 0.95170690205760755, 0.95185579070636195, 0.95248325003165835, 0.95218547272147191, 0.95210039349650999, 0.95243007550781666, 0.9520259491702312, 0.95211102839519302, 0.95236626608655972, 0.95236626609036301, 0.95211102839519302, 0.95217483781771772, 0.95257896416037435, 0.9523024566678383, 0.95234499628285485, 0.95240880570537956, 0.95230245666276725, 0.95247261512790427, 0.952547059449112, 0.95252578964287149, 0.9524726151228331, 0.95260023396788263, 0.95287674146548973, 0.95277039242794848, 0.95224928214399662, 0.95297245559927679, 0.9525151547429207, 0.95265340848665314, 0.95222801233775611, 0.95245134531532494, 0.95269594810166969, 0.95268531319791561, 0.95246198022415018, 0.95256832925662027, 0.95266404339547839, 0.95251515473784965, 0.95263213867914498, 0.95283420185047329, 0.95254705945925422, 0.95245134531532494, 0.95257896416544552, 0.95277039243301964, 0.95255769435793725, 0.95236626608529196, 0.95272785281800321, 0.95270658300542377, 0.95244071041664191, 0.95258959906412843, 0.95292991598426036, 0.95234499627778368, 0.95253642455550014, 0.95240880570537956, 0.9525895990691996, 0.95253642455042897], "loss": [0.19339104794250275, 0.14562379630409497, 0.14085577257285786, 0.13839700554692561, 0.13668956760945827, 0.13576041330192859, 0.13500769690406533, 0.13450461474093658, 0.13402596912960366, 0.13366690749001606, 0.1334690221396454, 0.13327484282913657, 0.13300163959092876, 0.1327763860514953, 0.13260657085504138, 0.13238885490978292, 0.13230753858920097, 0.1322672827959086, 0.13201766368158191, 0.13185270977316765, 0.13175896189922248, 0.1316027935221514, 0.1316038465499561, 0.13147130948436425, 0.13145909214073973, 0.13125516782127186, 0.13106691407438517, 0.13105368397152958, 0.13082787198334769, 0.13064125806115401, 0.13058145363654378, 0.13062094213088613, 0.13033110317804325, 0.13026971103581711, 0.13005728674280961, 0.13004524309299453, 0.12998502585027846, 0.12992871946969287, 0.12975952523281811, 0.12967346861338877, 0.12947264701028169, 0.12945599709909342, 0.12951508455915831, 0.1292001730775397, 0.12924843992842622, 0.12924132178492284, 0.12911807602261732, 0.12912679041137495, 0.12889609125672688, 0.12892605415826197, 0.1288696378407663, 0.1289898936995785, 0.12888472514397589, 0.12888135956965785, 0.12878644294679437, 0.1287249485371684, 0.12875075728702734, 0.12881994032102226, 0.12873400963625364, 0.12874926061934136, 0.12866776068071401, 0.12870020140970714, 0.12867320809621488, 0.1286164892904558, 0.12853655309645048, 0.12858474096262518, 0.12855278290574454, 0.12865395256731468, 0.12861430731213855, 0.12859328563297276, 0.12857879354850948, 0.12855092404364879, 0.12845084898765705, 0.12857992050464667, 0.12851008759094631, 0.12851256597480101, 0.12853319431433941, 0.12852636343203971, 0.12856586751378823, 0.1284232788062864, 0.12835255584510274, 0.12852435942680218, 0.12837974057441429, 0.12849652769597111, 0.12843845893978426, 0.1284876626713484, 0.12848097923146681, 0.1284313972788606, 0.12840685445371999], "val_acc": [0.94448698315467072, 0.94879402756508424, 0.94984686064318535, 0.95016590096988263, 0.95051684532924963, 0.95026161306789181, 0.95160158244002047, 0.95188871873404801, 0.95141015824400199, 0.95214395099540583, 0.95223966309341501, 0.95217585502807556, 0.95252679938744256, 0.95284583971413983, 0.95313297600816749, 0.95239918325676365, 0.95166539050535992, 0.95306916794282792, 0.95297345584481874, 0.95163348647269019, 0.95182491066870856, 0.95217585502807556, 0.9524629913221031, 0.95316488004083721, 0.95332440020418585, 0.95223966309341501, 0.95338820826952531, 0.95316488004083721, 0.95313297600816749, 0.95329249617151612, 0.95313297600816749, 0.95275012761613065, 0.95313297600816749, 0.95188871873404801, 0.95144206227667172, 0.95255870342011228, 0.95335630423685558, 0.95316488004083721, 0.95354772843287394, 0.95300535987748847, 0.95239918325676365, 0.95262251148545174, 0.95322868810617667, 0.95313297600816749, 0.95351582440020421, 0.95223966309341501, 0.95297345584481874, 0.95268631955079119, 0.95265441551812147, 0.95268631955079119, 0.95259060745278201, 0.95377105666156203, 0.95348392036753449, 0.95348392036753449, 0.95217585502807556, 0.95322868810617667, 0.95290964777947929, 0.95364344053088312, 0.95329249617151612, 0.95338820826952531, 0.95287774374680956, 0.95310107197549765, 0.95345201633486476, 0.95329249617151612, 0.95160158244002047, 0.9532605921388464, 0.95319678407350694, 0.95300535987748847, 0.95367534456355285, 0.95332440020418585, 0.95367534456355285, 0.95338820826952531, 0.95303726391015819, 0.95348392036753449, 0.95367534456355285, 0.95310107197549765, 0.95383486472690149, 0.95357963246554367, 0.95383486472690149, 0.95306916794282792, 0.95310107197549765, 0.95380296069423176, 0.9543134252169474, 0.95335630423685558, 0.95268631955079119, 0.95364344053088312, 0.95412200102092903, 0.95329249617151612, 0.95342011230219503], "val_loss": [0.14851798875720421, 0.14293426506681489, 0.1411401137610733, 0.13799010558151786, 0.13688165826258031, 0.13576219342515869, 0.13597877681894288, 0.13544740843823852, 0.13448277126756203, 0.13424731302395987, 0.13466554287594762, 0.13435857053969727, 0.13408178569403853, 0.13411767383435511, 0.13368743978300041, 0.13327422869192543, 0.13388303687274, 0.13346288601177089, 0.13313795830683631, 0.13426240408368079, 0.13412698156059152, 0.13370634207617055, 0.13403650723310256, 0.13214272577477207, 0.13229637332507821, 0.13239533224938443, 0.13249395140496639, 0.13184479008285654, 0.13163297605805857, 0.13185843705347511, 0.13146836797061656, 0.13238457742376769, 0.13129668103672673, 0.13292844558820213, 0.13299412738803762, 0.13117477423195301, 0.13123922908869765, 0.13097645283874929, 0.13082497569885926, 0.13063536522289118, 0.13096844886238018, 0.13127709940482823, 0.13060565525214243, 0.1302430739587305, 0.130096614485366, 0.13056866739719208, 0.13017866766102129, 0.13109586665605544, 0.13020880057582476, 0.13054817704262328, 0.13028284942521132, 0.12992771866580641, 0.1302163746015888, 0.13064446434523147, 0.13055203632261905, 0.13016822566185574, 0.13012992113452138, 0.12965953630272103, 0.130740759893301, 0.12995715530502699, 0.12985691129343585, 0.13112683117488563, 0.12957112598953166, 0.12981600029514784, 0.13074397027013313, 0.12960815780157639, 0.13058943049758748, 0.12977208232772386, 0.12960849351317619, 0.12987416448673464, 0.1299087770288927, 0.12963717771791999, 0.13098351047823567, 0.13015474040953098, 0.12994354478672582, 0.1300970449389518, 0.12960756075677365, 0.13051690877571648, 0.13059988905993758, 0.1300152473222044, 0.13075901571834281, 0.1306645259605326, 0.12968419308737567, 0.12967020543525115, 0.13068371193009015, 0.12966242507518463, 0.1302259676681376, 0.12969932679016563, 0.13018488390024155]}}