{"low_val_loss": 0.13295652256016832, "params": {"verbose": 1, "nb_epoch": 1000, "batch_size": 32, "metrics": ["loss", "acc", "val_loss", "val_acc"], "nb_sample": 94030, "do_validation": true}, "results": {"acc": [0.94365627991066681, 0.94520897586891073, 0.94788897160480701, 0.94896309688397318, 0.94940976284671741, 0.95013293629692652, 0.95030309476206354, 0.95067531638838665, 0.95096245879989016, 0.95093055407848559, 0.95116452196107626, 0.95151547378496226, 0.95139848984366693, 0.95118579176858453, 0.9516430926401539, 0.95170690205253639, 0.95183452090265697, 0.9514197596511752, 0.95151547378623003, 0.95180261618632356, 0.95127087099861751, 0.95167499734127403, 0.95149420398252516, 0.95152610868871634, 0.95184515580260776, 0.95173880676506661, 0.95169626715385347, 0.95173880676379874, 0.95154737849622462, 0.95179198128764053, 0.95201531426140595, 0.95157928320748697, 0.95217483781771772, 0.95171753696136163, 0.95187706051260235, 0.95176007657130701, 0.95151547378496226, 0.95166436243751995, 0.95212166330401826, 0.95222801234155952, 0.9519940444640399, 0.9519940444640399, 0.95201531426140595, 0.95224928214399662, 0.9520259491702312, 0.95182388599383172, 0.9522386472453136, 0.95210039349650999, 0.95200467936779409, 0.95203658407398528, 0.95219610763156493, 0.95194086994019822, 0.9523024566678383, 0.95232372647027541, 0.95191960012761889, 0.95260023396915039, 0.95196213974263533, 0.952196107625226, 0.9522599170477507, 0.95216420291396364, 0.95211102839519302, 0.95250451983409545, 0.95201531426647701, 0.95215356801528062, 0.95239817079655431, 0.95211102839519302, 0.95206848878524764, 0.95208975858768474, 0.95228118686033003, 0.95193023503644403, 0.9519834095501436, 0.95222801234155952, 0.9523769009941172, 0.95227055195150478, 0.95236626608529196, 0.95219610763029716, 0.95220674253405124, 0.95244071041157075, 0.95214293310645537, 0.95234499627778368, 0.95251515473784965, 0.95240880570030839, 0.95224928214906768, 0.95236626609036301, 0.95220674252898008, 0.95237690098904604, 0.95228118686033003, 0.95211102840533524, 0.95223864724024243, 0.95219610763029716, 0.95218547272147191, 0.95229182175901306, 0.95193023503137297, 0.9522386472453136, 0.95225991705282187, 0.95246198022541795, 0.95194086993512705, 0.95235563118153777, 0.95205785387642239, 0.95205785387642239, 0.95218547272654297, 0.95228118685525898, 0.95229182175901306, 0.95203658406891423, 0.95227055195150478, 0.95222801234155952, 0.95224928214399662, 0.95227055195150478, 0.95235563118153777, 0.95232372647534658, 0.95236626609036301, 0.95223864725038476, 0.95238753589787128, 0.95222801233775611, 0.95217483782785994, 0.95238753589280012, 0.95206848878017658, 0.9523343613740296, 0.95220674252898008, 0.95204721897773936, 0.95241944060406258, 0.95239817079655431, 0.95234499628285485, 0.95261086887163671, 0.95207912368393066, 0.95245134531532494, 0.95235563118153777, 0.95206848878524764, 0.95245134531532494, 0.95221737743273427, 0.95255769435286608, 0.95241944060406258, 0.95222801234155952, 0.9525151547429207, 0.95239817080162537, 0.95260023397295368, 0.95258959906412843, 0.9521216632989471, 0.95234499628285485, 0.95230245666276725, 0.95260023397295368, 0.95239817080162537, 0.95263213868421603, 0.95212166330908943, 0.95243007550781666, 0.95220674253405124, 0.95244071041157075, 0.95258959906412843, 0.952196107625226, 0.95235563118660893, 0.95229182175901306, 0.95235563118660893, 0.95213229820270129, 0.95240880570030839, 0.95231309156652133, 0.95213229820270129, 0.95231309156652133, 0.95225991705282187, 0.95234499627778368, 0.9522067425391223, 0.95236626609036301, 0.9523343613740296, 0.9523769009941172, 0.95225991705282187, 0.95218547273161414, 0.95204721897266831, 0.95215356801528062, 0.95253642454535792, 0.95250451984423778, 0.95239817079655431, 0.95218547272147191, 0.95243007550781666, 0.95203658406891423, 0.95236626608529196, 0.95230245666276725, 0.95206848878017658, 0.95231309156652133, 0.95235563118660893, 0.95287674146548973, 0.95235563118153777, 0.95229182176408422, 0.95250451984043438, 0.95222801234155952, 0.95211102839519302, 0.95221737743780532, 0.95254705945418305, 0.95212166330401826, 0.95235563118153777, 0.9523343613740296, 0.95216420291396364, 0.95239817080162537, 0.95248325003292611, 0.95245134532546716, 0.95220674252898008, 0.95244071041157075, 0.95230245666276725, 0.95213229820777234, 0.95214293311152653, 0.95217483781771772],