{"low_val_loss": 0.21934003140260108, "params": {"verbose": 1, "nb_epoch": 1000, "batch_size": 32, "metrics": ["loss", "acc", "val_loss", "val_acc"], "nb_sample": 29058, "do_validation": true}, "results": {"acc": [0.83949342693922502, 0.87318466515245374, 0.89390185146947487, 0.89696469130704104, 0.89878862963727713, 0.89896069929107303, 0.90064698189827241, 0.90006194507536652, 0.90054374010599492, 0.90054374010599492, 0.90057815403675412, 0.90130084658269671, 0.89995870328308902, 0.90119760479041922, 0.89988987542157062, 0.90112877692890081, 0.90030284259068072, 0.90109436299814161, 0.90013077293688482, 0.90050932617523571, 0.90123201872117831, 0.90040608438295822, 0.89975221969853392, 0.89999311721384812, 0.90064698189827241, 0.89968339183701562, 0.90068139582903162, 0.90013077293688482, 0.90013077293688482, 0.90078463762130911, 0.90047491224447651, 0.90033725652143992, 0.90105994906738252, 0.90085346548282741, 0.90057815403675412, 0.90057815403675412, 0.90078463762130911, 0.90075022369054991, 0.90071580975979071, 0.90071580975979071, 0.90037167045219901, 0.90088787941358661, 0.90112877692890081, 0.90123201872117831, 0.90023401472916231, 0.90068139582903162, 0.90023401472916231, 0.90037167045219901, 0.90136967444421501, 0.90112877692890081, 0.90068139582903162, 0.89999311721384812, 0.90095670727510502, 0.9013352605134558], "loss": [0.39070982906665613, 0.25739634589003846, 0.23846468991566708, 0.23221823329644292, 0.22919272027814694, 0.22741249218040557, 0.22620443817925753, 0.22538627979512732, 0.22481853399169086, 0.22472037937728281, 0.22435937436541503, 0.22421221904774491, 0.22393044088720676, 0.22382230079344767, 0.22383705369722523, 0.22381028629748653, 0.22369000329614563, 0.22365850574283166, 0.22374847200429607, 0.22357777601357437, 0.22344876540791053, 0.22343289103392061, 0.22334688120187063, 0.2232500207146017, 0.22334624447738224, 0.22329851483641056, 0.22344578261431033, 0.22339226666360251, 0.2233241435846251, 0.22338108437325427, 0.22323332176507812, 0.22330622419625698, 0.22332178908769779, 0.22303833702809711, 0.22315849248569603, 0.22324010517589979, 0.22326837799342175, 0.2233069943244512, 0.22316548995218796, 0.22302581283622636, 0.22324943594209928, 0.22317209927818635, 0.22310400913747755, 0.22328130434307542, 0.22328361498201055, 0.22308734281613429, 0.22306976518805582, 0.22320553904181462, 0.22311206307510636, 0.22292482723926238, 0.22308684852374494, 0.22344973168806165, 0.2229342661806718, 0.22325737382279465], "val_acc": [0.83606895842861806, 0.88882006823099768, 0.89398162495650613, 0.89831733258132096, 0.89945287506093274, 0.89945287506093274, 0.89914318165740226, 0.90089811094407513, 0.89749148350523955, 0.90017549300250399, 0.90038195527152431, 0.90120780434760561, 0.90048518640603448, 0.89996903073348367, 0.90120780434760561, 0.89934964392642258, 0.90017549300250399, 0.90027872413701415, 0.89945287506093274, 0.89996903073348367, 0.8982141014468108, 0.89893671938838193, 0.89924641279191242, 0.90100134207858529, 0.89965933732995307, 0.89955610619544291, 0.90027872413701415, 0.89924641279191242, 0.90007226186799383, 0.89945287506093274, 0.90100134207858529, 0.90027872413701415, 0.9006916486750548, 0.90027872413701415, 0.89965933732995307, 0.90038195527152431, 0.89914318165740226, 0.90162072888564626, 0.90038195527152431, 0.89965933732995307, 0.90048518640603448, 0.90007226186799383, 0.90110457321309545, 0.89862702598485145, 0.90027872413701415, 0.89883348825387177, 0.90027872413701415, 0.90089811094407513, 0.90027872413701415, 0.90089811094407513, 0.89914318165740226, 0.90058841754054464, 0.89914318165740226, 0.90027872413701415], "val_loss": [0.28761389465158271, 0.24230144082533878, 0.23210316407886022, 0.22748717222344683, 0.22588575627765162, 0.22319151275455981, 0.22375470873641809, 0.2217484376828491, 0.22303248883905802, 0.22189231351813235, 0.22076818279293628, 0.22259648333297766, 0.22096686653275233, 0.22016592614050434, 0.22063664136268141, 0.22035475110471145, 0.22133299661295522, 0.22067176981879005, 0.22039573707237964, 0.22060452498702476, 0.22067247836769729, 0.21996533382452099, 0.21956162453866834, 0.22118302593047101, 0.21979450332844014, 0.2206826223466398, 0.22022123625739459, 0.21934003140260108, 0.21994129644405538, 0.22007851264628633, 0.22019662014825481, 0.21985389726184354, 0.2207121841399505, 0.21977615939447284, 0.22126375007545712, 0.22021798588757768, 0.22012391392631134, 0.21962499548077793, 0.21948958884898115, 0.22083720514694824, 0.22101545541835568, 0.21995241662980208, 0.21957039055630337, 0.22005537839278946, 0.22120748697646916, 0.22262429350840365, 0.21996531170121136, 0.22081682673607669, 0.22040733078186439, 0.21997386938563021, 0.22052525180934493, 0.21950431366976883, 0.22097792676928318, 0.21989953554832148]}}