{"low_val_loss": 0.21161609107561744, "params": {"verbose": 1, "nb_epoch": 1000, "batch_size": 32, "metrics": ["loss", "acc", "val_loss", "val_acc"], "nb_sample": 29058, "do_validation": true}, "results": {"acc": [0.86317021130153482, 0.89693027737628195, 0.90078463762130911, 0.90216119485167601, 0.90415720283570788, 0.90377864959735699, 0.90532727648151967, 0.90515520682772388, 0.90525844862000138, 0.90556817399683387, 0.90567141578911148, 0.90546493220455637, 0.90608438295822147, 0.90656617798884986, 0.90615321081973987, 0.90711680088099667, 0.90591231330442568, 0.90725445660403337, 0.90694473122720076, 0.90570582971987057, 0.90663500585036827, 0.90666941978112736, 0.90722004267327416, 0.90646293619657237, 0.90708238695023746, 0.90694473122720076, 0.90642852226581316, 0.90708238695023746, 0.90635969440429487, 0.90735769839631086, 0.90763300984238415, 0.90763300984238415, 0.90646293619657237, 0.90739211232706996, 0.90746094018858836, 0.90722004267327416, 0.90687590336568247, 0.90725445660403337, 0.90766742377314336, 0.90708238695023746, 0.90780507949618006, 0.90756418198086586, 0.90777066556542085, 0.90763300984238415, 0.90797714914997596, 0.90752976805010666, 0.90728887053479246, 0.90869984169591855], "loss": [0.34004521143337257, 0.22838581667623153, 0.22254924928340378, 0.22095057570098714, 0.21951718679379592, 0.21862206172143378, 0.21762576605105435, 0.21715097194881741, 0.21663414203904846, 0.21625183259631001, 0.21537585943369111, 0.21511328155138315, 0.21477813661709746, 0.21423246761250894, 0.21413501051550524, 0.21384327355375471, 0.21324963543057171, 0.21344375370549942, 0.21288530514625059, 0.2126459870173357, 0.21273334785476425, 0.21248660155009383, 0.21197440252923386, 0.21190036086176994, 0.21136167957106772, 0.21144447517225204, 0.2113779938159723, 0.2111704633561913, 0.21117343719782261, 0.21115286495495283, 0.2110526222263604, 0.21064545296738191, 0.21066418071887361, 0.21081842545370447, 0.2108763334545124, 0.2106512913693088, 0.21044951638823362, 0.21051224704091601, 0.20997938890156526, 0.21048467197971862, 0.21016507710966903, 0.21026250465774135, 0.20960773273474811, 0.21002589225650073, 0.20957966438538275, 0.20996907630317249, 0.20955694853640019, 0.20940476789854129], "val_acc": [0.89387839379738365, 0.89862702598485145, 0.90234334682721751, 0.90254980909623783, 0.90244657796172767, 0.90337565817231913, 0.90399504497938021, 0.90347888930682929, 0.90451120065193102, 0.90337565817231913, 0.90461443178644119, 0.90409827611389038, 0.90554351199703265, 0.90564674313154292, 0.90409827611389038, 0.90461443178644119, 0.905130587458992, 0.90636936107311405, 0.90399504497938021, 0.90451120065193102, 0.90554351199703265, 0.90461443178644119, 0.90502735632448184, 0.90574997426605308, 0.90636936107311405, 0.90667905447664454, 0.9043047383829107, 0.90636936107311405, 0.90409827611389038, 0.90647259220762422, 0.9067822856111547, 0.90523381859350216, 0.90399504500399241, 0.90595643653507341, 0.9067822856111547, 0.90647259220762422, 0.905130587458992, 0.90451120065193102, 0.90533704972801232, 0.9067822856111547, 0.90482089405546151, 0.90688551674566487, 0.90399504497938021, 0.90585320542517545, 0.90636936107311405, 0.90750490355272584, 0.90750490355272584, 0.90647259220762422], "val_loss": [0.23271800722698807, 0.22086763655461308, 0.21818014717549994, 0.21758935304018837, 0.21608064876900279, 0.2171193908811957, 0.21454580443383151, 0.21470547934563963, 0.21403253630389735, 0.21451578549929198, 0.21485232486682521, 0.21466957685365831, 0.21330592740156756, 0.21406706356037458, 0.21406160331774118, 0.21362002849074307, 0.21296923296166312, 0.21319351836699038, 0.21357242860106895, 0.21301921310224953, 0.21211910354250588, 0.21161609107561744, 0.21334904056960391, 0.21234983199642232, 0.21291443425594769, 0.21239016427889912, 0.21293242831181924, 0.21249813590857516, 0.21378442383875748, 0.21269498436126322, 0.2122458423501975, 0.21296210385973613, 0.21482299840325994, 0.21273067356374251, 0.2117155693695249, 0.21246802086639149, 0.21371883404344749, 0.2124453182558631, 0.21484992620904858, 0.21222421235561714, 0.21370080430908592, 0.21295663964222911, 0.21555234539972759, 0.2132594146336689, 0.2133878400676007, 0.2126614148001239, 0.21171451675100594, 0.21233203452758478]}}