{"low_val_loss": 0.1329671010696398, "params": {"verbose": 1, "nb_epoch": 1000, "batch_size": 32, "metrics": ["loss", "acc", "val_loss", "val_acc"], "nb_sample": 94030, "do_validation": true}, "results": {"acc": [0.94350739126318028, 0.94699563969453193, 0.94886738275525728, 0.94921833457407212, 0.94973944485802408, 0.95001595236070235, 0.95009039668190998, 0.95050515793339185, 0.95031372967088878, 0.95098372859725622, 0.95103690311602684, 0.95112198234605971, 0.9513453153248963, 0.95131341061870511, 0.95102626821227265, 0.95127087100875973, 0.9512921408124646, 0.95137722003615866, 0.9516005530200663, 0.95161118791874932, 0.95133468042114222, 0.95145166436243755, 0.95147293416994572, 0.95156864830880394, 0.95182388599383172, 0.9517707114750612, 0.95202594916516003, 0.95151547379003332, 0.95161118791874932, 0.95188769541635643, 0.95194086993512705, 0.95164309263508284, 0.95179198128764053, 0.95182388599383172, 0.95188769541635643, 0.95169626715385347, 0.95221737743273427, 0.95180261619646578, 0.95201531426647701, 0.95219610763029716, 0.95207912368519843, 0.95180261619139461, 0.95222801233648835, 0.95224928214906768, 0.95241944060406258, 0.95249388493541254, 0.95249388493034137, 0.95206848878524764, 0.95235563118660893, 0.95207912368393066, 0.95230245666276725, 0.95194086994019822, 0.95204721897266831, 0.95221737743273427, 0.9523449962879259, 0.95214293310645537, 0.95252578964160373, 0.952547059449112, 0.95244071041157075, 0.95221737743273427, 0.95219610763029716, 0.9525895990691996, 0.95236626609036301, 0.95260023397295368, 0.95237690098904604, 0.95241944060913364, 0.9522386472453136, 0.95246198022922124, 0.95251515473784965, 0.95255769435286608, 0.95227055195657595, 0.95227055196164712, 0.95241944060913364, 0.95195150484014901, 0.95234499627778368, 0.95236626608529196, 0.952547059449112, 0.95238753589406799, 0.95223864724024243, 0.95216420291396364, 0.95261086887163671, 0.95246198022034678, 0.95236626608529196, 0.95238753589787128, 0.9521642029190347, 0.95222801233648835, 0.95245134531532494, 0.95284483675422738, 0.95225991705282187, 0.95236626608529196, 0.95245134532546716, 0.95262150377539079, 0.95236626608529196, 0.95229182176535199, 0.95231309156652133, 0.95223864724024243, 0.95214293310645537, 0.95243007550781666, 0.95240880570030839], "loss": [0.1744537432289093, 0.142227764616561, 0.13927623137227907, 0.13778365116602473, 0.13690440020136005, 0.13636841439102909, 0.13580012586913462, 0.13544032101864181, 0.13526193848283674, 0.13488235557813361, 0.13466129031182478, 0.13471122300683167, 0.13446725619683289, 0.13410706811083462, 0.13412062616648984, 0.1340406087019666, 0.13405322277088261, 0.13386998296554173, 0.13387410062941973, 0.13391294691832104, 0.13382882358203047, 0.13380223646186318, 0.13374154976395095, 0.13355143542627218, 0.13350750873928868, 0.13349872167801319, 0.13353967539647973, 0.13344124101912938, 0.13329843303934888, 0.13314263056018791, 0.13305391605900257, 0.13325935460133437, 0.1331653308134047, 0.13287328972082929, 0.13289433222501365, 0.13287611793079718, 0.13273394771802174, 0.13262391776705401, 0.13253385965226749, 0.13263075607774816, 0.13248223857741198, 0.1326626021107955, 0.13246355637595791, 0.13248053073699229, 0.1324883640214197, 0.13235639880185404, 0.13246696862190768, 0.13232056787755531, 0.13236562630020404, 0.13210857068222659, 0.13229660374502369, 0.13227686411704609, 0.13218807091271478, 0.13220680592022815, 0.13196666327059606, 0.13218732376935621, 0.13203250726661753, 0.13202884777632404, 0.13191231623677058, 0.13194392489747367, 0.13181796462424547, 0.13200723878452147, 0.13192172155638368, 0.13187491598597589, 0.13179575063503735, 0.13188279816984028, 0.13196154242213276, 0.13184578050378407, 0.13188590812427015, 0.13180140161100987, 0.13194843595105638, 0.13180512210054499, 0.13188062385857693, 0.13186625831116772, 0.13183274792348224, 0.13182516481200837, 0.1318205693882665, 0.13178285338784054, 0.13170701247182068, 0.13173017795599296, 0.13186723692535776, 0.13176678051362073, 0.13179892642851584, 0.13164822345405996, 0.13181851804446607, 0.13189552471819779, 0.13181459323082034, 0.13175709875805458, 0.1317028163941277, 0.13179481066497958, 0.13175062279517152, 0.13164650482531368, 0.13174608069961596, 0.13177628140921518, 0.13162015787547959, 0.13174983086907333, 0.13170597253772004, 0.1316743155895212, 0.13163866103915703], "val_acc": [0.94448698315467072, 0.94936830015313933, 0.95026161306789181, 0.95125063808065335, 0.9521120469627361, 0.95153777437468101, 0.95201633486472692, 0.95252679938744256, 0.95290964777947929, 0.95239918325676365, 0.95195252679938747, 0.95153777437468101, 0.95160158244002047, 0.95153777437468101, 0.95029351710056154, 0.95284583971413983, 0.9511868300153139, 0.95070826952526799, 0.95233537519142419, 0.95042113323124044, 0.95255870342011228, 0.95306916794282792, 0.95249489535477283, 0.95201633486472692, 0.95182491066870856, 0.95249489535477283, 0.95290964777947929, 0.95297345584481874, 0.95306916794282792, 0.95322868810617667, 0.95192062276671774, 0.95249489535477283, 0.95262251148545174, 0.95351582440020421, 0.95169729453802965, 0.95214395099540583, 0.9536115364982134, 0.95249489535477283, 0.95335630423685558, 0.95217585502807556, 0.95093159775395608, 0.95332440020418585, 0.95338820826952531, 0.95204823889739665, 0.95316488004083721, 0.95239918325676365, 0.95271822358346092, 0.9532605921388464, 0.95223966309341501, 0.95351582440020421, 0.95275012761613065, 0.95297345584481874, 0.95364344053088312, 0.95322868810617667, 0.95300535987748847, 0.9536115364982134, 0.95306916794282792, 0.95227156712608474, 0.95306916794282792, 0.95367534456355285, 0.95297345584481874, 0.95338820826952531, 0.95297345584481874, 0.95354772843287394, 0.95364344053088312, 0.95316488004083721, 0.95287774374680956, 0.95294155181214901, 0.95373915262889231, 0.95310107197549765, 0.95249489535477283, 0.95278203164880038, 0.95342011230219503, 0.95297345584481874, 0.95367534456355285, 0.95345201633486476, 0.95227156712608474, 0.95345201633486476, 0.95290964777947929, 0.95306916794282792, 0.95364344053088312, 0.95300535987748847, 0.9528139356814701, 0.95137825421133226, 0.95351582440020421, 0.95364344053088312, 0.95268631955079119, 0.95217585502807556, 0.95252679938744256, 0.95335630423685558, 0.95322868810617667, 0.95268631955079119, 0.95313297600816749, 0.95389867279224094, 0.95319678407350694, 0.95373915262889231, 0.95383486472690149, 0.95297345584481874, 0.95300535987748847],