{"low_val_loss": 0.21920216723751995, "params": {"verbose": 1, "nb_epoch": 1000, "batch_size": 32, "metrics": ["loss", "acc", "val_loss", "val_acc"], "nb_sample": 29058, "do_validation": true}, "results": {"acc": [0.83921811549315162, 0.83990639410833501, 0.83990639410833501, 0.83990639410833501, 0.83990639410833501, 0.83990639410833501, 0.83990639410833501, 0.83990639410833501, 0.83990639410833501, 0.83990639410833501, 0.83990639410833501, 0.83990639410833501, 0.83990639410833501, 0.83990639410833501, 0.83990639410833501, 0.83990639410833501, 0.83990639410833501, 0.83990639410833501, 0.83990639410833501, 0.83990639410833501, 0.83990639410833501, 0.83990639410833501, 0.83990639410833501, 0.83990639410833501, 0.83990639410833501, 0.83990639410833501, 0.83990639410833501, 0.84727097529079776, 0.88581457774106953, 0.8896001101245784, 0.89403950719251157, 0.89531282263060086, 0.89631082662261685, 0.89741207240691034, 0.89913276894486893, 0.89968339183701562, 0.89964897790625642, 0.89982104756005232, 0.90009635900612572, 0.90050932617523571, 0.90023401472916231, 0.90057815403675412, 0.90044049831371742, 0.90047491224447651, 0.90050932617523571, 0.90075022369054991, 0.90092229334434581, 0.90081905155206832, 0.90075022369054991, 0.90068139582903162, 0.90123201872117831, 0.90092229334434581, 0.90016518686764402, 0.90054374010599492, 0.90157615802877, 0.90044049831371742, 0.90075022369054991, 0.90130084658269671, 0.90109436299814161, 0.90095670727510502, 0.90061256796751321, 0.90109436299814161, 0.90102553513662331, 0.90081905155206832, 0.90057815403675412, 0.90116319085966001, 0.90105994906738252, 0.90050932617523571, 0.90161057195952921, 0.90099112120586411, 0.90116319085966001, 0.90154174409801091, 0.90099112120586411, 0.9018170555440842, 0.90140408837497421, 0.90126643265193751, 0.90112877692890081, 0.90050932617523571, 0.90057815403675412, 0.90061256796751321, 0.90037167045219901, 0.90161057195952921, 0.90112877692890081, 0.90068139582903162, 0.90140408837497421, 0.90136967444421501, 0.90071580975979071, 0.90068139582903162, 0.90075022369054991, 0.90078463762130911, 0.90078463762130911, 0.90088787941358661, 0.90044049831371742, 0.90109436299814161, 0.90064698189827241, 0.90071580975979071, 0.90092229334434581, 0.90095670727510502, 0.90105994906738252, 0.90143850230573341, 0.90057815403675412, 0.90092229334434581, 0.90130084658269671, 0.90047491224447651, 0.90099112120586411, 0.90081905155206832, 0.90081905155206832, 0.90075022369054991, 0.90040608438295822, 0.90099112120586411, 0.90075022369054991], "loss": [0.44844938841203474, 0.35342620602083336, 0.34954694308321577, 0.34818962961076355, 0.34753205492078204, 0.34710181194906087, 0.34687640985938212, 0.34662439244047349, 0.34650387027339291, 0.34642355058282476, 0.34631382490855239, 0.34628139745673026, 0.34621485832188131, 0.34611380998073665, 0.34606136095707085, 0.34599297966350911, 0.34587850382539886, 0.34582771286927333, 0.34577118267588969, 0.34566883787731234, 0.3456353435366043, 0.34548376047694929, 0.34536087794398745, 0.34511933902337388, 0.34482763997784288, 0.34436761145664269, 0.33756739684955001, 0.28008317109665315, 0.24948306051967181, 0.2398685255487325, 0.23466051626668202, 0.23169267293900156, 0.22979625947453272, 0.22817930176179663, 0.22712157654683501, 0.2264541320236611, 0.22581637455101769, 0.22544878902565926, 0.22503142361610901, 0.22486265560333757, 0.22457271477124083, 0.22432137171243824, 0.22414967325206503, 0.22392859798360901, 0.22379544925742567, 0.22375893255022514, 0.223486533017351, 0.22352772012688318, 0.22337225532960855, 0.22334966112523852, 0.2232582846301675, 0.22315088685421697, 0.22311745093151711, 0.22295566762620167, 0.22305183713375329, 0.22285487339791826, 0.2229950735426891, 0.22286688413674696, 0.22291683456867215, 0.2227849840371211, 0.22291271245867678, 0.22268576135949789, 0.22282693150868452, 0.22283957860963899, 0.22276448713965144, 0.22288352282436677, 0.22272306552272317, 0.2227899988537457, 0.22274456205507639, 0.22270540466934793, 0.22277271343086533, 0.22266368437998146, 0.22275669192880551, 0.22272401520944821, 0.22276363715499348, 0.22259635947940151, 0.22254248702999516, 0.22287322538418, 0.22262308836676592, 0.22262991290244383, 0.22254706538645211, 0.22269865298273911, 0.22249905001178513, 0.22265076406299555, 0.22270885420662792, 0.22267869539454788, 0.22268963532603217, 0.22270961285270896, 0.22259623356257346, 0.22255082471531185, 0.2225387374264661, 0.2224623789699664, 0.22263726918978705, 0.2225439982489136, 0.22266900016340924, 0.22252834636390606, 0.22259834218431557, 0.2225990584838726, 0.22254540389153066, 0.22264855409843462, 0.22270612772386214, 0.22257688070852669, 0.22250445065710286, 0.22264474221084146, 0.22260417812322789, 0.22257323581238672, 0.22260880384124215, 0.22261134042948874, 0.22265482679834031, 0.22260881069337635, 0.22259288099504193], "val_acc": [0.83606895842861806, 0.83606895842861806, 0.83606895842861806, 0.83606895842861806, 0.83606895842861806, 0.83606895842861806, 0.83606895842861806, 0.83606895842861806, 0.83606895842861806, 0.83606895842861806, 0.83606895842861806, 0.83606895842861806, 0.83606895842861806, 0.83606895842861806, 0.83606895842861806, 0.83606895842861806, 0.83606895842861806, 0.83606895842861806, 0.83606895842861806, 0.83606895842861806, 0.83606895842861806, 0.83606895842861806, 0.83606895842861806, 0.83606895842861806, 0.83606895842861806, 0.83606895842861806, 0.83606895842861806, 0.88025188394974563, 0.88727160121334514, 0.89067822865218071, 0.89171053999728234, 0.893465469259343, 0.89480747400797522, 0.89408485609101629, 0.89656240329464809, 0.89811087031230064, 0.89728502123621923, 0.89965933732995307, 0.8979044080432802, 0.89842056371583112, 0.89873025711936161, 0.89749148350523955, 0.89759471463974971, 0.89728502123621923, 0.89842056371583112, 0.90058841754054464, 0.89924641279191242, 0.89965933732995307, 0.89862702598485145, 0.89914318165740226, 0.90100134207858529, 0.90007226186799383, 0.89831733258132096, 0.89883348825387177, 0.89800763917779036, 0.90120780434760561, 0.89955610619544291, 0.89924641279191242, 0.89996903073348367, 0.89986579959897339, 0.8990399505228921, 0.8982141014468108, 0.89945287506093274, 0.90017549300250399, 0.89976256846446323, 0.89986579959897339, 0.90007226186799383, 0.89924641279191242, 0.90048518640603448, 0.9006916486750548, 0.89986579959897339, 0.89986579959897339, 0.89996903073348367, 0.89996903073348367, 0.90058841754054464, 0.89976256846446323, 0.90027872413701415, 0.90058841754054464, 0.89976256846446323, 0.90017549300250399, 0.90027872413701415, 0.90017549300250399, 0.89965933732995307, 0.90058841754054464, 0.90079487980956496, 0.90027872413701415, 0.90017549300250399, 0.9006916486750548, 0.90079487980956496, 0.90027872413701415, 0.90131103548211577, 0.90141426661662594, 0.9006916486750548, 0.90048518640603448, 0.90007226186799383, 0.90120780434760561, 0.89934964392642258, 0.90007226186799383, 0.8990399505228921, 0.90110457321309545, 0.90027872413701415, 0.90058841754054464, 0.89965933732995307, 0.90131103548211577, 0.90027872413701415, 0.9006916486750548, 0.90007226186799383, 0.90007226186799383, 0.89986579959897339, 0.90017549300250399, 0.90048518640603448],