{"low_val_loss": 0.13247306503625533, "params": {"verbose": 1, "nb_epoch": 1000, "batch_size": 32, "metrics": ["loss", "acc", "val_loss", "val_acc"], "nb_sample": 94030, "do_validation": true}, "results": {"acc": [0.94357120069077605, 0.9468786557532366, 0.94886738275145388, 0.9496969052480787, 0.95011166648941825, 0.95055833245216248, 0.95069658619589492, 0.95077103052217382, 0.95124960119110924, 0.95135595022611485, 0.95162182283264574, 0.95160055301499524, 0.95139848984366693, 0.95161118791874932, 0.95161118791874932, 0.95163245773639982, 0.95168563224502822, 0.95168563224502822, 0.9518132510913454, 0.95164309263001168, 0.95186642560884827, 0.95172817186004466, 0.95207912368393066, 0.95215356801528062, 0.95181325109007764, 0.9517707114750612, 0.95154737850636684, 0.95144102945995113, 0.95200467935765176, 0.95193023503644403, 0.95152610869378751, 0.95187706051260235, 0.9516962671487823, 0.95191960012761889, 0.95189833032011062, 0.95205785388656461, 0.95201531426647701, 0.95164309263001168, 0.95181325109007764, 0.9517707114750612, 0.95197277465272834, 0.95205785388656461, 0.9519834095501436, 0.95195150484141677, 0.95174944167262399, 0.95204721897773936, 0.95240880570030839, 0.95203658407398528, 0.95199404445389768, 0.95164309263001168, 0.95194086994019822, 0.95180261618632356, 0.95188769541635643, 0.95181325110021986, 0.95191960013268995, 0.95179198128256937, 0.95225991705282187, 0.95188769541635643, 0.95194086994526927, 0.95204721897773936, 0.9519834095501436, 0.95219610763156493, 0.95234499627778368, 0.95204721898281053, 0.95202594916516003, 0.95214293310645537, 0.95216420291396364, 0.95183452090772813, 0.95204721897266831, 0.9519515048439523, 0.95194086993512705, 0.95193023503644403, 0.95197277464765728, 0.95191960012761889, 0.95215356801528062, 0.95222801233648835, 0.95206848878524764, 0.95216420291396364, 0.95203658406891423, 0.95197277465146057, 0.95220674252898008, 0.95210039349143893, 0.95188769542142759, 0.95203658407398528], "loss": [0.17685764603610751, 0.14250965764975657, 0.13931473356877744, 0.13756053021987247, 0.13648728152013398, 0.13591760321017415, 0.13546446779063187, 0.13515754929473017, 0.13488044183216746, 0.13450011975598136, 0.13441766795184173, 0.13411397187214169, 0.13418134411809407, 0.13406828864402598, 0.13391015701163111, 0.13382044991292713, 0.13368828800484803, 0.13363335210028499, 0.13359341581574807, 0.13350278878035596, 0.1335351975028537, 0.13335267249560162, 0.13317176637830164, 0.13341828453091376, 0.13326881352028008, 0.13315064955225817, 0.13315730659198244, 0.13327550179658135, 0.13300974857873085, 0.13308016756716071, 0.13318279796850171, 0.13293409689089777, 0.13300218487149107, 0.13295873307831857, 0.13284992245446381, 0.13301154235240234, 0.13300839167246348, 0.1327504064461075, 0.13275270870094677, 0.13268511141445849, 0.1327889349845246, 0.13257913800974824, 0.13258080536712172, 0.13266876883821438, 0.13254396439796684, 0.13254034564978237, 0.13243723082457479, 0.13240208489348707, 0.13237426122328608, 0.13258147956265626, 0.13233945484232626, 0.13233002008971073, 0.1323142592722395, 0.13230987742747649, 0.13221507728793933, 0.13228375615820875, 0.13232746428312753, 0.13228586006263438, 0.13229420676385292, 0.13211824264182037, 0.13220651020951302, 0.13221844615159004, 0.13210900806125891, 0.13215209154496735, 0.13213195382588394, 0.13212272901383948, 0.13222199710210586, 0.13210208888518155, 0.1320981253081035, 0.13207113987937655, 0.13206361129770605, 0.13201854753802333, 0.13202538973129166, 0.13204918125313317, 0.13205358539789672, 0.13205967903244969, 0.13212649176460015, 0.1320483075750184, 0.13205668862624226, 0.13211603038845754, 0.13206335919392459, 0.13214243995094097, 0.13182790517413995, 0.13187355859747696], "val_acc": [0.94448698315467072, 0.94965543644716688, 0.95007018887187344, 0.95080398162327717, 0.95169729453802965, 0.95160158244002047, 0.95192062276671774, 0.95192062276671774, 0.95252679938744256, 0.95223966309341501, 0.95169729453802965, 0.95169729453802965, 0.95300535987748847, 0.95271822358346092, 0.95332440020418585, 0.95268631955079119, 0.95223966309341501, 0.9528139356814701, 0.95290964777947929, 0.95255870342011228, 0.95313297600816749, 0.95373915262889231, 0.95249489535477283, 0.95243108728943338, 0.95364344053088312, 0.95275012761613065, 0.95290964777947929, 0.95223966309341501, 0.95287774374680956, 0.95335630423685558, 0.95306916794282792, 0.95252679938744256, 0.95316488004083721, 0.95351582440020421, 0.95332440020418585, 0.95345201633486476, 0.95233537519142419, 0.9528139356814701, 0.95268631955079119, 0.95313297600816749, 0.95338820826952531, 0.95364344053088312, 0.95357963246554367, 0.95332440020418585, 0.95310107197549765, 0.95348392036753449, 0.95316488004083721, 0.95262251148545174, 0.95345201633486476, 0.95357963246554367, 0.95345201633486476, 0.95284583971413983, 0.95271822358346092, 0.95364344053088312, 0.95329249617151612, 0.95345201633486476, 0.95354772843287394, 0.95294155181214901, 0.95322868810617667, 0.95255870342011228, 0.95290964777947929, 0.95239918325676365, 0.95271822358346092, 0.95313297600816749, 0.95357963246554367, 0.95319678407350694, 0.95297345584481874, 0.95303726391015819, 0.9532605921388464, 0.95268631955079119, 0.95271822358346092, 0.95338820826952531, 0.95335630423685558, 0.95319678407350694, 0.95322868810617667, 0.95332440020418585, 0.95290964777947929, 0.95294155181214901, 0.9524629913221031, 0.95380296069423176, 0.95322868810617667, 0.95364344053088312, 0.95141015824400199, 0.95322868810617667], "val_loss": [0.14566063605184273, 0.14102012370278058, 0.13861141257242868, 0.1374781359483418, 0.13665765729381485, 0.13567000238729746, 0.13608557822381495, 0.13583617282992361, 0.13576926904834613, 0.13552507700901545, 0.13504870878575315, 0.13504371104449139, 0.13429570883501088, 0.13501699218234584, 0.13433486661641283, 0.13431918966874382, 0.13371628313123299, 0.13359433830910158, 0.13365504692055213, 0.13408324306316374, 0.13496864532111494, 0.13338028315042069, 0.13389627544486049, 0.13368629108146479, 0.13349005449781953, 0.13387487786705546, 0.13438082946109767, 0.13426035919786261, 0.13387800388099011, 0.13479861026917903, 0.13339409516052728, 0.13412984033676664, 0.13311318826689106, 0.13355396933199465, 0.13395883100446754, 0.13382730979021712, 0.13361851753207754, 0.13368957031151207, 0.13355713872587943, 0.13431742395720747, 0.13337497335286727, 0.13406194671570129, 0.13434497096241585, 0.13377205002244758, 0.13380741937663129, 0.13322442016579047, 0.13279134631366102, 0.13308345467030941, 0.1331885379433419, 0.13375911710383545, 0.13316657101510129, 0.13309136181004866, 0.13309014595535382, 0.13291640822728595, 0.13314488052184664, 0.13316692467332039, 0.13271627050119433, 0.13247306503625533, 0.13318203029856504, 0.13317201396848791, 0.13310213476959512, 0.13351879461234384, 0.13303197889611118, 0.13285767082400685, 0.13317768974301006, 0.13297143615896359, 0.13307542777266076, 0.13317135372115921, 0.13324801962976707, 0.13326287002508558, 0.13309490913358832, 0.133106695443407, 0.13338738671708861, 0.13300738136620166, 0.13257866629388426, 0.13265158906065577, 0.13304802092983595, 0.13371420122926456, 0.13578986863578579, 0.13273018125146094, 0.13342664501287002, 0.13293439200534968, 0.13381254448136576, 0.13331085096829823]}}