{"low_val_loss": 0.13265168402037827, "params": {"verbose": 1, "nb_epoch": 1000, "batch_size": 32, "metrics": ["loss", "acc", "val_loss", "val_acc"], "nb_sample": 94030, "do_validation": true}, "results": {"acc": [0.94352866107195621, 0.946836116133149, 0.94882484313516968, 0.94962246091672875, 0.95031372966581773, 0.950356269275763, 0.95042007870335887, 0.9508242050460155, 0.95112198234605971, 0.95095182389106492, 0.95106880783236025, 0.95204721898281053, 0.95164309263508284, 0.95199404445389768, 0.95221737743273427, 0.95195150484902347, 0.95211102840026418, 0.95211102840026418, 0.95206848878017658, 0.95244071041157075, 0.9520684887903188, 0.95234499627905145, 0.95236626609036301, 0.95246198021907902, 0.95222801233648835, 0.95240880570030839, 0.95257896416037435, 0.95227055195150478, 0.95215356801654838, 0.95254705945418305, 0.95240880571045061, 0.95228118685525898, 0.95220674253405124, 0.95243007550781666, 0.9521642029190347, 0.95236626608655972, 0.95216420291396364, 0.95243007550781666, 0.95227055195150478, 0.95234499627778368, 0.95256832926169133, 0.95249388493034137, 0.95238753589280012, 0.95236626609036301, 0.95240880570030839, 0.95222801233775611, 0.95227055195150478, 0.95266404339547839, 0.95247261513297532, 0.95239817080162537, 0.95238753589280012, 0.95240880570537956, 0.95212166330908943, 0.9523343613740296, 0.95232372647534658, 0.95249388493034137, 0.95264277358797023, 0.9523343613740296, 0.95231309157159238, 0.95261086887163671, 0.95239817080162537, 0.95262150377539079, 0.95255769435286608, 0.95229182176915528, 0.95244071041157075, 0.95265340849172431, 0.95234499628285485, 0.95235563118660893, 0.9523343613740296, 0.95251515474799187, 0.95238753589280012, 0.95257896416037435, 0.95244071041157075, 0.95251515473784965, 0.95252578964667489, 0.95255769435793725, 0.95245134531532494, 0.9525151547429207, 0.95256832926169133, 0.95265340849172431, 0.95245134531532494, 0.95260023396915039, 0.95285547165798146, 0.95237690098904604, 0.95223864724024243, 0.9524726151228331, 0.95236626608529196, 0.95241944060406258, 0.95241944060406258, 0.95255769435793725, 0.95243007550781666, 0.95251515473784965, 0.95244071041157075, 0.95248325002658729, 0.95251515473784965, 0.95247261512790427, 0.9523343613740296, 0.9523343613740296, 0.95263213867914498, 0.95257896416037435, 0.95262150377539079, 0.95243007550781666, 0.95234499628285485, 0.95261086887670787, 0.95257896416164212, 0.95264277358289906, 0.95255769435286608, 0.95238753589280012, 0.95264277358797023, 0.95238753590294245, 0.95249388493034137, 0.95269594810166969, 0.95253642455042897], "loss": [0.17217024245896542, 0.14231040642928483, 0.13917306965357837, 0.13762911565052718, 0.13667557041014075, 0.13578741938667319, 0.13528512158517975, 0.13508352269096147, 0.13460136226169495, 0.13423043530880865, 0.13395643989310599, 0.13373345295526901, 0.13351778670215206, 0.13333351025362794, 0.13310236329713757, 0.13317396055253708, 0.13293386149850789, 0.13275440405350244, 0.1326954391336588, 0.1325694925706716, 0.13266507326323695, 0.13251618630173839, 0.13251104739851283, 0.13245537365105994, 0.13231228724190192, 0.13223550481899843, 0.13217582245713205, 0.13220424333158026, 0.13212698509905371, 0.13201157980861275, 0.13201730664481537, 0.13192050095691549, 0.13200216838400833, 0.13189470189606003, 0.13167725311265174, 0.1316818401697632, 0.13178560710792894, 0.13177325403626633, 0.13185635993696332, 0.13177235687028141, 0.13164863468300442, 0.13165547989216128, 0.13169113928084678, 0.13171560275187635, 0.1317109312895437, 0.1316028574830444, 0.13156468615119704, 0.13140385980702685, 0.13157717473048244, 0.1314933040253497, 0.13153750415111726, 0.13150493166940613, 0.13158954084077998, 0.131532296951134, 0.13146781849535324, 0.1316700185428325, 0.13150080403285902, 0.13149289515344473, 0.13147398372679256, 0.13137911505744418, 0.13146202549121233, 0.1312784198005599, 0.13143732624555743, 0.13138598872666205, 0.13136927920480707, 0.13137618667785506, 0.13125620548755301, 0.13134761755895985, 0.13131154449435734, 0.13121086829227552, 0.13124086214743511, 0.13135810654083871, 0.13124067829356292, 0.1313098764739353, 0.13120618578057258, 0.13123473947677386, 0.13122292025731647, 0.13129879039240103, 0.13110339198165227, 0.13127123010287853, 0.13113526463552977, 0.13127912375808562, 0.1311658363196237, 0.13120796731145765, 0.13118383831121791, 0.13112980384170839, 0.13111900311210212, 0.13115754341662064, 0.13117469843557436, 0.13124557724185895, 0.13119022206991743, 0.13110536770721001, 0.13118495054128612, 0.13112683765048216, 0.13104555298835055, 0.13105797430584182, 0.13118530304288908, 0.13113397471277902, 0.1310786924918706, 0.13102524253179909, 0.13110537122319788, 0.13109494682706874, 0.13104058292639023, 0.13103305292829331, 0.13097886924672403, 0.1310596792225841, 0.13096715803604284, 0.13100237111910332, 0.13106320477363645, 0.1310899652070813, 0.13103795887057126, 0.13092997665942432, 0.13111601340669932], "val_acc": [0.94448698315467072, 0.95000638080653399, 0.95016590096988263, 0.95099540581929554, 0.9504849412965799, 0.95061255742725881, 0.95016590096988263, 0.9521120469627361, 0.95208014293006638, 0.95214395099540583, 0.95297345584481874, 0.95208014293006638, 0.9528139356814701, 0.95185681470137828, 0.95243108728943338, 0.9528139356814701, 0.95271822358346092, 0.95255870342011228, 0.95348392036753449, 0.95354772843287394, 0.95370724859622258, 0.95338820826952531, 0.95262251148545174, 0.95370724859622258, 0.95243108728943338, 0.95310107197549765, 0.95383486472690149, 0.95389867279224094, 0.95310107197549765, 0.95316488004083721, 0.9539624808575804, 0.95335630423685558, 0.95319678407350694, 0.95348392036753449, 0.95306916794282792, 0.95357963246554367, 0.95322868810617667, 0.95268631955079119, 0.95332440020418585, 0.95338820826952531, 0.95310107197549765, 0.95290964777947929, 0.95345201633486476, 0.95377105666156203, 0.95303726391015819, 0.95364344053088312, 0.95255870342011228, 0.95214395099540583, 0.95345201633486476, 0.95373915262889231, 0.95306916794282792, 0.95265441551812147, 0.95364344053088312, 0.95364344053088312, 0.95370724859622258, 0.95342011230219503, 0.95332440020418585, 0.95329249617151612, 0.95338820826952531, 0.95329249617151612, 0.95338820826952531, 0.95316488004083721, 0.95290964777947929, 0.95313297600816749, 0.95412200102092903, 0.95345201633486476, 0.95338820826952531, 0.95265441551812147, 0.95354772843287394, 0.95345201633486476, 0.95393057682491067, 0.95332440020418585, 0.9536115364982134, 0.9532605921388464, 0.95383486472690149, 0.95345201633486476, 0.95367534456355285, 0.95377105666156203, 0.95300535987748847, 0.95316488004083721, 0.95322868810617667, 0.95393057682491067, 0.9532605921388464, 0.95373915262889231, 0.9524629913221031, 0.95329249617151612, 0.95364344053088312, 0.95306916794282792, 0.95351582440020421, 0.95386676875957122, 0.95284583971413983, 0.95367534456355285, 0.95306916794282792, 0.95310107197549765, 0.95332440020418585, 0.9532605921388464, 0.95313297600816749, 0.95329249617151612, 0.95329249617151612, 0.9532605921388464, 0.9536115364982134, 0.95284583971413983, 0.95367534456355285, 0.95294155181214901, 0.95342011230219503, 0.95351582440020421, 0.95386676875957122, 0.95303726391015819, 0.95348392036753449, 0.95300535987748847, 0.9532605921388464, 0.95373915262889231, 0.95294155181214901],