{"low_val_loss": 0.12489546899507398, "params": {"verbose": 1, "nb_epoch": 1000, "batch_size": 32, "metrics": ["loss", "acc", "val_loss", "val_acc"], "nb_sample": 94030, "do_validation": true}, "results": {"acc": [0.94488992875121591, 0.94950547697543342, 0.95072849091222844, 0.95087737955971496, 0.95145166436243755, 0.95174944166755293, 0.95179198128256937, 0.95193023503264074, 0.95223864724024243, 0.95224928214906768, 0.95273848771668612, 0.95225991705789292, 0.95273848772175729, 0.9525895990691996, 0.95252578964667489, 0.95247261512790427, 0.95302563011804742, 0.95284483675929854, 0.95251515474799187, 0.95268531320298666, 0.95262150377539079, 0.95248325002658729, 0.95295118579683968, 0.95333404233705921, 0.95273848771668612, 0.95267467830050034, 0.95245134531532494, 0.95318515367943035, 0.95295118579683968, 0.95311070934934816, 0.95304689993062675, 0.95304689992555569, 0.95279166223545675, 0.95342975646070405, 0.95294055088801444, 0.9531107093480804, 0.952802297144282, 0.95300436031053914, 0.95320642348186746, 0.95337658194193342, 0.95306816973306396, 0.95299372541185623, 0.95333404232691699, 0.952802297144282, 0.95270658300542377, 0.95282356695179027, 0.95363181963203236, 0.95279166223545675, 0.95298309050810204, 0.95322769328937573, 0.95308943954564329, 0.95318515367562706, 0.952898011272998, 0.95313197915558867, 0.9527597575241944, 0.95286610656173565, 0.95264277358797023, 0.95310007444432632, 0.95292991598426036, 0.9531107093480804, 0.95350420079712517, 0.9533021376169224, 0.95315324896309683, 0.95349356588829992, 0.95341912156202102, 0.95292991598426036, 0.95323832819312981, 0.95317451877567627, 0.953153248968168, 0.95351483569580808, 0.95329150271190044, 0.95362118472827817, 0.95397213655216417, 0.95339785174944169, 0.95335531213442515, 0.95361054982959526, 0.95353610550331636, 0.95349356589337098, 0.95344039136445813, 0.95359991492077001, 0.95368499415080299, 0.95355737530702123, 0.95356801021457871, 0.95339785175451275, 0.95357864511833279, 0.95354674040199938, 0.95368499415080299, 0.95354674040199938, 0.95353610550331636, 0.95389769223095644, 0.95385515261086884, 0.95382324789960649, 0.95354674040707044, 0.95390832713471063, 0.95361054982452409, 0.95366372434329472, 0.95362118473334934, 0.95358928002208698, 0.95371689886206534, 0.95357864511326174, 0.95364245453578644, 0.95361054982959526, 0.95399340635967245, 0.95357864511326174, 0.9538976922322242, 0.95385515261086884, 0.95397213655216417, 0.95374880357839875, 0.95366372434836577, 0.9538126129958524, 0.95367435925719102, 0.95369562905455707, 0.95396150164967786, 0.95352547059449111, 0.95387642242344828, 0.95403594597468888, 0.95403594597468888, 0.95406785068595135, 0.95451451664362441, 0.95394023184090182, 0.95391896203846471, 0.95397213655216417, 0.9543443581886295, 0.95444007231734551, 0.95424864404977139, 0.95420610443982601, 0.95452515155244966, 0.95404658088858529, 0.9540997553972137, 0.95385515261594001, 0.95411039030603895, 0.95403594597976005, 0.95433372327980437, 0.9542167393397768, 0.95407848559477648, 0.95414229501223013, 0.95416356481973841, 0.95417419972349249, 0.95453578645113257, 0.95387642242851933, 0.95435499308731253, 0.95416356482988063, 0.9540253110709348, 0.95441880250983724, 0.95453578645113257, 0.95422737424733417, 0.95417419972349249, 0.95414229501223013, 0.95461023077867924, 0.95405721578726832, 0.95440816760608316, 0.95398277145591837, 0.95442943741359143, 0.95435499309745475, 0.95456769116746609, 0.95415292991598422, 0.95421673934358009, 0.95436562799613778, 0.95423800915108836, 0.95463150058618751, 0.95407848559477648, 0.95397213655723534, 0.95459959587365739, 0.9544507072210997, 0.95455705626371201, 0.9542805487661048, 0.95465277039242791, 0.95438689780364605, 0.95456769116239493], "loss": [0.17287167601036185, 0.13778626279930992, 0.13436829667484126, 0.13269830626187668, 0.13198760686406402, 0.13134266798589808, 0.13075525760884382, 0.1302933042648497, 0.12991335502168314, 0.12962090514729432, 0.12944108164717413, 0.12931520215731968, 0.12880138954361436, 0.12904039153986302, 0.12873003699925811, 0.12832356186467359, 0.12785299460909841, 0.12755899474834567, 0.12761868348524036, 0.12761869606826706, 0.12728456589319528, 0.12717185727938951, 0.12685977573326568, 0.12672371344307465, 0.12663812839060523, 0.12635779810258585, 0.12646074560833881, 0.12619556477019017, 0.12600373287622718, 0.1260768240824616, 0.12594039781393682, 0.12581396621866778, 0.125841926069722, 0.12558740610198355, 0.12585308854708352, 0.12569876235193564, 0.12568655545617954, 0.12554781241428595, 0.12531064648213291, 0.12538391078889566, 0.1251721565545201, 0.12533493159388553, 0.12526059457157682, 0.12531095035996168, 0.12518106582853358, 0.12519463142707959, 0.12504536447440209, 0.1252131475936564, 0.12498474428878875, 0.12493485228617014, 0.12510597714747215, 0.12486525348155002, 0.12493278422242059, 0.12494637510009006, 0.12482140555935826, 0.12468999452484068, 0.12480215045140042, 0.12463457946038926, 0.1245638529819896, 0.12472569295209633, 0.12449127516156497, 0.12456171442146924, 0.12461151255362625, 0.12466710143779347, 0.12433566120087207, 0.12452088907609832, 0.12434566314313863, 0.1244501407804051, 0.12438325272694961, 0.12439538624633263, 0.1244311066792263, 0.12396638647354145, 0.12428081747472103, 0.12415847057682852, 0.12404153518981723, 0.12392672276346021, 0.12397218947523163, 0.12397777893977965, 0.12389197630543702, 0.12380090681541844, 0.12383999272857678, 0.12383406947080751, 0.12357479328394418, 0.12372330164977188, 0.12365950606474151, 0.12341867235082014, 0.12350443226016768, 0.12364811474299109, 0.12352747795341701, 0.12338707068429708, 0.12364021122945276, 0.12341861354677801, 0.12358492979528067, 0.12350614190602396, 0.12335405051323926, 0.12324085420358692, 0.12339201298743679, 0.12325976102590232, 0.12342670888333045, 0.12340031601649043, 0.12326823242121994, 0.12326025614903402, 0.12320800698381605, 0.12297541653648483, 0.12338542056143265, 0.12311745584771745, 0.1232065825426273, 0.12307585935624092, 0.12306579626279728, 0.12312917650113597, 0.12298236398919141, 0.12291717337006447, 0.12285207306753634, 0.12294757231629416, 0.12296700517218201, 0.12271010093489987, 0.12277654295546139, 0.12280453115469514, 0.1225240981549985, 0.12269141483668836, 0.12262587282827632, 0.12266381652931653, 0.12254532536734017, 0.12266331777732499, 0.12264804610960549, 0.12249599248408562, 0.12259197692744062, 0.12258104668181589, 0.12259598192123483, 0.12258012128579265, 0.12244183675752578, 0.12246458105941814, 0.12253599130326379, 0.12234970967522152, 0.12251769110004179, 0.12233394129881418, 0.12251063610502257, 0.12226603566874447, 0.12210980132440075, 0.12225582779426848, 0.12238899505289422, 0.12235340881820538, 0.122381046306931, 0.12211201221692135, 0.12230917954098147, 0.1222163594949376, 0.12221263688916185, 0.12228221252370845, 0.12221574017760806, 0.12229531030160219, 0.12220618720465007, 0.12227767901733798, 0.12205687006225323, 0.12216096605174936, 0.12216747678094476, 0.1222444381848125, 0.12207643433677938, 0.122252101211469, 0.12222808199043947, 0.12208438826776193, 0.12219369990415781, 0.1221416826240182, 0.12216366058548093, 0.1220588372006266, 0.12202606305922141, 0.12213133758231705, 0.12189996670069884, 0.12193334899509155, 0.12200287123931085],