{"low_val_loss": 0.21265812795807287, "params": {"verbose": 1, "nb_epoch": 1000, "batch_size": 32, "metrics": ["loss", "acc", "val_loss", "val_acc"], "nb_sample": 29058, "do_validation": true}, "results": {"acc": [0.83969991052378001, 0.88636520063321633, 0.89765296992222454, 0.90164498589028841, 0.90326244063596939, 0.90305595705141439, 0.90453575607405878, 0.90549934613531557, 0.90446692821254049, 0.90512079289696468, 0.90487989538165048, 0.90487989538165048, 0.90494872324316888, 0.90443251428178129, 0.90422603069722629, 0.90601555509670317, 0.90384747745887539, 0.90505196503544638, 0.90501755110468718, 0.90611879688898067, 0.90591231330442568, 0.90522403468924217, 0.90498313717392798, 0.90512079289696468, 0.90560258792759307, 0.90546493220455637, 0.90653176405809066, 0.90505196503544638, 0.90625645261201737, 0.90670383371188656, 0.90553376006607478, 0.90577465758138898, 0.90498313717392798, 0.90580907151214807, 0.90567141578911148, 0.90574024365062977, 0.90646293619657237, 0.90653176405809066, 0.90660059191960907, 0.90618762475049897, 0.90663500585036827, 0.90708238695023746, 0.90632528047353567, 0.90629086654277646, 0.90642852226581316, 0.90694473122720076, 0.90622203868125817, 0.90653176405809066, 0.90732328446555166, 0.90673824764264577, 0.90773625163466176, 0.90615321081973987, 0.90728887053479246, 0.90701355908871917, 0.90725445660403337, 0.90697914515795997, 0.90656617798884986, 0.90663500585036827, 0.90646293619657237, 0.90777066556542085, 0.90653176405809066, 0.90694473122720076, 0.90684148943492326, 0.90708238695023746, 0.90704797301947826, 0.90580907151214807, 0.90694473122720076, 0.90749535411934756, 0.90722004267327416, 0.90670383371188656, 0.90715121481175576, 0.90642852226581316, 0.90694473122720076, 0.90642852226581316, 0.90649735012733157, 0.90625645261201737, 0.90680707550416406, 0.90704797301947826, 0.90625645261201737, 0.90670383371188656, 0.90766742377314336, 0.90763300984238415, 0.90691031729644156, 0.90749535411934756, 0.90718562874251496, 0.90646293619657237, 0.90749535411934756, 0.90708238695023746, 0.90653176405809066, 0.90701355908871917, 0.90794273521921676, 0.90701355908871917, 0.90625645261201737, 0.90656617798884986, 0.90725445660403337, 0.90725445660403337, 0.90735769839631086, 0.90756418198086586, 0.90715121481175576], "loss": [0.34660300904852498, 0.24684521146475041, 0.23471864599290196, 0.22907435686389502, 0.22547266894619547, 0.22347586774327191, 0.22214412238246042, 0.2207908579244183, 0.22009308505108494, 0.21950614552462092, 0.21906937843500046, 0.21876316441695962, 0.21806513058234864, 0.21798276303926906, 0.21757500311268099, 0.21727858914722747, 0.21731275295848584, 0.21725966198975871, 0.21677605433329161, 0.21699181057846598, 0.21670424253091045, 0.21647461951014851, 0.21647139527742071, 0.21642936733218959, 0.21620043325558755, 0.21620186744491776, 0.21620004896172737, 0.21601864838248924, 0.21602596974576474, 0.21592094002205536, 0.21596827032300134, 0.21571154967827316, 0.215804256660348, 0.21556659497285269, 0.21578796414566251, 0.21566617063435958, 0.21562455002862316, 0.21569106832553814, 0.21551935333039124, 0.2155635866402997, 0.21543770782508881, 0.21546291626138067, 0.21506602410488271, 0.21529964097512128, 0.21534801670271611, 0.21539854848348039, 0.21515956824308613, 0.21524173507677613, 0.21495931810360533, 0.21500670052057155, 0.21484316722783156, 0.21446023580622497, 0.21499466253522115, 0.21472334453970823, 0.21461880004810477, 0.21460695202743202, 0.21450679319759683, 0.21429555055623997, 0.2143282985384084, 0.21393022005388501, 0.21434386375722875, 0.21417148968285496, 0.21394920386248359, 0.21381291184851026, 0.21355177077392773, 0.21343320803928953, 0.21349534214239588, 0.2134459943497323, 0.2131450726836612, 0.21308582769990814, 0.21325026408132219, 0.21306446586799072, 0.21306748229565922, 0.21294856083779548, 0.21300501149062878, 0.21284380936277858, 0.21265454750213975, 0.21288115796199422, 0.21259076753995007, 0.2126142857920629, 0.21246561772392658, 0.21250502669325338, 0.21251936193813409, 0.21266799542012682, 0.21221203781124384, 0.21232848608762106, 0.21248797914806836, 0.21237584618932695, 0.21207729900429256, 0.21253420304543169, 0.21208097692431599, 0.21230543829576057, 0.21221314570319424, 0.21229989406545635, 0.21226426262440032, 0.21215192836464969, 0.21203530361826117, 0.2120657488238355, 0.21207945817507537], "val_acc": [0.83606895842861806, 0.8946010117389549, 0.89800763917779036, 0.90038195527152431, 0.90027872413701415, 0.90213688455819718, 0.90172396002015642, 0.90296273363427848, 0.90234334682721751, 0.90337565817231913, 0.90409827611389038, 0.90533704972801232, 0.90420150724840054, 0.90451120065193102, 0.90605966766958357, 0.90574997426605308, 0.9043047383829107, 0.90574997426605308, 0.90492412518997167, 0.90719521014919535, 0.90564674313154292, 0.90616289880409373, 0.9067822856111547, 0.90636936107311405, 0.90616289880409373, 0.90471766292095135, 0.90564674313154292, 0.90523381859350216, 0.90451120065193102, 0.90626612993860389, 0.90492412518997167, 0.90533704972801232, 0.90595643653507341, 0.90533704972801232, 0.90605966766958357, 0.90605966766958357, 0.90574997426605308, 0.90492412518997167, 0.90605966766958357, 0.90595643653507341, 0.9067822856111547, 0.90626612993860389, 0.90368535157584962, 0.90564674313154292, 0.90492412518997167, 0.90595643653507341, 0.90420150724840054, 0.90667905447664454, 0.90636936107311405, 0.90667905447664454, 0.90605966766958357, 0.90616289880409373, 0.90636936107311405, 0.90636936107311405, 0.90657582334213438, 0.90667905447664454, 0.90812429035978692, 0.90719521014919535, 0.90595643653507341, 0.90574997426605308, 0.90636936107311405, 0.90719521014919535, 0.90585320540056324, 0.90605966766958357, 0.90523381859350216, 0.90574997426605308, 0.90781459695625644, 0.90554351199703265, 0.90544028086252248, 0.90616289880409373, 0.90595643653507341, 0.90533704972801232, 0.90729844128370551, 0.90698874788017503, 0.90626612993860389, 0.90399504497938021, 0.90574997426605308, 0.90554351199703265, 0.90564674313154292, 0.90657582334213438, 0.90574997426605308, 0.90616289880409373, 0.905130587458992, 0.90760813468723611, 0.90585320540056324, 0.9067822856111547, 0.90698874788017503, 0.90564674313154292, 0.90595643653507341, 0.90657582334213438, 0.90502735632448184, 0.90636936107311405, 0.905130587458992, 0.90688551674566487, 0.9067822856111547, 0.90544028086252248, 0.90626612993860389, 0.90626612993860389, 0.90729844128370551],