{"low_val_loss": 0.21938961325285419, "params": {"verbose": 1, "nb_epoch": 1000, "batch_size": 32, "metrics": ["loss", "acc", "val_loss", "val_acc"], "nb_sample": 29058, "do_validation": true}, "results": {"acc": [0.83990639410833501, 0.83990639410833501, 0.87672930002064831, 0.89114873700874109, 0.89483102759997246, 0.89558813407667426, 0.89816917888361214, 0.89854773212196293, 0.89868538784499963, 0.89964897790625642, 0.90013077293688482, 0.90033725652143992, 0.90026842865992152, 0.90044049831371742, 0.90071580975979071, 0.90057815403675412, 0.90044049831371742, 0.90105994906738252, 0.90143850230573341, 0.9018170555440842, 0.90119760479041922, 0.90075022369054991, 0.90150733016725171, 0.90064698189827241, 0.90140408837497421, 0.90102553513662331, 0.90143850230573341, 0.90092229334434581, 0.90123201872117831, 0.90095670727510502, 0.90157615802877, 0.90116319085966001, 0.90105994906738252, 0.90119760479041922, 0.90116319085966001, 0.90140408837497421, 0.90071580975979071, 0.90088787941358661, 0.90102553513662331, 0.9013352605134558, 0.9018514694748434, 0.9013352605134558, 0.90130084658269671, 0.90154174409801091, 0.90085346548282741, 0.90112877692890081, 0.90150733016725171, 0.90099112120586411, 0.90143850230573341, 0.90130084658269671, 0.90112877692890081, 0.90099112120586411, 0.90119760479041922, 0.90092229334434581, 0.90102553513662331, 0.90068139582903162, 0.90140408837497421, 0.90095670727510502, 0.90102553513662331, 0.90102553513662331, 0.90112877692890081, 0.90088787941358661, 0.90088787941358661, 0.90105994906738252, 0.90112877692890081, 0.90105994906738252, 0.90050932617523571, 0.90112877692890081, 0.9013352605134558, 0.90105994906738252, 0.90092229334434581, 0.9018170555440842, 0.90126643265193751, 0.90095670727510502, 0.90102553513662331, 0.90116319085966001, 0.90075022369054991, 0.90023401472916231, 0.90136967444421501, 0.90092229334434581, 0.90088787941358661, 0.90088787941358661, 0.90064698189827241, 0.90071580975979071, 0.90061256796751321, 0.90126643265193751, 0.90167939982104761, 0.90157615802877, 0.90081905155206832, 0.90099112120586411, 0.90143850230573341, 0.90075022369054991, 0.90054374010599492, 0.90002753114460732, 0.90174822768256591, 0.90033725652143992, 0.90081905155206832, 0.90119760479041922, 0.90130084658269671, 0.90099112120586411, 0.90075022369054991, 0.90078463762130911], "loss": [0.4478328655883429, 0.29636004495148122, 0.25769451591840375, 0.24227439019395969, 0.23489271523418123, 0.23094419975435507, 0.22865423483567532, 0.22728158473984916, 0.22625952050365727, 0.22561179384639451, 0.22516820094725823, 0.2247120831059817, 0.22441853333948675, 0.22416447672688594, 0.22398792626204811, 0.22380511869054759, 0.22373059434435866, 0.22355639764471585, 0.22347569621017888, 0.22344126433628425, 0.22326286295356437, 0.22338190601142638, 0.22309510054251261, 0.22303534459397176, 0.22310058253461693, 0.22310979209670559, 0.22301821225891422, 0.22308284242824822, 0.22304706238323019, 0.22293681652756045, 0.22285104088007818, 0.22297748896083636, 0.22278703962405211, 0.22294020251175395, 0.22285016787089898, 0.22271656386169122, 0.22289406401979342, 0.22279200713081679, 0.22259264793438005, 0.22281028808108855, 0.22281217750453416, 0.22267360722516505, 0.22274195740941827, 0.22270925648772499, 0.22274693189332201, 0.2226977406172326, 0.22276010313577388, 0.22272922273145029, 0.22261938403973477, 0.22270551633216187, 0.22270964296306842, 0.22285261480433211, 0.22260423328619025, 0.22253137568259437, 0.22268483919002485, 0.22258288951298227, 0.22270647553659467, 0.22270397452812035, 0.22263236027637864, 0.22264738507078849, 0.22268281223826633, 0.22270896476357241, 0.22267067465505291, 0.22258121734583106, 0.22261636892150427, 0.22264406255779251, 0.22256886061989667, 0.22259575988430963, 0.22261542561820732, 0.22263067927587732, 0.22257897532567145, 0.22267708061876412, 0.22257788862808831, 0.222652650967787, 0.22267438048675747, 0.22254326768715355, 0.22258670415244489, 0.22263402655239697, 0.22265315887620982, 0.22268657662090838, 0.22242525857772943, 0.22268483460962801, 0.2225881868288648, 0.2226412419368973, 0.22246684012949469, 0.2226481078733219, 0.22270009529146309, 0.22262575435393189, 0.22257699935659248, 0.22261920694708701, 0.22259376973097839, 0.22262577879255996, 0.22259220250565742, 0.22253427496713898, 0.22256160872383673, 0.2225724117205668, 0.22270565602452258, 0.22252082935370895, 0.22255395934671846, 0.22257209807581535, 0.22257087272337728, 0.2225156932078485], "val_acc": [0.83606895842861806, 0.83606895842861806, 0.88758129461687563, 0.89109115316560916, 0.89418808720091414, 0.89614947875660733, 0.89759471463974971, 0.8982141014468108, 0.89934964392642258, 0.89945287506093274, 0.89965933732995307, 0.89924641279191242, 0.89914318165740226, 0.89945287506093274, 0.89976256846446323, 0.89965933732995307, 0.90048518640603448, 0.90017549300250399, 0.90038195527152431, 0.90007226186799383, 0.89945287506093274, 0.9006916486750548, 0.89996903073348367, 0.90017549300250399, 0.90038195527152431, 0.89996903073348367, 0.89842056371583112, 0.90048518640603448, 0.90027872413701415, 0.89924641279191242, 0.89965933732995307, 0.89986579959897339, 0.89955610619544291, 0.90007226186799383, 0.90089811094407513, 0.89945287506093274, 0.90058841754054464, 0.90027872413701415, 0.90048518640603448, 0.90007226186799383, 0.89955610619544291, 0.90038195527152431, 0.90089811094407513, 0.89955610619544291, 0.89996903073348367, 0.90038195527152431, 0.89883348825387177, 0.90038195527152431, 0.89924641279191242, 0.90027872413701415, 0.89945287506093274, 0.90007226186799383, 0.90017549300250399, 0.89924641279191242, 0.90131103548211577, 0.90038195527152431, 0.90038195527152431, 0.90007226186799383, 0.89945287506093274, 0.89976256846446323, 0.89914318165740226, 0.89976256846446323, 0.89955610619544291, 0.89965933732995307, 0.90038195527152431, 0.90027872413701415, 0.89934964392642258, 0.89955610619544291, 0.9006916486750548, 0.90007226186799383, 0.90058841754054464, 0.9006916486750548, 0.90007226186799383, 0.89986579959897339, 0.90038195527152431, 0.89986579959897339, 0.90038195527152431, 0.90038195527152431, 0.90007226186799383, 0.89996903073348367, 0.89955610619544291, 0.9006916486750548, 0.90058841754054464, 0.89996903073348367, 0.90089811094407513, 0.90007226186799383, 0.90038195527152431, 0.90100134207858529, 0.90038195527152431, 0.89986579959897339, 0.90038195527152431, 0.89986579959897339, 0.90058841754054464, 0.90089811094407513, 0.90017549300250399, 0.90079487980956496, 0.90017549300250399, 0.9006916486750548, 0.90048518640603448, 0.90120780434760561, 0.90058841754054464, 0.90079487980956496],