{"low_val_loss": 0.13411138682888138, "params": {"verbose": 1, "nb_epoch": 1000, "batch_size": 32, "metrics": ["loss", "acc", "val_loss", "val_acc"], "nb_sample": 94030, "do_validation": true}, "results": {"acc": [0.94354993087439343, 0.94497500797617784, 0.94726151228838495, 0.94827182815009758, 0.94908008083033968, 0.94889928746144847, 0.94959055620673416, 0.95003722216821052, 0.95007976178322706, 0.95060087206210786, 0.95073912581091136, 0.9508242050460155, 0.95098372859725622, 0.95122833138360097, 0.95082420504094434, 0.95076039561841963, 0.95079230032968198, 0.95081357014226142, 0.95122833138867213, 0.95120706158623503, 0.95112198235113088, 0.95110071253855155, 0.95090928427097732, 0.95097309369350203, 0.95113261724981391, 0.9509943635010103, 0.95110071253855155, 0.95122833138360097, 0.95119642667360638, 0.95130277571495092, 0.95129214081119684, 0.9515580133999787, 0.9514622992712628, 0.95136658513240457, 0.95101563331358963, 0.95124960119110924, 0.95120706157609269, 0.95131341061870511, 0.95127087099861751, 0.95097309369350203, 0.95139848984366693, 0.95127087099861751, 0.95121769647984689, 0.95144102946375453, 0.9513453153248963, 0.95118579177365559, 0.95115388706239323, 0.95120706157609269, 0.9513878549449839, 0.95117515686483034, 0.95119642667233861, 0.95121769647984689, 0.95150483888627924, 0.95137722003615866, 0.95123896629242621, 0.95155801340504986, 0.95128150590237159, 0.95147293417501688, 0.95117515686483034, 0.95150483888120807, 0.95154737850129578, 0.95110071253855155, 0.9513453153248963, 0.95134531532996747], "loss": [0.18422551213154625, 0.14555300133538338, 0.14245790840684891, 0.14044338888016758, 0.13895834774447668, 0.13779003354849034, 0.13684140544574488, 0.13628261370898739, 0.13591776095139757, 0.13568423939107149, 0.13542606624582784, 0.13525977790114804, 0.13497084853107924, 0.13486638876886731, 0.13489616478166466, 0.13474464037628056, 0.13471576321426762, 0.1345143281493075, 0.13450945760358665, 0.13447181721748119, 0.13433938072258444, 0.134435026157708, 0.13437726847018433, 0.13425674875507826, 0.13421595699821307, 0.13425581791929131, 0.13414155811889114, 0.13426058246733014, 0.13404094072513018, 0.134157642778546, 0.13413212552173814, 0.13413145109942959, 0.13398321796247051, 0.13400576323338942, 0.13402585112343668, 0.13407544808999683, 0.13388465543891742, 0.13398839866438025, 0.13399373943436391, 0.13404126279543374, 0.13399465527196494, 0.13395932124141022, 0.13401781767828597, 0.1338251921766542, 0.13400411894793562, 0.13395154619583308, 0.13393227809048278, 0.13392544475661483, 0.13389621054499906, 0.13391228912905925, 0.13380001512715933, 0.13390086788969777, 0.13367821258026957, 0.13388076407156824, 0.13376806991415102, 0.13374622955460327, 0.13373358896394194, 0.13381566528128294, 0.1338082637015057, 0.1337793470991554, 0.13385138813230721, 0.13382699017619074, 0.13379584314416701, 0.13384435740519898], "val_acc": [0.94448698315467072, 0.94860260336906588, 0.94898545176110261, 0.94853879530372642, 0.94946401225114851, 0.95141015824400199, 0.95134635017866254, 0.95058065339458908, 0.95086778968861663, 0.95131444614599281, 0.95192062276671774, 0.95249489535477283, 0.95297345584481874, 0.95192062276671774, 0.95054874936191935, 0.9524629913221031, 0.95319678407350694, 0.95233537519142419, 0.95096350178662581, 0.95144206227667172, 0.95144206227667172, 0.95223966309341501, 0.9524629913221031, 0.95080398162327717, 0.95233537519142419, 0.95259060745278201, 0.95271822358346092, 0.95249489535477283, 0.95268631955079119, 0.95223966309341501, 0.95316488004083721, 0.9532605921388464, 0.95265441551812147, 0.95220775906074528, 0.95300535987748847, 0.95303726391015819, 0.9521120469627361, 0.95201633486472692, 0.95150587034201128, 0.95236727922409392, 0.95182491066870856, 0.95329249617151612, 0.95284583971413983, 0.95080398162327717, 0.95268631955079119, 0.95188871873404801, 0.9528139356814701, 0.95275012761613065, 0.9528139356814701, 0.95335630423685558, 0.95303726391015819, 0.95198443083205719, 0.95201633486472692, 0.9517611026033691, 0.9528139356814701, 0.95275012761613065, 0.95217585502807556, 0.95153777437468101, 0.95322868810617667, 0.95192062276671774, 0.95351582440020421, 0.95271822358346092, 0.95233537519142419, 0.95306916794282792], "val_loss": [0.14757184337039211, 0.14336774769396488, 0.14112459357605411, 0.14004148352147669, 0.13875288268881164, 0.13786085690654559, 0.13653761562627453, 0.13684475914332225, 0.13606280171430768, 0.13618575145869366, 0.13585236285883989, 0.13506536174902142, 0.13504033791487954, 0.13597008648398368, 0.13587512296870266, 0.13552712229607725, 0.13534088608118999, 0.13473693018131655, 0.13522351890015108, 0.13549657551654448, 0.13549745380840417, 0.13529363606978947, 0.13497566317663076, 0.13496625761160624, 0.13571681395732152, 0.1349161592325944, 0.13448729758274958, 0.13476041021351307, 0.13529872096934265, 0.13447972549284337, 0.13471024741017892, 0.13473386850708172, 0.1344204381461987, 0.13465053644345054, 0.13451770046034628, 0.1348704971257082, 0.13494014975411847, 0.13411138682888138, 0.13509474788669301, 0.1344587999030438, 0.13488681796765134, 0.13448957248860444, 0.13531713637429699, 0.13501021477444675, 0.13419331872342283, 0.13490606610429809, 0.13533143953607057, 0.13469519318119946, 0.1348387714819588, 0.13416788375719188, 0.13427889494642789, 0.13436345763280114, 0.13493033068567409, 0.13420689379156489, 0.13425257716436298, 0.13500623612257215, 0.13431015920089848, 0.13472243850445065, 0.13500080480334892, 0.13435672602847773, 0.13454476969469684, 0.13526842097840697, 0.1344792949213566, 0.13492542229337981]}}