{"low_val_loss": 0.21116500536982238, "params": {"verbose": 1, "nb_epoch": 1000, "batch_size": 32, "metrics": ["loss", "acc", "val_loss", "val_acc"], "nb_sample": 29058, "do_validation": true}, "results": {"acc": [0.86310138344001652, 0.90047491224447651, 0.90384747745887539, 0.90556817399683387, 0.90401954711267118, 0.90494872324316888, 0.90543051827379728, 0.90491430931240968, 0.90484548145089128, 0.90635969440429487, 0.90491430931240968, 0.90735769839631086, 0.90587789937366647, 0.90697914515795997, 0.90604996902746227, 0.90718562874251496, 0.90625645261201737, 0.90684148943492326, 0.90763300984238415, 0.90749535411934756, 0.90732328446555166, 0.90611879688898067, 0.90694473122720076, 0.90697914515795997, 0.90684148943492326, 0.90749535411934756, 0.90746094018858836, 0.90790832128845755, 0.90763300984238415, 0.90701355908871917, 0.90742652625782916, 0.90773625163466176, 0.90697914515795997, 0.90852777204212265, 0.90735769839631086, 0.90859659990364094, 0.90832128845756765, 0.90766742377314336, 0.90770183770390256, 0.90770183770390256, 0.90808039094225346, 0.90794273521921676, 0.90797714914997596, 0.90887191134971435, 0.90811480487301255, 0.90821804666529016, 0.90839011631908595, 0.90749535411934756, 0.90794273521921676, 0.90839011631908595, 0.90746094018858836, 0.90852777204212265, 0.90780507949618006, 0.90756418198086586, 0.90680707550416406, 0.90790832128845755, 0.90783949342693926, 0.90763300984238415, 0.90835570238832675, 0.90852777204212265, 0.90825246059604925, 0.90818363273453095, 0.90825246059604925, 0.90883749741895514, 0.90818363273453095], "loss": [0.31104459095882431, 0.22674175481893308, 0.22106803598682243, 0.21875064771129354, 0.21826312175899784, 0.21725847318402355, 0.21649409315173013, 0.21620354343330239, 0.21562340501966376, 0.21527353653507211, 0.21513699414970933, 0.21477540838668363, 0.21412409475972299, 0.21406146050754865, 0.21365262441948887, 0.21332763036868385, 0.21340015255836789, 0.2129664281120984, 0.21267484287342961, 0.21216676867634246, 0.21218436790358561, 0.21186270862953657, 0.21204102891847626, 0.21185410438007132, 0.21160446552517298, 0.21148439603932373, 0.2113223827218029, 0.21106037985713214, 0.21109869979771689, 0.2113397247333948, 0.21067851214167158, 0.21060247930205608, 0.21052225288451107, 0.2102727608021788, 0.210619968234143, 0.21033491425114148, 0.21021813283294236, 0.21021912490803332, 0.21015860515993615, 0.20989752541931361, 0.20983711057197399, 0.2098584106439807, 0.20956653339526915, 0.20970149884846936, 0.20978602764477905, 0.20974990768080298, 0.20948908232614374, 0.20978560222426779, 0.20975218558620787, 0.20960193915431463, 0.20947834463957107, 0.20939415700257263, 0.20934252739998765, 0.20924888045658255, 0.20932074287563093, 0.20924532296325377, 0.20920855654508072, 0.20901502577270151, 0.20918014626705159, 0.20909769881394391, 0.20900633804804197, 0.20894746145970544, 0.20920961392509183, 0.20888064337294465, 0.20904307138777065], "val_acc": [0.89656240329464809, 0.90017549300250399, 0.90327242703780897, 0.9043047383829107, 0.90461443178644119, 0.90389181384487005, 0.90337565817231913, 0.90389181384487005, 0.90554351199703265, 0.90409827611389038, 0.90471766292095135, 0.90585320540056324, 0.90574997426605308, 0.90502735632448184, 0.90574997426605308, 0.90605966766958357, 0.90595643653507341, 0.90595643653507341, 0.90409827611389038, 0.90626612993860389, 0.90626612993860389, 0.90719521014919535, 0.90378858271035989, 0.90688551674566487, 0.90688551674566487, 0.90760813468723611, 0.90585320540056324, 0.90616289880409373, 0.90585320540056324, 0.90822752149429709, 0.90409827611389038, 0.90544028086252248, 0.90853721489782757, 0.90554351199703265, 0.9067822856111547, 0.90740167241821568, 0.90925983283939871, 0.9067822856111547, 0.90636936107311405, 0.90213688455819718, 0.90760813468723611, 0.90564674313154292, 0.90688551674566487, 0.90729844128370551, 0.90740167241821568, 0.90719521014919535, 0.9079178280907666, 0.9067822856111547, 0.90822752149429709, 0.90698874788017503, 0.90822752149429709, 0.90884690830135806, 0.90812429035978692, 0.90729844128370551, 0.90812429035978692, 0.9087436771668479, 0.90729844128370551, 0.90853721489782757, 0.90740167241821568, 0.90698874788017503, 0.90750490355272584, 0.90864044603233773, 0.90853721489782757, 0.90781459695625644, 0.90709197901468519], "val_loss": [0.23149221984178667, 0.21873038440490514, 0.21774054720845523, 0.21431675133068176, 0.21400707322672274, 0.2145248788902237, 0.21699275633086973, 0.21407519269065861, 0.21316403988604576, 0.21540502598254418, 0.21517802640000425, 0.21241737780180142, 0.21214312419589118, 0.21353680841125569, 0.21291628779611363, 0.21285197009879811, 0.21393707882229532, 0.21205646132209469, 0.21407098822196446, 0.21311350276475846, 0.21287185074289455, 0.21248141458138625, 0.21524822148632386, 0.21190982666303096, 0.21431825510965999, 0.21182765073545876, 0.21209225657555517, 0.21338106076070321, 0.21324642558357251, 0.21169009829030214, 0.21403905633335896, 0.21261214154711988, 0.21205972239515097, 0.21444621436352501, 0.21160316531892234, 0.21253889986170918, 0.21298431654863464, 0.21121721381162531, 0.21116500536982238, 0.21695263482744853, 0.21240128627672056, 0.21360742292980592, 0.21283445018812316, 0.21255296525958153, 0.21314479969807229, 0.21202027566344103, 0.21351280018704169, 0.21205106134248294, 0.21201770238503714, 0.21170847501082354, 0.21157272673679528, 0.21238307165535927, 0.21277783071341327, 0.21293414018712103, 0.21256077889504171, 0.21347306293883511, 0.21372178266128913, 0.21269696684177536, 0.21248271009790845, 0.21423971707746808, 0.2129492255092541, 0.21320352336995382, 0.21323987290907709, 0.21351595928859229, 0.21244655775804816]}}