{"low_val_loss": 0.12955077895024653, "params": {"verbose": 1, "nb_epoch": 1000, "batch_size": 32, "metrics": ["loss", "acc", "val_loss", "val_acc"], "nb_sample": 94030, "do_validation": true}, "results": {"acc": [0.94334786770179735, 0.94745294055088802, 0.94911198553653087, 0.95019674571945123, 0.95071785600340319, 0.95123896628862292, 0.95081357014733248, 0.95153674359754159, 0.9516005530200663, 0.95166436243751995, 0.95197277464638941, 0.95165372753376587, 0.95176007658144923, 0.95178134637881529, 0.95200467936272293, 0.95190896523020363, 0.95224928214906768, 0.95208975858768474, 0.95185579070509407, 0.95215356801528062, 0.95196213974770649, 0.95234499627778368, 0.95264277358289906, 0.95203658407398528, 0.95215356802035178, 0.95173880677394107, 0.95215356802035178, 0.95214293311152653, 0.95255769435793725, 0.95210039349650999, 0.95228118686033003, 0.95227055196164712, 0.95231309157666355, 0.95265340848665314, 0.9524726151228331, 0.9522386472377069, 0.95246198022922124, 0.95250451983916662, 0.95240880570030839, 0.95243007550781666, 0.95231309157159238, 0.95264277358289906, 0.95263213867914498, 0.95252578965174595, 0.95238753589280012, 0.9524938849366803, 0.95261086887163671, 0.95252578964667489, 0.95299372540678506, 0.95234499628285485, 0.95270658300669153, 0.95277039242921635, 0.9525151547429207, 0.95266404339040733, 0.95312134425690564, 0.95257896416037435, 0.95248325002658729, 0.95280229713921094, 0.95292991598426036, 0.9525895990691996, 0.95287674146675749, 0.95302563011804742, 0.95268531320298666, 0.95250451983409545, 0.95301499521429334, 0.9529086461868943, 0.95283420185174106, 0.95266404339040733, 0.95329150271190044, 0.95319578857811338, 0.95299372541185623, 0.95299372541185623, 0.95273848772175729, 0.95310007444432632, 0.95264277358797023, 0.95296182069552271, 0.95313197915558867, 0.95308943954057213, 0.95285547165798146, 0.95264277358797023, 0.95261086887670787, 0.95271721790917796, 0.95299372540678506, 0.95317451877060511, 0.95289801127806906, 0.95304689993569791, 0.95305753482930977, 0.95264277358289906, 0.95319578857811338, 0.95285547165798146, 0.95329150271190044, 0.95317451877060511, 0.95321705838688942, 0.95320642348693863, 0.95304689992555569, 0.95294055088801444, 0.95332340742316279, 0.95284483675422738, 0.95306816973940278, 0.95320642348186746, 0.95288737637051169, 0.95315324896943576, 0.95329150272204266, 0.95324896310702623, 0.95328086781321741, 0.95319578857811338, 0.95300436031053914, 0.95285547166305262, 0.95291928108557733, 0.95267467830050034, 0.95344039137460035, 0.95301499521936439, 0.95305753483057754, 0.95310007444939737, 0.95298309050303098, 0.95333404232691699, 0.9531851536743593, 0.95298309050303098, 0.95336594704325039, 0.9530362650218015], "loss": [0.17316079191577494, 0.141673591242269, 0.13870536948426548, 0.13694460174875234, 0.13610795254279398, 0.13527542962700106, 0.13488908520083878, 0.13425862391293208, 0.13406226442593736, 0.1337693392085475, 0.13363095211431877, 0.13358289760141365, 0.13333377707775357, 0.13325302570679523, 0.1331046051913394, 0.13324485476012179, 0.13291361547446334, 0.13287861638629259, 0.13273739457022671, 0.13264233988104482, 0.13263466546830377, 0.13244458309181711, 0.13220158750521152, 0.13211680520240721, 0.13217046205843813, 0.13209840820740351, 0.13178956188759905, 0.13175557686615583, 0.13177520856697053, 0.13156747099764485, 0.13145208815339524, 0.1313017462547518, 0.13124763187015867, 0.1309560591993808, 0.13079781062290108, 0.13079058717606259, 0.13060657678719317, 0.13037107139825821, 0.13046390643603026, 0.13034947689138904, 0.13024824352089703, 0.13019282039590468, 0.12990250428293684, 0.12983071366631072, 0.1296501333980494, 0.12976861145253463, 0.12982036114344378, 0.12960349499108018, 0.12951249201649029, 0.12949503299487114, 0.12931993683988485, 0.12956218688136578, 0.12947402549122136, 0.12935526250103591, 0.12932696463652119, 0.12921369427369969, 0.12936236623353328, 0.12927181646774566, 0.12919572388905232, 0.1288399656196357, 0.12890815083414878, 0.12903075702191286, 0.12884407993847799, 0.12895341007985625, 0.12899183407301085, 0.12873836814609219, 0.12884888966660621, 0.12888145838984685, 0.12883606968905353, 0.12892010754007399, 0.12880186970124508, 0.12864791011222054, 0.12871941801405809, 0.1287478489819314, 0.12866944470478983, 0.12859100688303943, 0.12860697133720753, 0.12870505261711843, 0.12857414002188669, 0.12870445409842177, 0.12880783524222797, 0.12864542419427027, 0.12854251411185738, 0.1285959577571201, 0.12844148825124693, 0.12859987516637991, 0.12859856646884746, 0.12837804653401022, 0.12858863863592851, 0.12849441983370682, 0.12828134836179961, 0.12836377679432842, 0.128524991602425, 0.12844852126527059, 0.12840916455500395, 0.12843624208081686, 0.12845497429822528, 0.12847019522434522, 0.12849267931722599, 0.12851054573002349, 0.12834419748744572, 0.1281941627972458, 0.12843210417375175, 0.12824298870299808, 0.12826761572580064, 0.12832537072460207, 0.12844974095043218, 0.12812914366698272, 0.12824511457304746, 0.12831403876535058, 0.12836148753297921, 0.12831164908706413, 0.12835967927524591, 0.12833831953701916, 0.12835520184317079, 0.12826891075239324, 0.1282666835956506, 0.12828005771490913, 0.12822602153407581, 0.12824599429526051], "val_acc": [0.94448698315467072, 0.95010209290454317, 0.95109111791730472, 0.95150587034201128, 0.95208014293006638, 0.9521120469627361, 0.95243108728943338, 0.95262251148545174, 0.95252679938744256, 0.95294155181214901, 0.9517611026033691, 0.95345201633486476, 0.95208014293006638, 0.95239918325676365, 0.95227156712608474, 0.95316488004083721, 0.95294155181214901, 0.95284583971413983, 0.9521120469627361, 0.95342011230219503, 0.95319678407350694, 0.95319678407350694, 0.95284583971413983, 0.95338820826952531, 0.95345201633486476, 0.95300535987748847, 0.95348392036753449, 0.95338820826952531, 0.95373915262889231, 0.95370724859622258, 0.95166539050535992, 0.95367534456355285, 0.95319678407350694, 0.95275012761613065, 0.95294155181214901, 0.95373915262889231, 0.95351582440020421, 0.95262251148545174, 0.95316488004083721, 0.95275012761613065, 0.95329249617151612, 0.95338820826952531, 0.95357963246554367, 0.95351582440020421, 0.95275012761613065, 0.95386676875957122, 0.95402628892291985, 0.95338820826952531, 0.95393057682491067, 0.95338820826952531, 0.95128254211332308, 0.95405819295558958, 0.95300535987748847, 0.95386676875957122, 0.95386676875957122, 0.95275012761613065, 0.95335630423685558, 0.95306916794282792, 0.95364344053088312, 0.95329249617151612, 0.95354772843287394, 0.95335630423685558, 0.95367534456355285, 0.95367534456355285, 0.95329249617151612, 0.95348392036753449, 0.95367534456355285, 0.95380296069423176, 0.95338820826952531, 0.95383486472690149, 0.95287774374680956, 0.95364344053088312, 0.95310107197549765, 0.95329249617151612, 0.95335630423685558, 0.95192062276671774, 0.95338820826952531, 0.95370724859622258, 0.95319678407350694, 0.9532605921388464, 0.95364344053088312, 0.95386676875957122, 0.95329249617151612, 0.95354772843287394, 0.95342011230219503, 0.9532605921388464, 0.95345201633486476, 0.95345201633486476, 0.95300535987748847, 0.95345201633486476, 0.95386676875957122, 0.95300535987748847, 0.95367534456355285, 0.95399438489025012, 0.95290964777947929, 0.95345201633486476, 0.95316488004083721, 0.95303726391015819, 0.95278203164880038, 0.95351582440020421, 0.95354772843287394, 0.95332440020418585, 0.95345201633486476, 0.95284583971413983, 0.95338820826952531, 0.95345201633486476, 0.95354772843287394, 0.95393057682491067, 0.95335630423685558, 0.95338820826952531, 0.95278203164880038, 0.95357963246554367, 0.95278203164880038, 0.95367534456355285, 0.95357963246554367, 0.9532605921388464, 0.95303726391015819, 0.95297345584481874, 0.95319678407350694, 0.95354772843287394],