{"low_val_loss": 0.1362763682352745, "params": {"verbose": 1, "nb_epoch": 1000, "batch_size": 32, "metrics": ["loss", "acc", "val_loss", "val_acc"], "nb_sample": 94030, "do_validation": true}, "results": {"acc": [0.94349675635435504, 0.94365627991066681, 0.94409231096458579, 0.94643198979049237, 0.94685738594065727, 0.94755928959350033, 0.94784643198979046, 0.94804849516618994, 0.9480378602573647, 0.94828246305385167, 0.94854833564263363, 0.94859087525765007, 0.94884611294267784, 0.94871849410777065, 0.94881420823141549, 0.94908008083033968, 0.94890992237027372, 0.94929277890035091, 0.94933531851536745, 0.94911198554160203, 0.9494842071729962, 0.94960119110922048, 0.94973944486309514, 0.94977134957435749, 0.94989896841433585, 0.94987769861189875, 0.94996277784193173, 0.95004785707703576, 0.95002658726065303, 0.95014357120575177, 0.95023928533953883, 0.95004785707323247, 0.95034563437327668, 0.95043071360711306, 0.95023928534080659, 0.95049452302963777, 0.95031372966074656, 0.95055833244709131, 0.95031372966581773, 0.95017547591701412, 0.95056896735084551, 0.95038817398702546, 0.95033499947332589, 0.95057960225459959, 0.95059023716342483, 0.95055833244709131, 0.9506859512972119, 0.95064341167712429, 0.95064341168219546, 0.95077103052724488, 0.95082420504094434, 0.95081357014226142, 0.95048388812081253, 0.95027119004573013, 0.95036690418458825, 0.95076039561841963, 0.95051579283334264, 0.95040944379453363, 0.95063277677337021, 0.95049452302963777, 0.950356269275763, 0.95083483994976958, 0.95057960225967075, 0.950707221099649, 0.95068595129467637, 0.95044134850579598, 0.95059023716342483, 0.95066468148590033, 0.95078166543607012], "loss": [0.22260731384300761, 0.15347376157893444, 0.14685192954614892, 0.14431847768237391, 0.1430669117088611, 0.14213838025089223, 0.14146302479731204, 0.14104186480164235, 0.14064614192771743, 0.14026513211361769, 0.14012657849380186, 0.13976137789718449, 0.13952988993341234, 0.13940309427538336, 0.13923897941410701, 0.13903243321821207, 0.13883929527542457, 0.13868103650964397, 0.13843219072089402, 0.13840536752730168, 0.13821235327318501, 0.13805140702704236, 0.13797068962749873, 0.13790086706299789, 0.13776728195409363, 0.13768624626809228, 0.13753689879700692, 0.13746591542872116, 0.1372740743363853, 0.13727648561588821, 0.13713800358313341, 0.13712248834608515, 0.13697343929741568, 0.13696722287732616, 0.13693136562188482, 0.1368500377153648, 0.13684161169794973, 0.13669367727669937, 0.13672604561343316, 0.13668016374307682, 0.1367633351043705, 0.136574688318954, 0.13667360276212009, 0.13649719986402184, 0.13667864435900404, 0.13659382416047319, 0.13666101140467826, 0.13660219011408944, 0.13657922727635954, 0.13646488535040352, 0.13655031827438591, 0.13650279671356272, 0.13654168927819202, 0.13651056765169334, 0.13649778200485194, 0.13655567058179527, 0.13649488671224294, 0.1365999457410621, 0.13646845596362198, 0.13645361963769267, 0.13653517689690189, 0.13643947716477095, 0.13648291281483393, 0.1364954038399232, 0.136470991546114, 0.1364799411469001, 0.13649153283596241, 0.13643339257677425, 0.13642225670748589], "val_acc": [0.94448698315467072, 0.94448698315467072, 0.94754977029096477, 0.94853879530372642, 0.94904925982644206, 0.94901735579377233, 0.94959162838182742, 0.94917687595712097, 0.94952782031648797, 0.95010209290454317, 0.95035732516590099, 0.95035732516590099, 0.95029351710056154, 0.95026161306789181, 0.95019780500255235, 0.95080398162327717, 0.95032542113323126, 0.95054874936191935, 0.95121873404798363, 0.95141015824400199, 0.95064446145992854, 0.95150587034201128, 0.95102730985196526, 0.95166539050535992, 0.95134635017866254, 0.95115492598264417, 0.95093159775395608, 0.95163348647269019, 0.95131444614599281, 0.95112302194997445, 0.95131444614599281, 0.95153777437468101, 0.95160158244002047, 0.95147396630934145, 0.95144206227667172, 0.95172919857069938, 0.95192062276671774, 0.95185681470137828, 0.95163348647269019, 0.95156967840735074, 0.95220775906074528, 0.95172919857069938, 0.95169729453802965, 0.95169729453802965, 0.95230347115875447, 0.95249489535477283, 0.95144206227667172, 0.95150587034201128, 0.95182491066870856, 0.95137825421133226, 0.95208014293006638, 0.95166539050535992, 0.95153777437468101, 0.95160158244002047, 0.95099540581929554, 0.95198443083205719, 0.95243108728943338, 0.95188871873404801, 0.95160158244002047, 0.95150587034201128, 0.95236727922409392, 0.95172919857069938, 0.95268631955079119, 0.95137825421133226, 0.95259060745278201, 0.95141015824400199, 0.95128254211332308, 0.95166539050535992, 0.95064446145992854], "val_loss": [0.15940749844713986, 0.14828664518706405, 0.1446806297006657, 0.14334940461555021, 0.142130253225139, 0.14158820932148183, 0.14143868229975196, 0.14059789086092547, 0.14034508935433981, 0.1403393830101882, 0.13988547821991781, 0.14014669658160744, 0.13962499200803336, 0.13908570310392812, 0.13934263746354458, 0.13865599485381397, 0.13872447791697115, 0.13861631702074534, 0.1390081919661251, 0.13840705288299315, 0.13820531931974378, 0.13830043732617936, 0.13802567436328922, 0.13757204630656045, 0.13770935226340206, 0.13751532032709302, 0.13734185887332351, 0.13718482220070954, 0.13733492838052416, 0.13693200377438403, 0.13687614516952684, 0.13696520646816313, 0.1368677700171366, 0.13683091426927135, 0.13688994927076037, 0.13775506604228963, 0.1366264813233998, 0.13665505493132968, 0.13665153225099419, 0.13658183300986529, 0.13633124314005154, 0.1368338476777107, 0.1362763682352745, 0.1367673421047548, 0.13641564669054251, 0.13695567070528858, 0.13672619850592019, 0.13640330601797351, 0.13643642140133092, 0.13674487909012117, 0.13665172557720667, 0.13654005110279038, 0.13662755304415991, 0.13643475060292717, 0.13690601515280859, 0.13648788600631398, 0.13689187685937648, 0.13639686755349192, 0.13676226811009046, 0.1368423114631053, 0.13659515546947612, 0.13660588594283785, 0.138230580629257, 0.13643957214974792, 0.13743307375866823, 0.13684447824996823, 0.13679001284378137, 0.13646328790496509, 0.13715633227204169]}}