{"low_val_loss": 0.13093045712821852, "params": {"verbose": 1, "nb_epoch": 1000, "batch_size": 32, "metrics": ["loss", "acc", "val_loss", "val_acc"], "nb_sample": 94030, "do_validation": true}, "results": {"acc": [0.94360310539696735, 0.94491119855365313, 0.9486653195788578, 0.94964373072423691, 0.95005849197571879, 0.95032436456450065, 0.95100499840476449, 0.95137722003615866, 0.95123896628735505, 0.95171753695629058, 0.9519515048439523, 0.95190896522513246, 0.95211102840533524, 0.95227055195657595, 0.95217483782278889, 0.95232372647534658, 0.95254705945037976, 0.95234499628285485, 0.95286610656173565, 0.95231309156652133, 0.95264277358289906, 0.95244071041664191, 0.95267467829416141, 0.95227055195657595, 0.95255769435793725, 0.95251515473531412, 0.95223864724024243, 0.95266404339040733, 0.95257896416037435, 0.95277039243301964, 0.95257896416544552, 0.95236626609036301, 0.95260023396788263, 0.952898011272998, 0.95281293204296502, 0.95281293204296502, 0.95244071041157075, 0.95247261512790427, 0.95285547166812368, 0.95252578964667489, 0.95283420185047329, 0.95269594810166969, 0.95256832926169133, 0.95265340849172431, 0.95250451983409545, 0.95271721791424901, 0.95244071041664191, 0.95270658300542377, 0.95281293204296502, 0.952547059449112, 0.95251515473911741, 0.95260023397295368, 0.95248325002658729, 0.95277039243809081, 0.95256832926169133, 0.95265340848665314, 0.95275975752926556, 0.95257896417051657, 0.95263213868421603, 0.95270658300542377, 0.95301499521429334, 0.95261086887670787, 0.95298309050303098, 0.95266404339040733, 0.95277039242794848, 0.9527597575241944, 0.95248325002658729, 0.95285547166812368, 0.95267467829416141, 0.95262150377539079, 0.95274912262551137, 0.95274912262551137, 0.95265340849172431, 0.95273848772175729, 0.95222801233775611], "loss": [0.18991694916921209, 0.14293769909350032, 0.13925011420150418, 0.13709407468656903, 0.13550300571568707, 0.13440301053578199, 0.13360635580014235, 0.13308673639384899, 0.13249253821423063, 0.1320323571965287, 0.13175210725683664, 0.13166412137853684, 0.13126362233761332, 0.13124880602857247, 0.1310920704441807, 0.13077917501820055, 0.1307208785459385, 0.13068777165215889, 0.13055844747891335, 0.13050233836736524, 0.13045640205848563, 0.13053892801812794, 0.1302960811078859, 0.13030686965872859, 0.13019211577453804, 0.13029330608141901, 0.13011168523074643, 0.13020105982797742, 0.13011971418217411, 0.1300074736659709, 0.12997724446612166, 0.12997716210040083, 0.13012050892232638, 0.1299135407820973, 0.12993409474225109, 0.12994351862076683, 0.12980107559741183, 0.12976699823757873, 0.12980388789738315, 0.12997233928340199, 0.12975896852191782, 0.12976457181746284, 0.12973520868307009, 0.12970719132748712, 0.12974571331005888, 0.12978929728095256, 0.12962454089069447, 0.1296519431705413, 0.12966801671608991, 0.12957394565468985, 0.12951321032967553, 0.12965158312850386, 0.12968976803644533, 0.12953724353510332, 0.12961123615493803, 0.12953671853615764, 0.12953192662203247, 0.1296148170280568, 0.12950411660010974, 0.12963030215176077, 0.12956057236980839, 0.12954510672763347, 0.12953357884072431, 0.12955882721466166, 0.12949767654640243, 0.12950865910412795, 0.12963027937097471, 0.1294721217006112, 0.12956975010461097, 0.12938739847188602, 0.12944622242956558, 0.12942128315382559, 0.12953892494279959, 0.12951452900764221, 0.1293947173308454], "val_acc": [0.94448698315467072, 0.94978305257784579, 0.94971924451250633, 0.95093159775395608, 0.95105921388463499, 0.95217585502807556, 0.95198443083205719, 0.95265441551812147, 0.9517611026033691, 0.95262251148545174, 0.95316488004083721, 0.95338820826952531, 0.95313297600816749, 0.95354772843287394, 0.95345201633486476, 0.95322868810617667, 0.95297345584481874, 0.95345201633486476, 0.95313297600816749, 0.95345201633486476, 0.95342011230219503, 0.9536115364982134, 0.95290964777947929, 0.95332440020418585, 0.95268631955079119, 0.95354772843287394, 0.95351582440020421, 0.95342011230219503, 0.9536115364982134, 0.95338820826952531, 0.9536115364982134, 0.95329249617151612, 0.95303726391015819, 0.95316488004083721, 0.95338820826952531, 0.95306916794282792, 0.9528139356814701, 0.95354772843287394, 0.95348392036753449, 0.95332440020418585, 0.95300535987748847, 0.95300535987748847, 0.95354772843287394, 0.9532605921388464, 0.95383486472690149, 0.95402628892291985, 0.95319678407350694, 0.95316488004083721, 0.9539624808575804, 0.9532605921388464, 0.95287774374680956, 0.95310107197549765, 0.95342011230219503, 0.95357963246554367, 0.95348392036753449, 0.95370724859622258, 0.95338820826952531, 0.95335630423685558, 0.95319678407350694, 0.95364344053088312, 0.95294155181214901, 0.95351582440020421, 0.95342011230219503, 0.95351582440020421, 0.95389867279224094, 0.95364344053088312, 0.95364344053088312, 0.95342011230219503, 0.95335630423685558, 0.95373915262889231, 0.9532605921388464, 0.95421771311893822, 0.95338820826952531, 0.95345201633486476, 0.95373915262889231], "val_loss": [0.14568136067658799, 0.14135330160599602, 0.13879507166039221, 0.1370128980985614, 0.13585100153716867, 0.13590296245293693, 0.13437287152886027, 0.1331711709622965, 0.13356252791832576, 0.13240531621754717, 0.13270814164107614, 0.13235911986809137, 0.13227650990891268, 0.13174823740323233, 0.13220588528019181, 0.13180482637987204, 0.13281480981975474, 0.13171754696327032, 0.13213450166968713, 0.13165458287870691, 0.13172818735553757, 0.13201536943032127, 0.13214863669421978, 0.131381572199954, 0.1323650957918581, 0.1310107924972127, 0.13219316934880521, 0.13126393820616955, 0.13232002763392336, 0.13176062785948553, 0.13138971378101627, 0.1317482063724579, 0.13338114019158148, 0.13163368492147154, 0.13216123007895875, 0.13208829983022974, 0.13317540101992226, 0.13148404039811454, 0.1318916891962518, 0.13154773129651351, 0.13226004926494458, 0.13203791824548355, 0.13202012548125203, 0.13156850999501696, 0.1311995453881542, 0.1313198157759681, 0.1315300368265101, 0.13185606211625447, 0.13093045712821852, 0.13148079810434912, 0.13174975324648414, 0.13157560890649825, 0.1314870608821245, 0.13157401371018931, 0.13168902557215836, 0.13159088577434322, 0.1316790759436037, 0.1313864688325774, 0.13183465634147964, 0.13163808340633659, 0.13221784818189189, 0.13172598028457577, 0.13147652605686369, 0.13189362393404039, 0.13105890136487847, 0.13130545471721214, 0.13193640179053565, 0.13120844966488082, 0.13169239339907904, 0.13141362795025308, 0.13149089833427716, 0.13112581449200938, 0.13126664167253901, 0.13108428733184699, 0.13143825780689686]}}