{"low_val_loss": 0.21591076777239043, "params": {"verbose": 1, "nb_epoch": 1000, "batch_size": 32, "metrics": ["loss", "acc", "val_loss", "val_acc"], "nb_sample": 29058, "do_validation": true}, "results": {"acc": [0.83935577121618832, 0.88818913896345242, 0.89899511322183223, 0.90095670727510502, 0.90343451028976529, 0.90357216601280199, 0.90408837497418959, 0.90463899786633628, 0.90470782572785469, 0.90539610434303808, 0.90426044462798538, 0.90446692821254049, 0.90498313717392798, 0.90474223965861378, 0.90549934613531557, 0.90501755110468718, 0.90515520682772388, 0.90525844862000138, 0.90536169041227887, 0.90594672723518477, 0.90512079289696468, 0.90574024365062977, 0.90560258792759307, 0.90604996902746227, 0.90512079289696468, 0.90487989538165048, 0.90656617798884986, 0.90529286255076058, 0.90543051827379728, 0.90487989538165048, 0.90608438295822147, 0.90522403468924217, 0.90646293619657237, 0.90574024365062977, 0.90708238695023746, 0.90639410833505407, 0.90549934613531557, 0.90663500585036827, 0.90632528047353567, 0.90594672723518477, 0.90670383371188656, 0.90673824764264577, 0.90715121481175576, 0.90608438295822147, 0.90715121481175576], "loss": [0.35056678655922263, 0.24652682718252872, 0.2342839087447105, 0.22896982330573271, 0.22591080800518296, 0.22402968131566262, 0.22289623128118771, 0.22189559850125626, 0.22124551733129735, 0.22096091696552914, 0.22058867426484391, 0.2203337202069518, 0.22017266680975911, 0.21970153322667207, 0.21964976877548195, 0.21958555303418109, 0.21947617530494556, 0.21907960677706487, 0.21903801697926639, 0.21879735424723873, 0.21869513440652333, 0.21860825560618544, 0.21837179745635996, 0.21834723054603747, 0.21842902419334245, 0.21811393001229309, 0.21811828914442857, 0.21795242681450128, 0.21792584484135, 0.21785155650359284, 0.21765409176672421, 0.21751219692335336, 0.21737552502614532, 0.21757634767556241, 0.21721622513981365, 0.21736089749340837, 0.21710055116703775, 0.21708795894212984, 0.21704958395986171, 0.2173054105287405, 0.21700292809750538, 0.21703156424813616, 0.2166858941257119, 0.21688265167663889, 0.21687108556831586], "val_acc": [0.83606895842861806, 0.8946010117389549, 0.89645917216013793, 0.90100134207858529, 0.90110457321309545, 0.90378858271035989, 0.90296273363427848, 0.90120780434760561, 0.90089811094407513, 0.9043047383829107, 0.90244657796172767, 0.90327242703780897, 0.905130587458992, 0.90327242703780897, 0.90574997426605308, 0.9031691959032988, 0.90378858271035989, 0.90368535157584962, 0.90471766292095135, 0.90420150724840054, 0.90451120065193102, 0.90285950249976832, 0.90533704972801232, 0.90440796951742086, 0.90378858271035989, 0.90451120065193102, 0.90451120065193102, 0.90440796951742086, 0.90502735632448184, 0.90533704972801232, 0.90409827611389038, 0.9043047383829107, 0.90482089408007371, 0.90636936107311405, 0.90275627136525816, 0.90482089405546151, 0.90461443181105339, 0.90482089405546151, 0.90440796951742086, 0.90471766292095135, 0.90399504497938021, 0.90389181384487005, 0.90389181384487005, 0.90358212044133945, 0.90420150724840054], "val_loss": [0.25757245072900564, 0.2360237180737503, 0.23030979288821743, 0.2239106967037672, 0.22213313618508165, 0.22016722330296878, 0.21974073505948002, 0.21906352647381866, 0.21898428795937477, 0.21827958916330578, 0.21719444513665495, 0.21745466879244324, 0.21608402406122093, 0.21704629584462376, 0.21745618921235901, 0.21725875437044317, 0.2159343414093991, 0.21744459489679835, 0.21591076777239043, 0.21697668121906336, 0.21679577557826737, 0.21716339014454425, 0.21606806872170864, 0.21766562609280227, 0.21704368168224525, 0.21739407898816848, 0.21605760683286815, 0.21627253523500045, 0.21653551104773405, 0.21629723744384027, 0.21662789422303785, 0.21793299262413143, 0.21748563430067358, 0.21638578026363869, 0.21803576349166079, 0.21633003439046261, 0.21854268957848175, 0.21683939714555808, 0.21678334545016079, 0.21707952804605793, 0.21760916398247662, 0.21806227885201285, 0.21671405845324887, 0.21739879749846849, 0.21730789320072891]}}