{"low_val_loss": 0.13646541052650529, "params": {"verbose": 1, "nb_epoch": 1000, "batch_size": 32, "metrics": ["loss", "acc", "val_loss", "val_acc"], "nb_sample": 94030, "do_validation": true}, "results": {"acc": [0.94352866107068845, 0.94375199404445387, 0.94650643412184232, 0.94734659151334677, 0.9478251621822823, 0.94794214612864869, 0.94830373285628877, 0.94848452622010893, 0.94844198660002133, 0.94864404978149175, 0.9489630968941154, 0.94889928746651964, 0.94912262045042728, 0.94927150909284275, 0.94943103265422568, 0.94964373072423691, 0.94942039775047149, 0.94984579390063639, 0.94995214293437424, 0.94992023822818294, 0.94982452409312812, 0.95006912687440181, 0.95017547591194296, 0.95005849197064762, 0.95032436456576852, 0.9501861108207682, 0.95024992024329291, 0.95036690417951719, 0.95049452302963777, 0.95018611081569715, 0.9502180155269595, 0.95056896735084551, 0.95038817399209652, 0.95083483994469853, 0.95044134850579598, 0.95062214187468719, 0.95038817398702546, 0.950356269275763, 0.95093055408355676, 0.95076039561841963, 0.95032436456450065, 0.9505051579283208, 0.95055833244709131, 0.95081357013719026, 0.9506859512972119, 0.95078166543099907, 0.95071785600340319, 0.95038817399209652, 0.95105817292860617, 0.95034563437708008, 0.9505476975484084, 0.95051579283207488, 0.95073912581091136, 0.95071785600847425, 0.95006912687440181], "loss": [0.20075943705237673, 0.14819446038139808, 0.14418033847311362, 0.14261054136259155, 0.1416152846622401, 0.14101490482749754, 0.14054887210319336, 0.14026296195892735, 0.13995299707362466, 0.13959949659176688, 0.13937169300657909, 0.13912707713294839, 0.13900188402864358, 0.13869617812935309, 0.13859200240224268, 0.13827160097152316, 0.13817977329511458, 0.13785279948324977, 0.13777978194814711, 0.13765038159899443, 0.13750613185271143, 0.13722098156624393, 0.13719393531955787, 0.13711978541787168, 0.13699609411912664, 0.13697318065125905, 0.13678578406772018, 0.1368356907205589, 0.13692646914342102, 0.13670344497977985, 0.13665049169967305, 0.13666459339835549, 0.13665559446698844, 0.13672923771711051, 0.13667903951409141, 0.13660033830781954, 0.13655696292576683, 0.13663132234125788, 0.13659509163970682, 0.13652772998145499, 0.13655474869569831, 0.13654137204068303, 0.13656788048963656, 0.13650531560423448, 0.13661079551455291, 0.13658344155991825, 0.13651097142379753, 0.13657879115219104, 0.13657513452117576, 0.13668128506615354, 0.13653724564810477, 0.13653086695907649, 0.13654247758291818, 0.13644493986105369, 0.13649708305133046], "val_acc": [0.94448698315467072, 0.94825165900969888, 0.94751786625829504, 0.94917687595712097, 0.94940020418580906, 0.94984686064318535, 0.95000638080653399, 0.94978305257784579, 0.95003828483920372, 0.95007018887187344, 0.95032542113323126, 0.95064446145992854, 0.95080398162327717, 0.95051684532924963, 0.95064446145992854, 0.95074017355793772, 0.95105921388463499, 0.95156967840735074, 0.95112302194997445, 0.95160158244002047, 0.95163348647269019, 0.95064446145992854, 0.95086778968861663, 0.95153777437468101, 0.95195252679938747, 0.9508358856559469, 0.95115492598264417, 0.9508358856559469, 0.95192062276671774, 0.9524629913221031, 0.95188871873404801, 0.95169729453802965, 0.95144206227667172, 0.95051684532924963, 0.95070826952526799, 0.95105921388463499, 0.95137825421133226, 0.95070826952526799, 0.95131444614599281, 0.9508358856559469, 0.95185681470137828, 0.95262251148545174, 0.95074017355793772, 0.9517611026033691, 0.95265441551812147, 0.95141015824400199, 0.95150587034201128, 0.95265441551812147, 0.95147396630934145, 0.95214395099540583, 0.95128254211332308, 0.95109111791730472, 0.94994257274119454, 0.95214395099540583, 0.95121873404798363], "val_loss": [0.15182506064292484, 0.1448898334522038, 0.14317945910654792, 0.14168581428151766, 0.1417486695910273, 0.14072826968514535, 0.14069949445419772, 0.14026823854563553, 0.13984500630290428, 0.13969909583255002, 0.13932985336638154, 0.13876696670596211, 0.13899707869113617, 0.13892794975886361, 0.13832677355499187, 0.13844799162699228, 0.13786085383921876, 0.13796807155051116, 0.13781740386162625, 0.13769373317848607, 0.13722473010040473, 0.13729996066835232, 0.13735336060633369, 0.1366346104041069, 0.13686182373310304, 0.13715001981612249, 0.13680334623490384, 0.13749217181340537, 0.13646541052650529, 0.13719662973175187, 0.13698118334258619, 0.13735045688136491, 0.13685048075660022, 0.13752077627715983, 0.13714361914840964, 0.13709676975499402, 0.13786070733870731, 0.13777887986068704, 0.13680038271988151, 0.13730421704166454, 0.13697873681000206, 0.13828709675545836, 0.1370657369106506, 0.13677451675524815, 0.13767067944671865, 0.1372528137356773, 0.13692608081097199, 0.13718245639796156, 0.13685040316064787, 0.1368325060283867, 0.13707930320753103, 0.13717944160837828, 0.13857313973097973, 0.13737331060174474, 0.13720489538837113]}}