{"low_val_loss": 0.21594646432777054, "params": {"verbose": 1, "nb_epoch": 1000, "batch_size": 32, "metrics": ["loss", "acc", "val_loss", "val_acc"], "nb_sample": 29058, "do_validation": true}, "results": {"acc": [0.83963108266226172, 0.87411384128295133, 0.89476219973845417, 0.89717117489159615, 0.89964897790625642, 0.90092229334434581, 0.89985546149081153, 0.90078463762130911, 0.90112877692890081, 0.90161057195952921, 0.9018170555440842, 0.9020923669901576, 0.9024709202285085, 0.90174822768256591, 0.9018170555440842, 0.9022988505747126, 0.902367678436231, 0.9020923669901576, 0.90329685456672859, 0.90319361277445109, 0.90278064560534099, 0.9029871291898961, 0.90326244063596939, 0.90291830132837769, 0.9029871291898961, 0.90319361277445109, 0.90346892422052449, 0.9027118177438227, 0.90333126849748779, 0.903365682428247, 0.90278064560534099, 0.9019891251978801, 0.90381306352811619, 0.90419161676646709, 0.9027118177438227, 0.90267740381306349, 0.90353775208204279, 0.9026085759515452, 0.90374423566659778, 0.90326244063596939, 0.90302154312065519, 0.90346892422052449, 0.90333126849748779, 0.90377864959735699, 0.90415720283570788, 0.90377864959735699, 0.90346892422052449, 0.90315919884369189, 0.9027118177438227, 0.90353775208204279, 0.90381306352811619, 0.90377864959735699, 0.90360657994356119, 0.90377864959735699, 0.9030903709821736, 0.90384747745887539, 0.90398513318191209, 0.90291830132837769, 0.90429485855874459, 0.9031247849129328, 0.90439810035102208, 0.90460458393557708, 0.90388189138963448, 0.90357216601280199, 0.90374423566659778, 0.90343451028976529, 0.90443251428178129, 0.90364099387432029, 0.90302154312065519, 0.903365682428247, 0.90343451028976529, 0.90353775208204279, 0.90422603069722629, 0.90401954711267118, 0.9032280267052103, 0.903365682428247, 0.90370982173583869, 0.9029871291898961], "loss": [0.36998077812386981, 0.25415635606986425, 0.2382646334586464, 0.23218595581197782, 0.22901079849191244, 0.22697291412386025, 0.22574536409132889, 0.22515044476683335, 0.22433246600360418, 0.22380716759498753, 0.22301358531862323, 0.22296305055383195, 0.22246511588528853, 0.22210045249298277, 0.22180289822260144, 0.22162931030570651, 0.22142625510976821, 0.22141503967522705, 0.22108991281807286, 0.22104102457838973, 0.22107550453004149, 0.22070383037291061, 0.22092863689459102, 0.22078737390698566, 0.22039325995390713, 0.22032687495051645, 0.22045474212868726, 0.22019830167682514, 0.22046927080594628, 0.22030134413934158, 0.22027317425370077, 0.22009266575355968, 0.22029052652924755, 0.22004915233279684, 0.22020139424846327, 0.22018200081549197, 0.22008856656679804, 0.21999097771322632, 0.22022205515101145, 0.21985090248253647, 0.21989126523364491, 0.21994527908609784, 0.2199899137483689, 0.21998870624105596, 0.21977284991476162, 0.21997574922806004, 0.21979225630240493, 0.21978988095036461, 0.21977034119263644, 0.21978306912141629, 0.21948240781381753, 0.21968277599094288, 0.21988454124080609, 0.21985626436082287, 0.21983134234154231, 0.21950722221848296, 0.21971219022285177, 0.21970960523188832, 0.21961561787299932, 0.21976282083072932, 0.2193991056219014, 0.21960064222958864, 0.21965038425182237, 0.2194771814979323, 0.21952584500381808, 0.21950056103059248, 0.21943818392394299, 0.21943863265442498, 0.21957040269429595, 0.2193600369240237, 0.21952001210380317, 0.21947304286579114, 0.21925769269046411, 0.2195205724840065, 0.21935951741708043, 0.21938896324631435, 0.21939623544011355, 0.21956480943739645], "val_acc": [0.83606895842861806, 0.88696190780981465, 0.89511716741150571, 0.89769794577425988, 0.89965933732995307, 0.90120780434760561, 0.90213688455819718, 0.90079487980956496, 0.90089811094407513, 0.90182719115466659, 0.90141426661662594, 0.9015174977511361, 0.90224011569270735, 0.90172396002015642, 0.90172396002015642, 0.90100134207858529, 0.90275627136525816, 0.90347888930682929, 0.90296273363427848, 0.90162072888564626, 0.90285950249976832, 0.90347888930682929, 0.90203365342368702, 0.90296273363427848, 0.90296273363427848, 0.90234334682721751, 0.90254980909623783, 0.90254980909623783, 0.90244657796172767, 0.90265304023074799, 0.90224011569270735, 0.90244657796172767, 0.90337565817231913, 0.90193042228917686, 0.90110457321309545, 0.90120780434760561, 0.90213688455819718, 0.90327242703780897, 0.90399504497938021, 0.9031691959032988, 0.90409827611389038, 0.9043047383829107, 0.90244657796172767, 0.90461443178644119, 0.90347888930682929, 0.90254980909623783, 0.90182719115466659, 0.90440796951742086, 0.90244657796172767, 0.90275627136525816, 0.90100134207858529, 0.90368535157584962, 0.90409827611389038, 0.90224011569270735, 0.9031691959032988, 0.90224011569270735, 0.90440796951742086, 0.90378858271035989, 0.90265304023074799, 0.90254980909623783, 0.90234334682721751, 0.90368535157584962, 0.90399504497938021, 0.90378858271035989, 0.90337565817231913, 0.9031691959032988, 0.90471766292095135, 0.90409827611389038, 0.90482089405546151, 0.90265304023074799, 0.9043047383829107, 0.90224011569270735, 0.90378858271035989, 0.90347888930682929, 0.90285950249976832, 0.9043047383829107, 0.90451120065193102, 0.90337565817231913], "val_loss": [0.27143130804087784, 0.24372908324418552, 0.23222159496386921, 0.22831769903045548, 0.22484137999134018, 0.22423315757049722, 0.22314014170048493, 0.22177298573919946, 0.22111294790910127, 0.22040555307502604, 0.22112151635521346, 0.21963011486569436, 0.21942665232486791, 0.21819288523632563, 0.21813049547268878, 0.21837607439277809, 0.21787136652846939, 0.21773330769303095, 0.21733000587479329, 0.2180350235252542, 0.21735881630623932, 0.21808498980608396, 0.21762192475115219, 0.21760776326101827, 0.21739542347685625, 0.21672358133973285, 0.21759444397337804, 0.21694863425869437, 0.21677383830011523, 0.21712967608198239, 0.21619186100975038, 0.21780755724271433, 0.21626882847462742, 0.21800451662575632, 0.21740258544532706, 0.21745102007076247, 0.21682466498417569, 0.21696184780915923, 0.21652333977865559, 0.21668213659104663, 0.21636732830048297, 0.21645495709009899, 0.21701941627263407, 0.2170321438055825, 0.21705004906363934, 0.2166987471047897, 0.21835610703982916, 0.21655523412131888, 0.21778283394735468, 0.21615646615712109, 0.21926193559970897, 0.21594646432777054, 0.21644631101704362, 0.21782600023779225, 0.21860940150645072, 0.21736846363210968, 0.21680851602647846, 0.2171201973928932, 0.21760270328384884, 0.21697352073307535, 0.21742333057828273, 0.21737297243090917, 0.21688666174910665, 0.2167486987813432, 0.21624726845258971, 0.21799512715904265, 0.21667540601634555, 0.21685568986015816, 0.21674909579491755, 0.21624511666153684, 0.21712111160151421, 0.21735525157683722, 0.21728278945581922, 0.21708242567968503, 0.21613650229603093, 0.21638935541939266, 0.21655764744490233, 0.21677537909279646]}}