{"low_val_loss": 0.12944915634639381, "params": {"verbose": 1, "nb_epoch": 1000, "batch_size": 32, "metrics": ["loss", "acc", "val_loss", "val_acc"], "nb_sample": 94030, "do_validation": true}, "results": {"acc": [0.94337977241939852, 0.94419866001226926, 0.94733595661466385, 0.94858024034882482, 0.94899500159523553, 0.94952674678294158, 0.94977134956928644, 0.95000531745694816, 0.95006912687440181, 0.95074976071466555, 0.95042007869828782, 0.95084547484845261, 0.95094118898223967, 0.95101563330978633, 0.95126023609486332, 0.95152610869378751, 0.95109007763986853, 0.9517707114750612, 0.95131341061870511, 0.95150483888627924, 0.95183452089758591, 0.95214293311152653, 0.95172817186511582, 0.95240880570537956, 0.95200467935765176, 0.95211102839519302, 0.95229182175901306, 0.95235563118660893, 0.95236626608529196, 0.95222801233648835, 0.95240880570537956, 0.95246198021907902, 0.95285547166305262, 0.95256832925662027, 0.95260023397295368, 0.95255769435286608, 0.95263213867914498, 0.95256832925662027, 0.95278102733170267, 0.95290864617675208, 0.95260023397295368, 0.9527597575241944, 0.95263213867914498, 0.95273848772175729, 0.95277039243301964, 0.95255769435793725, 0.9529405508930856, 0.95278102733170267, 0.95298309050303098, 0.95302563011804742, 0.95278102733170267, 0.95305753483438094, 0.95286610656173565, 0.95258959906412843, 0.95251515473784965, 0.95304689993062675, 0.95274912262044031, 0.95285547166305262, 0.95261086887163671, 0.95244071042171297, 0.95272785281293204, 0.95295118579683968, 0.95282356695179027, 0.95271721791424901, 0.952738487717954, 0.95272785281293204, 0.95305753482930977, 0.95273848771668612, 0.95287674146548973, 0.95277039242794848, 0.9525895990691996, 0.95285547166305262, 0.95286610656173565, 0.9525895990691996, 0.95271721790917796, 0.95271721790917796, 0.95277039243809081, 0.95282356695179027, 0.95272785281800321, 0.95266404339040733, 0.95281293204296502, 0.95260023397295368, 0.95270658301049493, 0.95267467829416141, 0.95298309050810204, 0.95268531320805783, 0.95287674147563195, 0.95257896416544552, 0.95272785281800321, 0.95281293204803608, 0.95267467829416141, 0.95265340848665314, 0.95255769435286608, 0.95279166224052791, 0.95285547166812368, 0.95300436031053914, 0.95286610656173565, 0.95306816973306396, 0.95262150377539079, 0.95279166224052791, 0.95262150378046195, 0.95260023397295368, 0.95281293204296502, 0.95268531319791561, 0.95294055088801444, 0.95264277358289906, 0.9528235669467191, 0.95265340848665314, 0.9528767414705609, 0.95271721791932018, 0.952898011272998, 0.95279166223545675, 0.9525895990653962, 0.95299372540678506, 0.95284483675929854, 0.95265340848665314, 0.95279166223545675], "loss": [0.19088389495547928, 0.14608855918057737, 0.14166767471720029, 0.13952243238510026, 0.13823069852124018, 0.13734539979297239, 0.1366289383023708, 0.13613517903782746, 0.13572401891955849, 0.13530032166191602, 0.13499331324834998, 0.13471276373618793, 0.13456653067545982, 0.13437372206877765, 0.13422635998669982, 0.13396128513553632, 0.13385063983443746, 0.13356824960402322, 0.13330564998786754, 0.13318017415910735, 0.13273873749653303, 0.13267885475263663, 0.13230531844105933, 0.13176332548281292, 0.13135473710042764, 0.13101952870812306, 0.13066769996179578, 0.13048797437805679, 0.13041283453817756, 0.1302409334492331, 0.13018528166827553, 0.13000400219048058, 0.12991957951720998, 0.12995147695553932, 0.12974509789194311, 0.12979481812088328, 0.12976898796128222, 0.12965375035557483, 0.12950581958194346, 0.12962685080109843, 0.12951908127894923, 0.12947694734982906, 0.12945422469114834, 0.1294306181436978, 0.12934097815711079, 0.12943184586974973, 0.12921711189099275, 0.12946358202662156, 0.12927064389960252, 0.12905496242346692, 0.12927026760162325, 0.12927885725484128, 0.12907046325636312, 0.12902861700106918, 0.12923312663998704, 0.12917540776806286, 0.12918099746897246, 0.12917731705560564, 0.12914690125860789, 0.12907047323596538, 0.12907671145956134, 0.12904971027854756, 0.12905694481481025, 0.12919063491985086, 0.12918179899939042, 0.12907376101070753, 0.12909463152279882, 0.12903399201678328, 0.12903501977774612, 0.12901755483175456, 0.1290950631475393, 0.12906047726747497, 0.12909682717114468, 0.12901676573690474, 0.12898414403094766, 0.12905662458223205, 0.12897368513034224, 0.12893143456901096, 0.12904980755240236, 0.12895003562276316, 0.12900139294349994, 0.12899379801299488, 0.1289819139226959, 0.12905303477784566, 0.12900098704596372, 0.12900499465502818, 0.12891705160865274, 0.12892963655699469, 0.12901853194334881, 0.12894217601630531, 0.12901041740675398, 0.12893444801223453, 0.12896458497784988, 0.12890641563061411, 0.12893150187953539, 0.12905752393505707, 0.12899220666200267, 0.12902916655812849, 0.12887092638742184, 0.12898622862071568, 0.12886691447139406, 0.12879945598808132, 0.12898457924595991, 0.12893437450543865, 0.12884517308634785, 0.12895027558858771, 0.12897018942818336, 0.12885434583548941, 0.12883421096486841, 0.12887336134365437, 0.12883239395541674, 0.12895463883661279, 0.12881052490309122, 0.12881553537932075, 0.12880979798505196, 0.12898509378786557, 0.12881371336729111], "val_acc": [0.94448698315467072, 0.94821975497702915, 0.94952782031648797, 0.94943210821847879, 0.95089969372128635, 0.95137825421133226, 0.95153777437468101, 0.95131444614599281, 0.95080398162327717, 0.95169729453802965, 0.95134635017866254, 0.95195252679938747, 0.95121873404798363, 0.95310107197549765, 0.95316488004083721, 0.95185681470137828, 0.9524629913221031, 0.9521120469627361, 0.95405819295558958, 0.95182491066870856, 0.9528139356814701, 0.95284583971413983, 0.95342011230219503, 0.95335630423685558, 0.95294155181214901, 0.95271822358346092, 0.95278203164880038, 0.9532605921388464, 0.95338820826952531, 0.95300535987748847, 0.95393057682491067, 0.95290964777947929, 0.95233537519142419, 0.95300535987748847, 0.95290964777947929, 0.95300535987748847, 0.95351582440020421, 0.95236727922409392, 0.9532605921388464, 0.95310107197549765, 0.95275012761613065, 0.95393057682491067, 0.9539624808575804, 0.95332440020418585, 0.95220775906074528, 0.95342011230219503, 0.95412200102092903, 0.95300535987748847, 0.9528139356814701, 0.95332440020418585, 0.95424961715160794, 0.95278203164880038, 0.95268631955079119, 0.95370724859622258, 0.95377105666156203, 0.95332440020418585, 0.95278203164880038, 0.95342011230219503, 0.95434532924961712, 0.95402628892291985, 0.95354772843287394, 0.95377105666156203, 0.95364344053088312, 0.95402628892291985, 0.95338820826952531, 0.95393057682491067, 0.95348392036753449, 0.9536115364982134, 0.95370724859622258, 0.95373915262889231, 0.95322868810617667, 0.95208014293006638, 0.95271822358346092, 0.9524629913221031, 0.95373915262889231, 0.95319678407350694, 0.95306916794282792, 0.95332440020418585, 0.95402628892291985, 0.95348392036753449, 0.95421771311893822, 0.95377105666156203, 0.95370724859622258, 0.95342011230219503, 0.95377105666156203, 0.95357963246554367, 0.95412200102092903, 0.95405819295558958, 0.95383486472690149, 0.95294155181214901, 0.95399438489025012, 0.95284583971413983, 0.95300535987748847, 0.95377105666156203, 0.95364344053088312, 0.95252679938744256, 0.95364344053088312, 0.95402628892291985, 0.95329249617151612, 0.95268631955079119, 0.95345201633486476, 0.95255870342011228, 0.95322868810617667, 0.95335630423685558, 0.95335630423685558, 0.95275012761613065, 0.95373915262889231, 0.9532605921388464, 0.95294155181214901, 0.95399438489025012, 0.95370724859622258, 0.95313297600816749, 0.95424961715160794, 0.95386676875957122, 0.95399438489025012, 0.95332440020418585, 0.9539624808575804],