{"low_val_loss": 0.21492911049354135, "params": {"verbose": 1, "nb_epoch": 1000, "batch_size": 32, "metrics": ["loss", "acc", "val_loss", "val_acc"], "nb_sample": 29058, "do_validation": true}, "results": {"acc": [0.84007846376213091, 0.88873976185559911, 0.89748090026842864, 0.90109436299814161, 0.9022988505747126, 0.9020579530593984, 0.9026085759515452, 0.9026429898823044, 0.9028150595361002, 0.9032280267052103, 0.90302154312065519, 0.90343451028976529, 0.90401954711267118, 0.90453575607405878, 0.90450134214329958, 0.90415720283570788, 0.90395071925115289, 0.90439810035102208, 0.9030903709821736, 0.90450134214329958, 0.90422603069722629, 0.90408837497418959, 0.90360657994356119, 0.90432927248950379, 0.90446692821254049, 0.90460458393557708, 0.90391630532039369, 0.90467341179709548, 0.90398513318191209, 0.90432927248950379, 0.90505196503544638, 0.90481106752013218, 0.90491430931240968, 0.90450134214329958, 0.90512079289696468, 0.90491430931240968, 0.90422603069722629, 0.90453575607405878, 0.90501755110468718, 0.90536169041227887, 0.90515520682772388, 0.90491430931240968, 0.90532727648151967, 0.90560258792759307, 0.90388189138963448, 0.90477665358937298, 0.90494872324316888, 0.90522403468924217, 0.90549934613531557, 0.90543051827379728, 0.90536169041227887, 0.90515520682772388, 0.90515520682772388, 0.90615321081973987, 0.90470782572785469, 0.90604996902746227, 0.90549934613531557, 0.90536169041227887, 0.90594672723518477, 0.90608438295822147, 0.90584348544290727, 0.90584348544290727, 0.90491430931240968], "loss": [0.3467107282484691, 0.24670029139159363, 0.23463999691952431, 0.22707137598601823, 0.22453333635283926, 0.2233089103077372, 0.22255392067077459, 0.22228217240628342, 0.22172495422419322, 0.22146119137177414, 0.22071572093135255, 0.2203125778201836, 0.21979907134729748, 0.21933848480535345, 0.21904566532254868, 0.2188679355946187, 0.21863984689497878, 0.21841075845609897, 0.21840332437570931, 0.21802630186105548, 0.21809111065304659, 0.21809788450564871, 0.21782354742157312, 0.21768089232063956, 0.21786025096846634, 0.2179859091606412, 0.21749564952175568, 0.21736505922393909, 0.21749235318059709, 0.21760939621935199, 0.21731131434413947, 0.21720609869875906, 0.21731894440583333, 0.21739682824848894, 0.21718151267712554, 0.21721921528923724, 0.21707404004837463, 0.21723573425009662, 0.21689027141282494, 0.21704809241506057, 0.21669248347426734, 0.21654428293842864, 0.21680066418201419, 0.21663859833880397, 0.21680423229603563, 0.21665380701142697, 0.21673613345170104, 0.21657495348835379, 0.21675857620384786, 0.2165812475751539, 0.21638424629616684, 0.21633034627414124, 0.21644244510541338, 0.21596541585473392, 0.21643376771207884, 0.21584371942430641, 0.21612253730365519, 0.21603930641192104, 0.21616370127928591, 0.21607668816702799, 0.21592375309852618, 0.21584343363256775, 0.21594969393002528], "val_acc": [0.87591617630031859, 0.8921234645353231, 0.8990399505228921, 0.8990399505228921, 0.90089811094407513, 0.90172396002015642, 0.90079487980956496, 0.90193042228917686, 0.90358212044133945, 0.9043047383829107, 0.90254980909623783, 0.90347888930682929, 0.90275627136525816, 0.90368535157584962, 0.90327242706242117, 0.90347888930682929, 0.90306596476878864, 0.90327242703780897, 0.90440796951742086, 0.90296273363427848, 0.90399504497938021, 0.90368535157584962, 0.90244657796172767, 0.90378858271035989, 0.90244657796172767, 0.90285950249976832, 0.9043047383829107, 0.90409827611389038, 0.90265304023074799, 0.90420150724840054, 0.90399504497938021, 0.90554351199703265, 0.90172396002015642, 0.90224011569270735, 0.90471766292095135, 0.90451120065193102, 0.90585320540056324, 0.90306596476878864, 0.90461443178644119, 0.90440796951742086, 0.90244657796172767, 0.90389181384487005, 0.90647259220762422, 0.90234334682721751, 0.90482089405546151, 0.905130587458992, 0.90440796951742086, 0.90420150724840054, 0.90378858271035989, 0.90605966766958357, 0.90337565817231913, 0.90482089405546151, 0.90698874788017503, 0.90265304023074799, 0.9031691959032988, 0.90502735632448184, 0.90626612993860389, 0.90440796951742086, 0.90451120065193102, 0.90564674313154292, 0.90564674313154292, 0.90657582334213438, 0.90544028086252248], "val_loss": [0.25798335452068449, 0.23775045667699313, 0.22677708837200125, 0.22247040793538106, 0.21975434266389973, 0.2196577890124547, 0.21873522622242941, 0.21955352422314137, 0.21854044715600374, 0.21775654492713453, 0.21741908033701168, 0.21590029800148636, 0.21783427071298153, 0.2198601635147005, 0.21815633903940826, 0.21663266888919525, 0.21685649822084874, 0.21657496051140043, 0.21634528027964509, 0.2161355044673911, 0.21609340760561904, 0.21773202326431404, 0.21822093303658663, 0.21667399004761667, 0.21700706755559954, 0.21672139833423146, 0.21562820573617053, 0.2175386971003305, 0.21780088891847174, 0.21641787620499936, 0.21663418597107864, 0.21658193864196745, 0.2186739338530935, 0.21814349967775987, 0.21578077376165711, 0.21694331615778689, 0.21492911049354135, 0.21736435763075634, 0.21562046235937002, 0.21614555881477995, 0.21804934370883222, 0.21629747361040119, 0.21614234343431085, 0.21852468269656683, 0.21669843136692019, 0.21648033569813316, 0.21580472575925361, 0.21672784917874147, 0.21593230430514029, 0.2156251842815391, 0.21737067531700091, 0.21574406283207201, 0.21533595374263795, 0.21879660124883105, 0.21633847053666055, 0.21543022888393684, 0.21561531590716418, 0.21515363602492049, 0.21600384405858625, 0.21595160347629999, 0.21566584236213049, 0.21572570161724947, 0.21630134258068937]}}