{"low_val_loss": 0.12366818423483249, "params": {"verbose": 1, "nb_epoch": 1000, "batch_size": 32, "metrics": ["loss", "acc", "val_loss", "val_acc"], "nb_sample": 94030, "do_validation": true}, "results": {"acc": [0.94411358077716512, 0.94879293842897838, 0.95012230139317244, 0.95086674466103194, 0.95120706157609269, 0.9519834095501436, 0.95163245773132865, 0.95143039456000045, 0.95157928320748697, 0.95208975858768474, 0.95183452090772813, 0.95222801234663057, 0.95223864724024243, 0.95208975858768474, 0.952802297144282, 0.95233436137910066, 0.95231309157159238, 0.95215356801654838, 0.95273848771668612, 0.95261086887670787, 0.95260023396788263, 0.95262150378046195, 0.95264277358797023, 0.95297245560434796, 0.95280229713921094, 0.95268531319791561, 0.95263213867914498, 0.95273848772175729, 0.95288737636924381, 0.95266404339040733, 0.95257896416037435, 0.95245134531532494, 0.95334467723320659, 0.95316388386685102, 0.95337658194193342, 0.95352547059956227, 0.95355737530575346, 0.95325959800063809, 0.95323832819820098, 0.95340848665319577, 0.95382324789960649, 0.95361054982452409, 0.95392959693714774, 0.9538126129958524, 0.95346166117703746, 0.95361054982452409, 0.9543018185685419, 0.95397213655343194, 0.95375943847708178, 0.95359991492584106, 0.9543975327124713, 0.95398277146098942, 0.95403594597976005, 0.95391896203846471, 0.95413166011354711, 0.95471657981495273, 0.95420610443475484, 0.95420610443475484, 0.95430181857361307, 0.95405721578219715, 0.95416356481973841, 0.95419546953100076, 0.95496118260636853, 0.95400404126342653, 0.95425927895859664, 0.9543124534722961, 0.95430181857868424, 0.9544932468411873, 0.95426991386235072, 0.95468467510876143, 0.9541422950134979, 0.95451451664869547, 0.95454642135488676, 0.95454642135488676, 0.95425927895859664, 0.95459959587872845, 0.9544188025149084, 0.95473784962372865, 0.95444007232241668, 0.95416356482100617, 0.95441880250983724, 0.95466340530125315, 0.95449324683611614, 0.95464213548867383, 0.95451451664869547, 0.95454642135995782, 0.95457832606614912, 0.95429118366985899, 0.95461023078755369, 0.95470594491119853, 0.95502499202889335, 0.95474848452621508, 0.95472721471870681, 0.95476975433879441, 0.9546421354861383, 0.95502499202889335, 0.95469531001251551, 0.95482292885249387, 0.9543762628948208, 0.95467404020500735, 0.95453578645113257, 0.95459959587365739, 0.95438689779857488, 0.95468467510495814, 0.95473784963260311, 0.95479102414630268, 0.95474848453128613, 0.95441880251997957, 0.95480165905005676, 0.95439753270232908, 0.9547059449162697, 0.9546634052961821, 0.95496118260636853, 0.9550568967401557, 0.95497181751519378, 0.95469531001251551, 0.95485483356375622, 0.95500372222138508, 0.95455705625864085, 0.95478038924254849, 0.95512070616268041, 0.95484419866000214, 0.95472721472377786, 0.95463150058618751, 0.95465277039242791, 0.9545889609699032, 0.95509943635010108, 0.9545889609699032, 0.95490800808759801, 0.95479102414123151, 0.9546634052961821, 0.95478038923747743, 0.95458896097497437, 0.9547059449162697, 0.95490800808252685, 0.9549824524138768, 0.95514197597018868, 0.95496118260636853, 0.95483356375624806, 0.95529086462274637, 0.9549186429913521, 0.95453578645620374], "loss": [0.16821073584134155, 0.13901632683072129, 0.13558028192310578, 0.13389872787931328, 0.13289169506003956, 0.13192349147641091, 0.13161297707174555, 0.13124725227991496, 0.13095699580875367, 0.13045461615827836, 0.13044361152174017, 0.12977076213746253, 0.12976718389767986, 0.12933238078311671, 0.12871899328532402, 0.12826003001656772, 0.1279235693900164, 0.1278588529794657, 0.12738681576253061, 0.12740920992746615, 0.12706452306535515, 0.12683666313815267, 0.12672673257395242, 0.12641136573531914, 0.12640679643995442, 0.12619148561907084, 0.12600322741277037, 0.12592803436264793, 0.12570664238822146, 0.12549500032486047, 0.12529470018547662, 0.1252453717436294, 0.1248462507769261, 0.12488610270556637, 0.12487479316453585, 0.12458933457727446, 0.12461285019170809, 0.12426027587488077, 0.12398037108337449, 0.1240888454789407, 0.1237745809760117, 0.12367137175306518, 0.12368453477633028, 0.12345459061635849, 0.12323337417485346, 0.12340144042282628, 0.12305516012942597, 0.1231733309744673, 0.12291085661253143, 0.12299409397932921, 0.12272636500236443, 0.12272330309962334, 0.12259851187280578, 0.12246504098566799, 0.12227322080360883, 0.1221099826804307, 0.12227310614485469, 0.12220417867104344, 0.12221839824984787, 0.12222735933356496, 0.12200225414887529, 0.12192020033382488, 0.12181129531569776, 0.1220491703765295, 0.12203263485560351, 0.12186231573232055, 0.12183064425624229, 0.1218795215541234, 0.12166374369427256, 0.12165973937002431, 0.1217219828635432, 0.12135447408149411, 0.12165499079196387, 0.12166557579925184, 0.12171000774637203, 0.12155447946062091, 0.12146637090153482, 0.12154570926722853, 0.12155101268922575, 0.12122627385471725, 0.12153902381553962, 0.12139991479539039, 0.12147199425525035, 0.12133634110945762, 0.12123385756925789, 0.12143776488661652, 0.12133104272466461, 0.12128704564708681, 0.12111334173930119, 0.12132426731103813, 0.12124535604244874, 0.12123104110280909, 0.12120878920973292, 0.12123497290144344, 0.12101568642714094, 0.12124302321772594, 0.12102758059802872, 0.12096758997597701, 0.12116174844764058, 0.12104942038881897, 0.12098049163873033, 0.12105157873541272, 0.12103181955051286, 0.12101831654516368, 0.12088758027149137, 0.12103975123846568, 0.12073989121708276, 0.12106522136621116, 0.12108643566099087, 0.12082235915418967, 0.12080697243906241, 0.12085815951407215, 0.12091848391916325, 0.12089643520800773, 0.12085915516472036, 0.12093120192490676, 0.12074899193118158, 0.12092551623337271, 0.12091513485069809, 0.12073820217054067, 0.12063941989875684, 0.12077490952874985, 0.12058668724022228, 0.1207616000717832, 0.1207154787421198, 0.12079594706949891, 0.12065309140758732, 0.12078304912886645, 0.12085137809996692, 0.12051951739167287, 0.12071797216793843, 0.12060862073262175, 0.12045645338654404, 0.12064981111852739, 0.12039388878845247, 0.12054483813056284, 0.12062060939724313, 0.12073767106434544, 0.12053939823703437, 0.12048667501759228, 0.12044443376160271, 0.12054635826516098],