{"low_val_loss": 0.21274663977570316, "params": {"verbose": 1, "nb_epoch": 1000, "batch_size": 32, "metrics": ["loss", "acc", "val_loss", "val_acc"], "nb_sample": 29058, "do_validation": true}, "results": {"acc": [0.83939018514694752, 0.88908390116319092, 0.89975221969853392, 0.9021267809209168, 0.90329685456672859, 0.9032280267052103, 0.90422603069722629, 0.90374423566659778, 0.90350333815128359, 0.90395071925115289, 0.90395071925115289, 0.90491430931240968, 0.90391630532039369, 0.90453575607405878, 0.90522403468924217, 0.90556817399683387, 0.90487989538165048, 0.90422603069722629, 0.90484548145089128, 0.90484548145089128, 0.90460458393557708, 0.90539610434303808, 0.90515520682772388, 0.90491430931240968, 0.90570582971987057, 0.90549934613531557, 0.90587789937366647, 0.90574024365062977, 0.90611879688898067, 0.90598114116594397, 0.90491430931240968, 0.90529286255076058, 0.90560258792759307, 0.90474223965861378, 0.90525844862000138, 0.90539610434303808, 0.90505196503544638, 0.90584348544290727, 0.90567141578911148, 0.90553376006607478, 0.90574024365062977, 0.90543051827379728, 0.90515520682772388, 0.90567141578911148, 0.90529286255076058, 0.90618762475049897, 0.90629086654277646, 0.90601555509670317, 0.90584348544290727, 0.90529286255076058, 0.90611879688898067, 0.90556817399683387, 0.90529286255076058, 0.90618762475049897, 0.90598114116594397, 0.90591231330442568, 0.90580907151214807, 0.90604996902746227, 0.90639410833505407, 0.90570582971987057, 0.90505196503544638, 0.90563700185835228, 0.90577465758138898, 0.90639410833505407, 0.90567141578911148, 0.90570582971987057, 0.90532727648151967, 0.90608438295822147, 0.90567141578911148, 0.90518962075848308, 0.90543051827379728, 0.90591231330442568, 0.90543051827379728, 0.90608438295822147, 0.90525844862000138, 0.90618762475049897, 0.90677266157340486, 0.90653176405809066, 0.90625645261201737, 0.90601555509670317, 0.90598114116594397, 0.90639410833505407, 0.90532727648151967, 0.90608438295822147, 0.90611879688898067, 0.90663500585036827, 0.90646293619657237, 0.90611879688898067, 0.90601555509670317, 0.90543051827379728, 0.90584348544290727, 0.90556817399683387, 0.90587789937366647, 0.90622203868125817, 0.90604996902746227, 0.90601555509670317, 0.90543051827379728, 0.90663500585036827, 0.90622203868125817, 0.90684148943492326, 0.90608438295822147, 0.90536169041227887, 0.90618762475049897, 0.90584348544290727, 0.90567141578911148], "loss": [0.3513205113512855, 0.2457492158629174, 0.23439299394901242, 0.22939565711523893, 0.22606405168535854, 0.22414595972608409, 0.22284575590362682, 0.22163654275264347, 0.22122023661238041, 0.22064197982192016, 0.22024625444346183, 0.2196526308907753, 0.21963404199525521, 0.21920133763354382, 0.21877363561697791, 0.21879875655994008, 0.21843436914188119, 0.21827228717832589, 0.21791342256713925, 0.2178570987264479, 0.21759686692445337, 0.21737546698142901, 0.21719761341035246, 0.21691646225690447, 0.21677576463806203, 0.21668958596660082, 0.21654767766276947, 0.21651379672697746, 0.21621372662256766, 0.21603252625370933, 0.21620772785654382, 0.21599191920104974, 0.21601037558746877, 0.21587062031758841, 0.2157334027855089, 0.21566186845610266, 0.21560207831403652, 0.21553652302833295, 0.21542092585475048, 0.21527264334178856, 0.21536415372287687, 0.21551595078839578, 0.21538654837896576, 0.21519244826293729, 0.21539386728853735, 0.2152188511729298, 0.21517616547518501, 0.21513314039029566, 0.21503731249835784, 0.21488485471931046, 0.2149212663118005, 0.21500222998465404, 0.21516986646953506, 0.21486747124147673, 0.2147093969233469, 0.21485577578104803, 0.21473112583385523, 0.21452896213954459, 0.21455086695418912, 0.2145160358098904, 0.2142642319255755, 0.21449760489216552, 0.21465741214356837, 0.21418860781766302, 0.21436326929301863, 0.21449942582542209, 0.21434524791332249, 0.21440511347053057, 0.21384583167075111, 0.21446537716438938, 0.21423577062718446, 0.21424692919076163, 0.21409075577208495, 0.21416197874621701, 0.2141139354251422, 0.21415543313347732, 0.21370523626694898, 0.21431270582139003, 0.21374752271069952, 0.21389562439376852, 0.21401637624899217, 0.2139492121925291, 0.2139278090626188, 0.21377280184632322, 0.2137271196886095, 0.21398401772978384, 0.21379847923340248, 0.21384455531848248, 0.21401632207898547, 0.21368184589017233, 0.21378955522951673, 0.21379734020676761, 0.2138956363263991, 0.21391236861456581, 0.21373521251516558, 0.21366956119478606, 0.21381380169370551, 0.21381237343342391, 0.21366867721242314, 0.21383333340942576, 0.21375415713093435, 0.2137220325481109, 0.2134469410280079, 0.21388512806297622, 0.21359401030784028], "val_acc": [0.83606895842861806, 0.8942913183354243, 0.89862702598485145, 0.90110457321309545, 0.90007226186799383, 0.90162072888564626, 0.90234334682721751, 0.90358212044133945, 0.90275627136525816, 0.90347888930682929, 0.90337565817231913, 0.90358212044133945, 0.90306596476878864, 0.9043047383829107, 0.90285950249976832, 0.90275627136525816, 0.90368535157584962, 0.90389181384487005, 0.90368535157584962, 0.90533704972801232, 0.90554351199703265, 0.90389181384487005, 0.90399504497938021, 0.90523381859350216, 0.90378858271035989, 0.90595643653507341, 0.90533704972801232, 0.90482089405546151, 0.9043047384075229, 0.90626612996321609, 0.90554351199703265, 0.90502735632448184, 0.90440796954203306, 0.90409827613850258, 0.90482089408007371, 0.90533704975262463, 0.90461443181105339, 0.90482089408007371, 0.90461443178644119, 0.90409827611389038, 0.90368535157584962, 0.905130587458992, 0.90461443181105339, 0.90409827611389038, 0.90574997429066528, 0.90554351202164496, 0.90492412518997167, 0.90440796951742086, 0.90399504497938021, 0.90533704972801232, 0.90533704975262463, 0.90523381859350216, 0.90533704975262463, 0.9051305874836042, 0.90492412518997167, 0.90523381861811436, 0.90533704975262463, 0.90461443181105339, 0.90564674313154292, 0.90564674315615512, 0.90574997429066528, 0.90564674315615512, 0.90564674313154292, 0.90471766292095135, 0.9054402808871348, 0.905130587458992, 0.90626612993860389, 0.90709197901468519, 0.90574997426605308, 0.90399504500399241, 0.90605966769419577, 0.90595643655968561, 0.90574997429066528, 0.9054402808871348, 0.90585320542517545, 0.90533704975262463, 0.90636936107311405, 0.90585320542517545, 0.90740167244282799, 0.90688551677027707, 0.90667905447664454, 0.90564674315615512, 0.90750490355272584, 0.90492412518997167, 0.90595643655968561, 0.90544028086252248, 0.9067822856111547, 0.90647259223223642, 0.90574997429066528, 0.90750490355272584, 0.90688551674566487, 0.90616289882870593, 0.9067822856357669, 0.90544028086252248, 0.90667905447664454, 0.90564674315615512, 0.90533704975262463, 0.90502735632448184, 0.90636936109772626, 0.90564674313154292, 0.90554351202164496, 0.90327242706242117, 0.90347888930682929, 0.90636936107311405, 0.90574997429066528],