{"low_val_loss": 0.12908292613018374, "params": {"verbose": 1, "nb_epoch": 1000, "batch_size": 32, "metrics": ["loss", "acc", "val_loss", "val_acc"], "nb_sample": 94030, "do_validation": true}, "results": {"acc": [0.94332659789428908, 0.94560246730781317, 0.94872912900138251, 0.94934595341912154, 0.95032436456957181, 0.95002658725938527, 0.95114325215863915, 0.95086674465596088, 0.9514197596511752, 0.95158991811124105, 0.95130277571495092, 0.95178134637881529, 0.95185579071016524, 0.95193023503644403, 0.95184515580767892, 0.95213229820396905, 0.95217483781771772, 0.95215356801020956, 0.95229182175901306, 0.95224928214399662, 0.95210039349143893, 0.9522386472453136, 0.95239817080162537, 0.95239817080162537, 0.95228118686033003, 0.95250451983409545, 0.95246198021907902, 0.95225991705282187, 0.95243007551288772, 0.95224928214399662, 0.95230245666276725, 0.95249388493160914, 0.95217483782278889, 0.95248325003165835, 0.9522386472453136, 0.95236626608529196, 0.95227055195657595, 0.95224928214399662, 0.95261086887670787, 0.9523343613740296, 0.95231309156652133, 0.95241944060406258, 0.95283420185554435, 0.95228118685525898, 0.95240880570030839, 0.9522599170477507, 0.95260023397295368, 0.95216420291523141, 0.95247261512790427, 0.95243007550781666, 0.95253642454662568, 0.95257896416037435, 0.95235563118153777, 0.95235563118660893, 0.95241944060406258, 0.95241944060406258, 0.95219610763029716, 0.95232372647534658, 0.95262150378046195, 0.95250451983536333, 0.95261086887163671, 0.95239817079655431, 0.95225991705282187, 0.95207912368393066, 0.95249388493541254, 0.95208975859782696, 0.95286610656807447, 0.95230245666276725, 0.95208975859275591, 0.95254705945418305, 0.95260023397295368, 0.95238753589787128, 0.95250451983409545, 0.95266404340054955, 0.95201531426647701, 0.95234499627778368, 0.95248325002658729, 0.95235563118153777, 0.95239817080162537, 0.9525151547429207, 0.95225991705408963, 0.95234499627778368, 0.95253642454535792, 0.95266404339547839, 0.95240880570030839, 0.95250451983916662, 0.95240880570537956, 0.95225991705282187, 0.95250451983409545, 0.95272785281800321, 0.95254705945418305, 0.95245134532039599, 0.95261086887163671, 0.95223864724024243, 0.95257896416037435, 0.95235563118153777, 0.95212166330401826, 0.95258959906412843, 0.95263213867914498, 0.95265340849172431, 0.95220674252898008, 0.95240880570537956, 0.95247261512790427, 0.95237690098904604, 0.95256832925662027, 0.95236626608529196, 0.95250451983409545, 0.95239817079655431, 0.95233436137910066, 0.952802297144282, 0.9525151547429207, 0.95232372647027541, 0.95249388493034137, 0.95268531319791561, 0.95221737743780532, 0.95244071041157075, 0.95243007551288772, 0.95256832925662027, 0.95254705945418305, 0.95217483781898549, 0.95249388493541254, 0.95249388494048359, 0.95236626609036301, 0.95237690098904604, 0.95267467829416141, 0.95229182175901306, 0.95250451983536333, 0.95231309156652133, 0.952547059449112, 0.95274912262044031, 0.95238753589787128, 0.95208975859275591, 0.95250451983409545, 0.952547059449112, 0.95250451983409545, 0.95260023397295368, 0.95244071041157075, 0.95262150378172972, 0.95257896415783883, 0.95281293204296502, 0.95251515474799187, 0.95247261512790427, 0.95288737636924381, 0.95244071041157075, 0.95284483675929854, 0.95277039242794848, 0.95265340848665314, 0.95251515473784965, 0.95256832925662027, 0.95268531319791561, 0.95267467829416141, 0.95243007551288772, 0.95225991705282187, 0.95290864618182325, 0.95254705945418305, 0.95238753589787128, 0.95249388493541254, 0.95240880571045061, 0.95260023396788263, 0.95263213867914498, 0.95298309050810204, 0.95248325003165835, 0.95219610763029716, 0.95262150378046195, 0.95250451983916662, 0.95262150377665866, 0.95272785281800321, 0.95264277358289906, 0.95266404339040733, 0.95261086887163671, 0.95244071041664191, 0.95284483675422738, 0.95278102733170267, 0.95253642454535792, 0.95261086887163671, 0.95292991599059929, 0.95266404339040733, 0.95274912262044031, 0.95253642454535792, 0.95298309050303098, 0.95267467829416141, 0.95234499628285485, 0.95288737637431498, 0.95299372540678506, 0.95257896416037435, 0.95268531319791561, 0.95296182069552271, 0.95248325002785506, 0.95295118579176863, 0.95241944060913364, 0.95265340849172431, 0.95274912262170808, 0.95266404339547839, 0.95280229713921094, 0.95272785281293204, 0.95265340848665314, 0.95258959906412843, 0.95292991598933141, 0.95256832925788804, 0.95274912262044031, 0.952547059449112, 0.95287674147563195, 0.95278102733677372, 0.95273848771668612, 0.952738487717954, 0.95277039243809081, 0.95297245560941901, 0.95284483675422738, 0.95292991599440258, 0.95285547166812368],