{"low_val_loss": 0.21323479017483335, "params": {"verbose": 1, "nb_epoch": 1000, "batch_size": 32, "metrics": ["loss", "acc", "val_loss", "val_acc"], "nb_sample": 29058, "do_validation": true}, "results": {"acc": [0.84025053341592681, 0.89307591713125478, 0.89885745749879553, 0.9019891251978801, 0.9024709202285085, 0.90374423566659778, 0.90305595705141439, 0.90481106752013218, 0.9028838873976186, 0.90515520682772388, 0.90446692821254049, 0.90457017000481799, 0.90522403468924217, 0.90525844862000138, 0.90422603069722629, 0.90498313717392798, 0.90587789937366647, 0.90543051827379728, 0.90587789937366647, 0.90570582971987057, 0.90635969440429487, 0.90584348544290727, 0.90556817399683387, 0.90594672723518477, 0.90580907151214807, 0.90642852226581316, 0.90608438295822147, 0.90525844862000138, 0.90625645261201737, 0.90635969440429487, 0.90591231330442568, 0.90553376006607478, 0.90546493220455637, 0.90505196503544638, 0.90587789937366647, 0.90718562874251496, 0.90587789937366647, 0.90653176405809066, 0.90604996902746227, 0.90546493220455637, 0.90608438295822147, 0.90642852226581316, 0.90656617798884986, 0.90539610434303808, 0.90694473122720076, 0.90594672723518477, 0.90656617798884986, 0.90629086654277646, 0.90570582971987057, 0.90680707550416406, 0.90608438295822147, 0.90656617798884986, 0.90635969440429487, 0.90615321081973987, 0.90604996902746227, 0.90632528047353567, 0.90587789937366647, 0.90580907151214807, 0.90701355908871917, 0.90646293619657237, 0.90677266157340486, 0.90625645261201737, 0.90677266157340486, 0.90611879688898067, 0.90697914515795997, 0.90642852226581316, 0.90673824764264577, 0.90635969440429487, 0.90746094018858836, 0.90708238695023746, 0.90663500585036827, 0.90694473122720076, 0.90653176405809066, 0.90677266157340486, 0.90639410833505407, 0.90728887053479246, 0.90666941978112736, 0.90642852226581316, 0.90701355908871917, 0.90632528047353567, 0.90601555509670317, 0.90728887053479246, 0.90718562874251496, 0.90656617798884986, 0.90691031729644156, 0.90746094018858836, 0.90622203868125817, 0.90656617798884986, 0.90656617798884986, 0.90642852226581316, 0.90649735012733157, 0.90611879688898067, 0.90684148943492326, 0.90656617798884986, 0.90680707550416406, 0.90584348544290727, 0.90701355908871917, 0.90615321081973987, 0.90704797301947826, 0.90670383371188656, 0.90635969440429487, 0.90615321081973987, 0.90656617798884986, 0.90673824764264577, 0.90639410833505407, 0.90694473122720076], "loss": [0.34081757587595252, 0.24396250479990472, 0.23392453918630812, 0.22924156804986426, 0.22646673983651569, 0.22420486473780357, 0.22293170107023066, 0.2216719642447682, 0.22109156773155839, 0.22041245287063299, 0.21968210869214844, 0.21921274539087601, 0.21877402983571503, 0.21858399065564579, 0.21843526572126493, 0.2181009920213316, 0.21780074045182063, 0.21773333244153395, 0.21779002895686048, 0.21749559374111666, 0.21711037045187856, 0.21746853117601442, 0.21714650090816912, 0.21712774170619162, 0.21694208956320038, 0.21696956962258829, 0.21675480442514308, 0.21656304393654657, 0.21640821415293823, 0.21648788125518084, 0.2165157097198023, 0.2162968131889334, 0.21614239343273245, 0.21608695418993329, 0.21607126947242367, 0.21579825983435516, 0.21562607945451651, 0.21596474061298354, 0.21565739720007518, 0.21575218643661095, 0.21566148309355157, 0.21576752195398727, 0.2153458294801435, 0.21556208097003887, 0.21573327189138697, 0.2156208466085402, 0.21549221259153101, 0.21549752597846497, 0.21554311414580193, 0.21549437706107102, 0.21520438066852488, 0.21532904173902179, 0.21552302742358848, 0.21531159759081708, 0.21530281465944942, 0.21525310958215368, 0.21514707846802028, 0.2150704698804175, 0.21515911423368331, 0.21527808720761457, 0.2150191171687709, 0.21503087165886295, 0.21500929502373006, 0.21481747054120087, 0.21474746503368888, 0.2148968703137534, 0.21474527902437082, 0.21486853556376098, 0.21475511033959613, 0.2147691782018554, 0.21471646435390082, 0.21452917802792487, 0.21475475783977072, 0.21473870307291207, 0.21470008064460111, 0.21467415382614466, 0.21436165338110977, 0.21467449486571535, 0.21459661905276028, 0.2147157900732479, 0.21436795811994791, 0.21457184641373617, 0.21439798185057612, 0.21446707267312914, 0.21472956393429685, 0.21440409661422405, 0.21445812942236891, 0.21425631349631075, 0.21449593238087233, 0.21431184734709927, 0.21439406494057783, 0.21444229522916256, 0.21433094782979517, 0.21453575173379943, 0.21439922371464543, 0.21427490157521689, 0.2144260996957717, 0.21414020963999558, 0.21431515914491781, 0.21433120694209715, 0.2142822069159333, 0.2142930144625001, 0.21449534367403042, 0.21422594535880926, 0.21409810243164307, 0.21441273520384552], "val_acc": [0.87777433683840966, 0.89573655421856668, 0.89934964392642258, 0.90100134207858529, 0.9015174977511361, 0.90120780434760561, 0.90213688455819718, 0.90244657796172767, 0.9031691959032988, 0.90358212044133945, 0.90471766292095135, 0.90409827611389038, 0.90368535157584962, 0.90399504497938021, 0.90389181384487005, 0.90471766292095135, 0.90358212044133945, 0.90337565817231913, 0.90440796951742086, 0.90420150724840054, 0.90368535157584962, 0.90636936107311405, 0.90482089405546151, 0.90420150724840054, 0.90409827611389038, 0.90585320540056324, 0.90420150724840054, 0.90554351199703265, 0.90533704972801232, 0.90616289880409373, 0.90616289880409373, 0.90595643653507341, 0.90657582334213438, 0.90616289880409373, 0.9067822856111547, 0.90595643653507341, 0.90482089405546151, 0.90605966766958357, 0.905130587458992, 0.90564674313154292, 0.90688551674566487, 0.90616289880409373, 0.90605966766958357, 0.90626612993860389, 0.90523381859350216, 0.90657582334213438, 0.90626612993860389, 0.90657582334213438, 0.90729844128370551, 0.90523381859350216, 0.90688551674566487, 0.90564674313154292, 0.90729844128370551, 0.90636936107311405, 0.90647259220762422, 0.90698874788017503, 0.90698874788017503, 0.90605966766958357, 0.90647259220762422, 0.90585320540056324, 0.90688551674566487, 0.90636936107311405, 0.90760813468723611, 0.90750490355272584, 0.90647259220762422, 0.90636936107311405, 0.90616289880409373, 0.90647259220762422, 0.90544028086252248, 0.90750490355272584, 0.90688551674566487, 0.90626612993860389, 0.90647259220762422, 0.90523381859350216, 0.90688551674566487, 0.90771136582174627, 0.90740167241821568, 0.90667905447664454, 0.90626612993860389, 0.90709197901468519, 0.90750490355272584, 0.90616289880409373, 0.9067822856111547, 0.90502735632448184, 0.90709197901468519, 0.9079178280907666, 0.90667905447664454, 0.90719521014919535, 0.90626612993860389, 0.90554351199703265, 0.90523381859350216, 0.90461443178644119, 0.90760813468723611, 0.90657582334213438, 0.90533704972801232, 0.90688551674566487, 0.90812429035978692, 0.90698874788017503, 0.90688551674566487, 0.90740167241821568, 0.90760813468723611, 0.90585320540056324, 0.90647259220762422, 0.90574997426605308, 0.90585320540056324, 0.90647259220762422],