{"low_val_loss": 0.1287626988136111, "params": {"verbose": 1, "nb_epoch": 1000, "batch_size": 32, "metrics": ["loss", "acc", "val_loss", "val_acc"], "nb_sample": 94030, "do_validation": true}, "results": {"acc": [0.94421992980963521, 0.94792087632114042, 0.94910135064291901, 0.95001595236070235, 0.95062214187468719, 0.95098372859725622, 0.95080293523343618, 0.95137722004630088, 0.95145166437257978, 0.95164309263001168, 0.95196213974770649, 0.95152610868871634, 0.95170690205380415, 0.95212166330021497, 0.95239817079655431, 0.95214293311659759, 0.95220674252898008, 0.95184515580133999, 0.95248325003165835, 0.9524726151228331, 0.95208975859275591, 0.95213229820270129, 0.95215356801020956, 0.9523769009941172, 0.95235563118153777, 0.95217483781771772, 0.9522599170477507, 0.95225991704901847, 0.95244071041157075, 0.95228118686033003, 0.95256832925662027, 0.95274912262170808, 0.95236626608655972, 0.95252578965174595, 0.95264277358923799, 0.95243007550781666, 0.95210039349143893, 0.95269594810166969, 0.95228118685525898, 0.95239817079401878, 0.95246198021907902, 0.95252578964160373, 0.95214293311659759, 0.95283420185047329, 0.95298309050810204, 0.95262150377539079, 0.95261086887163671, 0.95270658300542377, 0.95258959907427065, 0.95270658300542377, 0.95261086887163671, 0.95292991599440258, 0.95237690098904604, 0.95274912262551137, 0.95264277358797023, 0.95279166223545675, 0.952802297144282, 0.95282356695179027, 0.9528448367643696, 0.95273848771668612, 0.95251515473784965, 0.95302563011804742, 0.95251515473784965, 0.95288737636924381, 0.95281293204803608, 0.95301499522443556, 0.95301499521429334, 0.95256832925662027, 0.95299372540678506, 0.95273848772175729, 0.95255769435793725, 0.95263213867914498, 0.95319578857811338, 0.95314261406441392, 0.95288737637938614, 0.95275975752926556, 0.95284483675422738, 0.95296182069552271, 0.95261086887290447, 0.95284483675422738, 0.9525151547429207, 0.95290864618182325, 0.95258959906412843, 0.9527597575241944, 0.95301499521429334, 0.95262150378046195, 0.95304689992555569, 0.9530362650218015, 0.9531107093480804, 0.95281293204803608, 0.95274912262551137, 0.95266404339040733, 0.95299372540678506, 0.95297245560434796, 0.95297245560434796, 0.95272785281293204, 0.95302563012311858, 0.95260023397295368, 0.95282356695179027, 0.95332340742316279, 0.95311070935315156, 0.95304689992555569, 0.95307880463681804, 0.95291928108557733, 0.95297245559927679, 0.95310007444432632, 0.95301499521936439, 0.9530788046418891, 0.95310007444432632, 0.95295118579176863, 0.95258959906412843, 0.95315324896309683, 0.95274912262551137, 0.95284483675929854, 0.95299372540678506, 0.95327023290946333, 0.95324896309688401, 0.9529405508930856, 0.95305753482930977, 0.95305753482930977, 0.95283420185047329, 0.95294055088801444, 0.95296182069552271, 0.95330213762072569, 0.95321705838562165, 0.95288737636924381], "loss": [0.17270443068848357, 0.14085782168853617, 0.13748828762106016, 0.13568281515756084, 0.13489181051752003, 0.13381261311873191, 0.13314736776190983, 0.13281816779270864, 0.13240264120170897, 0.13195133601326908, 0.13145469758347808, 0.13133290927168995, 0.13118203541617132, 0.13097867250226983, 0.13083821352201613, 0.13055342973185058, 0.13046757227104419, 0.13047666402239882, 0.13025831761359408, 0.13003387723934595, 0.1300745110242123, 0.12978841547260864, 0.12989877611319461, 0.12983832983029697, 0.12978655213992685, 0.12965667441465126, 0.12958363124283212, 0.1296354941883506, 0.12937665125086711, 0.1294149476353772, 0.12928901806079135, 0.12933510626762024, 0.12935802211415878, 0.12916533048721776, 0.12905925266744989, 0.12918841664358541, 0.12930166300354098, 0.12897450697613144, 0.12899926093827027, 0.1291658443018539, 0.12904674929634924, 0.12885094047421522, 0.12908528265605185, 0.12886917576135173, 0.12881847535877372, 0.1288558759254039, 0.12881696966527154, 0.12872560911421749, 0.12880674885439516, 0.12857671923135919, 0.1288020634577019, 0.12871065181718155, 0.12872632790769298, 0.1286132638842758, 0.12859732667543805, 0.12842620527485665, 0.12848597650092219, 0.12840594121855295, 0.12835158800509563, 0.12829332561367346, 0.12809955118061392, 0.12800670080263285, 0.1282510894695286, 0.12815897200507367, 0.12798321000803003, 0.12796828722279971, 0.12795109748547159, 0.12793378851753937, 0.12756181849208548, 0.12753386426454374, 0.12751550676466925, 0.12734798958986018, 0.12744639591739496, 0.12739561924455928, 0.12732393972501974, 0.12735137473575919, 0.12726819576382775, 0.12723342344418603, 0.12727119699635556, 0.12720411369632714, 0.12722554605881686, 0.12721815074515777, 0.12728280001142159, 0.12720064292778224, 0.12714467799435819, 0.12716678953178384, 0.12711264744272616, 0.12705661765529819, 0.12715256452127796, 0.12707975866990331, 0.12716262577572846, 0.12699865289535608, 0.12713214016364877, 0.12700042200160763, 0.12705086734584453, 0.12709706131557855, 0.127052656069951, 0.12700133532631161, 0.12706734001395628, 0.12677147697305141, 0.12712046178962072, 0.12687834435040857, 0.12699262640928952, 0.12697371035579746, 0.12709779059850168, 0.12698930800804956, 0.12697645633490456, 0.12679658011782616, 0.12705090267037591, 0.12691420939239204, 0.12689564586280794, 0.12692870092077557, 0.12691812407085518, 0.1270254777577422, 0.12684053896805408, 0.12681107244364292, 0.12689247234925227, 0.12691557622394523, 0.1268314328666261, 0.12689659719478319, 0.12687908207482049, 0.12692521286780284, 0.12688370657280304, 0.12674783914378002, 0.12680704500761916, 0.12677297541871865],