{"low_val_loss": 0.21465524246267603, "params": {"verbose": 1, "nb_epoch": 1000, "batch_size": 32, "metrics": ["loss", "acc", "val_loss", "val_acc"], "nb_sample": 29058, "do_validation": true}, "results": {"acc": [0.83942459907770661, 0.87917268910454949, 0.89572578979971096, 0.89730883061463285, 0.89885745749879553, 0.90033725652143992, 0.9018170555440842, 0.90157615802877, 0.9022300227131943, 0.90305595705141439, 0.9019547112671209, 0.9026429898823044, 0.9028494734668594, 0.9024709202285085, 0.90367540780507949, 0.90315919884369189, 0.9027462316745819, 0.90240209236699021, 0.9027118177438227, 0.9022300227131943, 0.9024709202285085, 0.9032280267052103, 0.9023332645054718, 0.9031247849129328, 0.90278064560534099, 0.9027462316745819, 0.9028150595361002, 0.903365682428247, 0.90278064560534099, 0.9032280267052103, 0.9031247849129328, 0.9029527152591369, 0.90367540780507949, 0.90360657994356119, 0.90319361277445109, 0.90381306352811619, 0.9032280267052103, 0.90319361277445109, 0.90343451028976529, 0.90350333815128359, 0.9030903709821736, 0.90370982173583869, 0.90333126849748779, 0.90360657994356119, 0.90381306352811619, 0.9030903709821736, 0.9026085759515452, 0.9031247849129328, 0.90360657994356119, 0.90374423566659778, 0.90381306352811619, 0.90346892422052449, 0.90302154312065519, 0.90384747745887539, 0.9022300227131943, 0.90388189138963448, 0.90367540780507949, 0.9028838873976186, 0.90436368642026288, 0.90398513318191209, 0.90340009635900609, 0.90415720283570788, 0.90384747745887539, 0.90419161676646709, 0.90305595705141439, 0.90364099387432029, 0.9031247849129328, 0.90350333815128359, 0.90388189138963448, 0.90388189138963448, 0.9028838873976186, 0.90391630532039369, 0.90291830132837769, 0.90350333815128359, 0.90367540780507949, 0.90384747745887539, 0.90395071925115289, 0.90360657994356119, 0.9025053341592677, 0.90315919884369189, 0.90377864959735699, 0.90457017000481799, 0.90340009635900609, 0.90439810035102208, 0.90360657994356119, 0.9029527152591369, 0.90367540780507949, 0.90377864959735699, 0.90353775208204279, 0.90395071925115289, 0.90398513318191209, 0.90346892422052449, 0.90360657994356119, 0.90374423566659778, 0.90364099387432029, 0.90395071925115289, 0.90329685456672859, 0.90395071925115289, 0.90426044462798538, 0.90333126849748779, 0.9027462316745819, 0.90343451028976529, 0.90381306352811619, 0.90412278890494868, 0.90353775208204279, 0.90426044462798538, 0.90384747745887539, 0.903365682428247, 0.90367540780507949, 0.90384747745887539, 0.90405396104343039, 0.90415720283570788, 0.90405396104343039, 0.90340009635900609, 0.90374423566659778, 0.90291830132837769, 0.90333126849748779, 0.90429485855874459, 0.90439810035102208, 0.90360657994356119, 0.90384747745887539, 0.90391630532039369, 0.90340009635900609, 0.90364099387432029, 0.90422603069722629, 0.90381306352811619, 0.90415720283570788, 0.90398513318191209, 0.90329685456672859, 0.90370982173583869, 0.90446692821254049, 0.90419161676646709, 0.90391630532039369, 0.90426044462798538, 0.90357216601280199, 0.90453575607405878, 0.90429485855874459, 0.90391630532039369, 0.90457017000481799, 0.90436368642026288, 0.90481106752013218, 0.90391630532039369, 0.9032280267052103, 0.90401954711267118, 0.90419161676646709], "loss": [0.36593501652395805, 0.24873078032077831, 0.23670377631733455, 0.23157255066057064, 0.22829536243712173, 0.22633686549862531, 0.22464998430826355, 0.22382058911010139, 0.22299595597880911, 0.22238938788257057, 0.22202727425960397, 0.22150786634555367, 0.22137064926987285, 0.22096534739545884, 0.22080482990400899, 0.22043691972267948, 0.22041029722407185, 0.22047140016475952, 0.22038220535376352, 0.21987169617627392, 0.22010054660611553, 0.21990722074250377, 0.21968954879916439, 0.21977096364456949, 0.21949795934828883, 0.21961567584281369, 0.21954978156035629, 0.21950551015301495, 0.21964425237213345, 0.21933631418441182, 0.21940687516410234, 0.2194735465306836, 0.21915619306164258, 0.21926959847044375, 0.21934243729195105, 0.21931206672837317, 0.21912710825237094, 0.21911542216464963, 0.21912121316521255, 0.21931615025287107, 0.21920687765738403, 0.21922192832716442, 0.2192448995808986, 0.21887518816175938, 0.21919853214832313, 0.21915703010711693, 0.21900229540110144, 0.21902442554193219, 0.21901450978313969, 0.21913158908815589, 0.21895322924130747, 0.21896537865345217, 0.21898859050500516, 0.21899064475555974, 0.21894580512465592, 0.21891478494440805, 0.21895233510958614, 0.21883231381341425, 0.21889638505895037, 0.21870879545860145, 0.21886278928029773, 0.21890301339780072, 0.21882237365495105, 0.21881644716486975, 0.21897263934783101, 0.2187746681569899, 0.21879540627604466, 0.21877035591026997, 0.21878165269400152, 0.21868926287517879, 0.2187095430468535, 0.21867305435101506, 0.21872592084963607, 0.21877186927195466, 0.21891580650005873, 0.21850878968420784, 0.21877337234306657, 0.21852206490316989, 0.218537996949033, 0.21859304301794041, 0.21871698526314295, 0.21836005295165614, 0.21857065919620863, 0.21840784638572425, 0.21849110571776395, 0.21852247585516923, 0.21859313649433978, 0.21823931934992866, 0.21867219179148717, 0.21827909995583997, 0.2183722404337344, 0.21839153462639777, 0.21840966259820291, 0.21846169686611949, 0.21840324689294346, 0.21849441111612913, 0.21840441922941609, 0.21836649544341688, 0.21830758089706701, 0.21841194268406541, 0.21852322451483647, 0.21830465193788909, 0.21829040167713881, 0.2182379867757421, 0.2181789256476146, 0.21828995169109566, 0.21816049849833599, 0.21837935229380451, 0.21812361046201109, 0.21819337412015746, 0.2180720985311424, 0.21807114055967519, 0.21811655261724011, 0.21796101889440284, 0.21808134635154128, 0.21814254772307023, 0.21816576643060345, 0.21811619534513169, 0.21787061874328265, 0.2181454364545487, 0.21786157583820853, 0.21791977423486936, 0.21795820687866638, 0.21801140063249153, 0.21789049400610624, 0.21797873065597637, 0.21809234820120152, 0.21791864879584721, 0.21787240019241066, 0.2179543467356363, 0.21799414211271209, 0.21795718953356616, 0.21788152067329314, 0.21767354271323938, 0.21788603810164522, 0.21792682267300351, 0.21798319879330075, 0.21775969557099517, 0.21782166688559479, 0.21777932729754873, 0.21775359910367889, 0.21773119328902638, 0.21795568564124107, 0.21759679090858949, 0.21787379835015311],