{"low_val_loss": 0.21089028929721415, "params": {"verbose": 1, "nb_epoch": 1000, "batch_size": 32, "metrics": ["loss", "acc", "val_loss", "val_acc"], "nb_sample": 29058, "do_validation": true}, "results": {"acc": [0.86375524812444082, 0.89765296992222454, 0.90116319085966001, 0.9027462316745819, 0.9029871291898961, 0.90408837497418959, 0.90401954711267118, 0.90364099387432029, 0.90470782572785469, 0.90439810035102208, 0.90549934613531557, 0.90494872324316888, 0.90529286255076058, 0.90543051827379728, 0.90549934613531557, 0.90625645261201737, 0.90625645261201737, 0.90608438295822147, 0.90629086654277646, 0.90646293619657237, 0.90697914515795997, 0.90673824764264577, 0.90728887053479246, 0.90642852226581316, 0.90735769839631086, 0.90694473122720076, 0.90660059191960907, 0.90749535411934756, 0.90746094018858836, 0.90770183770390256, 0.90718562874251496, 0.90742652625782916, 0.90790832128845755, 0.90722004267327416, 0.90715121481175576, 0.90814921880377175, 0.90646293619657237, 0.90746094018858836, 0.90691031729644156, 0.90677266157340486, 0.90728887053479246, 0.90746094018858836, 0.90663500585036827, 0.90677266157340486, 0.90687590336568247, 0.90746094018858836, 0.90808039094225346, 0.90739211232706996, 0.90728887053479246, 0.90790832128845755, 0.90718562874251496, 0.90787390735769835, 0.90756418198086586, 0.90746094018858836, 0.90794273521921676, 0.90818363273453095, 0.90783949342693926, 0.90746094018858836, 0.90773625163466176], "loss": [0.31439025803269188, 0.23098333209796112, 0.22512556422240015, 0.22219792603692584, 0.22103857635396362, 0.21989618773168534, 0.21874284560216073, 0.21855869766800901, 0.21789712035834022, 0.2176045482128631, 0.21674687190238898, 0.21637793521287396, 0.21577484462756613, 0.21480518103187399, 0.21477778594134447, 0.21449470696989409, 0.2141710432244148, 0.21383426004243963, 0.21387566672583572, 0.21341040953445092, 0.21318438575945431, 0.21335718287441563, 0.2129578359629678, 0.21321400776307398, 0.21248666037360453, 0.21250527320351864, 0.21270227132668817, 0.21254611378836261, 0.21229872995291013, 0.21265565365259576, 0.21213157841273048, 0.21188585430141893, 0.21186042670513086, 0.21236052228216951, 0.21193459056898817, 0.21171658710519209, 0.21185086733191474, 0.21185935508700571, 0.21174631411731099, 0.211608352536377, 0.21175268320705193, 0.2116839054013496, 0.21147177023283015, 0.21151133742587538, 0.21158911090969046, 0.21144086044463511, 0.21132321391955672, 0.21132863884509304, 0.21126808853433013, 0.21138604504457514, 0.21110147352979922, 0.21108990093982938, 0.21121296588421459, 0.21115215768000709, 0.21110102879811021, 0.21111295791570414, 0.21098526219732691, 0.21089161425147926, 0.21097587559045786], "val_acc": [0.89377516266287349, 0.89934964392642258, 0.90027872413701415, 0.90110457321309545, 0.90141426661662594, 0.90296273363427848, 0.90203365342368702, 0.90409827611389038, 0.90461443178644119, 0.90399504497938021, 0.90440796951742086, 0.90451120065193102, 0.90616289880409373, 0.90523381859350216, 0.90544028086252248, 0.90667905447664454, 0.90574997426605308, 0.90740167241821568, 0.90626612993860389, 0.90729844128370551, 0.90605966766958357, 0.90595643653507341, 0.90636936107311405, 0.90585320540056324, 0.90729844128370551, 0.90657582334213438, 0.90564674313154292, 0.90647259220762422, 0.90657582334213438, 0.90760813468723611, 0.90636936107311405, 0.90647259220762422, 0.90554351199703265, 0.90667905447664454, 0.90626612993860389, 0.90750490355272584, 0.90554351199703265, 0.90719521014919535, 0.90688551674566487, 0.90554351199703265, 0.90833075262880725, 0.90688551674566487, 0.90667905447664454, 0.90492412518997167, 0.90740167241821568, 0.90636936107311405, 0.90688551674566487, 0.90709197901468519, 0.90781459695625644, 0.90564674313154292, 0.905130587458992, 0.90585320540056324, 0.90719521014919535, 0.90657582334213438, 0.90595643653507341, 0.90647259220762422, 0.90616289880409373, 0.90585320540056324, 0.90616289880409373], "val_loss": [0.23573017778738223, 0.22388211304316694, 0.21906801277089563, 0.21840367717025228, 0.21712466646449244, 0.21681629637391056, 0.21546178797123983, 0.2157104857334402, 0.21540805107670769, 0.21549424038369477, 0.21473673461661738, 0.21495312912257153, 0.21405776413131625, 0.2157587791677967, 0.21355346818943444, 0.21315756449699894, 0.2144843956210043, 0.21273834308234607, 0.21411531110832266, 0.21239788236049006, 0.21399927224194387, 0.21305163278352787, 0.21275330892445515, 0.21431808357171331, 0.21195115496822589, 0.21271708634439435, 0.21300729502831203, 0.2122205086963839, 0.21228370103991609, 0.21254911232107845, 0.21185332790818565, 0.21139475442042252, 0.21089028929721415, 0.21232629696060484, 0.2117128351887301, 0.21220515635934817, 0.21134011940135544, 0.21126196590434215, 0.21230698346820939, 0.21299540377246517, 0.21192954556176793, 0.21120643334220385, 0.21264875071132663, 0.21359531726460099, 0.21235263208566688, 0.21147863182463339, 0.21171372933839144, 0.21156628925979745, 0.21167556741688781, 0.2139000955031139, 0.21190031134480475, 0.21354289501336285, 0.21159510994223332, 0.21199062837650623, 0.21158638788817702, 0.21200652630801439, 0.21166476218141958, 0.21291600159906168, 0.21205223181046629]}}