{"low_val_loss": 0.12661616879383661, "params": {"verbose": 1, "nb_epoch": 1000, "batch_size": 32, "metrics": ["loss", "acc", "val_loss", "val_acc"], "nb_sample": 94030, "do_validation": true}, "results": {"acc": [0.94460278634985473, 0.94927150909284275, 0.94996277784193173, 0.95081357014733248, 0.95095182389106492, 0.95113261725488496, 0.95158991811124105, 0.95170690205760755, 0.9516005530200663, 0.95201531426647701, 0.95179198128256937, 0.95221737743780532, 0.95239817080162537, 0.95239817079655431, 0.95240880570537956, 0.95223864724024243, 0.95257896416037435, 0.95267467829923258, 0.95256832925662027, 0.95204721897266831, 0.9519089652238647, 0.95246198022922124, 0.95231309157666355, 0.95252578964667489, 0.95273848771668612, 0.95292991598933141, 0.95251515473784965, 0.95286610656173565, 0.95227055195657595, 0.95286610656173565, 0.95273848771668612, 0.95232372647027541, 0.95235563118660893, 0.952547059449112, 0.95273848772682845, 0.9529830905131732, 0.95236626608529196, 0.9529405508930856, 0.95257896416164212, 0.95310007444559408, 0.95290864617675208, 0.95282356695686132, 0.95298309050810204, 0.95308943954057213, 0.9532702329145345, 0.95303626502306937, 0.95320642348186746, 0.95308943954564329, 0.95296182069552271, 0.95329150272204266, 0.95288737637431498, 0.95324896309688401, 0.95304689992555569, 0.95323832819820098, 0.95322769328937573, 0.95345102627328338, 0.95327023290566004, 0.95300436031053914, 0.9534616611719664, 0.95321705839069271, 0.95328086780814636, 0.95344039136952929, 0.95315324896309683, 0.95301499521429334, 0.95339785175958391, 0.95327023290439217, 0.95332340742823396, 0.95350420078825071, 0.95332340742316279, 0.95336594703817934, 0.95354674040707044, 0.95363181963203236, 0.95329150272204266, 0.9533872168456875, 0.95338721685075867, 0.95348293097947467, 0.95330213761311899, 0.95306816974320618, 0.95341912155694986, 0.95331277251940871, 0.95333404232691699, 0.95329150270936491, 0.95342975647084627, 0.95300436031053914, 0.95349356588829992, 0.95340848665319577, 0.95325959800570925, 0.95317451877567627, 0.95328086781321741, 0.95342975646070405, 0.9533872168456875, 0.95352547059449111, 0.95323832819820098, 0.95357864511326174, 0.95331277251940871, 0.95357864511326174, 0.95327023290946333, 0.95368499415207075, 0.95324896310195506, 0.95335531214076408, 0.95383388280843173, 0.95327023290439217, 0.9537913431934153, 0.95335531213442515, 0.95367435924831656, 0.95362118473334934, 0.95345102627328338, 0.95325959800063809, 0.95306816973306396, 0.9534297564657751, 0.9533872168456875, 0.95347229607572048, 0.95341912155694986], "loss": [0.16875280100310672, 0.13868943087453159, 0.13542613175055909, 0.13396853664118369, 0.13320128778396839, 0.13236196434182157, 0.13187553286180018, 0.13136620977977659, 0.130886738627157, 0.13056411473031984, 0.13071678659706235, 0.13013397593593568, 0.13001452146356923, 0.12990118224448338, 0.12970644807189269, 0.12964199502427159, 0.12947457481441499, 0.12918806511151668, 0.12921633677467773, 0.12933014797326683, 0.12892644862688649, 0.12905718563250326, 0.12891382655031972, 0.12883254393806842, 0.12884845471513356, 0.12866862632281145, 0.12861412155913296, 0.12826421107497812, 0.1283600315985674, 0.12811129571095237, 0.12802234168829918, 0.12789652373142146, 0.12779272833786962, 0.12779408369601997, 0.12777727122992946, 0.12745382302075919, 0.12754695388901194, 0.12740332453311484, 0.12742814423618806, 0.12721274202521349, 0.12722551209326566, 0.12717589036202312, 0.12715594844115513, 0.12686795009636667, 0.12683124813699576, 0.12693171821971225, 0.12680923847391873, 0.12693536977691625, 0.12688261473135007, 0.12677575036856414, 0.12669915452506025, 0.12665853380079706, 0.12665311527325254, 0.12669964362037672, 0.12655879458297437, 0.12648200208910929, 0.12632040972533687, 0.12651953648230671, 0.12632334673660151, 0.1264826199847828, 0.12634975584720085, 0.12624613984184774, 0.12635969806188765, 0.12611026809514472, 0.12603722603447473, 0.12617132494557504, 0.12615201817533253, 0.12598107501660005, 0.12595476219704921, 0.12590643494959164, 0.12594422025273838, 0.12572936340124541, 0.12573109337713165, 0.12543425108097619, 0.12577188846425505, 0.12569789618125346, 0.12560469352979045, 0.1257384108166536, 0.12548832286739178, 0.12572822516864696, 0.12553696908666062, 0.12536041981300039, 0.12555256017637192, 0.12550643957936611, 0.12537750967570369, 0.12515113702400255, 0.12549913451543049, 0.12555613332205878, 0.12524657641685757, 0.12534002886189116, 0.12520636421996051, 0.12520590510413859, 0.12535858235688307, 0.12521183309258679, 0.125090354447288, 0.125132194842688, 0.12515510112097908, 0.12498491617351672, 0.12514329360803747, 0.12517088777452506, 0.12519657769384351, 0.12508104151216046, 0.12518618883055777, 0.12515580283968572, 0.12491365645929028, 0.12490887522798871, 0.12501464418121619, 0.12498872941378696, 0.12495251243388691, 0.1249900601039627, 0.12473817189182168, 0.12489574361344126, 0.12487547055527047], "val_acc": [0.94898545176110261, 0.95003828483920372, 0.95125063808065335, 0.95128254211332308, 0.95303726391015819, 0.95239918325676365, 0.95255870342011228, 0.95300535987748847, 0.95265441551812147, 0.95249489535477283, 0.95389867279224094, 0.95233537519142419, 0.95421771311893822, 0.95377105666156203, 0.95380296069423176, 0.95354772843287394, 0.95262251148545174, 0.95501531393568151, 0.95402628892291985, 0.95332440020418585, 0.95367534456355285, 0.95329249617151612, 0.95428152118427767, 0.95428152118427767, 0.95412200102092903, 0.95322868810617667, 0.95393057682491067, 0.95412200102092903, 0.9536115364982134, 0.95223966309341501, 0.95399438489025012, 0.95386676875957122, 0.95303726391015819, 0.9539624808575804, 0.95377105666156203, 0.95313297600816749, 0.95389867279224094, 0.95389867279224094, 0.95338820826952531, 0.95393057682491067, 0.95421771311893822, 0.95357963246554367, 0.95367534456355285, 0.95415390505359876, 0.95169729453802965, 0.95415390505359876, 0.95297345584481874, 0.9532605921388464, 0.9543134252169474, 0.95357963246554367, 0.95329249617151612, 0.95386676875957122, 0.95290964777947929, 0.95412200102092903, 0.95380296069423176, 0.95265441551812147, 0.95306916794282792, 0.95342011230219503, 0.95351582440020421, 0.95405819295558958, 0.95421771311893822, 0.95380296069423176, 0.95412200102092903, 0.95364344053088312, 0.95319678407350694, 0.95278203164880038, 0.9546643695763144, 0.95405819295558958, 0.95335630423685558, 0.95393057682491067, 0.9543134252169474, 0.95434532924961712, 0.95418580908626849, 0.95354772843287394, 0.95290964777947929, 0.9539624808575804, 0.95412200102092903, 0.95316488004083721, 0.95418580908626849, 0.95303726391015819, 0.95460056151097494, 0.95367534456355285, 0.9543134252169474, 0.95399438489025012, 0.95357963246554367, 0.95386676875957122, 0.95418580908626849, 0.95386676875957122, 0.9543134252169474, 0.95389867279224094, 0.95450484941296576, 0.95424961715160794, 0.95402628892291985, 0.95434532924961712, 0.95373915262889231, 0.95335630423685558, 0.95367534456355285, 0.95367534456355285, 0.95313297600816749, 0.95348392036753449, 0.95393057682491067, 0.95303726391015819, 0.95421771311893822, 0.95479198570699342, 0.95345201633486476, 0.95437723328228685, 0.95300535987748847, 0.95380296069423176, 0.95447294538029603, 0.95383486472690149, 0.95364344053088312, 0.95332440020418585, 0.95437723328228685],