{"low_val_loss": 0.13185408366573076, "params": {"verbose": 1, "nb_epoch": 1000, "batch_size": 32, "metrics": ["loss", "acc", "val_loss", "val_acc"], "nb_sample": 94030, "do_validation": true}, "results": {"acc": [0.94367754972324613, 0.94764436881846215, 0.94968627034432451, 0.95031372966581773, 0.95062214186961613, 0.95100499840476449, 0.9516218228225034, 0.95121769647984689, 0.95170690205253639, 0.95197277465146057, 0.95222801233648835, 0.95220674252898008, 0.95215356801020956, 0.95236626608655972, 0.95223864724024243, 0.95199404445896885, 0.95193023503644403, 0.95249388493034137, 0.95228118685525898, 0.95232372647027541, 0.95213229820270129, 0.95248325002658729, 0.95197277465653174, 0.95200467935765176, 0.9522599170477507, 0.95231309156652133, 0.95269594810674074, 0.95235563118660893, 0.9528235669467191, 0.95245134531532494, 0.95268531320298666, 0.95234499628412261, 0.95241944060913364, 0.95257896416037435, 0.95248325002658729, 0.95284483675422738, 0.95231309156652133, 0.95266404339547839, 0.95254705945418305, 0.95231309157159238, 0.95253642454535792, 0.9525151547429207, 0.95255769435286608, 0.95262150378046195, 0.95256832925662027, 0.95262150377539079, 0.95288737636924381, 0.9528661065668067, 0.95263213868421603, 0.95271721791424901, 0.95281293204296502, 0.95279166224052791, 0.95240880570030839, 0.95254705945418305, 0.95261086887163671, 0.95284483675422738, 0.95256832926676249, 0.95271721791424901, 0.95241944060406258, 0.95256832925662027, 0.95266404339040733, 0.95272785281293204, 0.95294055088801444, 0.95271721790917796, 0.95290864617675208, 0.95253642455042897, 0.95270658301049493, 0.95240880570030839, 0.95271721791424901, 0.95292991598933141, 0.95315324896436471, 0.95283420185047329, 0.95269594810166969, 0.95240880570537956, 0.95279166223672451, 0.95249388493541254, 0.95271721791424901, 0.95281293204296502, 0.95262150377539079, 0.95294055088801444, 0.9528661065668067, 0.95253642454535792, 0.95266404339547839, 0.95302563011804742, 0.9527597575241944, 0.9528022971404787, 0.95279166223672451, 0.95268531320298666, 0.95290864618182325, 0.9525151547429207, 0.95286610656173565], "loss": [0.16853950000276441, 0.14111512815582744, 0.13817401279049657, 0.1367479512327138, 0.1358254489415309, 0.13497718075322215, 0.13445786931996212, 0.13406119536373523, 0.13386779519410688, 0.13343419477012353, 0.1333416730341386, 0.13318367364111067, 0.13310458647113166, 0.13270498781201434, 0.13289160545149548, 0.13292540728912752, 0.13272577940983479, 0.13246892477259614, 0.13259650738189782, 0.13236405274645643, 0.13235880265692429, 0.13204979085863924, 0.13237013286774962, 0.13214619572324998, 0.13222447242173796, 0.13212067155581667, 0.13193558391504917, 0.13193108771571982, 0.13194826188257852, 0.13202650058068874, 0.13191574836783901, 0.13187017805773718, 0.13182288319225846, 0.13179903816178998, 0.13161615283517372, 0.13187431380807194, 0.1317445064846422, 0.13155377777864816, 0.13170790358574405, 0.13168900156260729, 0.13151482114189803, 0.131548954455013, 0.13148930962060304, 0.13141062756358315, 0.13140570523779302, 0.13137742365287217, 0.13137545715215218, 0.13130415991324257, 0.13126004314240047, 0.13133251922733793, 0.13104561835251677, 0.13117511719940672, 0.13125969251509037, 0.1311229933370596, 0.13111134166731728, 0.13114746764213508, 0.1312313820600611, 0.13118843295961369, 0.13111945557358809, 0.13088935699096377, 0.13111513400652203, 0.13098551031044794, 0.13097721104608481, 0.13092727701384807, 0.13106620233237751, 0.13098544638885609, 0.13087874539628327, 0.13100357380683061, 0.13092650772535611, 0.13092536791647214, 0.13098056861045423, 0.13088506841315978, 0.13080043658450932, 0.13094568470478896, 0.1308909912635757, 0.1308807712168335, 0.13077339333524973, 0.13085274835520572, 0.1308749976493343, 0.13068293345176729, 0.13069393185732861, 0.13083265959221316, 0.13063803771040255, 0.1308219916662941, 0.13075477660754559, 0.13076792802504372, 0.13082154265308868, 0.13083066876506622, 0.13079893425270228, 0.13085774544368561, 0.13067333697210939], "val_acc": [0.94879402756508424, 0.95032542113323126, 0.95054874936191935, 0.9501339969372129, 0.95160158244002047, 0.95201633486472692, 0.95275012761613065, 0.95192062276671774, 0.95332440020418585, 0.94978305257784579, 0.95342011230219503, 0.95185681470137828, 0.95294155181214901, 0.9532605921388464, 0.9521120469627361, 0.9536115364982134, 0.95332440020418585, 0.95354772843287394, 0.95338820826952531, 0.95345201633486476, 0.9532605921388464, 0.95255870342011228, 0.95290964777947929, 0.95357963246554367, 0.95316488004083721, 0.9536115364982134, 0.95243108728943338, 0.95306916794282792, 0.95121873404798363, 0.9528139356814701, 0.9536115364982134, 0.9524629913221031, 0.95354772843287394, 0.95373915262889231, 0.95367534456355285, 0.95377105666156203, 0.95383486472690149, 0.95252679938744256, 0.95357963246554367, 0.9536115364982134, 0.95364344053088312, 0.95342011230219503, 0.95287774374680956, 0.9524629913221031, 0.95265441551812147, 0.95370724859622258, 0.95259060745278201, 0.95380296069423176, 0.95351582440020421, 0.95383486472690149, 0.95418580908626849, 0.95409009698825931, 0.95389867279224094, 0.95335630423685558, 0.95259060745278201, 0.95255870342011228, 0.95386676875957122, 0.95313297600816749, 0.95386676875957122, 0.95329249617151612, 0.95230347115875447, 0.95367534456355285, 0.95383486472690149, 0.95437723328228685, 0.95354772843287394, 0.95297345584481874, 0.95329249617151612, 0.95357963246554367, 0.95342011230219503, 0.95268631955079119, 0.95370724859622258, 0.95300535987748847, 0.95348392036753449, 0.95287774374680956, 0.95389867279224094, 0.95335630423685558, 0.95322868810617667, 0.95364344053088312, 0.95322868810617667, 0.95370724859622258, 0.95319678407350694, 0.95364344053088312, 0.95332440020418585, 0.95332440020418585, 0.95357963246554367, 0.9536115364982134, 0.95357963246554367, 0.95278203164880038, 0.95370724859622258, 0.95364344053088312, 0.95306916794282792], "val_loss": [0.14361749393955794, 0.13994023717289497, 0.13782011074236974, 0.1368733652377232, 0.13630494469849963, 0.13568045500610756, 0.13447211210051624, 0.13461262608948199, 0.13439630872592323, 0.13624957600925089, 0.13442140295835342, 0.13428084574061702, 0.13395847698779145, 0.13574488199733847, 0.13446084457587959, 0.13392271559006588, 0.13439013177054521, 0.13480265637086691, 0.13436160906921119, 0.13421246891574112, 0.13399075513640005, 0.13425361980637035, 0.13306378667309857, 0.13388350891399103, 0.13347013413073183, 0.13323457770985173, 0.13333069876733941, 0.13365918974857541, 0.1356988837880678, 0.13320486432472894, 0.13273366247249113, 0.13405076194898763, 0.13461516199955806, 0.13325136116382083, 0.1333599125176303, 0.13267045656638435, 0.13285747124143649, 0.13492827966044818, 0.1329533161082975, 0.13307942921079927, 0.13312685120738604, 0.13265518191013334, 0.13324831301872223, 0.13459455675619972, 0.1328945845116411, 0.13242340446632847, 0.13403474421712469, 0.13288832804346917, 0.1325716552357396, 0.13407454748256223, 0.13312661903280423, 0.13203169522030186, 0.13309474961357709, 0.13337309059324223, 0.13328038352756033, 0.13344566648490366, 0.13293149063649867, 0.13237285918274239, 0.13310430951001936, 0.13271130083367463, 0.13479976799013876, 0.13486414785616219, 0.13293482459826758, 0.13289879922122297, 0.13185408366573076, 0.13251610437618219, 0.13280714516142395, 0.13218729139694058, 0.13236823296645059, 0.13238917258456387, 0.13340602504615276, 0.13278249451902949, 0.1330068786802068, 0.13239275379797644, 0.132571833173974, 0.13267229575874886, 0.13264156092907198, 0.13250124600258117, 0.13256255933000397, 0.13286615543128308, 0.13279634439436344, 0.13211128339000264, 0.13424389445968829, 0.13299166099294343, 0.13280227495097821, 0.1331361648724084, 0.13259485229895454, 0.1327314832166499, 0.13257293507357895, 0.13356525014663775, 0.13305079922053417]}}