{"low_val_loss": 0.21329962024627683, "params": {"verbose": 1, "nb_epoch": 1000, "batch_size": 32, "metrics": ["loss", "acc", "val_loss", "val_acc"], "nb_sample": 29058, "do_validation": true}, "results": {"acc": [0.83990639410833501, 0.88147842246541397, 0.89744648633766944, 0.90154174409801091, 0.90188588340560261, 0.9028494734668594, 0.90329685456672859, 0.90374423566659778, 0.90360657994356119, 0.90384747745887539, 0.90395071925115289, 0.90439810035102208, 0.90419161676646709, 0.90460458393557708, 0.90567141578911148, 0.90546493220455637, 0.90457017000481799, 0.90525844862000138, 0.90553376006607478, 0.90632528047353567, 0.90632528047353567, 0.90574024365062977, 0.90543051827379728, 0.90601555509670317, 0.90604996902746227, 0.90498313717392798, 0.90563700185835228, 0.90618762475049897, 0.90604996902746227, 0.90584348544290727, 0.90525844862000138, 0.90632528047353567, 0.90701355908871917, 0.90684148943492326, 0.90666941978112736, 0.90611879688898067, 0.90632528047353567, 0.90666941978112736, 0.90618762475049897, 0.90611879688898067, 0.90642852226581316, 0.90691031729644156, 0.90694473122720076, 0.90663500585036827, 0.90704797301947826, 0.90687590336568247, 0.90759859591162506, 0.90563700185835228, 0.90567141578911148, 0.90656617798884986, 0.90646293619657237, 0.90622203868125817, 0.90680707550416406, 0.90708238695023746, 0.90742652625782916, 0.90728887053479246, 0.90732328446555166, 0.90756418198086586, 0.90711680088099667, 0.90756418198086586, 0.90728887053479246, 0.90673824764264577, 0.90701355908871917, 0.90746094018858836, 0.90708238695023746, 0.90742652625782916, 0.90808039094225346, 0.90766742377314336, 0.90742652625782916, 0.90718562874251496, 0.90708238695023746, 0.90691031729644156, 0.90704797301947826, 0.90715121481175576, 0.90728887053479246, 0.90732328446555166, 0.90780507949618006, 0.90715121481175576, 0.90739211232706996, 0.90646293619657237, 0.90718562874251496, 0.90711680088099667, 0.90742652625782916, 0.90752976805010666, 0.90677266157340486, 0.90832128845756765, 0.90725445660403337, 0.90677266157340486, 0.90821804666529016, 0.90680707550416406, 0.90711680088099667, 0.90697914515795997, 0.90660059191960907, 0.90601555509670317, 0.90653176405809066, 0.90680707550416406, 0.90722004267327416, 0.90684148943492326, 0.90728887053479246, 0.90777066556542085, 0.90756418198086586, 0.90680707550416406, 0.90629086654277646, 0.90742652625782916, 0.90780507949618006, 0.90752976805010666, 0.90711680088099667, 0.90684148943492326, 0.90711680088099667, 0.90646293619657237, 0.90687590336568247, 0.90711680088099667, 0.90722004267327416, 0.90752976805010666, 0.90728887053479246, 0.90715121481175576, 0.90708238695023746, 0.90732328446555166, 0.90666941978112736, 0.90649735012733157, 0.90684148943492326, 0.90759859591162506, 0.90711680088099667, 0.90742652625782916, 0.90746094018858836, 0.90832128845756765, 0.90670383371188656, 0.90697914515795997, 0.90656617798884986, 0.90725445660403337, 0.90773625163466176, 0.90728887053479246, 0.90684148943492326, 0.90746094018858836, 0.90677266157340486, 0.90718562874251496, 0.90739211232706996, 0.90670383371188656, 0.90773625163466176, 0.90759859591162506, 0.90618762475049897, 0.90756418198086586, 0.90732328446555166, 0.90718562874251496], "loss": [0.36108001922205646, 0.24882246378229228, 0.23538005866366216, 0.23002885860828676, 0.2268679944635662, 0.22504938777270264, 0.22344969724893357, 0.2223618061208858, 0.2217199041928993, 0.22109773034886654, 0.22051609489683185, 0.22015530648095469, 0.21974488393459934, 0.2193502863486132, 0.21907279659871579, 0.21866731004062823, 0.21846374772357088, 0.21789790716748228, 0.21790488238951339, 0.21766079524492218, 0.21739185598641195, 0.21732217979520177, 0.21720475600916353, 0.21710342234896055, 0.21659453323963673, 0.21684333156022279, 0.21670820412625177, 0.21632530403078318, 0.21659206372900278, 0.216166381444891, 0.21603153200772782, 0.21602941752844171, 0.2158451138508613, 0.21564181652574871, 0.21564636800520984, 0.21565420867169979, 0.21553031334052583, 0.21549998172975179, 0.21563552114983059, 0.21533946768633963, 0.21520142609710277, 0.21539516132756975, 0.21526933239330748, 0.2150858194790719, 0.2149991070164137, 0.21511122590906892, 0.21502036054498339, 0.21480842414361101, 0.21476173329496098, 0.21467009750645077, 0.2146733326202693, 0.21458108804289755, 0.21459204497786161, 0.21450221318651833, 0.21437529329167188, 0.2143500204388378, 0.21425607181627576, 0.21419496503164695, 0.21430984571328945, 0.21417869846612819, 0.21409528055898469, 0.21421672723445342, 0.21400139632261303, 0.21405885603364097, 0.21417146573761184, 0.21408484240011702, 0.2140100541041845, 0.21400294260577191, 0.21399606088077269, 0.21401840839343977, 0.21391177425833166, 0.21396086944764706, 0.21389402797455526, 0.21420545896870979, 0.21395083513195232, 0.2139582621313354, 0.21390260277649684, 0.21402203111607862, 0.21386854253851365, 0.21385172832011357, 0.21388487030160158, 0.21382230045593764, 0.2138136476606502, 0.2138387802279815, 0.2137254132391852, 0.21392829078273029, 0.21397281641773769, 0.21382209769389168, 0.21372417497418944, 0.21381108980848682, 0.21398110257197925, 0.21382182265265004, 0.21376551119629256, 0.21393906008507305, 0.21380686553287295, 0.21379252312984015, 0.21377400293411922, 0.2138454006341641, 0.2136125583897783, 0.21371690604533961, 0.21371089974817631, 0.21369903174506075, 0.2135969803267479, 0.21366134554022595, 0.21386259742133984, 0.21373382075738531, 0.21365739893636404, 0.21377331745814077, 0.21370460272401468, 0.21367120379576279, 0.21376880226653494, 0.21374123094230224, 0.21345129224560014, 0.21354281151838644, 0.21363088024590543, 0.21363804466708067, 0.21373558053681757, 0.21341273698308869, 0.21355100568560595, 0.21365553160126946, 0.21359390478717855, 0.21346193801009306, 0.21326620976190422, 0.21381605633094952, 0.21346349139610096, 0.21345856348862216, 0.2133604258380154, 0.21355485250837231, 0.21343157673597549, 0.2135779814108395, 0.21362948989649092, 0.2135306460622409, 0.21353614327300638, 0.21341938551668413, 0.21338206034181134, 0.21349165065912609, 0.21352661279549298, 0.21345882817217732, 0.21350833546260559, 0.21351837608608132, 0.2134779046859929, 0.21344264182608588, 0.21344749312069666, 0.21342902884766243],