{"low_val_loss": 0.21158751077766177, "params": {"verbose": 1, "nb_epoch": 1000, "batch_size": 32, "metrics": ["loss", "acc", "val_loss", "val_acc"], "nb_sample": 29058, "do_validation": true}, "results": {"acc": [0.84173033243857109, 0.89249088030834878, 0.89982104756005232, 0.9027118177438227, 0.9029527152591369, 0.90305595705141439, 0.90395071925115289, 0.90543051827379728, 0.90529286255076058, 0.90536169041227887, 0.90512079289696468, 0.90553376006607478, 0.90670383371188656, 0.90491430931240968, 0.90536169041227887, 0.90611879688898067, 0.90629086654277646, 0.90715121481175576, 0.90666941978112736, 0.90711680088099667, 0.90680707550416406, 0.90725445660403337, 0.90687590336568247, 0.90708238695023746, 0.90660059191960907, 0.90732328446555166, 0.90701355908871917, 0.90687590336568247, 0.90691031729644156, 0.90780507949618006, 0.90632528047353567, 0.90759859591162506, 0.90797714914997596, 0.90752976805010666, 0.90725445660403337, 0.90715121481175576, 0.90697914515795997, 0.90715121481175576, 0.90752976805010666, 0.90763300984238415, 0.90783949342693926, 0.90783949342693926, 0.90752976805010666, 0.90739211232706996, 0.90780507949618006, 0.90735769839631086, 0.90715121481175576, 0.90684148943492326, 0.90752976805010666, 0.90756418198086586, 0.90794273521921676, 0.90780507949618006, 0.90663500585036827, 0.90684148943492326, 0.90715121481175576, 0.90711680088099667, 0.90876866955743685, 0.90777066556542085, 0.90828687452680845, 0.90777066556542085, 0.90777066556542085, 0.90832128845756765, 0.90804597701149425, 0.90790832128845755, 0.90801156308073505, 0.90814921880377175, 0.90821804666529016, 0.90808039094225346, 0.90808039094225346, 0.90759859591162506, 0.90763300984238415, 0.90777066556542085, 0.90680707550416406, 0.90773625163466176, 0.90704797301947826, 0.90756418198086586, 0.90842453024984515, 0.90849335811136345, 0.90866542776515935, 0.90773625163466176, 0.90780507949618006, 0.90773625163466176, 0.90777066556542085, 0.90814921880377175, 0.90849335811136345, 0.90794273521921676, 0.90811480487301255, 0.90828687452680845, 0.90808039094225346, 0.90804597701149425, 0.90797714914997596, 0.90763300984238415], "loss": [0.33949723280431138, 0.24316742557075119, 0.22881762645504711, 0.22408718060245944, 0.22244954770149519, 0.22124492367779383, 0.22022911857371813, 0.21930446583959456, 0.2185537898013209, 0.21800737984249505, 0.21724217566843904, 0.21738712960259701, 0.21643790350382716, 0.21617949690052612, 0.21595612430605113, 0.21578956568389679, 0.21541806703818769, 0.21515068403913826, 0.214976784058798, 0.21456729233833113, 0.21449474488842127, 0.21435940837743597, 0.21410068898557974, 0.21391576651417879, 0.21381337355765404, 0.21351984687906814, 0.21354646846304348, 0.2135419789826056, 0.21332972752183813, 0.2130377435548669, 0.21304681258410332, 0.21299856413796547, 0.21286755364771037, 0.2129069780997061, 0.21277577648917761, 0.21259534566973007, 0.21246967132463082, 0.21217199124565586, 0.21223276081048909, 0.2124167403167897, 0.21209587707015093, 0.21238893285671656, 0.21195481346006181, 0.21216801091194279, 0.21216174237202795, 0.21192476255948045, 0.21203226941082645, 0.21199891261022594, 0.21151709383340386, 0.21185545413359058, 0.21157008791984028, 0.21155620470409203, 0.21150416327013891, 0.21186271432038209, 0.21141008027658786, 0.21141000313664987, 0.21122445796146322, 0.21158314231038683, 0.21158382820856614, 0.21132615877531935, 0.21121560102647241, 0.21156180391386967, 0.21123437629672898, 0.21134761392442544, 0.21143406020895095, 0.21142590852575199, 0.21108669800734753, 0.21129035192700557, 0.21118480257520214, 0.2111826602241377, 0.21121058544512358, 0.21125800538287864, 0.21114473511924561, 0.21100843931892582, 0.21076118285604981, 0.21130147319877046, 0.21075719671266013, 0.21088806223422976, 0.21098573190383232, 0.21103001050948503, 0.21094024805247608, 0.21099605818921827, 0.21107804145510392, 0.2110588123959197, 0.2109733376699453, 0.21089422012133716, 0.21095883543623956, 0.21083723182647485, 0.21064423615109792, 0.21085136219718359, 0.21096559336462944, 0.21083503537778969], "val_acc": [0.87942603499057237, 0.89676886556366842, 0.89914318165740226, 0.90172396002015642, 0.90141426661662594, 0.90327242703780897, 0.90378858271035989, 0.90461443178644119, 0.90451120065193102, 0.90451120065193102, 0.90389181384487005, 0.90523381859350216, 0.90378858271035989, 0.90523381859350216, 0.9031691959032988, 0.90554351199703265, 0.90616289880409373, 0.90616289880409373, 0.90605966766958357, 0.90554351199703265, 0.90471766292095135, 0.90585320540056324, 0.90688551674566487, 0.90585320540056324, 0.90574997426605308, 0.90492412518997167, 0.90492412518997167, 0.90605966766958357, 0.90337565817231913, 0.90595643653507341, 0.90482089405546151, 0.90616289880409373, 0.90337565817231913, 0.905130587458992, 0.90595643653507341, 0.90471766292095135, 0.90564674313154292, 0.90440796951742086, 0.90285950247515612, 0.90523381859350216, 0.90409827611389038, 0.90461443178644119, 0.90636936107311405, 0.90616289880409373, 0.90471766292095135, 0.90533704972801232, 0.90585320540056324, 0.90502735632448184, 0.905130587458992, 0.90574997426605308, 0.90451120065193102, 0.90533704972801232, 0.90554351199703265, 0.90585320540056324, 0.90440796951742086, 0.90544028086252248, 0.905130587458992, 0.905130587458992, 0.90461443178644119, 0.90595643653507341, 0.90440796951742086, 0.90647259220762422, 0.90667905447664454, 0.90709197901468519, 0.90595643653507341, 0.90554351199703265, 0.90544028086252248, 0.90482089405546151, 0.905130587458992, 0.90482089405546151, 0.90574997426605308, 0.90585320540056324, 0.90564674313154292, 0.90564674313154292, 0.90574997426605308, 0.90585320540056324, 0.90554351199703265, 0.90636936107311405, 0.90451120065193102, 0.9067822856111547, 0.90564674313154292, 0.90564674313154292, 0.90585320540056324, 0.90574997426605308, 0.90492412518997167, 0.90750490355272584, 0.90544028086252248, 0.90440796951742086, 0.90492412518997167, 0.90595643653507341, 0.90647259220762422, 0.90399504497938021], "val_loss": [0.25248055315871742, 0.23050690003995422, 0.22326258504195048, 0.21919201409975492, 0.2180400389235394, 0.216748326576887, 0.21579838190714223, 0.21533634009912089, 0.21563132032959703, 0.21499457189612706, 0.21730051036219214, 0.21466138186414901, 0.216205465925285, 0.21489989564947218, 0.2168724931183523, 0.2132778102932939, 0.21416592248467897, 0.21380035841478534, 0.21359352514423108, 0.21295748896380751, 0.21622766471443203, 0.21436680568634228, 0.21279953024059278, 0.21389400239415099, 0.21348972594736776, 0.21396746314985901, 0.21320722883203222, 0.21343102177451784, 0.21431788064703258, 0.21308777505083695, 0.21284266023415832, 0.2128067790963547, 0.21372278081604087, 0.21388257437413405, 0.21302435054022964, 0.21298493211257319, 0.21296216611942417, 0.21388141038531772, 0.21434928482809684, 0.21304350284719364, 0.21300576593566509, 0.21324632669474744, 0.21417176341375502, 0.21258505880432724, 0.21297331346475612, 0.21274189058319387, 0.21346688597911379, 0.2139528772465964, 0.21380632325408505, 0.2126266417014066, 0.21294906468992941, 0.21354397552675711, 0.21428487941898083, 0.21401880952710645, 0.21326028036852179, 0.21224343533657206, 0.21444827854122628, 0.21283903720763564, 0.21298471176244038, 0.21266135514317816, 0.21390694419801376, 0.21290804169625213, 0.21248447112381441, 0.21274639728687811, 0.21309226158480657, 0.21158751077766177, 0.2123980592423651, 0.21296182465563129, 0.21215269814042639, 0.21249843994333387, 0.21247752199259609, 0.21180953500292257, 0.21177715336290739, 0.21222332166397279, 0.21364797288276, 0.21283538730764481, 0.21206107060951357, 0.21243417512845042, 0.2159311453341404, 0.21227971637988591, 0.2122860509531902, 0.21222451597196812, 0.21214277683747151, 0.2122288569584958, 0.21322314858842686, 0.21250393682433391, 0.2138760949517596, 0.21224350584443047, 0.21171373482076353, 0.21260715848313921, 0.21201563340487636, 0.21592085673994382]}}