{"low_val_loss": 0.21260337973509802, "params": {"verbose": 1, "nb_epoch": 1000, "batch_size": 32, "metrics": ["loss", "acc", "val_loss", "val_acc"], "nb_sample": 29058, "do_validation": true}, "results": {"acc": [0.84324454539197469, 0.89321357285429137, 0.89937366646018313, 0.90333126849748779, 0.9031247849129328, 0.9022300227131943, 0.9026429898823044, 0.90436368642026288, 0.90439810035102208, 0.9030903709821736, 0.90391630532039369, 0.90408837497418959, 0.90481106752013218, 0.90501755110468718, 0.90501755110468718, 0.90450134214329958, 0.90508637896620547, 0.90512079289696468, 0.90453575607405878, 0.90518962075848308, 0.90429485855874459, 0.90463899786633628, 0.90481106752013218, 0.90632528047353567, 0.90484548145089128, 0.90570582971987057, 0.90515520682772388, 0.90584348544290727, 0.90577465758138898, 0.90518962075848308, 0.90563700185835228, 0.90608438295822147, 0.90663500585036827, 0.90580907151214807, 0.90635969440429487, 0.90622203868125817, 0.90615321081973987, 0.90539610434303808, 0.90642852226581316, 0.90660059191960907, 0.90598114116594397, 0.90598114116594397, 0.90563700185835228, 0.90598114116594397, 0.90601555509670317, 0.90646293619657237, 0.90560258792759307, 0.90591231330442568, 0.90570582971987057, 0.90660059191960907, 0.90660059191960907, 0.90629086654277646, 0.90677266157340486, 0.90594672723518477, 0.90625645261201737, 0.90653176405809066, 0.90604996902746227, 0.90618762475049897, 0.90594672723518477, 0.90635969440429487, 0.90649735012733157, 0.90670383371188656, 0.90646293619657237, 0.90663500585036827, 0.90670383371188656, 0.90701355908871917, 0.90711680088099667, 0.90728887053479246, 0.90694473122720076, 0.90777066556542085, 0.90773625163466176, 0.90735769839631086, 0.90694473122720076, 0.90663500585036827, 0.90677266157340486, 0.90680707550416406, 0.90715121481175576, 0.90639410833505407, 0.90701355908871917, 0.90684148943492326, 0.90742652625782916, 0.90732328446555166, 0.90735769839631086, 0.90632528047353567, 0.90728887053479246, 0.90728887053479246, 0.90649735012733157, 0.90632528047353567, 0.90673824764264577, 0.90735769839631086, 0.90666941978112736, 0.90673824764264577, 0.90673824764264577, 0.90735769839631086, 0.90618762475049897, 0.90677266157340486, 0.90684148943492326, 0.90722004267327416, 0.90718562874251496, 0.90635969440429487, 0.90697914515795997, 0.90697914515795997, 0.90673824764264577, 0.90790832128845755, 0.90790832128845755, 0.90632528047353567, 0.90704797301947826, 0.90697914515795997, 0.90666941978112736, 0.90722004267327416, 0.90608438295822147, 0.90739211232706996, 0.90649735012733157, 0.90746094018858836], "loss": [0.33428627164337382, 0.24279333684148321, 0.23324472214070871, 0.22853169488852706, 0.22574762495178072, 0.22381998602985737, 0.22287279107488736, 0.22187590475165758, 0.2211106371737421, 0.22050098116518654, 0.22004240705524047, 0.2197095934557762, 0.21910655714447888, 0.21881463609687624, 0.21877573308438705, 0.21812799650686263, 0.21802690800891414, 0.21777105034761743, 0.21765271468774294, 0.21731291339157144, 0.21718968188209242, 0.21715495680485189, 0.21694660738933086, 0.2166996403161473, 0.21697557981708882, 0.21637125106415456, 0.21624222457164535, 0.21621660913322607, 0.21621637427147999, 0.21599085102333027, 0.21604255035748313, 0.21589884727908387, 0.21563223921740976, 0.21564966075902336, 0.21587331443527616, 0.21568497630080169, 0.21551929297044506, 0.21563505045918344, 0.21543726076784969, 0.21518927643937935, 0.21541581608645935, 0.21511799669354359, 0.21529273634730448, 0.21492924575131547, 0.21523319078927031, 0.21510251274710471, 0.21470396649083462, 0.21510446518177553, 0.21484497213931428, 0.21509361466724211, 0.21480670139950311, 0.21478198379610483, 0.21496032415524149, 0.21486068611210885, 0.21466421315679696, 0.2145151050939671, 0.21475359511536243, 0.21469350744999566, 0.214614520966699, 0.21471539445021942, 0.21452362337471145, 0.21449700914756908, 0.21448358247125576, 0.21447192480259059, 0.21472081460722262, 0.21454122842847378, 0.21466388419714477, 0.21451902879082882, 0.21426564677488255, 0.21433551301947007, 0.21429588022609852, 0.2143032876526598, 0.21437381086740903, 0.21419623731065332, 0.21432221021870637, 0.21419399465204836, 0.21424493737189565, 0.21422108678376181, 0.21408894742296489, 0.21417435090732151, 0.21400885870034717, 0.21404758301479654, 0.21417671218858023, 0.21390985796021389, 0.21410992067021728, 0.21379808141988457, 0.21389169546309697, 0.21369545976165008, 0.21399494411981609, 0.21366840304154408, 0.21361756925962783, 0.21367671998628313, 0.2135796000037061, 0.21360688109915701, 0.21375743290235732, 0.2138411813411164, 0.21380722308997419, 0.21371928484562597, 0.21389346474445614, 0.21387303529707363, 0.21356095257082192, 0.21359498077147521, 0.21361290261901184, 0.21340713286253793, 0.21335454592175293, 0.21377296103460058, 0.21340668939068883, 0.21351538443361887, 0.21331744350790896, 0.21340579500512777, 0.21350124512082885, 0.21335226598396559, 0.21342475105032671, 0.21345895720685912], "val_acc": [0.88087127087371475, 0.89738825237072939, 0.89955610619544291, 0.90193042228917686, 0.90285950249976832, 0.90203365342368702, 0.90306596476878864, 0.90358212044133945, 0.9043047383829107, 0.90440796951742086, 0.90337565817231913, 0.90482089405546151, 0.90327242703780897, 0.90399504497938021, 0.90471766292095135, 0.90347888930682929, 0.90440796951742086, 0.90585320540056324, 0.90482089405546151, 0.90636936107311405, 0.905130587458992, 0.90554351199703265, 0.90492412518997167, 0.90595643653507341, 0.90409827611389038, 0.90409827611389038, 0.905130587458992, 0.905130587458992, 0.90544028086252248, 0.90451120065193102, 0.90554351199703265, 0.90554351199703265, 0.90636936107311405, 0.90409827611389038, 0.90492412518997167, 0.90595643653507341, 0.90358212044133945, 0.90544028086252248, 0.90523381859350216, 0.90533704972801232, 0.90616289880409373, 0.90709197901468519, 0.90657582334213438, 0.90636936107311405, 0.90564674313154292, 0.90544028086252248, 0.90471766292095135, 0.90626612993860389, 0.90636936107311405, 0.90605966766958357, 0.905130587458992, 0.90502735632448184, 0.90389181384487005, 0.9043047383829107, 0.90595643653507341, 0.90420150724840054, 0.90595643653507341, 0.90626612993860389, 0.90554351199703265, 0.90554351199703265, 0.90533704972801232, 0.90605966766958357, 0.90471766292095135, 0.90368535157584962, 0.90492412518997167, 0.90709197901468519, 0.90616289880409373, 0.90616289880409373, 0.90574997426605308, 0.90461443178644119, 0.90482089405546151, 0.905130587458992, 0.90440796951742086, 0.90523381859350216, 0.90533704972801232, 0.905130587458992, 0.90482089405546151, 0.90502735632448184, 0.90647259220762422, 0.90544028086252248, 0.90492412518997167, 0.90647259220762422, 0.90585320540056324, 0.90657582334213438, 0.90657582334213438, 0.90605966766958357, 0.90461443178644119, 0.90698874788017503, 0.90636936107311405, 0.90688551674566487, 0.90605966766958357, 0.90647259220762422, 0.90626612993860389, 0.90605966766958357, 0.90647259220762422, 0.90626612993860389, 0.90709197901468519, 0.90729844128370551, 0.90533704972801232, 0.90574997426605308, 0.90554351199703265, 0.90554351199703265, 0.90647259220762422, 0.9043047383829107, 0.90574997426605308, 0.90657582334213438, 0.90709197901468519, 0.90616289880409373, 0.90616289880409373, 0.90554351199703265, 0.90523381859350216, 0.90760813468723611, 0.90451120065193102, 0.90492412518997167],