{"low_val_loss": 0.12602432893285828, "params": {"verbose": 1, "nb_epoch": 1000, "batch_size": 32, "metrics": ["loss", "acc", "val_loss", "val_acc"], "nb_sample": 94030, "do_validation": true}, "results": {"acc": [0.94387961289457445, 0.94837817718763873, 0.94996277783686056, 0.95084547484845261, 0.95149420398252516, 0.95158991811250893, 0.95185579070509407, 0.95229182176028082, 0.95210039349143893, 0.95234499628285485, 0.95267467829923258, 0.95239817080162537, 0.95256832925662027, 0.9529405508930856, 0.95264277358797023, 0.95243007551795889, 0.95248325003165835, 0.95269594811181191, 0.95284483675929854, 0.95267467829416141, 0.95269594810166969, 0.95269594810166969, 0.95331277251940871, 0.95305753483438094, 0.95269594810166969, 0.95275975752546216, 0.95266404339547839, 0.95324896310195506, 0.95354674040199938, 0.95303626502687266, 0.95325959800570925, 0.95341912156202102, 0.95289801127806906, 0.953153248968168, 0.95299372540678506, 0.95324896309688401, 0.95319578857811338, 0.95323832819820098, 0.95274912263058253, 0.95334467723574223, 0.95303626502306937, 0.95339785175451275, 0.95320642348693863, 0.95318515367943035, 0.95331277252447977, 0.95336594704325039, 0.95328086781828858, 0.95331277252955093, 0.95353610549824519, 0.9533021376169224, 0.95346166117703746, 0.9536743592470488, 0.95302563012311858, 0.95370626395831115, 0.95346166117703746, 0.95304689992555569, 0.95307880463681804, 0.95283420185554435, 0.95336594703817934, 0.95335531213442515, 0.95355737531082463, 0.95296182070059388, 0.95346166117703746, 0.953153248968168, 0.95329150271190044, 0.95322769328937573, 0.95333404233198804, 0.95349356588322876, 0.95342975647084627, 0.95345102626821232, 0.95325959800063809, 0.95316388387699325, 0.95356801021584647, 0.9534616611719664, 0.95323832819820098, 0.95372753376581942, 0.95333404233198804, 0.95347229607572048, 0.95318515367943035, 0.95366372434329472, 0.95368499415080299, 0.953153248968168, 0.95334467723067107, 0.95358928002208698, 0.95344039136445813, 0.95331277251940871, 0.95340848665826694, 0.9533872168456875, 0.95320642348693863, 0.95345102626821232, 0.95340848665319577, 0.95346166117703746, 0.95365308943954052, 0.95345102626821232, 0.95342975646070405, 0.9533872168456875, 0.95325959800063809, 0.95340848665319577, 0.95359991492077001, 0.95304689993062675, 0.95357864511833279, 0.95403594597468888, 0.95349356588829992, 0.95354674040199938, 0.95355737531209239, 0.95311070935315156, 0.95349356588322876, 0.95346166117703746, 0.95364245453578644, 0.95341912155694986, 0.95367435925211996, 0.95353610549824519, 0.95370626396338232, 0.95317451877060511], "loss": [0.16820555108507351, 0.1404188216131925, 0.13669475284672969, 0.13479808554042214, 0.13337189771387914, 0.13248638495522383, 0.13168900895883184, 0.13124455545356295, 0.13087235704027922, 0.13047134330028501, 0.13010844398715021, 0.13001589111450518, 0.12963104277189952, 0.12953849926307254, 0.12961466850041964, 0.12934768628905483, 0.12923709932862476, 0.12922234138465746, 0.12936674680980384, 0.12879633712369837, 0.12883657048949915, 0.12870687700132163, 0.12855720001434401, 0.12859490834201104, 0.12841039189747341, 0.12827562598849718, 0.12836203275764038, 0.12813272243432006, 0.12795435996239052, 0.12804344149171121, 0.12798403289331903, 0.12762095941472126, 0.1275961493082621, 0.12739617413429458, 0.12741341965581449, 0.12734522852291139, 0.12710212264734927, 0.12700114272797119, 0.12683980115218377, 0.12676051406610345, 0.12675195052042346, 0.12656429235898825, 0.12661805490629477, 0.1265136297292612, 0.12638422429092536, 0.12631708754132076, 0.12636627751177426, 0.12631696995573957, 0.12612706903967658, 0.1261266182540364, 0.12622857683249183, 0.12597319770988272, 0.12616274872495434, 0.12584643021275849, 0.12576660354755717, 0.12599178345777481, 0.1259998890526825, 0.12570953314879671, 0.12572785776009854, 0.12572143169177993, 0.12578682883231676, 0.12558582342553365, 0.12555873412268473, 0.12564742413211677, 0.12543492324180416, 0.12541954288118307, 0.125352769694556, 0.12499756481525023, 0.12536318195661078, 0.12520122097237216, 0.12510917567768134, 0.12508659331526362, 0.12503521072174226, 0.12491886002021205, 0.12488013531639895, 0.12479074418110554, 0.12499394909531515, 0.12485142636556493, 0.12488959394438931, 0.12467069978390245, 0.12452072388096641, 0.12475775627934982, 0.12479019002636531, 0.12463239725125694, 0.12464100081462892, 0.124411141836512, 0.12453667548432903, 0.1244875738036914, 0.12447241976434063, 0.12445157141532973, 0.12432160045027314, 0.12437580596474553, 0.12430895693745972, 0.12409952203942735, 0.12442111612835312, 0.12431989136358677, 0.12425728498024154, 0.12422509275318955, 0.12429807421913854, 0.12422507991327905, 0.12416601807503425, 0.12404683017567407, 0.12409855693588229, 0.12410795325113239, 0.12405241048172486, 0.12412635879409854, 0.12397959326153915, 0.12417519326845433, 0.12387548740689747, 0.12404913141280349, 0.12395362421596075, 0.12388414211969774, 0.12382411376064945, 0.124091068324679], "val_acc": [0.94745405819295558, 0.95102730985196526, 0.95128254211332308, 0.95223966309341501, 0.9521120469627361, 0.9517611026033691, 0.95313297600816749, 0.95338820826952531, 0.95348392036753449, 0.95354772843287394, 0.95306916794282792, 0.95233537519142419, 0.95306916794282792, 0.95377105666156203, 0.95399438489025012, 0.95389867279224094, 0.95434532924961712, 0.95357963246554367, 0.9539624808575804, 0.95412200102092903, 0.95310107197549765, 0.95338820826952531, 0.95373915262889231, 0.95342011230219503, 0.95351582440020421, 0.95367534456355285, 0.95437723328228685, 0.9532605921388464, 0.95367534456355285, 0.95306916794282792, 0.95383486472690149, 0.95322868810617667, 0.95319678407350694, 0.95456865747830522, 0.95440913731495658, 0.95357963246554367, 0.9524629913221031, 0.95428152118427767, 0.95230347115875447, 0.95460056151097494, 0.95409009698825931, 0.95370724859622258, 0.95424961715160794, 0.95364344053088312, 0.95434532924961712, 0.95236727922409392, 0.95367534456355285, 0.95412200102092903, 0.95383486472690149, 0.95386676875957122, 0.9536115364982134, 0.95444104134762631, 0.95357963246554367, 0.95405819295558958, 0.95463246554364467, 0.95332440020418585, 0.95405819295558958, 0.95351582440020421, 0.95357963246554367, 0.95236727922409392, 0.95476008167432358, 0.95351582440020421, 0.95444104134762631, 0.95402628892291985, 0.95342011230219503, 0.95370724859622258, 0.95450484941296576, 0.95482388973966315, 0.95306916794282792, 0.95357963246554367, 0.95405819295558958, 0.95405819295558958, 0.95399438489025012, 0.95367534456355285, 0.95354772843287394, 0.95354772843287394, 0.95386676875957122, 0.95380296069423176, 0.95472817764165385, 0.95399438489025012, 0.95297345584481874, 0.95348392036753449, 0.95418580908626849, 0.95373915262889231, 0.95415390505359876, 0.95338820826952531, 0.95415390505359876, 0.9546643695763144, 0.95412200102092903, 0.95342011230219503, 0.95428152118427767, 0.95297345584481874, 0.95373915262889231, 0.95386676875957122, 0.95357963246554367, 0.95316488004083721, 0.95415390505359876, 0.95412200102092903, 0.9524629913221031, 0.95319678407350694, 0.95377105666156203, 0.95393057682491067, 0.95342011230219503, 0.95437723328228685, 0.9536115364982134, 0.95262251148545174, 0.95472817764165385, 0.95367534456355285, 0.9539624808575804, 0.95380296069423176, 0.9536115364982134, 0.95428152118427767, 0.95409009698825931, 0.95313297600816749],