{"low_val_loss": 0.12997188209449076, "params": {"verbose": 1, "nb_epoch": 1000, "batch_size": 32, "metrics": ["loss", "acc", "val_loss", "val_acc"], "nb_sample": 94030, "do_validation": true}, "results": {"acc": [0.94430500904473935, 0.94858024034882482, 0.94996277783686056, 0.95053706263958315, 0.95102626821734382, 0.95121769647984689, 0.95152610868871634, 0.95182388599890289, 0.95157928320748697, 0.95178134637881529, 0.95163245772752536, 0.9520259491702312, 0.95187706051767351, 0.95178134638388634, 0.95179198128256937, 0.95213229820777234, 0.95208975858768474, 0.95199404445896885, 0.95264277358797023, 0.95213229820270129, 0.95243007550781666, 0.95194086994019822, 0.95237690098904604, 0.95222801233902388, 0.95220674253405124, 0.95205785387642239, 0.95229182175901306, 0.95270658300542377, 0.95234499627778368, 0.95234499627778368, 0.95227055195657595, 0.95199404445389768, 0.952196107625226, 0.95244071041664191, 0.95292991598933141, 0.95257896416037435, 0.95248325003165835, 0.95272785281293204, 0.95265340849299207, 0.95266404339547839, 0.95321705839069271, 0.95282356694798687, 0.95283420185047329, 0.95314261405934275, 0.95295118579683968, 0.95255769435286608, 0.95300436031180702, 0.95288737637431498, 0.95300436031053914, 0.95292991598426036, 0.95262150378553312, 0.95285547166812368, 0.95278102733170267, 0.95337658195207564, 0.95280229713921094, 0.9529405508930856, 0.95289801127806906, 0.95304689993062675, 0.95314261406948497, 0.95324896309688401, 0.9529830905093698, 0.95353610550838752, 0.95301499521429334, 0.95297245559927679, 0.9528235669467191, 0.953153248968168, 0.95313197915685643, 0.95310007444939737, 0.95308943954183989, 0.95305753483945199, 0.9528767414705609, 0.95268531319791561, 0.95300436031053914], "loss": [0.17162648683233006, 0.13985070912427919, 0.13684800141138889, 0.13543586170963057, 0.13445635675800793, 0.13332692061150872, 0.13245295391499357, 0.13203479537513932, 0.13181225131287114, 0.1312780609315353, 0.13131306510199564, 0.13096378035974113, 0.13068304487102833, 0.13065959316824238, 0.13063450484071767, 0.13044416845180778, 0.13018187195835984, 0.13019816426188466, 0.13018230991954058, 0.13033400647762949, 0.13000160119504506, 0.1298397194270465, 0.12998447031968074, 0.12974235761784295, 0.12982782668573836, 0.12979642392586713, 0.129625366585224, 0.12986461817925057, 0.12972218328509466, 0.12960975512958875, 0.12959262814361289, 0.12949830607652638, 0.12954861117521144, 0.12943474337146421, 0.12933357418039867, 0.12925178043224972, 0.12933729887293918, 0.12922960712897211, 0.12903824354326118, 0.1289189479169878, 0.12904496742736327, 0.12875699209451269, 0.12893941564219791, 0.12889270868477645, 0.1286812743059336, 0.12875870902417719, 0.12874769268344086, 0.12871306639861568, 0.12858434757783313, 0.12851098312331832, 0.12852713271561905, 0.12855743579245571, 0.128566650814114, 0.12867278261418216, 0.12850733899181477, 0.12852860950864553, 0.12848140770728114, 0.12830481847099809, 0.12835189988546444, 0.12838072058026948, 0.12838955814107789, 0.12834518408694193, 0.12847220177314428, 0.12843261036221987, 0.12840065700666112, 0.12850026115402699, 0.12831780838323606, 0.12834441740944147, 0.12832022492846035, 0.12840874952343465, 0.12833818939788713, 0.12831990640112456, 0.12827170652131456], "val_acc": [0.9495597243491577, 0.94978305257784579, 0.95131444614599281, 0.95029351710056154, 0.95230347115875447, 0.95086778968861663, 0.95300535987748847, 0.95259060745278201, 0.95278203164880038, 0.95297345584481874, 0.95335630423685558, 0.9532605921388464, 0.95348392036753449, 0.95306916794282792, 0.95290964777947929, 0.95332440020418585, 0.9532605921388464, 0.95255870342011228, 0.95262251148545174, 0.95370724859622258, 0.95393057682491067, 0.95265441551812147, 0.9539624808575804, 0.95230347115875447, 0.95160158244002047, 0.95284583971413983, 0.95345201633486476, 0.95290964777947929, 0.95367534456355285, 0.95386676875957122, 0.9536115364982134, 0.95332440020418585, 0.95370724859622258, 0.95322868810617667, 0.95290964777947929, 0.9536115364982134, 0.95290964777947929, 0.95303726391015819, 0.9536115364982134, 0.95278203164880038, 0.95393057682491067, 0.95351582440020421, 0.95386676875957122, 0.95383486472690149, 0.95345201633486476, 0.95348392036753449, 0.95389867279224094, 0.95310107197549765, 0.95367534456355285, 0.95367534456355285, 0.95345201633486476, 0.95383486472690149, 0.95220775906074528, 0.95364344053088312, 0.95370724859622258, 0.95364344053088312, 0.95357963246554367, 0.95345201633486476, 0.95338820826952531, 0.95319678407350694, 0.95364344053088312, 0.95329249617151612, 0.9543134252169474, 0.95357963246554367, 0.9536115364982134, 0.95342011230219503, 0.95351582440020421, 0.95367534456355285, 0.95342011230219503, 0.95421771311893822, 0.95409009698825931, 0.95338820826952531, 0.95351582440020421], "val_loss": [0.14326392211525826, 0.13808941072487235, 0.1363579679200651, 0.13619558098039011, 0.13448593336109485, 0.13448725303044545, 0.13362372792865501, 0.13277094827079694, 0.13408221394553849, 0.13313580500442135, 0.13216069528586771, 0.13191726008803795, 0.1323156443288081, 0.13120140320126533, 0.13196790354604956, 0.13093747721434462, 0.13087389345750053, 0.13288621127894487, 0.13132331887333293, 0.13162366990351812, 0.13108086967750462, 0.13198497279672186, 0.13174419008640381, 0.13203219830849117, 0.13223320234047783, 0.13070200959856623, 0.13101598969838976, 0.13067465162093905, 0.13052481756226605, 0.13013011890198728, 0.13087249764218933, 0.13140638235760563, 0.13153403895113649, 0.13061396079542018, 0.13155841968968823, 0.13088047783298873, 0.13100675087481084, 0.13081050052717821, 0.13114255216522233, 0.13167506837746726, 0.13127286046659722, 0.13122918710660242, 0.13009563116180831, 0.13038036572942324, 0.13058113783118735, 0.1309824339672733, 0.12997188209449076, 0.13071747886462898, 0.13050841003838945, 0.13011617157484665, 0.13059830204823786, 0.13037301344780852, 0.13335929413370298, 0.13067606673682905, 0.13067337512711349, 0.13032191000487076, 0.13035292526580594, 0.13069620747509023, 0.13165056639678507, 0.13053679753963957, 0.13108933660534039, 0.13023228373715104, 0.13042881718212515, 0.13014532968063419, 0.13114954505520796, 0.13087918217169836, 0.13007996446296627, 0.13062394201192642, 0.13076184937305418, 0.13030316397136971, 0.13054038524711356, 0.13039858777964067, 0.13100837862700027]}}