{"low_val_loss": 0.21449530864876837, "params": {"verbose": 1, "nb_epoch": 1000, "batch_size": 32, "metrics": ["loss", "acc", "val_loss", "val_acc"], "nb_sample": 29058, "do_validation": true}, "results": {"acc": [0.83911487370087412, 0.87280611191410284, 0.89348888430036477, 0.89713676096083694, 0.90016518686764402, 0.90147291623649251, 0.90346892422052449, 0.90415720283570788, 0.90329685456672859, 0.9028838873976186, 0.90367540780507949, 0.90377864959735699, 0.90412278890494868, 0.90446692821254049, 0.90450134214329958, 0.90422603069722629, 0.90439810035102208, 0.90412278890494868, 0.90391630532039369, 0.90470782572785469, 0.90432927248950379, 0.90487989538165048, 0.90419161676646709, 0.90415720283570788, 0.90501755110468718, 0.90477665358937298, 0.90446692821254049, 0.90436368642026288, 0.90512079289696468, 0.90481106752013218, 0.90494872324316888, 0.90491430931240968, 0.90532727648151967, 0.90470782572785469, 0.90501755110468718, 0.90539610434303808, 0.90467341179709548, 0.90426044462798538, 0.90467341179709548, 0.90474223965861378, 0.90450134214329958, 0.90463899786633628, 0.90525844862000138, 0.90567141578911148, 0.90388189138963448, 0.90532727648151967, 0.90463899786633628, 0.90467341179709548, 0.90491430931240968, 0.90498313717392798, 0.90539610434303808, 0.90481106752013218, 0.90505196503544638, 0.90567141578911148, 0.90481106752013218, 0.90439810035102208, 0.90494872324316888, 0.90494872324316888, 0.90487989538165048, 0.90498313717392798, 0.90450134214329958, 0.90515520682772388, 0.90539610434303808, 0.90494872324316888, 0.90487989538165048, 0.90494872324316888, 0.90474223965861378, 0.90529286255076058, 0.90487989538165048, 0.90460458393557708, 0.90518962075848308, 0.90553376006607478, 0.90491430931240968, 0.90401954711267118, 0.90494872324316888, 0.90491430931240968, 0.90419161676646709], "loss": [0.36756155201635132, 0.25591695445704271, 0.24011694622126767, 0.23277974734125284, 0.22840023316456812, 0.22592793331764585, 0.22389991814262603, 0.22268767887812962, 0.22187566477324619, 0.22131931336357, 0.22087349105372248, 0.22023868421583001, 0.21987785086359055, 0.21951253886429276, 0.21930211639870112, 0.21889560316900269, 0.21853548872715156, 0.2184002063130018, 0.21852177616086488, 0.21814156257980696, 0.21815650832609798, 0.21811103350581917, 0.21761216972176065, 0.21765304980655009, 0.21776348792215988, 0.2174278430620698, 0.2175017588645152, 0.21731964584119937, 0.21727577372248277, 0.21713842792508098, 0.21719182120587774, 0.21693454332938419, 0.21675186519801998, 0.21701056606566571, 0.2168195071896904, 0.21674814546245269, 0.21694672627920542, 0.21688291825290656, 0.21660278502063796, 0.21682595859378959, 0.2167521304335924, 0.21665864457093681, 0.21675638106477699, 0.21660157717121831, 0.21655871851169872, 0.21658210105405834, 0.21658111597092175, 0.21654644700229272, 0.21646582238056661, 0.21635487312534976, 0.21658397565890478, 0.216378821845298, 0.21639132349749904, 0.21639750582174413, 0.21641661346900223, 0.21641511914837391, 0.21657911826020174, 0.21647726522968661, 0.21639489168613396, 0.21634670043136867, 0.21647956825850992, 0.21621544877555274, 0.21625184540419087, 0.21634722128946363, 0.21619748044009054, 0.21625147671323691, 0.21628916291287953, 0.2161105226714074, 0.21606963981583077, 0.2162125232140612, 0.21610691125703996, 0.21630822708441144, 0.21621913742767623, 0.21615821715518427, 0.2162607268158056, 0.21599446851943477, 0.21604510125802762], "val_acc": [0.83606895842861806, 0.8873748323232431, 0.89439454946993457, 0.89718179010170906, 0.89965933732995307, 0.90058841754054464, 0.90079487980956496, 0.90131103548211577, 0.90182719115466659, 0.90378858271035989, 0.90265304023074799, 0.90327242703780897, 0.90265304023074799, 0.90409827611389038, 0.90358212044133945, 0.90378858271035989, 0.90275627136525816, 0.90378858271035989, 0.90451120065193102, 0.9043047383829107, 0.90420150724840054, 0.90461443178644119, 0.90409827611389038, 0.90275627136525816, 0.90605966766958357, 0.90595643653507341, 0.90544028086252248, 0.90595643653507341, 0.90574997426605308, 0.90461443178644119, 0.90626612993860389, 0.90461443178644119, 0.90523381859350216, 0.90482089405546151, 0.90585320540056324, 0.90533704972801232, 0.90626612993860389, 0.90492412518997167, 0.90492412518997167, 0.90502735632448184, 0.90306596476878864, 0.90502735632448184, 0.90533704972801232, 0.90533704972801232, 0.90605966766958357, 0.90389181384487005, 0.90585320540056324, 0.90636936107311405, 0.90667905447664454, 0.90544028086252248, 0.90574997426605308, 0.90523381859350216, 0.9067822856111547, 0.90585320540056324, 0.90420150724840054, 0.90636936107311405, 0.905130587458992, 0.90502735632448184, 0.90698874788017503, 0.90461443178644119, 0.90461443178644119, 0.90647259220762422, 0.90461443178644119, 0.90564674313154292, 0.90502735632448184, 0.90698874788017503, 0.90492412518997167, 0.90420150724840054, 0.90585320540056324, 0.90523381859350216, 0.90523381859350216, 0.90585320540056324, 0.9067822856111547, 0.90523381859350216, 0.90616289880409373, 0.90378858271035989, 0.90574997426605308], "val_loss": [0.27151088969889864, 0.2434925154363751, 0.23331973833775416, 0.22777913399275285, 0.2238943102196839, 0.22136697728431814, 0.22022752019105538, 0.21957032809202623, 0.21977982941495383, 0.21717568128744219, 0.21704976460021064, 0.21726420749091532, 0.21684304498735196, 0.21692723822172821, 0.21654378458406826, 0.21650107141076147, 0.21846443718649033, 0.21690919845173379, 0.21586629764342366, 0.21647011424607385, 0.21658509401784318, 0.2156458463297917, 0.2161460355011883, 0.21694478947298931, 0.2149906898505968, 0.21497499605592121, 0.21513659849222985, 0.21513299652453829, 0.21499745295957673, 0.21519166126861111, 0.21510312934587328, 0.21598187235101429, 0.21467131116607555, 0.21463927377718722, 0.21514840158402668, 0.21525627128526845, 0.21495548761935748, 0.21579109142596253, 0.21636286452358766, 0.21521796585913719, 0.21691655421682809, 0.21516581097352588, 0.21552388464332647, 0.21497171331795792, 0.21459602173777376, 0.21570502347568124, 0.21568154616782673, 0.21473382254484649, 0.21530646787187419, 0.21491578654496185, 0.21449530864876837, 0.21507463631977469, 0.21496331106586403, 0.21512634110632875, 0.21628053735084452, 0.21498898918616141, 0.21606648356242361, 0.21495570377925977, 0.21487678323009132, 0.21530182513952428, 0.21548333403199552, 0.21517367241514768, 0.21505639445883848, 0.21465677470261066, 0.21543225388205972, 0.21517140312535457, 0.21550277902133155, 0.21556641496937132, 0.21537728079260965, 0.21595851177276812, 0.21576928858591132, 0.21561279465591771, 0.21486018908347485, 0.21544216502016761, 0.21566828757084547, 0.21586491419666751, 0.21479842392569098]}}