{"low_val_loss": 0.13638715362513837, "params": {"verbose": 1, "nb_epoch": 1000, "batch_size": 32, "metrics": ["loss", "acc", "val_loss", "val_acc"], "nb_sample": 94030, "do_validation": true}, "results": {"acc": [0.94337977241052406, 0.94365627991573797, 0.94583643518533278, 0.94717643305835197, 0.947442305652205, 0.94772944804849513, 0.9480803998774523, 0.94859087525257901, 0.94864404977642069, 0.94858024034882482, 0.9486865893889016, 0.94871849410269948, 0.94901627140274381, 0.94915452515661847, 0.94927150909284275, 0.94918642986788082, 0.94939912794296333, 0.94955865149420393, 0.94995214293310648, 0.94972880995426989, 0.94967563544057043, 0.95002658726445643, 0.94988833351565283, 0.94999468255319408, 0.95007976178829812, 0.94999468255319408, 0.95029245985323829, 0.95049452302456661, 0.95027119004573013, 0.9504732532221295, 0.95056896735211327, 0.95065404658087849, 0.95039880889585071, 0.95005849197064762, 0.95024992024329291, 0.94999468255319408, 0.95030309475699248, 0.95069658620096609, 0.95074976072480777, 0.9504732532221295, 0.95036690417951719, 0.95066468148970373, 0.95033499946825484, 0.9505051579283208, 0.95097309369857319, 0.95067531639345781, 0.95070722110979133, 0.95045198341588899, 0.95049452303090554, 0.95045198340955017, 0.95029245985323829, 0.95101563331866079, 0.95055833245723353, 0.95053706263958315, 0.95077103052724488, 0.95098372860232727, 0.95071785600847425, 0.9506859512972119, 0.950707221099649, 0.95065404658594954, 0.95055833245216248, 0.95056896735084551, 0.950707221099649], "loss": [0.2045519344257469, 0.14943219360016033, 0.14480148951487251, 0.14288493251497539, 0.14173792655368087, 0.14107929758698234, 0.14067845515757055, 0.1402251353836606, 0.13994095484481192, 0.13968774824997796, 0.13948823729912094, 0.13914186547065713, 0.139032828936035, 0.13889432607588459, 0.13868419371801247, 0.13853054069355802, 0.13827473896463591, 0.13814774028585272, 0.13787235367346301, 0.13785633120698099, 0.13762865687629258, 0.13756841751288748, 0.13745003630763025, 0.13733568372028401, 0.13712012554551267, 0.13705832649390393, 0.13701779426182586, 0.13695976436962209, 0.13699955185660367, 0.13689182997478852, 0.13674290557846064, 0.13671088338652584, 0.13669708114975909, 0.13665450655338321, 0.13667545309031781, 0.13662836383748889, 0.13669837175798227, 0.13643577449165556, 0.13662068228778415, 0.13657788820584557, 0.13658121300259637, 0.13664263524261672, 0.13667769581824304, 0.13664847334610533, 0.13645698451956548, 0.13654076769642154, 0.13649280843906653, 0.13658342947544574, 0.13651297777387217, 0.13648482527816397, 0.13652947900639903, 0.13656404960393831, 0.13652623620161183, 0.13647521248186925, 0.13643192112585287, 0.136458578275852, 0.13651653808963232, 0.13655149251694859, 0.13640474814639933, 0.13644801815633989, 0.13644784178050365, 0.13631840593891803, 0.13636973407252234], "val_acc": [0.94448698315467072, 0.94448698315467072, 0.94831546707503833, 0.94917687595712097, 0.94940020418580906, 0.94987876467585508, 0.94968734047983661, 0.94984686064318535, 0.95007018887187344, 0.94991066870852481, 0.95045303726391017, 0.95080398162327717, 0.95026161306789181, 0.9504849412965799, 0.95051684532924963, 0.95096350178662581, 0.95074017355793772, 0.9508358856559469, 0.95121873404798363, 0.95112302194997445, 0.95128254211332308, 0.95166539050535992, 0.95131444614599281, 0.95093159775395608, 0.95172919857069938, 0.95217585502807556, 0.95102730985196526, 0.95160158244002047, 0.95115492598264417, 0.95086778968861663, 0.95134635017866254, 0.95204823889739665, 0.95137825421133226, 0.95192062276671774, 0.95089969372128635, 0.95227156712608474, 0.9517611026033691, 0.95179300663603883, 0.95230347115875447, 0.95208014293006638, 0.95220775906074528, 0.95195252679938747, 0.95220775906074528, 0.9511868300153139, 0.9517611026033691, 0.95147396630934145, 0.95160158244002047, 0.95192062276671774, 0.95086778968861663, 0.95080398162327717, 0.95112302194997445, 0.95188871873404801, 0.95141015824400199, 0.95195252679938747, 0.95160158244002047, 0.95153777437468101, 0.95220775906074528, 0.95172919857069938, 0.95223966309341501, 0.95179300663603883, 0.95195252679938747, 0.95243108728943338, 0.95125063808065335], "val_loss": [0.15342113713963473, 0.14582936423904377, 0.14321869353689121, 0.14216323583108725, 0.14117896254305148, 0.14101556065193302, 0.14085222656337992, 0.1402313722646498, 0.13961801275938004, 0.13992437812242506, 0.13917533890165926, 0.1400732671335195, 0.13902742373260263, 0.13883102975211439, 0.13889084307494945, 0.13852718130567965, 0.13804036022875613, 0.13820591461314663, 0.13740740457265399, 0.13764391443204854, 0.137399576636694, 0.13723487041190821, 0.13707099662121003, 0.13760176935100538, 0.1368281392417677, 0.13686373419470177, 0.13707710479278234, 0.13662473352710588, 0.13693720508022628, 0.13677771398041733, 0.13661905861307067, 0.13685931389720662, 0.1368197484636958, 0.13646383762869255, 0.1369237692350633, 0.13680004637694104, 0.13638715362513837, 0.13673858507904793, 0.13684149904175641, 0.13711136669270416, 0.13701455987183611, 0.13745888189667946, 0.13707827541343925, 0.13680095166622103, 0.13699219275062458, 0.13702076870041, 0.13640649683085129, 0.13671580068443795, 0.13737020658204571, 0.13709752515696214, 0.13699056770540335, 0.13680007010926515, 0.137216531134849, 0.13694710144226407, 0.13702232181843352, 0.13733628284397206, 0.13678149927945665, 0.13654347000079778, 0.13680290876525955, 0.13712184125345511, 0.13699593363047377, 0.13747748051783817, 0.13695509642202858]}}