{"low_val_loss": 0.1272159004065761, "params": {"verbose": 1, "nb_epoch": 1000, "batch_size": 32, "metrics": ["loss", "acc", "val_loss", "val_acc"], "nb_sample": 94030, "do_validation": true}, "results": {"acc": [0.94375199404952503, 0.94792087631606936, 0.94949484207167922, 0.95000531745694816, 0.95081357013719026, 0.95113261724981391, 0.95127087099861751, 0.95165372753883692, 0.95196213974263533, 0.95229182176408422, 0.95252578964667489, 0.95194086994019822, 0.95215356801274509, 0.95195150484522006, 0.95218547272654297, 0.95238753589787128, 0.95213229820270129, 0.95217483781771772, 0.95233436137910066, 0.95230245666276725, 0.95215356802035178, 0.95218547272147191, 0.95225991705282187, 0.95216420291396364, 0.95229182175901306, 0.95252578964160373, 0.95280229713921094, 0.95258959906412843, 0.95271721790917796, 0.95285547165924922, 0.95263213867914498, 0.95252578964667489, 0.95236626609543418, 0.95285547165798146, 0.95297245560434796, 0.95266404339547839, 0.9526321386892872, 0.95278102733677372, 0.95285547166812368, 0.95315324896436471, 0.95294055088801444, 0.95310007444939737, 0.95297245559927679, 0.952898011272998, 0.95310007444939737, 0.95297245560434796, 0.95342975646197181, 0.95348293097947467, 0.95335531213442515, 0.95311070935315156, 0.95320642349200968, 0.95338721685075867, 0.95317451877060511, 0.95351483569073703, 0.95305753483945199, 0.95323832819820098, 0.9531851536743593, 0.95324896309688401, 0.95328086780814636, 0.95350420078698284, 0.95363181963203236, 0.95341912155694986, 0.95330213761819016, 0.95314261406441392, 0.95334467724081329, 0.95375943847708178, 0.9533872168456875, 0.95314261406441392, 0.95308943954057213, 0.95325959800063809, 0.9533872168456875, 0.95354674040707044, 0.95379134318834413, 0.95333404233198804, 0.95332340742062727, 0.95334467723574223, 0.95321705838562165, 0.95348293098454573, 0.95305753482930977, 0.95347229607572048, 0.95375943848215294, 0.95308943954057213, 0.95348293098454573, 0.95352547059956227, 0.95303626502687266, 0.9531851536743593, 0.95335531213949631, 0.95332340742823396, 0.95366372434329472, 0.95364245453578644, 0.95331277251940871, 0.95298309050810204, 0.95288737637431498, 0.95313197915558867, 0.95339785174944169, 0.95337658194700459, 0.95336594704325039, 0.95333404232691699, 0.95356801021457871, 0.95323832819820098, 0.9532276932944469, 0.95332340742316279, 0.95328086780941412, 0.95324896310702623, 0.95351483569580808, 0.95347229608079165, 0.95327023290946333, 0.95356801021457871, 0.95330213762072569, 0.95344039136445813, 0.95324896309688401, 0.95332340743330501, 0.95334467723574223, 0.95346166117703746, 0.95331277251940871, 0.95336594703817934, 0.95313197916065973, 0.95333404233198804, 0.95340848665826694, 0.95332340742823396, 0.95336594704325039, 0.95353610549824519, 0.95336594704451816, 0.95359991492584106, 0.95341912155694986, 0.95322769328937573, 0.95334467723574223, 0.95332340742823396, 0.95345102627328338, 0.95336594703817934, 0.95344039136445813, 0.95324896310195506, 0.95321705838688942, 0.95316388386685102, 0.95365308944461169, 0.95344039136445813, 0.95341912156202102, 0.95315324896309683, 0.9534616611719664, 0.95353610549824519, 0.95344039137460035, 0.95344039136445813, 0.95333404233198804, 0.95346166117830533, 0.95340848665826694, 0.95358928002715804, 0.95325959800570925, 0.95319578858318443], "loss": [0.17484225253564151, 0.14138035325405382, 0.13772424212652459, 0.13586777251197546, 0.13463251431408518, 0.13366965958298893, 0.13308062858496855, 0.13258765532617225, 0.13195576530104811, 0.131528776507707, 0.13117389783166539, 0.1309876046674652, 0.13090370613837971, 0.13064693636517949, 0.13033775773474249, 0.13013600214521873, 0.13009567212360559, 0.12989386050219764, 0.1298845746772829, 0.12974458369110969, 0.12981442240062172, 0.12964734859961874, 0.12936063673183612, 0.12952543256627452, 0.12946053763226945, 0.12924963414247501, 0.12922461664752416, 0.12919576484109763, 0.12907108402177397, 0.12882741958356139, 0.12876407428442843, 0.12880862857383782, 0.12876636704986025, 0.12850071178159092, 0.1286222085692674, 0.12843919140435806, 0.12857893833334516, 0.12826758582459147, 0.12848459329679141, 0.12808748257295838, 0.12816449092966717, 0.12830625294317377, 0.12790034447536056, 0.12799981781959496, 0.12793985185113649, 0.1277900440631668, 0.12782100739440272, 0.12765915865134231, 0.12762410245359571, 0.12764511605066833, 0.12767676136461481, 0.12759757096794302, 0.12733420515521104, 0.12737847969853522, 0.1274298765678856, 0.12746816898747529, 0.12729416240450805, 0.12714135239126009, 0.12726891436368959, 0.12715002454751528, 0.12697199641569529, 0.12696043258301315, 0.12692269267686487, 0.1269770087098411, 0.12695988466020064, 0.12688513416775132, 0.12690565217118763, 0.12684702657121147, 0.12686148137904052, 0.12658378381104207, 0.12675436339938842, 0.12658390254970817, 0.1266013073912329, 0.12645148070526924, 0.12648887162346492, 0.1264837564803255, 0.12648459925659664, 0.12643624943319842, 0.12654638217547581, 0.12655213561456158, 0.12621979595187824, 0.12651906541423774, 0.12635627307943065, 0.12615942695470969, 0.12637060097838976, 0.12619809186141326, 0.12618139716924839, 0.12623154389424665, 0.12602955790342174, 0.12596997185535455, 0.12617034352939457, 0.12614717412683338, 0.12618342117798351, 0.12623814883497589, 0.12612353871577181, 0.12616285563852767, 0.12620377281644451, 0.12605652318409463, 0.12612721833535032, 0.12599049011459507, 0.1259977369182074, 0.12600061698732232, 0.12606378927181899, 0.12581144022577737, 0.12605053629481727, 0.12588509446881394, 0.12593094078731021, 0.12592628570369593, 0.125845361522293, 0.12564658890217328, 0.12576574232462148, 0.12587455682037335, 0.12585237159347276, 0.12574435881537402, 0.12574544236488663, 0.12588005600441463, 0.12579379219565381, 0.12575303519816775, 0.12586393791314174, 0.12583425718378566, 0.12576263012447902, 0.12572406737250139, 0.12574217908847438, 0.12576450438803338, 0.12572719050216938, 0.12580534142851005, 0.12581193302142471, 0.12567104112337488, 0.12572318849827424, 0.12568980423196965, 0.12572622069504416, 0.12571265400517789, 0.12560681255462383, 0.1256105470591424, 0.1255458575606942, 0.12559184649168628, 0.12562876771127215, 0.1257086734673222, 0.1254438896528092, 0.12544447835913164, 0.12579028390226726, 0.125497273177124, 0.12565347886628753, 0.12569577769926732, 0.1255353876485934, 0.12560198598119485, 0.12558178633251788, 0.12556907477390764],