{"low_val_loss": 0.21122991980272784, "params": {"verbose": 1, "nb_epoch": 1000, "batch_size": 32, "metrics": ["loss", "acc", "val_loss", "val_acc"], "nb_sample": 29058, "do_validation": true}, "results": {"acc": [0.84248743891527289, 0.8904604583935577, 0.89696469130704104, 0.90102553513662331, 0.90167939982104761, 0.9022988505747126, 0.9026429898823044, 0.9027118177438227, 0.90305595705141439, 0.90326244063596939, 0.90357216601280199, 0.90515520682772388, 0.90536169041227887, 0.90508637896620547, 0.90470782572785469, 0.90494872324316888, 0.90512079289696468, 0.90477665358937298, 0.90539610434303808, 0.90549934613531557, 0.90611879688898067, 0.90463899786633628, 0.90487989538165048, 0.90487989538165048, 0.90629086654277646, 0.90594672723518477, 0.90642852226581316, 0.90625645261201737, 0.90512079289696468, 0.90691031729644156, 0.90608438295822147, 0.90629086654277646, 0.90618762475049897, 0.90622203868125817, 0.90618762475049897, 0.90687590336568247, 0.90670383371188656, 0.90673824764264577, 0.90732328446555166, 0.90677266157340486, 0.90725445660403337, 0.90622203868125817, 0.90666941978112736, 0.90629086654277646, 0.90766742377314336, 0.90770183770390256, 0.90708238695023746, 0.90777066556542085, 0.90725445660403337, 0.90735769839631086, 0.90735769839631086, 0.90615321081973987, 0.90735769839631086, 0.90787390735769835, 0.90739211232706996, 0.90691031729644156, 0.90752976805010666, 0.90756418198086586, 0.90684148943492326, 0.90739211232706996, 0.90715121481175576, 0.90722004267327416, 0.90742652625782916, 0.90766742377314336, 0.90752976805010666, 0.90701355908871917, 0.90735769839631086, 0.90725445660403337, 0.90739211232706996, 0.90656617798884986, 0.90677266157340486, 0.90835570238832675, 0.90656617798884986, 0.90746094018858836, 0.90842453024984515, 0.90684148943492326, 0.90691031729644156, 0.90742652625782916, 0.90722004267327416, 0.90697914515795997, 0.90728887053479246, 0.90739211232706996, 0.90749535411934756, 0.90701355908871917, 0.90711680088099667, 0.90787390735769835, 0.90759859591162506, 0.90859659990364094, 0.90732328446555166, 0.90711680088099667], "loss": [0.33694395309451181, 0.24548989121828199, 0.23494131315861844, 0.22947186403916489, 0.22627941923934813, 0.22460660887157133, 0.22350237855617355, 0.22236769947167789, 0.22145189863254455, 0.22047384226203307, 0.21952140964277925, 0.21917714070154654, 0.21838293520243132, 0.21820490828063552, 0.21784624454952323, 0.2175575002578376, 0.21719483649671606, 0.21695706423868685, 0.21698593002422489, 0.21676713660214772, 0.21652249640265653, 0.21620158633100936, 0.21609654843087239, 0.21620504454568182, 0.21586935571986193, 0.21582251469450123, 0.21596359661835746, 0.21559765316113666, 0.21550862086525688, 0.21517596563819319, 0.21535005302712198, 0.21494256113419652, 0.21501169944968171, 0.21471521536545862, 0.2145344495601012, 0.21452506385912268, 0.21454795386339148, 0.21439789567096315, 0.21411386979193212, 0.21408496922693407, 0.21406279159980959, 0.21393955384013624, 0.21383780771896568, 0.21369749308042693, 0.21344507438962643, 0.21331025714533811, 0.21334036376735727, 0.21320099038985946, 0.2131196929431968, 0.21302187544421197, 0.21285798798066324, 0.21290456927465107, 0.21260497757625399, 0.21260485997509682, 0.21275349803011481, 0.21284357304372165, 0.21224947988841331, 0.21273568109556304, 0.21262446448301259, 0.21252250302780668, 0.2124397406821586, 0.21198910371497784, 0.21228413134001792, 0.21257835972069389, 0.21241094471377922, 0.21234806906669088, 0.21249993350300408, 0.21249940599450057, 0.21231718370710814, 0.21222782097472254, 0.21207337796388601, 0.21206501538176376, 0.21231273444231874, 0.21227452847192543, 0.21203582332084853, 0.21230184226718946, 0.21208610316170937, 0.21211123918659738, 0.21190486303855305, 0.21207403911560849, 0.21183437939023797, 0.21196679637430652, 0.21178713878422464, 0.21191099159313384, 0.21197253989339529, 0.21200169010246947, 0.21190789692481801, 0.21210076057215141, 0.21184391249759665, 0.21204843460155606], "val_acc": [0.88056157747018415, 0.89480747400797522, 0.8982141014468108, 0.90048518640603448, 0.90007226186799383, 0.90193042228917686, 0.90203365342368702, 0.90162072888564626, 0.90254980909623783, 0.90162072888564626, 0.90492412518997167, 0.90451120065193102, 0.90533704972801232, 0.90224011571731955, 0.90554351199703265, 0.9054402808871348, 0.90471766292095135, 0.905130587458992, 0.90482089408007371, 0.90492412518997167, 0.90492412518997167, 0.90626612993860389, 0.90544028086252248, 0.90585320540056324, 0.90667905447664454, 0.90688551674566487, 0.90636936107311405, 0.90657582334213438, 0.90709197901468519, 0.90667905447664454, 0.90657582334213438, 0.90533704972801232, 0.90626612993860389, 0.90636936107311405, 0.90760813468723611, 0.90492412518997167, 0.90688551674566487, 0.90719521014919535, 0.90626612993860389, 0.90698874788017503, 0.90760813468723611, 0.90667905447664454, 0.90585320540056324, 0.90647259220762422, 0.90605966766958357, 0.90626612993860389, 0.90605966766958357, 0.90482089405546151, 0.90554351199703265, 0.90595643653507341, 0.90595643653507341, 0.905130587458992, 0.90647259220762422, 0.90605966766958357, 0.90729844128370551, 0.90616289880409373, 0.90451120067654323, 0.90647259220762422, 0.90647259220762422, 0.90554351199703265, 0.90729844128370551, 0.90327242703780897, 0.90502735632448184, 0.90667905447664454, 0.90709197901468519, 0.90523381859350216, 0.90750490355272584, 0.90554351199703265, 0.90605966766958357, 0.90533704972801232, 0.90667905447664454, 0.90657582334213438, 0.90420150724840054, 0.90605966766958357, 0.90698874788017503, 0.9067822856111547, 0.90688551674566487, 0.90544028086252248, 0.90554351199703265, 0.90574997426605308, 0.90771136582174627, 0.90554351199703265, 0.90399504497938021, 0.90605966766958357, 0.90688551674566487, 0.90698874788017503, 0.90636936107311405, 0.9043047383829107, 0.90719521014919535, 0.90595643653507341], "val_loss": [0.25288046895073235, 0.23662314670206752, 0.22970180204683283, 0.22383932088616834, 0.2233139725677539, 0.21983823702593047, 0.21949716013406001, 0.22045383573845959, 0.21860616085538434, 0.21817593034224159, 0.2155339648273937, 0.21533829410944708, 0.21502948764112081, 0.219277537990751, 0.21558367634713005, 0.21509704956442774, 0.21474723475900143, 0.21425125823370922, 0.21477306532739202, 0.21473308150165527, 0.21470031812302504, 0.21334849607960488, 0.21304850386578908, 0.21369531608235789, 0.21415882925506322, 0.21314435274630272, 0.21348751989559847, 0.21306596851587614, 0.2139580665086831, 0.213342786715153, 0.21336894719497551, 0.21276873115404379, 0.21355495246630452, 0.21232801924379935, 0.21276280670647429, 0.21487565437214312, 0.21231169969880251, 0.21296553765827872, 0.21303809015844657, 0.21311076165562359, 0.21201192545081066, 0.21302594055735169, 0.21393029199636449, 0.21310002597429023, 0.2124118125049817, 0.21319728261535723, 0.21318162953852376, 0.21268514975177819, 0.21273546321258907, 0.21271108139332842, 0.21237845785467449, 0.21389387025421613, 0.21160847042765402, 0.21164003355136113, 0.21154197487494419, 0.2122504934691615, 0.21354009900974688, 0.21154527431229905, 0.21158685177315423, 0.21346560954629198, 0.21342633971183972, 0.21504555941489478, 0.213537312057275, 0.21122991980272784, 0.21139851047291996, 0.21429409641248345, 0.21135923058745218, 0.21320262424862396, 0.2117103107071297, 0.2128003508766283, 0.2116252627610988, 0.21225213138781748, 0.2139533123106635, 0.21130969918917439, 0.21256717467893815, 0.21198790892304878, 0.21167339846804081, 0.21227521499244129, 0.21437037433216394, 0.2121030332762304, 0.21155816149856821, 0.21181820745104862, 0.21431572110620681, 0.21354386797135394, 0.211377045786318, 0.21219206704829541, 0.21303255933104154, 0.21481359575362574, 0.21253097668340901, 0.21221462387756579]}}