{"low_val_loss": 0.21110610945546937, "params": {"verbose": 1, "nb_epoch": 1000, "batch_size": 32, "metrics": ["loss", "acc", "val_loss", "val_acc"], "nb_sample": 29058, "do_validation": true}, "results": {"acc": [0.8542914171656687, 0.89545047835363756, 0.89940808039094222, 0.90202353912863931, 0.9026085759515452, 0.90374423566659778, 0.90384747745887539, 0.90429485855874459, 0.90556817399683387, 0.90546493220455637, 0.90553376006607478, 0.90556817399683387, 0.90629086654277646, 0.90660059191960907, 0.90701355908871917, 0.90625645261201737, 0.90656617798884986, 0.90691031729644156, 0.90639410833505407, 0.90697914515795997, 0.90608438295822147, 0.90629086654277646, 0.90680707550416406, 0.90728887053479246, 0.90680707550416406, 0.90704797301947826, 0.90759859591162506, 0.90663500585036827, 0.90649735012733157, 0.90722004267327416, 0.90821804666529016, 0.90787390735769835, 0.90722004267327416, 0.90759859591162506, 0.90701355908871917, 0.90821804666529016, 0.90722004267327416, 0.90680707550416406, 0.90811480487301255, 0.90680707550416406, 0.90684148943492326, 0.90732328446555166, 0.90790832128845755, 0.90732328446555166, 0.90749535411934756, 0.90863101383440015, 0.90835570238832675, 0.90821804666529016, 0.90670383371188656, 0.90845894418060436, 0.90742652625782916, 0.90752976805010666, 0.90746094018858836, 0.90883749741895514, 0.90801156308073505, 0.90756418198086586, 0.90842453024984515, 0.90842453024984515, 0.90691031729644156, 0.90825246059604925, 0.90866542776515935, 0.90797714914997596, 0.90811480487301255, 0.90839011631908595, 0.90766742377314336, 0.90808039094225346, 0.90763300984238415, 0.90825246059604925, 0.90794273521921676, 0.90845894418060436, 0.90804597701149425, 0.90856218597288185, 0.90863101383440015, 0.90849335811136345, 0.90797714914997596, 0.90821804666529016, 0.90773625163466176, 0.90845894418060436, 0.90790832128845755, 0.90735769839631086, 0.90777066556542085, 0.90818363273453095, 0.90801156308073505], "loss": [0.34618951158617423, 0.23473350571963203, 0.22605773276622237, 0.22297294368656267, 0.22139929893041799, 0.22003886836951242, 0.21904924384117849, 0.21811083777615928, 0.21740441771207603, 0.21667433851263596, 0.21601255412763298, 0.21546753839281907, 0.21505829746244501, 0.21454997749414437, 0.21437184705119947, 0.21387506227293415, 0.2137355925174918, 0.21356083780744545, 0.21335358920277203, 0.21294957507775797, 0.21283797338021351, 0.21251925182274889, 0.21262998078924814, 0.21236475192636542, 0.21260711989573269, 0.21213922175223718, 0.21215904186491863, 0.21219757863692068, 0.21186845909663854, 0.211814886762863, 0.21188161303950437, 0.2117126522864845, 0.21168222633475767, 0.21151319525633883, 0.21150884903817127, 0.21134890151336472, 0.21124833622332351, 0.2110686542976879, 0.21097434074675292, 0.21110915969494443, 0.21117849911325476, 0.21099033888889135, 0.21114214082403057, 0.21064926071681062, 0.2108597698766897, 0.2107157812073239, 0.21095123650144995, 0.21067078622548149, 0.21061450636678555, 0.21054625988503503, 0.21043552239471314, 0.21052367952428883, 0.21043719884047399, 0.21035205589038655, 0.21059028025363605, 0.21023092654688361, 0.21039807815554712, 0.21037278947272922, 0.21067690302118333, 0.21026683362338097, 0.21014947644144172, 0.21039731653585544, 0.21007250013186685, 0.21011644102616589, 0.21008993580974517, 0.21020824448830355, 0.20993314290113974, 0.20994573419526993, 0.20966186745954943, 0.2098336622119078, 0.20984214074872251, 0.20999161871449487, 0.20989103903648459, 0.20985120685405861, 0.20996743822361977, 0.20975987373053376, 0.20991608201411299, 0.20983029665987329, 0.20953602453807718, 0.20979090604690867, 0.20966454837423812, 0.20978027328636537, 0.20973604377802729], "val_acc": [0.88665221438167185, 0.89780117690877004, 0.89976256846446323, 0.90120780434760561, 0.90275627136525816, 0.9031691959032988, 0.90306596476878864, 0.90492412518997167, 0.90523381859350216, 0.90451120065193102, 0.90905337057037838, 0.90709197901468519, 0.90657582334213438, 0.90802105922527676, 0.90802105922527676, 0.90719521014919535, 0.90709197901468519, 0.90719521014919535, 0.90657582334213438, 0.90667905447664454, 0.90760813468723611, 0.9079178280907666, 0.90605966766958357, 0.90719521014919535, 0.90647259220762422, 0.90709197901468519, 0.9067822856111547, 0.90709197901468519, 0.90544028086252248, 0.90740167241821568, 0.9079178280907666, 0.90636936107311405, 0.90760813468723611, 0.90647259220762422, 0.90647259220762422, 0.90564674313154292, 0.90636936107311405, 0.90709197901468519, 0.90698874788017503, 0.90554351199703265, 0.90554351199703265, 0.90750490355272584, 0.90729844128370551, 0.90605966766958357, 0.90585320540056324, 0.90760813468723611, 0.9067822856111547, 0.90688551674566487, 0.90616289880409373, 0.90440796951742086, 0.90647259220762422, 0.90688551674566487, 0.90636936107311405, 0.90616289880409373, 0.9067822856111547, 0.90698874788017503, 0.90667905447664454, 0.90729844128370551, 0.90719521014919535, 0.90585320540056324, 0.90616289880409373, 0.905130587458992, 0.90647259220762422, 0.90740167241821568, 0.90729844128370551, 0.90616289880409373, 0.90471766292095135, 0.90585320540056324, 0.90698874788017503, 0.90471766292095135, 0.90657582334213438, 0.90502735632448184, 0.9067822856111547, 0.90667905447664454, 0.90626612993860389, 0.90451120065193102, 0.90667905447664454, 0.90729844128370551, 0.90626612993860389, 0.90595643653507341, 0.90585320540056324, 0.90605966766958357, 0.90533704972801232], "val_loss": [0.24389074076264342, 0.22486892547771831, 0.22009146080010197, 0.21856870496003536, 0.21767277417382774, 0.21869176719731881, 0.21731707335896716, 0.21460132076421046, 0.21471938958807454, 0.2157549098683201, 0.21321411273778992, 0.21360735490470525, 0.21431085621164939, 0.21334868731348092, 0.21280994403100154, 0.21388902282818215, 0.21181350798445417, 0.21210136414927891, 0.21487379645715499, 0.21327258109480304, 0.21249637698086099, 0.21219012994348813, 0.21322725051645772, 0.21203068599275629, 0.21287203531608845, 0.21353904441917373, 0.21244680134519356, 0.21240600404865395, 0.21186303305431478, 0.2120023595298593, 0.21218727698719414, 0.21280954784193656, 0.21203773145005222, 0.21266029454414673, 0.2122338718522305, 0.21326286883881873, 0.21271546091028715, 0.21244045632400171, 0.21162289256427855, 0.21127835809538409, 0.21237703416693798, 0.21190871581815154, 0.21152845305949527, 0.21154245542239464, 0.21271246816888736, 0.21185320147520939, 0.21161176387808622, 0.21170037129881017, 0.21139841888777131, 0.21394215276689985, 0.21290041260937365, 0.21160488719601522, 0.21287554589245258, 0.21250413207307842, 0.21220839690888912, 0.21193061601799365, 0.21110610945546937, 0.21147008111777907, 0.21210839444237053, 0.21239853163086447, 0.2125251476204997, 0.21132120751579, 0.21166628988655259, 0.21161915888121294, 0.21168329733080374, 0.21187417716621626, 0.21292885374675855, 0.21199388624997384, 0.21209486857205828, 0.21400262898270087, 0.21165697390577601, 0.21377259529484824, 0.21246775849089233, 0.21205098335866257, 0.21166850088230163, 0.21225350693405087, 0.21220106514686277, 0.21280856382382893, 0.21197584632307651, 0.21240049244031653, 0.21349765311284763, 0.21183767881237883, 0.21162902204087364]}}