{"low_val_loss": 0.12333202770625437, "params": {"verbose": 1, "nb_epoch": 1000, "batch_size": 32, "metrics": ["loss", "acc", "val_loss", "val_acc"], "nb_sample": 94030, "do_validation": true}, "results": {"acc": [0.94461342124853775, 0.94971817505558687, 0.95106880783236025, 0.95148356907369991, 0.95161118792889154, 0.95167499734761296, 0.95206848878017658, 0.95204721897900724, 0.95212166330401826, 0.95247261512790427, 0.95191960012888666, 0.95249388493541254, 0.95256832925662027, 0.95205785387769015, 0.95235563118660893, 0.95277039242794848, 0.95235563118153777, 0.95258959906412843, 0.95275975752926556, 0.95282356695179027, 0.95279166223799228, 0.95291928108050628, 0.95295118579176863, 0.95292991598933141, 0.95300436031053914, 0.95295118579176863, 0.95267467829923258, 0.95253642454535792, 0.95300436031053914, 0.95294055088801444, 0.95334467723067107, 0.95316388387192208, 0.95324896309688401, 0.95362118472827817, 0.95329150272204266, 0.95291928108050628, 0.95317451877060511, 0.95336594704325039, 0.95317451877567627, 0.95320642348693863, 0.95331277252447977, 0.95291928108050628, 0.95328086781321741, 0.95361054982452409, 0.95342975646070405, 0.95313197916065973, 0.95341912155694986, 0.95317451877060511, 0.95316388387192208, 0.95308943954057213, 0.95322769328937573, 0.95366372434836577, 0.95364245453578644, 0.95314261406441392, 0.95333404232691699, 0.95347229607572048, 0.95369562905455707, 0.95347229607572048, 0.95317451877060511, 0.95346166117703746, 0.95307880463681804, 0.95348293097947467, 0.95319578858318443, 0.95321705838562165, 0.95358928002715804, 0.95361054982959526, 0.95352547059449111, 0.95369562905455707, 0.95386578751462303, 0.95395086674972707, 0.9541422950173013, 0.95422737424733417, 0.95421673933850903, 0.95446134212485378, 0.95464213548867383, 0.95447197702860787, 0.9542805487661048, 0.95422737424733417, 0.95420610443475484, 0.9546634052961821, 0.95420610443982601, 0.95483356375624806, 0.95476975433372324, 0.95502499202382218, 0.95469531000744445, 0.95472721472377786, 0.9550143571200681, 0.95483356376131912, 0.95479102414249928, 0.95528022971392113, 0.95500372221631391, 0.95498245241007351, 0.95515261087394276, 0.95507816654259281, 0.9551526108688716, 0.95548229288524944, 0.95520578538764223, 0.95503562692757626, 0.95517388067637987, 0.95512070615760924, 0.95522705520529272, 0.9548441986650732, 0.95503562692757626, 0.9550143571200681, 0.9552695948152381, 0.95536530894395411, 0.95529086462274637, 0.95506753163883862, 0.95503562692757626, 0.95490800808252685, 0.95518451558013395, 0.9550143571200681, 0.95495054769754328, 0.95551419759777956, 0.95512070615887701, 0.95489737318511159, 0.95530149952142929, 0.95528022971899218, 0.95549292779407458, 0.95511007125892622, 0.95499308731382759, 0.9550143571200681, 0.9553440391377136, 0.95506753163883862, 0.95506753163883862, 0.95517388067637987, 0.95503562692757626, 0.95548229289032049, 0.95525895991148402, 0.95503562692757626, 0.95553546740401996, 0.95530149952650045, 0.95548229289032049, 0.95509943635517214, 0.95519515048388814, 0.95531213443025453, 0.95546102308788339, 0.95553546740401996, 0.95528022971392113, 0.95478038923747743, 0.95520578539271339, 0.9554822928865172, 0.95496118260129748, 0.95555673722167045, 0.95531213443025453, 0.95537594384770819, 0.95520578538764223, 0.95521642029139642, 0.95540784856404171, 0.95554610230777415, 0.95533340423269164, 0.95524832500392654, 0.9555461023128452, 0.95569499096540289, 0.95540784856404171, 0.95553546740401996, 0.95540784856404171], "loss": [0.16774511540822243, 0.13763922105301546, 0.13396552016234178, 0.13266731438504423, 0.13171553297552113, 0.13118979559386651, 0.13059549580371646, 0.13031636081096354, 0.12990001150693434, 0.12999067973148618, 0.12959648579102329, 0.12937407447919558, 0.12914266222032084, 0.12916788849712216, 0.1288953492635237, 0.12885438254586207, 0.12862468306611069, 0.1286563581579748, 0.12878034279110151, 0.12843435365735603, 0.12852412521883513, 0.12842303328671684, 0.12812599223414139, 0.12790012577328544, 0.12775872320679196, 0.12736271699904558, 0.12736258082290691, 0.12732349267928894, 0.1271553878064382, 0.12698218711223688, 0.12706100233172554, 0.12685146347095544, 0.12678358558627578, 0.12687115770185531, 0.12682741591236407, 0.12655963797312803, 0.12642967811373906, 0.12649636629077077, 0.12642245526442081, 0.12652221244075357, 0.12630824183899203, 0.12612733420784469, 0.12620535521960874, 0.12602093920942051, 0.12608269611536968, 0.12592917144327079, 0.12597097684837752, 0.1258098990173788, 0.12557750202079129, 0.12537319742576578, 0.12526991358822195, 0.1251158735450501, 0.12476438732428917, 0.12471416394475748, 0.12449507269626803, 0.12462834911770571, 0.12452237367872468, 0.12422390820785975, 0.12410531521951228, 0.12393031431825366, 0.12410149237375354, 0.12376062531862339, 0.12373085117404745, 0.12342482774175635, 0.1233116931052496, 0.12337344888311289, 0.12310286461510653, 0.12287574928663145, 0.12274832689088132, 0.12234154922441386, 0.12216627725458368, 0.12221928925339522, 0.1220558179749823, 0.1216926105067294, 0.12160687864921796, 0.12164433672271434, 0.12141984500546386, 0.12118600004960867, 0.12120051856156576, 0.1210261242633156, 0.12097913223981072, 0.12078401672197354, 0.1205018139598307, 0.1205303914375119, 0.12061295080496176, 0.120534669375161, 0.12039388492544965, 0.12037665196683044, 0.12006969121140672, 0.12013366055656725, 0.12014125058375752, 0.12008402502344705, 0.12007303736627729, 0.12016702732584335, 0.12001035734147426, 0.120005807837571, 0.11991380921205561, 0.119944244273911, 0.1196231705085985, 0.12000063574592315, 0.11982472261779804, 0.11989187728175835, 0.11972666710399636, 0.11971950665049752, 0.11992939007886988, 0.11962800691619169, 0.11937847039023955, 0.11954927091326002, 0.11943226192429017, 0.11950909653754802, 0.11939426934936669, 0.11957166851847321, 0.11949824616336752, 0.11937977540629932, 0.11965643634371309, 0.11933908916500342, 0.11937613152613301, 0.11933733664281088, 0.11938743213399425, 0.11922322554508068, 0.1193431730317864, 0.1194559590220071, 0.11937467401143427, 0.11931307417387425, 0.11921447576856113, 0.11911717931385701, 0.11925848688291234, 0.11928012141468397, 0.1192436511928536, 0.11941588331454868, 0.1193173242567675, 0.11927450068939192, 0.11914577117077052, 0.11912157103335314, 0.1191417000609377, 0.11904341882148424, 0.11919053119350644, 0.1190637125618305, 0.11902733882662338, 0.11910885875987383, 0.11916149916923846, 0.11893840405337673, 0.11911961782264491, 0.11904407735392221, 0.11883538453728293, 0.11892113801776114, 0.11913654218587003, 0.11884179305858489, 0.11903158757397055, 0.11880813732079264, 0.11887730527304705, 0.11877340620836653, 0.11885702294695381, 0.11887049600537453, 0.11910457529692552, 0.11871956756343825, 0.11884757628418544],