{"low_val_loss": 0.21417990241046289, "params": {"verbose": 1, "nb_epoch": 1000, "batch_size": 32, "metrics": ["loss", "acc", "val_loss", "val_acc"], "nb_sample": 29058, "do_validation": true}, "results": {"acc": [0.83987198017757592, 0.84795925390598115, 0.89369536788491977, 0.89785945350677954, 0.90019960079840322, 0.90123201872117831, 0.9020923669901576, 0.9020579530593984, 0.90326244063596939, 0.90267740381306349, 0.90302154312065519, 0.90319361277445109, 0.90439810035102208, 0.90326244063596939, 0.90360657994356119, 0.90326244063596939, 0.90357216601280199, 0.90319361277445109, 0.90343451028976529, 0.90343451028976529, 0.90401954711267118, 0.90319361277445109, 0.90357216601280199, 0.90384747745887539, 0.90391630532039369, 0.90401954711267118, 0.90367540780507949, 0.90315919884369189, 0.90401954711267118, 0.90395071925115289, 0.90470782572785469, 0.90398513318191209, 0.90377864959735699, 0.90388189138963448, 0.90391630532039369, 0.90422603069722629, 0.90432927248950379, 0.90556817399683387, 0.90463899786633628, 0.90446692821254049, 0.90470782572785469, 0.90515520682772388, 0.90432927248950379, 0.90457017000481799, 0.90422603069722629, 0.90463899786633628, 0.90470782572785469, 0.90460458393557708, 0.90525844862000138, 0.90518962075848308, 0.90481106752013218, 0.90522403468924217, 0.90505196503544638, 0.90512079289696468, 0.90553376006607478, 0.90501755110468718, 0.90522403468924217, 0.90512079289696468, 0.90460458393557708, 0.90601555509670317, 0.90525844862000138, 0.90436368642026288, 0.90487989538165048, 0.90604996902746227, 0.90501755110468718, 0.90525844862000138, 0.90539610434303808, 0.90525844862000138, 0.90522403468924217, 0.90549934613531557, 0.90536169041227887, 0.90518962075848308, 0.90477665358937298, 0.90460458393557708, 0.90584348544290727, 0.90477665358937298, 0.90629086654277646, 0.90453575607405878, 0.90563700185835228, 0.90601555509670317, 0.90563700185835228, 0.90532727648151967, 0.90570582971987057, 0.90518962075848308, 0.90536169041227887, 0.90501755110468718, 0.90522403468924217, 0.90604996902746227, 0.90525844862000138, 0.90498313717392798, 0.90549934613531557, 0.90525844862000138, 0.90518962075848308, 0.90594672723518477, 0.90539610434303808, 0.90532727648151967, 0.90567141578911148, 0.90498313717392798, 0.90574024365062977, 0.90549934613531557, 0.90546493220455637, 0.90529286255076058, 0.90446692821254049, 0.90515520682772388, 0.90532727648151967, 0.90508637896620547, 0.90505196503544638, 0.90522403468924217, 0.90601555509670317, 0.90608438295822147, 0.90580907151214807, 0.90587789937366647, 0.90622203868125817, 0.90536169041227887, 0.90563700185835228, 0.90567141578911148, 0.90567141578911148, 0.90536169041227887, 0.90505196503544638, 0.90567141578911148, 0.90584348544290727, 0.90570582971987057, 0.90587789937366647, 0.90563700185835228, 0.90532727648151967, 0.90601555509670317], "loss": [0.41239168145051225, 0.2670026979263585, 0.24338754044813779, 0.23422167150331796, 0.22949039568074991, 0.2266475499262407, 0.22478909283964621, 0.22358363016263461, 0.22270494331282342, 0.22216020834681247, 0.22153511059672906, 0.22110432838776284, 0.2206851133119295, 0.22055623901184113, 0.22018771876854532, 0.22005543847415709, 0.21985994517840116, 0.21972354418872531, 0.21953785188803285, 0.21920755529683011, 0.21917629991501306, 0.21906083747380467, 0.21907696527060921, 0.21896555816506116, 0.21897268389296923, 0.21872084568505221, 0.21889282210157723, 0.21873006097866241, 0.21860140610330112, 0.21876645435674183, 0.21851038240458848, 0.21846084468904106, 0.21831780510103105, 0.21836382330235221, 0.21835870473917959, 0.21816945368801868, 0.21796147431466739, 0.21791383714329365, 0.21787889037787575, 0.21786493022871473, 0.21771938350033437, 0.2175227859957399, 0.21781331511053867, 0.21749089586262169, 0.21752820426266276, 0.21739088393216024, 0.21717188509728691, 0.21732762272534634, 0.21724937623895546, 0.21702476739528703, 0.21717876306824657, 0.21713518851149952, 0.21720824168113764, 0.21690739421451807, 0.21701661508790115, 0.21688138670164633, 0.21703533605597486, 0.21680022048529898, 0.2170158542446001, 0.21687558997337586, 0.21673541864108067, 0.21694241124300481, 0.21685590162614043, 0.21660569770689456, 0.21669628397137966, 0.2167393174623703, 0.21673428975914891, 0.21659660271049505, 0.21667660031691005, 0.21639731708729174, 0.21671966949212543, 0.21655674895233326, 0.21656219571904739, 0.21655988106380367, 0.21651298709311681, 0.21654271850063325, 0.21650116602140917, 0.21630681828725887, 0.21646718458197584, 0.21645180933637459, 0.21640841075962722, 0.21630842116462592, 0.21633973907735984, 0.21619328841289098, 0.21634678075446323, 0.21633443726287327, 0.21637654813619711, 0.21632431944127992, 0.2162725792257843, 0.21609544332705655, 0.21621149933439085, 0.21619103778884666, 0.21625321505771911, 0.21614109662274458, 0.21624215145289161, 0.21603551763605042, 0.21599812188540038, 0.21623732956862596, 0.21603093798994666, 0.21603842692421998, 0.21604508143468334, 0.21593248579127797, 0.21596806639865307, 0.21602237993790152, 0.21606669175550183, 0.21601522202681786, 0.21588657235909914, 0.21584029748632769, 0.21584093400252005, 0.21576723426748887, 0.21586006644325301, 0.21590613714760387, 0.21568128398915545, 0.21589613987730136, 0.21564805302126655, 0.21562616789173258, 0.21578679434963838, 0.21566540729874981, 0.21566489952286369, 0.21574160489630934, 0.21551404738632973, 0.21572406265787974, 0.21548000656894459, 0.21561418669108232, 0.21554172745270511, 0.21539613566546556],