{"low_val_loss": 0.13298225913989781, "params": {"verbose": 1, "nb_epoch": 1000, "batch_size": 32, "metrics": ["loss", "acc", "val_loss", "val_acc"], "nb_sample": 94030, "do_validation": true}, "results": {"acc": [0.94342231202807614, 0.94587897479527805, 0.94818674890992238, 0.94897373178772737, 0.94952674678801274, 0.94997341274061464, 0.95034563437200892, 0.95079230032968198, 0.95081357013719026, 0.95103690311602684, 0.95124960119110924, 0.95097309369857319, 0.95088801446346916, 0.95153674359754159, 0.95170690205887531, 0.95144102945995113, 0.95137722004630088, 0.95188769542142759, 0.95167499734127403, 0.95187706051260235, 0.95182388600397394, 0.9518132510951488, 0.95166436243751995, 0.9521216632989471, 0.95246198021907902, 0.95189833032518167, 0.95224928214399662, 0.95234499627778368, 0.95217483782278889, 0.95210039349143893, 0.95198340955521465, 0.95217483782278889, 0.95210039349143893, 0.9520684887903188, 0.95215356801020956, 0.95230245666276725, 0.95196213974263533, 0.95235563118153777, 0.95233436138417182, 0.95222801234663057, 0.95221737743780532, 0.95201531426140595, 0.95206848878017658, 0.95191960012761889, 0.9522386472453136, 0.95205785388149355, 0.9521216632989471, 0.95187706051260235, 0.9523343613740296, 0.95236626608529196, 0.95227055195657595, 0.95228118685525898, 0.9522067425391223, 0.95214293310645537, 0.95240880570030839], "loss": [0.18406149384779688, 0.143981137022964, 0.14033593397177888, 0.13841556062723592, 0.13750915111876619, 0.13657617231150118, 0.13595057138492708, 0.13545332444160399, 0.13506092902549871, 0.13459738198143617, 0.13426285422359846, 0.13415368371798131, 0.13379204597426744, 0.13361948720400071, 0.13347641736788787, 0.1333122556711985, 0.13326871225799156, 0.13295724856388211, 0.13289388331426061, 0.13274100119542989, 0.1326131961475113, 0.13257356292894898, 0.13242366481479287, 0.13235675730884841, 0.1322771883005793, 0.13234259081776822, 0.13210648336621797, 0.1322644479231265, 0.13208880471090401, 0.13216779999760608, 0.13208419445802669, 0.1321346446759242, 0.13212548885785663, 0.13194947583515898, 0.13195862498902569, 0.1319486859530182, 0.13189901397564013, 0.13193233196386805, 0.13190341023616331, 0.1318541384105871, 0.13192994401205935, 0.13176826253219587, 0.13194529402481678, 0.13191991485611729, 0.13179940464258144, 0.13185763249961566, 0.13179857492867644, 0.13183024767835788, 0.13184432551355091, 0.13186584681297861, 0.13169448776304324, 0.13171461178832716, 0.13196142835432223, 0.13175097780951309, 0.13175912264444897], "val_acc": [0.94448698315467072, 0.94869831546707506, 0.94927258805513015, 0.94949591628381824, 0.95022970903522208, 0.95026161306789181, 0.94991066870852481, 0.95125063808065335, 0.95179300663603883, 0.95223966309341501, 0.95192062276671774, 0.95007018887187344, 0.94965543644716688, 0.95208014293006638, 0.95316488004083721, 0.95322868810617667, 0.95294155181214901, 0.95220775906074528, 0.9524629913221031, 0.95338820826952531, 0.95259060745278201, 0.95239918325676365, 0.95345201633486476, 0.95351582440020421, 0.95316488004083721, 0.95380296069423176, 0.95377105666156203, 0.95185681470137828, 0.95306916794282792, 0.95335630423685558, 0.9528139356814701, 0.95367534456355285, 0.95259060745278201, 0.95259060745278201, 0.95322868810617667, 0.95357963246554367, 0.95335630423685558, 0.95303726391015819, 0.95208014293006638, 0.95329249617151612, 0.95335630423685558, 0.95351582440020421, 0.95345201633486476, 0.95287774374680956, 0.95364344053088312, 0.95322868810617667, 0.95354772843287394, 0.95354772843287394, 0.95332440020418585, 0.95373915262889231, 0.95297345584481874, 0.95322868810617667, 0.95354772843287394, 0.95306916794282792, 0.9532605921388464], "val_loss": [0.14808213186125599, 0.14164126023551285, 0.13969068735316889, 0.13861365404289983, 0.13737557012912965, 0.13732371423650208, 0.13677057328445227, 0.13587268373837211, 0.13521731065918044, 0.1361987589002264, 0.13485293830362219, 0.13597004753007397, 0.13780857246386238, 0.13464702464423356, 0.13426068262399124, 0.13433168094268619, 0.13377099226344416, 0.13395160687550134, 0.13396836131347145, 0.13417675197048415, 0.13399391331352892, 0.1339150322862673, 0.13323633265721974, 0.13383411084106378, 0.1339002190449671, 0.13364991418172992, 0.13341452504806278, 0.13391878095708859, 0.13298225913989781, 0.13398503415446278, 0.13386959212795546, 0.13350845072199763, 0.13323553242626057, 0.13398674389061238, 0.1334741919673694, 0.13341162291190464, 0.13338061616265878, 0.1333314224330289, 0.13438594750033131, 0.13342137376227781, 0.13377227394396154, 0.13338722204366407, 0.13343391245142608, 0.13357850546022043, 0.13304791672629718, 0.13345796381080102, 0.133637773738285, 0.13325011174823478, 0.13307246108952531, 0.13434305246548575, 0.13328937852623027, 0.13344239856384127, 0.13311421767926873, 0.13327143688825485, 0.1333178740647023]}}