{"low_val_loss": 0.21191669504155411, "params": {"verbose": 1, "nb_epoch": 1000, "batch_size": 32, "metrics": ["loss", "acc", "val_loss", "val_acc"], "nb_sample": 29058, "do_validation": true}, "results": {"acc": [0.84327895932273389, 0.89489985546149076, 0.90054374010599492, 0.9018170555440842, 0.90302154312065519, 0.90467341179709548, 0.90470782572785469, 0.90508637896620547, 0.90518962075848308, 0.90546493220455637, 0.90515520682772388, 0.90587789937366647, 0.90536169041227887, 0.90574024365062977, 0.90563700185835228, 0.90577465758138898, 0.90574024365062977, 0.90611879688898067, 0.90591231330442568, 0.90518962075848308, 0.90773625163466176, 0.90673824764264577, 0.90577465758138898, 0.90635969440429487, 0.90618762475049897, 0.90601555509670317, 0.90587789937366647, 0.90625645261201737, 0.90639410833505407, 0.90646293619657237, 0.90567141578911148, 0.90732328446555166, 0.90687590336568247, 0.90684148943492326, 0.90718562874251496, 0.90639410833505407, 0.90691031729644156, 0.90704797301947826, 0.90763300984238415, 0.90656617798884986, 0.90777066556542085, 0.90701355908871917, 0.90649735012733157, 0.90766742377314336, 0.90646293619657237, 0.90732328446555166, 0.90711680088099667, 0.90653176405809066, 0.90725445660403337, 0.90818363273453095, 0.90711680088099667, 0.90797714914997596, 0.90722004267327416, 0.90770183770390256, 0.90756418198086586, 0.90680707550416406, 0.90849335811136345, 0.90722004267327416, 0.90777066556542085, 0.90770183770390256, 0.90673824764264577, 0.90770183770390256, 0.90756418198086586, 0.90770183770390256, 0.90804597701149425, 0.90711680088099667, 0.90715121481175576, 0.90694473122720076, 0.90766742377314336, 0.90852777204212265, 0.90808039094225346, 0.90773625163466176, 0.90797714914997596, 0.90801156308073505, 0.90711680088099667, 0.90887191134971435, 0.90818363273453095, 0.90825246059604925, 0.90804597701149425, 0.90742652625782916, 0.90814921880377175], "loss": [0.33512188378823782, 0.24200350257549921, 0.2331599543471487, 0.22818759794464646, 0.22541061127737191, 0.22360461989215, 0.22197067741681806, 0.22114521542458782, 0.22019205863174557, 0.21982238809816576, 0.21928831212280522, 0.21868737178357028, 0.21813989641481146, 0.21773123789558932, 0.2176124649642216, 0.21726025040979699, 0.2168755982979087, 0.21673275092570524, 0.21647394560669761, 0.21640139272974562, 0.21596620107498191, 0.21610964048846207, 0.21604912600125734, 0.21568414017530407, 0.21571826633136193, 0.21527031282197856, 0.21515247230386297, 0.21459675783334919, 0.21454961504485931, 0.214542167201629, 0.21423005674569473, 0.21412207038059161, 0.21388010062947557, 0.21383237119192822, 0.21328725659974537, 0.21358953427116462, 0.21321230083939885, 0.21290783973338803, 0.21294062234589767, 0.21265845381421727, 0.21244576330301118, 0.21266406994412743, 0.21234814011719971, 0.21198413375875597, 0.21230740581561838, 0.2119430494921328, 0.21202056060121247, 0.2118586278716994, 0.21199728520981789, 0.21163441930571325, 0.21155188227173252, 0.21190096531159469, 0.21155287772438222, 0.21157949360678716, 0.21160526879845751, 0.21127375347852723, 0.21107664341588409, 0.2111457761789137, 0.21126266552274575, 0.21115090195298547, 0.211150968213243, 0.21089793051669223, 0.21080030986886136, 0.21085564313655514, 0.21090898389131396, 0.21087785630203065, 0.21091721797544352, 0.21071453205587301, 0.21084477041385002, 0.21048874263548786, 0.21062755505109038, 0.21074782915490814, 0.21052257326922008, 0.21053890874692041, 0.21049036365338925, 0.21027041666931603, 0.21052929968456169, 0.21045510262423717, 0.21053797340957564, 0.21064734214006464, 0.2105776490537854], "val_acc": [0.88149065768077572, 0.89594301648758701, 0.89976256846446323, 0.90110457321309545, 0.90234334682721751, 0.90141426661662594, 0.90327242703780897, 0.90224011569270735, 0.90368535157584962, 0.9031691959032988, 0.90482089405546151, 0.90399504497938021, 0.90420150724840054, 0.90409827611389038, 0.90533704972801232, 0.90409827611389038, 0.90564674313154292, 0.90440796951742086, 0.90368535157584962, 0.90440796951742086, 0.90533704972801232, 0.90554351199703265, 0.9043047383829107, 0.90544028086252248, 0.90327242703780897, 0.90389181384487005, 0.90461443178644119, 0.90554351199703265, 0.90451120065193102, 0.90574997426605308, 0.90698874788017503, 0.90605966766958357, 0.90585320540056324, 0.90533704972801232, 0.90616289880409373, 0.90440796951742086, 0.90595643653507341, 0.9043047383829107, 0.90616289880409373, 0.90626612993860389, 0.90667905447664454, 0.90554351199703265, 0.90461443178644119, 0.90605966766958357, 0.90647259220762422, 0.90626612993860389, 0.90564674313154292, 0.90605966766958357, 0.90626612993860389, 0.90420150724840054, 0.90399504497938021, 0.905130587458992, 0.90657582334213438, 0.90657582334213438, 0.90626612993860389, 0.90554351199703265, 0.90585320540056324, 0.90647259220762422, 0.90554351199703265, 0.90667905447664454, 0.905130587458992, 0.90564674313154292, 0.90502735632448184, 0.905130587458992, 0.90626612993860389, 0.90616289880409373, 0.90544028086252248, 0.90616289880409373, 0.90698874788017503, 0.90492412518997167, 0.90502735632448184, 0.90564674313154292, 0.90605966766958357, 0.90585320540056324, 0.90564674313154292, 0.90389181384487005, 0.90667905447664454, 0.905130587458992, 0.90564674313154292, 0.90523381859350216, 0.90595643653507341], "val_loss": [0.25004082966776248, 0.23524548308551774, 0.22761476801634697, 0.2235519184445503, 0.22164346908555749, 0.21974327451300177, 0.21822212566787447, 0.21849737351211684, 0.2174428354922224, 0.21764702324750587, 0.21722369590225979, 0.21567570476496542, 0.21763787656804043, 0.21669173638764286, 0.21496761547863219, 0.21492362234064999, 0.2153623933434991, 0.21487524434485719, 0.21495596783761947, 0.2146273141485921, 0.21556609437366481, 0.21460779404583591, 0.21399002579991952, 0.21609849431781292, 0.21483902608116456, 0.21383762164874948, 0.21351156528734183, 0.2142768793274919, 0.21452508165800155, 0.21353614308448401, 0.21327629764468675, 0.21375476135070004, 0.21411623901364432, 0.21309526930581899, 0.21278369440879322, 0.21519307840642046, 0.2128602476069294, 0.21306629136975389, 0.21271022784152463, 0.21221490504757173, 0.21208896838290853, 0.21312738541997081, 0.21266644292908013, 0.21364508957652173, 0.21263749029437762, 0.21223373102110532, 0.21232955774754406, 0.21275895873041017, 0.21364046813066595, 0.21413654899331355, 0.21426662163701457, 0.21308501495952711, 0.21230270632578147, 0.21219244429210374, 0.21191669504155411, 0.21296800750690287, 0.21374982159192119, 0.21267605162299405, 0.2130980170633299, 0.21417371453214532, 0.2126061352269992, 0.21423353649359733, 0.21334100253837721, 0.2138972650793077, 0.21286442434688072, 0.21231708552331099, 0.21351855014935112, 0.21420234669420241, 0.21324253666507972, 0.21446569124106912, 0.21311834384699263, 0.21375670131667796, 0.21236118519836575, 0.2126978904799533, 0.21269406534095317, 0.21606446256378653, 0.21277411688317993, 0.21371796549972494, 0.2125729693862643, 0.21213632521460002, 0.21278405597461714]}}