{"low_val_loss": 0.21249786406044768, "params": {"verbose": 1, "nb_epoch": 1000, "batch_size": 32, "metrics": ["loss", "acc", "val_loss", "val_acc"], "nb_sample": 29058, "do_validation": true}, "results": {"acc": [0.83942459907770661, 0.8900130772936885, 0.90050932617523571, 0.9026429898823044, 0.90253974809002679, 0.9027118177438227, 0.90340009635900609, 0.90429485855874459, 0.90391630532039369, 0.90463899786633628, 0.90381306352811619, 0.90487989538165048, 0.90491430931240968, 0.90460458393557708, 0.90505196503544638, 0.90494872324316888, 0.90477665358937298, 0.90525844862000138, 0.90518962075848308, 0.90543051827379728, 0.90515520682772388, 0.90546493220455637, 0.90598114116594397, 0.90594672723518477, 0.90477665358937298, 0.90584348544290727, 0.90563700185835228, 0.90570582971987057, 0.90608438295822147, 0.90608438295822147, 0.90622203868125817, 0.90598114116594397, 0.90611879688898067, 0.90708238695023746, 0.90591231330442568, 0.90660059191960907, 0.90598114116594397, 0.90574024365062977, 0.90629086654277646, 0.90656617798884986, 0.90639410833505407, 0.90635969440429487, 0.90611879688898067, 0.90660059191960907, 0.90725445660403337, 0.90663500585036827, 0.90663500585036827, 0.90598114116594397, 0.90697914515795997, 0.90684148943492326, 0.90598114116594397, 0.90735769839631086, 0.90715121481175576, 0.90783949342693926, 0.90663500585036827, 0.90684148943492326, 0.90691031729644156, 0.90704797301947826, 0.90691031729644156, 0.90677266157340486, 0.90660059191960907, 0.90746094018858836, 0.90783949342693926, 0.90742652625782916, 0.90660059191960907, 0.90691031729644156, 0.90773625163466176, 0.90708238695023746, 0.90715121481175576, 0.90680707550416406, 0.90749535411934756, 0.90718562874251496, 0.90749535411934756, 0.90763300984238415, 0.90752976805010666, 0.90756418198086586, 0.90742652625782916, 0.90656617798884986, 0.90797714914997596, 0.90677266157340486, 0.90763300984238415, 0.90752976805010666, 0.90766742377314336, 0.90677266157340486, 0.90701355908871917, 0.90715121481175576, 0.90715121481175576, 0.90715121481175576, 0.90770183770390256, 0.90701355908871917, 0.90770183770390256, 0.90742652625782916, 0.90821804666529016, 0.90684148943492326, 0.90759859591162506, 0.90749535411934756, 0.90694473122720076, 0.90746094018858836, 0.90635969440429487, 0.90687590336568247, 0.90711680088099667, 0.90708238695023746, 0.90818363273453095, 0.90701355908871917, 0.90756418198086586, 0.90739211232706996, 0.90670383371188656, 0.90711680088099667, 0.90746094018858836, 0.90756418198086586, 0.90759859591162506, 0.90808039094225346, 0.90718562874251496, 0.90773625163466176, 0.90715121481175576, 0.90756418198086586, 0.90728887053479246, 0.90790832128845755, 0.90752976805010666], "loss": [0.35212717763784707, 0.24443034307106995, 0.23402609052319148, 0.22885182254016784, 0.22584941718819398, 0.22419096634814462, 0.22287174231852314, 0.22193449957392275, 0.22124792751027644, 0.22075570434161643, 0.22025473091532882, 0.21956227018570768, 0.21917927627554695, 0.21868007753443203, 0.2185282362094888, 0.21830675015796344, 0.21803208782019151, 0.21788218643624505, 0.21743009793164766, 0.21736921041939999, 0.21723800363457943, 0.21719033447601876, 0.21677298993908109, 0.21663518761667908, 0.21644335860981731, 0.21627971103154131, 0.21619864017944621, 0.21608843537115069, 0.21565265770568673, 0.21587318097070651, 0.21530863273195511, 0.21519006954367453, 0.21543727533055793, 0.21493803610106904, 0.21512914378927009, 0.2149509170436672, 0.21482224673724026, 0.21490216649453647, 0.21454234099415198, 0.21466021101376426, 0.21448552644386518, 0.21447133857538142, 0.21422699334222833, 0.21442827147806212, 0.21414277870975953, 0.21416900628156305, 0.21410352182828091, 0.21427958007442688, 0.21415935195394009, 0.21391692065316342, 0.21396729233682718, 0.21387187440184982, 0.21391831325687982, 0.21377142256029849, 0.21379422871127363, 0.21364867777889712, 0.21368189089423423, 0.21355472223920252, 0.21361536116612528, 0.21357150508454273, 0.21337531909043511, 0.21334718418393273, 0.21335972072958528, 0.21333583034367298, 0.21337368960156231, 0.21336812787673307, 0.21317081966192727, 0.21303163183280865, 0.21313963037875722, 0.21306609894093942, 0.21300508109277685, 0.21300283455023175, 0.21295728423674812, 0.21291773254554194, 0.2129868946775155, 0.21295347399032732, 0.21307013446607567, 0.21287779885293759, 0.21292587224790643, 0.21292101866889035, 0.2129763889947805, 0.21272313149957583, 0.21278948662523739, 0.21292376240807817, 0.2129315341222113, 0.21292961370108895, 0.21288150803204942, 0.2128156240598999, 0.21290343356519584, 0.21287649308663803, 0.21274910551017079, 0.2125989875836779, 0.2128343744969711, 0.21263039036323753, 0.21248852743466762, 0.21284228220253298, 0.21280805327260277, 0.21270161445101127, 0.21269332475165917, 0.21263278865821059, 0.21269893814851351, 0.21276388196272716, 0.2124768928492321, 0.21260499630744642, 0.21248598312267425, 0.21267382990625541, 0.21259523498125041, 0.2126199009229118, 0.21242203372007895, 0.21252253076043787, 0.21280162480920481, 0.21231650031210264, 0.21249848729558071, 0.21265651609032787, 0.21224344123001807, 0.21251705357301559, 0.21234217619050214, 0.21246032588226443, 0.21236814205399568], "val_acc": [0.83606895842861806, 0.8946010117635671, 0.89996903073348367, 0.89955610619544291, 0.90254980909623783, 0.9015174977511361, 0.90213688455819718, 0.90193042228917686, 0.90296273363427848, 0.90347888930682929, 0.90368535157584962, 0.90420150724840054, 0.90389181384487005, 0.90399504497938021, 0.90337565817231913, 0.90451120065193102, 0.90327242703780897, 0.90399504497938021, 0.90358212044133945, 0.90358212044133945, 0.90451120065193102, 0.90533704972801232, 0.90523381859350216, 0.90409827611389038, 0.90368535157584962, 0.90378858271035989, 0.90368535157584962, 0.90564674313154292, 0.9043047383829107, 0.90451120065193102, 0.90502735632448184, 0.90378858271035989, 0.90420150724840054, 0.9043047383829107, 0.90461443178644119, 0.90502735632448184, 0.90502735632448184, 0.90471766292095135, 0.90451120065193102, 0.90523381859350216, 0.90358212044133945, 0.90544028086252248, 0.90533704972801232, 0.90502735632448184, 0.905130587458992, 0.9043047383829107, 0.90502735632448184, 0.90523381859350216, 0.90502735632448184, 0.90626612993860389, 0.90533704972801232, 0.90554351199703265, 0.90451120065193102, 0.9043047383829107, 0.905130587458992, 0.905130587458992, 0.90647259220762422, 0.90502735632448184, 0.90585320540056324, 0.90554351199703265, 0.90544028086252248, 0.90502735632448184, 0.90492412518997167, 0.90471766292095135, 0.90420150724840054, 0.90574997426605308, 0.90502735632448184, 0.90554351199703265, 0.90564674313154292, 0.9043047383829107, 0.90492412518997167, 0.90523381859350216, 0.905130587458992, 0.90564674313154292, 0.90554351199703265, 0.90554351199703265, 0.90657582334213438, 0.905130587458992, 0.90585320540056324, 0.90420150724840054, 0.905130587458992, 0.90585320540056324, 0.90482089405546151, 0.90657582334213438, 0.90492412518997167, 0.90275627136525816, 0.90595643653507341, 0.90554351199703265, 0.90440796951742086, 0.90574997426605308, 0.90595643653507341, 0.90378858271035989, 0.90729844128370551, 0.90626612993860389, 0.905130587458992, 0.90564674313154292, 0.90533704972801232, 0.90574997426605308, 0.90605966766958357, 0.90616289880409373, 0.90523381859350216, 0.90647259220762422, 0.90554351199703265, 0.90554351199703265, 0.90492412518997167, 0.90564674313154292, 0.90358212044133945, 0.90564674313154292, 0.90554351199703265, 0.90595643653507341, 0.9067822856111547, 0.90616289880409373, 0.90533704972801232, 0.90595643653507341, 0.90451120065193102, 0.90564674313154292, 0.90461443178644119, 0.90482089405546151, 0.905130587458992],