{"low_val_loss": 0.12689958358085568, "params": {"verbose": 1, "nb_epoch": 1000, "batch_size": 32, "metrics": ["loss", "acc", "val_loss", "val_acc"], "nb_sample": 94030, "do_validation": true}, "results": {"acc": [0.94333723280311432, 0.94724024247580563, 0.94919706477163501, 0.95001595236070235, 0.95010103159073522, 0.95066468148463257, 0.9511113474435734, 0.95153674359247054, 0.95117515686990151, 0.95200467935765176, 0.95193023503644403, 0.9524726151228331, 0.95237690098904604, 0.95265340848792102, 0.95262150378553312, 0.95244071041157075, 0.95281293204296502, 0.95278102733677372, 0.95332340742823396, 0.95284483675422738, 0.95298309050810204, 0.95283420185047329, 0.95266404339547839, 0.95278102733677372, 0.95262150377539079, 0.95264277358797023, 0.95290864617801985, 0.95301499522443556, 0.95302563012438635, 0.9528235669467191, 0.95281293204803608, 0.95297245559927679, 0.95300436031053914, 0.95299372541185623, 0.95291928108050628, 0.95335531213949631, 0.95257896417051657, 0.95277039242794848, 0.95295118579176863, 0.95321705838562165, 0.95333404233198804, 0.95305753483438094, 0.95285547165798146, 0.95323832819820098, 0.95302563011804742, 0.95284483675422738, 0.95330213761311899, 0.95311070935315156, 0.95339785175958391, 0.95344039136952929, 0.95336594703817934, 0.953153248968168, 0.95305753482930977, 0.95320642348186746, 0.952898011272998, 0.95333404232818475, 0.95338721685075867, 0.95308943954564329, 0.95308943955071435, 0.95317451877060511, 0.95355737531082463, 0.95321705838308601, 0.95349356588322876, 0.95320642348186746, 0.95323832819312981, 0.95322769328937573, 0.95315324896309683, 0.95324896309688401, 0.95328086780814636, 0.95336594704325039, 0.95316388386685102, 0.95337658194700459, 0.95351483569580808, 0.95335531213949631, 0.95312134425183448, 0.95327023290439217, 0.9533872168456875, 0.95371689887220756, 0.95356801021457871, 0.95332340742823396, 0.95355737531082463, 0.95301499522443556, 0.95350420078698284, 0.95355737530575346, 0.95329150271697161, 0.95321705838562165, 0.95335531214456737, 0.9533872168456875, 0.95342975647084627, 0.95344039136445813, 0.95388705732720236, 0.95366372434836577, 0.95354674040707044, 0.95356801020950765, 0.95356801020950765, 0.95347229607572048, 0.95345102627328338, 0.95328086780814636, 0.95347229607572048, 0.95353610549824519, 0.95335531213442515, 0.95368499415080299, 0.95351483569580808, 0.95346166117323417, 0.9533872168456875, 0.95339785175451275, 0.95349356588322876, 0.95314261406441392, 0.9531107093480804, 0.95369562905455707, 0.95306816973306396, 0.95347229608079165, 0.9533872168456875, 0.95321705838562165], "loss": [0.17315240492864986, 0.14209899355079073, 0.13890719587791731, 0.13749155354103001, 0.13621132031541092, 0.13553546898187435, 0.13501685973616162, 0.13426785635253122, 0.13385369911588635, 0.13325449769783024, 0.13279261403827733, 0.13241586953363532, 0.13224613528695117, 0.13184081572941436, 0.1314452996003454, 0.13116952734184711, 0.13066107847353542, 0.13048216339522037, 0.13020015946017621, 0.12998461708423306, 0.12966685030677907, 0.12960453526946214, 0.12912652780023848, 0.12910099658739893, 0.12884805386644924, 0.12886729785816145, 0.12868763971338879, 0.12847230639433488, 0.12831426998246773, 0.12818368599912239, 0.12805609973291127, 0.12776737775548414, 0.12771042551174577, 0.12751768952774187, 0.1272311049385057, 0.12718329134043715, 0.1269890040162395, 0.12697601875413686, 0.12683931292117587, 0.1266888823560276, 0.12672948093965411, 0.12674054270739962, 0.12666809240489402, 0.12660330065758726, 0.12650940958878987, 0.12650310707104329, 0.12624041979064157, 0.12630548416002499, 0.126238644246052, 0.12622893062580345, 0.12629317159232695, 0.1262692041364703, 0.126131279445336, 0.12618581588523356, 0.12604220674926772, 0.12597735825370224, 0.12608874320498961, 0.12587580575748261, 0.12584978098642643, 0.12586762720322203, 0.12566726899306774, 0.12558700516257376, 0.12561732777652368, 0.12578936818530334, 0.12580951842663929, 0.12558131493666852, 0.12572978932086007, 0.12549773498428296, 0.12554714468280159, 0.12543806542785932, 0.12552717638845906, 0.12530300432867056, 0.12528699081774203, 0.12536579024442443, 0.12540440632965949, 0.12539685091765829, 0.12525366015631659, 0.12525574875856654, 0.12533986710854239, 0.12526174013847671, 0.12532506995453779, 0.12513343974588198, 0.12505725952326668, 0.12527230876447115, 0.12529244999419398, 0.12507406740391824, 0.12505068629045099, 0.12510956943801341, 0.1250600360989203, 0.12500140336087115, 0.12509533690383151, 0.1251400562511357, 0.12497282329596929, 0.12493449258817634, 0.12500918832931743, 0.12499540468988286, 0.12491306748071225, 0.124908425890311, 0.12500185878254258, 0.12500704352803449, 0.12506193352131645, 0.12492953045047066, 0.1248194085455671, 0.12482174685517866, 0.1247903799040513, 0.12486446128365183, 0.12495034135229141, 0.12488113485897119, 0.12486234890515154, 0.12494588841466363, 0.12499058532401702, 0.1248516342151321, 0.12478816568355056, 0.12480629605998717], "val_acc": [0.94448698315467072, 0.94917687595712097, 0.95099540581929554, 0.95128254211332308, 0.95144206227667172, 0.95080398162327717, 0.9524629913221031, 0.95239918325676365, 0.95243108728943338, 0.9532605921388464, 0.95255870342011228, 0.95249489535477283, 0.95268631955079119, 0.95329249617151612, 0.95230347115875447, 0.95294155181214901, 0.95125063808065335, 0.95313297600816749, 0.9528139356814701, 0.95243108728943338, 0.95345201633486476, 0.95329249617151612, 0.95335630423685558, 0.95316488004083721, 0.95236727922409392, 0.95357963246554367, 0.95297345584481874, 0.9532605921388464, 0.95335630423685558, 0.95338820826952531, 0.95316488004083721, 0.95364344053088312, 0.95322868810617667, 0.9536115364982134, 0.95409009698825931, 0.95354772843287394, 0.95313297600816749, 0.95265441551812147, 0.95364344053088312, 0.95319678407350694, 0.95383486472690149, 0.95351582440020421, 0.95399438489025012, 0.9536115364982134, 0.95354772843287394, 0.95440913731495658, 0.95386676875957122, 0.95428152118427767, 0.95239918325676365, 0.95322868810617667, 0.95370724859622258, 0.95265441551812147, 0.95204823889739665, 0.95345201633486476, 0.95329249617151612, 0.95262251148545174, 0.95329249617151612, 0.95300535987748847, 0.95338820826952531, 0.95377105666156203, 0.95351582440020421, 0.95345201633486476, 0.95348392036753449, 0.95303726391015819, 0.95380296069423176, 0.9536115364982134, 0.95351582440020421, 0.95278203164880038, 0.95297345584481874, 0.95300535987748847, 0.95351582440020421, 0.95342011230219503, 0.95252679938744256, 0.95377105666156203, 0.95370724859622258, 0.95351582440020421, 0.95310107197549765, 0.95367534456355285, 0.95278203164880038, 0.95498340990301178, 0.95405819295558958, 0.95370724859622258, 0.95380296069423176, 0.95351582440020421, 0.95380296069423176, 0.95399438489025012, 0.95364344053088312, 0.95405819295558958, 0.95322868810617667, 0.95402628892291985, 0.9524629913221031, 0.95357963246554367, 0.95367534456355285, 0.95357963246554367, 0.95303726391015819, 0.95310107197549765, 0.95367534456355285, 0.95373915262889231, 0.95383486472690149, 0.95415390505359876, 0.95418580908626849, 0.95412200102092903, 0.95335630423685558, 0.95322868810617667, 0.95393057682491067, 0.95386676875957122, 0.95380296069423176, 0.95354772843287394, 0.95345201633486476, 0.95227156712608474, 0.95310107197549765, 0.95386676875957122, 0.95364344053088312, 0.95351582440020421],