{"low_val_loss": 0.13355229450689249, "params": {"verbose": 1, "nb_epoch": 1000, "batch_size": 32, "metrics": ["loss", "acc", "val_loss", "val_acc"], "nb_sample": 94030, "do_validation": true}, "results": {"acc": [0.9433053280867808, 0.94365627991573797, 0.94737849623475145, 0.94881420823648666, 0.94937785813545505, 0.95007976178322706, 0.94993087312559821, 0.95005849197064762, 0.95042007870335887, 0.95036690417951719, 0.95051579283334264, 0.95059023715835367, 0.95083483994469853, 0.95073912581091136, 0.95086674465722865, 0.95098372860232727, 0.95087737955971496, 0.95098372860359515, 0.95107944273104328, 0.95104753801978092, 0.95105817292860617, 0.95102626821734382, 0.95119642667360638, 0.95111134744230563, 0.95110071254362261, 0.95085610975727786, 0.95116452196614742, 0.95105817292353501, 0.95134531533123523, 0.95086674465596088, 0.95144102946375453, 0.95116452196234402, 0.95151547378496226, 0.95147293416994572, 0.95138785493991285, 0.95153674359247054, 0.95168563225517044, 0.95168563225009928, 0.95148356907369991, 0.95165372753376587, 0.9516324577262576, 0.95182388599383172, 0.9516324577262576, 0.95195150483888125, 0.95145166436243755, 0.95188769541635643, 0.95158991811631222, 0.95152610868871634, 0.95168563225009928, 0.95177071148013226, 0.95176007657130701, 0.95224928215413884, 0.95186642560884827, 0.9519089652238647, 0.95199404446023661, 0.95191960012761889, 0.95162182282757457, 0.95168563225136704, 0.95182388599383172, 0.95189833032011062, 0.95164309263508284, 0.95157928320875473, 0.95210039349650999, 0.95183452089758591, 0.95184515580133999, 0.95178134638388634, 0.95176007657257478, 0.95185579070509407, 0.95172817186004466, 0.95158991811631222, 0.9516749973463452, 0.95191960012761889, 0.95225991705282187, 0.95184515580133999, 0.95174944167262399, 0.9519089652238647, 0.95170690205760755, 0.95181325109007764, 0.95178134637881529, 0.95164309263001168, 0.95168563224502822, 0.95211102839519302, 0.95156864830880394, 0.95168563224502822, 0.9518132510951488, 0.95184515580133999, 0.95182388599509948, 0.95173880676379874, 0.95165372753376587, 0.9519089652238647, 0.95168563225009928, 0.95156864830373289, 0.95194086994019822, 0.95149420397745399, 0.95183452090265697, 0.95156864830373289, 0.95182388599383172, 0.95196213974263533, 0.95168563224502822, 0.95154737849622462, 0.95169626715385347, 0.95187706051260235, 0.95193023503644403, 0.95154737849749238, 0.95149420397745399, 0.95169626715385347], "loss": [0.21626299010284858, 0.14916618095995529, 0.1421131640688531, 0.13983575074574828, 0.13862232065408087, 0.13778638467184726, 0.13727174262255415, 0.13681924934965964, 0.13649917615086909, 0.13625898810158407, 0.13601696252043191, 0.13576456347903737, 0.13546316157873928, 0.13535249414498673, 0.13530668593284667, 0.13502553322746769, 0.13493755271979802, 0.13482761656199696, 0.13470039613959742, 0.13470333625151351, 0.13459947114452001, 0.13472335437067287, 0.13443840641227667, 0.13440935251414046, 0.13439232909583063, 0.13425500970371451, 0.13421503824891909, 0.13422831544708244, 0.13419337447415347, 0.13417537952255762, 0.13407728043747852, 0.13401330048595733, 0.1339790852585005, 0.13394730655652951, 0.13399157376721618, 0.13387820643948187, 0.1338489184704573, 0.13385654074656611, 0.13382184218492874, 0.13373934384346275, 0.13371845306021399, 0.13361650640040948, 0.13371557068564238, 0.13350453539552884, 0.13362554447246233, 0.13358381497358232, 0.13342799364373137, 0.13346543484173798, 0.13339553176469274, 0.13334437188354945, 0.13336541940108787, 0.13326337427157589, 0.13320479447377256, 0.13324031523360219, 0.13322471919420309, 0.13306808420239541, 0.13308145250603326, 0.13315081002863621, 0.13310660539914207, 0.13306920563557084, 0.13296369125532315, 0.13296792013910391, 0.13287343719716049, 0.13287721548063455, 0.13279288560635394, 0.13292518887325358, 0.13276823148801709, 0.13279028516601504, 0.13267330105032082, 0.13277169149042153, 0.13268337448163323, 0.13274017668092561, 0.13271721405519218, 0.1327837191293921, 0.13269169995673954, 0.13269579721507552, 0.13265966716696198, 0.13261659845010937, 0.13267525351898196, 0.13266320999204245, 0.13259864396698029, 0.13252697743488906, 0.13264659218815786, 0.13266154332014141, 0.13259025966913207, 0.13263394522860902, 0.13258646466206403, 0.13257151620137075, 0.13267649616505331, 0.13253523866947783, 0.13260763428204367, 0.13253315977508953, 0.13261771234098829, 0.13257224599893302, 0.13258508043420147, 0.13250488474383501, 0.13254941872880774, 0.13254096384694966, 0.13250010775071971, 0.13255918306292314, 0.13249003625760417, 0.13252308583650693, 0.13260097646255589, 0.1325370093048297, 0.13250163323368264, 0.13248613120840039], "val_acc": [0.94448698315467072, 0.94448698315467072, 0.94924068402246042, 0.94952782031648797, 0.95038922919857072, 0.95064446145992854, 0.95051684532924963, 0.9517611026033691, 0.95089969372128635, 0.95121873404798363, 0.95134635017866254, 0.95163348647269019, 0.95163348647269019, 0.95182491066870856, 0.95195252679938747, 0.95230347115875447, 0.95220775906074528, 0.95109111791730472, 0.9521120469627361, 0.95233537519142419, 0.9517611026033691, 0.95128254211332308, 0.95278203164880038, 0.95227156712608474, 0.95255870342011228, 0.95201633486472692, 0.95278203164880038, 0.95109111791730472, 0.95128254211332308, 0.95125063808065335, 0.95179300663603883, 0.95249489535477283, 0.95201633486472692, 0.9511868300153139, 0.95239918325676365, 0.95239918325676365, 0.95208014293006638, 0.95195252679938747, 0.95233537519142419, 0.95316488004083721, 0.95243108728943338, 0.95290964777947929, 0.95287774374680956, 0.95236727922409392, 0.95271822358346092, 0.95236727922409392, 0.95169729453802965, 0.95271822358346092, 0.95287774374680956, 0.95297345584481874, 0.95252679938744256, 0.95239918325676365, 0.95265441551812147, 0.95322868810617667, 0.95310107197549765, 0.95338820826952531, 0.95255870342011228, 0.95287774374680956, 0.95275012761613065, 0.95300535987748847, 0.95255870342011228, 0.95297345584481874, 0.95150587034201128, 0.95287774374680956, 0.95306916794282792, 0.95278203164880038, 0.95239918325676365, 0.95236727922409392, 0.95192062276671774, 0.9528139356814701, 0.95268631955079119, 0.95243108728943338, 0.95271822358346092, 0.95290964777947929, 0.95243108728943338, 0.95249489535477283, 0.95300535987748847, 0.95300535987748847, 0.95262251148545174, 0.95319678407350694, 0.95188871873404801, 0.95227156712608474, 0.95265441551812147, 0.95271822358346092, 0.95290964777947929, 0.95262251148545174, 0.95300535987748847, 0.9521120469627361, 0.95262251148545174, 0.95332440020418585, 0.95239918325676365, 0.95259060745278201, 0.95268631955079119, 0.95297345584481874, 0.95252679938744256, 0.95255870342011228, 0.95147396630934145, 0.95214395099540583, 0.95275012761613065, 0.95204823889739665, 0.9528139356814701, 0.95230347115875447, 0.95255870342011228, 0.95249489535477283, 0.95239918325676365, 0.95329249617151612],