{"low_val_loss": 0.21176928710651999, "params": {"verbose": 1, "nb_epoch": 1000, "batch_size": 32, "metrics": ["loss", "acc", "val_loss", "val_acc"], "nb_sample": 29058, "do_validation": true}, "results": {"acc": [0.84627297129878176, 0.89328240071580978, 0.90068139582903162, 0.9031247849129328, 0.9032280267052103, 0.90398513318191209, 0.90432927248950379, 0.90446692821254049, 0.90408837497418959, 0.90474223965861378, 0.90604996902746227, 0.90532727648151967, 0.90604996902746227, 0.90598114116594397, 0.90598114116594397, 0.90604996902746227, 0.90611879688898067, 0.90663500585036827, 0.90594672723518477, 0.90591231330442568, 0.90687590336568247, 0.90670383371188656, 0.90635969440429487, 0.90670383371188656, 0.90715121481175576, 0.90691031729644156, 0.90635969440429487, 0.90832128845756765, 0.90625645261201737, 0.90759859591162506, 0.90790832128845755, 0.90777066556542085, 0.90711680088099667, 0.90766742377314336, 0.90691031729644156, 0.90749535411934756, 0.90783949342693926, 0.90856218597288185, 0.90783949342693926, 0.90780507949618006, 0.90752976805010666, 0.90801156308073505, 0.90832128845756765, 0.90722004267327416, 0.90797714914997596, 0.90732328446555166, 0.90715121481175576, 0.90697914515795997, 0.90821804666529016, 0.90783949342693926, 0.90777066556542085, 0.90818363273453095, 0.90835570238832675, 0.90839011631908595, 0.90856218597288185, 0.90794273521921676, 0.90749535411934756, 0.90718562874251496, 0.90770183770390256, 0.90773625163466176, 0.90856218597288185, 0.90783949342693926, 0.90752976805010666, 0.90849335811136345, 0.90808039094225346, 0.90869984169591855, 0.90842453024984515, 0.90794273521921676, 0.90818363273453095, 0.90842453024984515, 0.90794273521921676, 0.90797714914997596], "loss": [0.32863200416834482, 0.24233526257279242, 0.23270389073992376, 0.22769967558436618, 0.22486222277480875, 0.22327658593843347, 0.22191961497807874, 0.22120370112230808, 0.21977011490602583, 0.21868087385654639, 0.21758476509834748, 0.21704643025714307, 0.21654289810762442, 0.21626333924036933, 0.21577361447204454, 0.2153594691004245, 0.21508353539116326, 0.21492954506410206, 0.21472221435704017, 0.21449591381933908, 0.21441381619038735, 0.21435799091998983, 0.21414520818376293, 0.21371426169793026, 0.21368186054698074, 0.21359277683112074, 0.21372423266702364, 0.21293056123383008, 0.21320890447852897, 0.21309828826135463, 0.21269926164134895, 0.21266916280130824, 0.21271698430495414, 0.2122831088375082, 0.2122957149009119, 0.21231628320272761, 0.21202794059170557, 0.2119514501421374, 0.2119929122575275, 0.21202652938174549, 0.21169629383275132, 0.21185124186280097, 0.21168994804284916, 0.21187676602888766, 0.21122606870696442, 0.2116872137756651, 0.21135318648123205, 0.21116614251071469, 0.21122619812971333, 0.21148277776388499, 0.2110943590460776, 0.21071589100654722, 0.21108198002718198, 0.21106701596604219, 0.21079778381413011, 0.21087182228436727, 0.21092594770837841, 0.21054151367276375, 0.21082979190201839, 0.2105215404708172, 0.21049561318718021, 0.21011628938628715, 0.2104541886041732, 0.21012832633041395, 0.21013348367647483, 0.21006860051292917, 0.21005954705946026, 0.20993939424645786, 0.21027062135326846, 0.20990154248478901, 0.20984272636027421, 0.20985428641484027], "val_acc": [0.88427789831255021, 0.89511716743611791, 0.89924641279191242, 0.90120780434760561, 0.9006916486750548, 0.90254980909623783, 0.90296273363427848, 0.90533704972801232, 0.90399504497938021, 0.90440796951742086, 0.90420150724840054, 0.9043047383829107, 0.90595643653507341, 0.90502735632448184, 0.90554351199703265, 0.90440796951742086, 0.90533704972801232, 0.90616289880409373, 0.90523381859350216, 0.90564674313154292, 0.90420150724840054, 0.90492412518997167, 0.90574997426605308, 0.90564674313154292, 0.90564674313154292, 0.90616289880409373, 0.90616289880409373, 0.90358212044133945, 0.90605966766958357, 0.90626612993860389, 0.90523381859350216, 0.90657582334213438, 0.90523381859350216, 0.90564674313154292, 0.90492412518997167, 0.90471766292095135, 0.90482089405546151, 0.90533704972801232, 0.90409827611389038, 0.90595643653507341, 0.90554351199703265, 0.90544028086252248, 0.90544028086252248, 0.90667905447664454, 0.90368535157584962, 0.90667905447664454, 0.90585320540056324, 0.90616289880409373, 0.90523381859350216, 0.90461443178644119, 0.90502735632448184, 0.90636936107311405, 0.90564674313154292, 0.90585320540056324, 0.90616289880409373, 0.90574997426605308, 0.90544028086252248, 0.9043047383829107, 0.90492412518997167, 0.9043047384075229, 0.90554351199703265, 0.90461443178644119, 0.90471766292095135, 0.90368535157584962, 0.90378858271035989, 0.90574997426605308, 0.90399504497938021, 0.90420150724840054, 0.90451120065193102, 0.90409827611389038, 0.905130587458992, 0.90523381859350216], "val_loss": [0.24965121484066147, 0.23383616073293756, 0.22735294053290445, 0.22342011009168855, 0.22138371092992337, 0.2203578567915907, 0.22026357600794028, 0.21763031618925174, 0.21709884263985024, 0.21629691725731193, 0.21671055718030405, 0.21542369973257106, 0.21449691099968934, 0.2147233798935328, 0.21493735714102474, 0.2142228381582319, 0.21285854482891955, 0.21435522407991692, 0.21533192967536638, 0.21387862794611173, 0.21603880469011696, 0.21356072327208811, 0.21392912138993739, 0.21469088162235817, 0.21325093335173528, 0.21340324678841396, 0.2132875333078951, 0.21468760224088643, 0.2155076275610685, 0.2132221370077089, 0.21467630677613556, 0.21278878601266588, 0.21280646625349761, 0.21257414620420051, 0.21270144458610576, 0.21301626894537282, 0.21293116218228822, 0.21319296098018783, 0.21534843638399331, 0.21334868516298816, 0.2123966255928324, 0.21216411383895051, 0.21272389802251473, 0.21251652659037859, 0.21454502675842671, 0.21176928710651999, 0.21321308066432193, 0.21193920105274242, 0.21320967663733648, 0.21203078788119573, 0.21216788473261686, 0.21357887897794678, 0.21236213676526081, 0.21276315050227509, 0.21267458335637332, 0.21234270507267683, 0.21269404418367319, 0.21326188842640137, 0.21328869117134505, 0.21447096690127906, 0.21237790862374648, 0.2123497232750152, 0.21245199488057703, 0.2161836993328814, 0.21509544847180653, 0.21282390904793297, 0.21305136441802958, 0.21450809243602306, 0.21408635720609082, 0.2138663229680694, 0.21369162887639401, 0.21294435979941687]}}