{"low_val_loss": 0.13191422149672108, "params": {"verbose": 1, "nb_epoch": 1000, "batch_size": 32, "metrics": ["loss", "acc", "val_loss", "val_acc"], "nb_sample": 94030, "do_validation": true}, "results": {"acc": [0.9435180261618632, 0.9457088163352122, 0.94842071679758411, 0.94963309582175059, 0.95038817398702546, 0.95033499947332589, 0.95052642774090013, 0.95094118898731084, 0.95106880783236025, 0.95120706157609269, 0.95182388599890289, 0.95163245773132865, 0.95183452090265697, 0.95202594917530226, 0.95197277464638941, 0.9516962671487823, 0.95211102840533524, 0.9522386472453136, 0.95217483781771772, 0.95213229820777234, 0.95225991705789292, 0.95232372647027541, 0.95205785387642239, 0.95231309157159238, 0.9522599170477507, 0.95215356801020956, 0.95245134531532494, 0.95238753589406799, 0.95211102839519302, 0.95231309157159238, 0.95249388493541254, 0.95237690098904604, 0.95224928214906768, 0.95245134532039599, 0.95235563118660893, 0.95258959906412843, 0.95241944060406258, 0.95250451983409545, 0.95274912262044031, 0.95227055195150478, 0.95236626609036301, 0.95245134531532494, 0.95240880571045061, 0.95252578964667489, 0.95248325002658729, 0.952547059449112, 0.95206848878524764, 0.95218547272147191, 0.95243007550781666, 0.95248325003165835, 0.95231309156652133, 0.95213229820270129, 0.95271721790917796, 0.95221737743273427, 0.9523343613740296, 0.95241944060406258, 0.95257896416037435, 0.95284483675929854, 0.95274912262044031, 0.95268531319791561, 0.95249388493541254, 0.95255769435286608, 0.95256832925662027, 0.95290864617675208, 0.95252578964160373, 0.95284483675422738, 0.9524194406104014, 0.95256832926169133, 0.95283420185554435, 0.95269594810166969, 0.95258959906412843, 0.95285547166305262, 0.95265340849172431, 0.95275975752926556, 0.952898011272998, 0.95284483675929854, 0.95274912262044031, 0.95268531320045113, 0.95268531320298666, 0.95272785281293204, 0.95278102733677372, 0.95307880463681804, 0.95294055088801444, 0.9527597575241944, 0.9528448367643696, 0.95264277359304128, 0.9530362650218015, 0.95274912262170808, 0.95246198022034678, 0.9528661065668067, 0.95283420185554435, 0.95273848771668612, 0.95297245560941901, 0.95289801127806906, 0.95262150378046195, 0.95277039242794848, 0.95278102733170267, 0.95306816973306396, 0.95291928108050628, 0.95280229714935316, 0.95292991598426036, 0.95288737636924381, 0.95297245559927679, 0.95277039242794848, 0.9528767414629542, 0.95273848772175729, 0.95298309050303098, 0.95267467829416141, 0.95287674146675749, 0.95310007444939737, 0.95267467829416141, 0.95296182069552271, 0.95285547166305262, 0.95273848771668612, 0.95275975752926556, 0.95313197916573089, 0.9528235669467191, 0.95298309050303098, 0.95301499521429334, 0.95285547166305262, 0.95280229713921094, 0.95319578857811338, 0.95291928108557733, 0.95274912263058253, 0.95302563012311858, 0.95305753482930977, 0.952898011272998, 0.9531107093480804, 0.95278102733677372, 0.95272785282307426, 0.95267467829669694, 0.95268531319791561, 0.95277039242794848, 0.95296182069679047, 0.95274912262551137, 0.95283420185554435, 0.95298309050810204, 0.95285547166305262, 0.95279166224052791, 0.95325959800063809, 0.95302563011804742, 0.95291928108050628, 0.95302563011804742, 0.95301499521682886, 0.95291928108050628, 0.9532276932944469, 0.95319578858318443, 0.95286610656173565], "loss": [0.1835884461593979, 0.1438979325837231, 0.13996665777075384, 0.13789392808587148, 0.1367197415585735, 0.13609935177646013, 0.13547849913968515, 0.13497376420783652, 0.13460271735686033, 0.13429483160040587, 0.13390705130156794, 0.13385048334482919, 0.1336002487011391, 0.13357981369905644, 0.13335675010842921, 0.13334036362997764, 0.13326529400894824, 0.13306539199812911, 0.13311970639416451, 0.13273135865734928, 0.13269787917717282, 0.13260019799946193, 0.1322442162438465, 0.1322440957479194, 0.13224928660775251, 0.13195575505366708, 0.13201219497285574, 0.13191416096487008, 0.13189035485358261, 0.13194902004741627, 0.13179671594776601, 0.13185212619489373, 0.1317518289471058, 0.13169818317891435, 0.13178747171441202, 0.13164563059583378, 0.13170706685392777, 0.13170465947775895, 0.13162725475345072, 0.13168145061897354, 0.13180973762579956, 0.13159874597875143, 0.13149423563143148, 0.13158117347380766, 0.13159063162141862, 0.13149009505481932, 0.13157450852575522, 0.13145436592226548, 0.13153865793558445, 0.1315599467352985, 0.13136826366888174, 0.13134370835579787, 0.13127085993486975, 0.13139096737846115, 0.13137280156563144, 0.13129759537917585, 0.13133087459788018, 0.13123269570637014, 0.13118970467824195, 0.13120581247902932, 0.13127572480084021, 0.13119923608841305, 0.1312169261193524, 0.13103252970746754, 0.13106361910162784, 0.1309885649561825, 0.13110353061553964, 0.13092190911671486, 0.13099723494342574, 0.13086287513284953, 0.13111492462704236, 0.13079950036577095, 0.13088269153722584, 0.13087204576495809, 0.13077201346585399, 0.13093977256330494, 0.13079793858081878, 0.13092162471894925, 0.13091785718656077, 0.13089577961226961, 0.13087234314573479, 0.13079493945137841, 0.13073528942263887, 0.13077862185460623, 0.13071111882226108, 0.13070955953309096, 0.13075796671145953, 0.1308828430604671, 0.13078303106725819, 0.13069788088738177, 0.13070088036419369, 0.13070676226803157, 0.13063295549323531, 0.13070737811544911, 0.13058342559247857, 0.13061783453064321, 0.13060359383465653, 0.13045642543102748, 0.13053204592911219, 0.13057931437050424, 0.13050234095038638, 0.13052844428073521, 0.13060673958095295, 0.13042169433119993, 0.13061788946890926, 0.13055028311625372, 0.13054142319459136, 0.13054550488055622, 0.13054963824699042, 0.13044898927411436, 0.13044999286510217, 0.13037034482188545, 0.13031181606044037, 0.13043385160092305, 0.13029234986710672, 0.13035866961280906, 0.13041782523043344, 0.13040241492240845, 0.1303496694521715, 0.13044232359582106, 0.13031396659751351, 0.13034673059236576, 0.1303518361274415, 0.1304113409090813, 0.13037247604338981, 0.1302893669034374, 0.1303913851294044, 0.13027539446074002, 0.13038467166716147, 0.13033486626813301, 0.13030503429270393, 0.13029842730344141, 0.13025647632093881, 0.13020918509668078, 0.13032712636825114, 0.13019443892911559, 0.13020868203867678, 0.13035090514938591, 0.13023626195912816, 0.13015664818176789, 0.13009792636090689, 0.13010206017661041, 0.13017866423568084, 0.13017571875767087, 0.13017961282109144, 0.1300391933171087, 0.13010559466168384, 0.13022196783888129],