{"low_val_loss": 0.21347276828748543, "params": {"verbose": 1, "nb_epoch": 1000, "batch_size": 32, "metrics": ["loss", "acc", "val_loss", "val_acc"], "nb_sample": 29058, "do_validation": true}, "results": {"acc": [0.84912932755179293, 0.89486544153073166, 0.90006194507536652, 0.90081905155206832, 0.90278064560534099, 0.9026085759515452, 0.90419161676646709, 0.90450134214329958, 0.90467341179709548, 0.90457017000481799, 0.90494872324316888, 0.90512079289696468, 0.90584348544290727, 0.90474223965861378, 0.90522403468924217, 0.90450134214329958, 0.90408837497418959, 0.90577465758138898, 0.90522403468924217, 0.90546493220455637, 0.90649735012733157, 0.90518962075848308, 0.90525844862000138, 0.90560258792759307, 0.90567141578911148, 0.90536169041227887, 0.90556817399683387, 0.90546493220455637, 0.90577465758138898, 0.90570582971987057, 0.90570582971987057, 0.90584348544290727, 0.90656617798884986, 0.90601555509670317, 0.90505196503544638, 0.90525844862000138, 0.90663500585036827, 0.90536169041227887, 0.90574024365062977, 0.90594672723518477, 0.90632528047353567, 0.90549934613531557, 0.90598114116594397, 0.90567141578911148, 0.90460458393557708, 0.90529286255076058, 0.90522403468924217, 0.90601555509670317, 0.90635969440429487, 0.90591231330442568, 0.90549934613531557, 0.90625645261201737, 0.90642852226581316, 0.90553376006607478, 0.90598114116594397, 0.90608438295822147, 0.90625645261201737, 0.90570582971987057, 0.90591231330442568, 0.90625645261201737, 0.90608438295822147, 0.90539610434303808, 0.90543051827379728, 0.90567141578911148, 0.90549934613531557, 0.90591231330442568, 0.90594672723518477, 0.90505196503544638, 0.90653176405809066, 0.90611879688898067, 0.90584348544290727, 0.90687590336568247, 0.90543051827379728, 0.90532727648151967, 0.90608438295822147, 0.90577465758138898, 0.90618762475049897, 0.90556817399683387, 0.90625645261201737, 0.90453575607405878, 0.90543051827379728, 0.90525844862000138, 0.90646293619657237, 0.90580907151214807, 0.90642852226581316, 0.90501755110468718, 0.90563700185835228, 0.90642852226581316, 0.90604996902746227, 0.90646293619657237, 0.90584348544290727, 0.90642852226581316, 0.90591231330442568, 0.90501755110468718, 0.90567141578911148, 0.90639410833505407, 0.90642852226581316, 0.90642852226581316, 0.90666941978112736, 0.90635969440429487, 0.90629086654277646, 0.90642852226581316, 0.90656617798884986, 0.90635969440429487, 0.90670383371188656, 0.90608438295822147, 0.90656617798884986, 0.90546493220455637, 0.90625645261201737, 0.90691031729644156, 0.90560258792759307, 0.90722004267327416, 0.90632528047353567, 0.90639410833505407, 0.90649735012733157, 0.90649735012733157, 0.90594672723518477, 0.90670383371188656, 0.90577465758138898, 0.90649735012733157, 0.90697914515795997, 0.90635969440429487, 0.90591231330442568, 0.90598114116594397, 0.90646293619657237, 0.90639410833505407, 0.90635969440429487, 0.90639410833505407, 0.90618762475049897], "loss": [0.32642434411247262, 0.24111975803822577, 0.23293211279795015, 0.22846110824400956, 0.22563378877171436, 0.22368905583500526, 0.22216155351254924, 0.22173093315845954, 0.22077587488375902, 0.22037145409109227, 0.21946433281919678, 0.21924421578282638, 0.21902574978882156, 0.21850206965043545, 0.21800990043169158, 0.21775560166438832, 0.21807314774988276, 0.21750598985072842, 0.21759863735738597, 0.21733480801753163, 0.21727317741071622, 0.21712893240219941, 0.21736746768347451, 0.21721489291713261, 0.21690991350014183, 0.21707461413845519, 0.21708162979262768, 0.21662651158608248, 0.21676425544047759, 0.21683004860248231, 0.21651509940784233, 0.21667114581398153, 0.21655191274394309, 0.21653204215221916, 0.21645146090067707, 0.21637723904024325, 0.21624268844085065, 0.21643516868691343, 0.21626428005142168, 0.2159051147509248, 0.21639633106351391, 0.21618090074908602, 0.21615211411311458, 0.21599029471619691, 0.21607141910786598, 0.21604242484643005, 0.21606192878762914, 0.21579657345948672, 0.21582525608560749, 0.21607997813091218, 0.216043684776967, 0.21589663605276802, 0.21602651058203978, 0.21592333781160453, 0.21569437704228084, 0.21587453351082186, 0.21549122835617746, 0.21568318550614105, 0.21577565242865268, 0.21545248657159347, 0.21603141373841447, 0.21584446542388075, 0.21576279034038484, 0.21583534144898417, 0.21565276531939645, 0.21572968802229966, 0.2155118191022326, 0.21552589035828415, 0.21560585865472007, 0.2154172285216929, 0.21550807120442961, 0.21550731244710136, 0.21566398558570629, 0.21544446038813378, 0.21538541381538295, 0.21535177789979779, 0.21525485545624493, 0.21562443191398536, 0.21535073712717373, 0.21542032656530791, 0.21541530926720767, 0.21528196404990937, 0.21516700025319169, 0.21538235299954339, 0.21550021388227159, 0.21529335953967554, 0.21524855770492218, 0.21532113537611822, 0.21512471027844082, 0.21530960349032616, 0.2151827420368847, 0.21528022324680354, 0.21524347181714826, 0.21532696989198966, 0.21506185927409396, 0.21506879685719818, 0.21519854907796399, 0.21500282226594072, 0.21528431337485224, 0.21515045971017038, 0.215179232503175, 0.21511470457843185, 0.21494476226103248, 0.2148969423968643, 0.21496747951972295, 0.21516147905419539, 0.21498896628871761, 0.21504922732595697, 0.21499615221987708, 0.21480604251160151, 0.21508023877642185, 0.21485240925307267, 0.21499889148751147, 0.21509506320237901, 0.21496504701361685, 0.21492165672326222, 0.21489894480411606, 0.21476224394459645, 0.2149592541443833, 0.21491402535919751, 0.21471075125078878, 0.21498047313741711, 0.21484603901281599, 0.21487112079420556, 0.21445746036674998, 0.21484199023702164, 0.2147831465333333, 0.21475606826300367, 0.21481744132605113],