{"low_val_loss": 0.13300485325660585, "params": {"verbose": 1, "nb_epoch": 1000, "batch_size": 32, "metrics": ["loss", "acc", "val_loss", "val_acc"], "nb_sample": 94030, "do_validation": true}, "results": {"acc": [0.94354993087312555, 0.94590024460785749, 0.9480378602573647, 0.94913325534911031, 0.94982452408805695, 0.95010103159073522, 0.95051579283207488, 0.95060087206337562, 0.95130277571621868, 0.95134531533503852, 0.95098372860232727, 0.95114325216371021, 0.95144102946375453, 0.95163245773132865, 0.95185579070636195, 0.95172817186004466, 0.95168563225009928, 0.95200467935765176, 0.95196213974770649, 0.95168563225009928, 0.95185579070509407, 0.95193023503137297, 0.95194086993512705, 0.95213229820270129, 0.95186642561391932, 0.95164309263001168, 0.95187706051767351, 0.95196213974263533, 0.95189833032011062, 0.95217483782278889, 0.95204721897266831, 0.95171753696136163, 0.95186642560884827, 0.95172817186004466, 0.95208975858768474, 0.95211102839519302, 0.95177071147632897, 0.95208975858768474, 0.95217483782278889, 0.95218547272654297, 0.95201531426140595, 0.95218547272654297, 0.95222801233775611, 0.95205785388276132, 0.95195150484014901, 0.95181325110021986, 0.95184515580133999, 0.95204721897773936, 0.95214293311152653, 0.9519834095501436, 0.95204721897773936, 0.95224928214906768, 0.9519834095501436, 0.95182388599383172, 0.95235563118660893, 0.95214293311152653, 0.9521216632989471, 0.95216420291396364, 0.95196213974263533, 0.95205785387642239, 0.95216420291396364, 0.95210039349143893, 0.95189833032011062, 0.95230245666276725, 0.95211102839646078, 0.95152610868871634, 0.95227055195784371, 0.95199404445896885, 0.95210039349143893, 0.95186642560884827, 0.95224928214906768, 0.95177071148013226, 0.9523343613740296, 0.95193023503137297, 0.95222801233648835, 0.95207912368393066, 0.95186642560884827, 0.95218547272654297, 0.95189833032011062, 0.95220674253024784, 0.9521642029190347, 0.95220674252898008, 0.95197277465146057, 0.9522811868654012, 0.95236626609036301, 0.95227055195150478, 0.95214293311152653, 0.95222801233648835, 0.95184515580641116, 0.95250451983409545, 0.95225991704901847, 0.95200467935891964, 0.9522386472453136, 0.95215356802035178, 0.95212166330401826, 0.9521642029190347, 0.95245134531532494, 0.95214293311152653], "loss": [0.18052192408336765, 0.14391136054858036, 0.1402614368921922, 0.13841439790450855, 0.1372933056739167, 0.13642346975740746, 0.13578000995022976, 0.13539040531568117, 0.13504173390049889, 0.1346898898319096, 0.13457065239686555, 0.13438844735078781, 0.13418415697145106, 0.13408918973994638, 0.13394287994227916, 0.13380738555078436, 0.13366174700490771, 0.13355259111223006, 0.1335288572707424, 0.13348255403261419, 0.13353203763200996, 0.13338117186040696, 0.13330533181028037, 0.13338123031390811, 0.13325164045115981, 0.13326702221877826, 0.13334973235910247, 0.13321547159616279, 0.13329714502420981, 0.13325029928627438, 0.13329089759598131, 0.13322962963979168, 0.13317080931889558, 0.13314376400656286, 0.13317211350194511, 0.13315509021029431, 0.13300130715316172, 0.13309162578835812, 0.13303349649007304, 0.13292735749076151, 0.13304373480012718, 0.1329027296180714, 0.13293912846693698, 0.13287766655826017, 0.13296497267626656, 0.13293203856115784, 0.13289435273722003, 0.13295431682562861, 0.13274942830285785, 0.13257862709452342, 0.13260010731298846, 0.13265111559482379, 0.13255609929982359, 0.13266737873720563, 0.13257650235580862, 0.13248276831297928, 0.13254737528168772, 0.13240632716660219, 0.13255298045956809, 0.13258590449789134, 0.13236306336164905, 0.13232932048130197, 0.13242011173448701, 0.13237509118119897, 0.13234901671984925, 0.13231159968547881, 0.13229402350761987, 0.13221068762295882, 0.1322003998420162, 0.1322991780234091, 0.13223234526904151, 0.13236195906405626, 0.13224341727362965, 0.13223322954860428, 0.13210390059428559, 0.13214691538852186, 0.13209468166580685, 0.13221670239989483, 0.13214665479885954, 0.13206605524106774, 0.13211024211297501, 0.13213658349654478, 0.13210688154678149, 0.13203489703788765, 0.13197839921755347, 0.13187939823672173, 0.13192174187714301, 0.13196630775944346, 0.13202519731408521, 0.13196306361112711, 0.13192481811466489, 0.13201463047217324, 0.13198874000696428, 0.13181991407250163, 0.13193034368376902, 0.13188238182651557, 0.13181578162647517, 0.13178496166428239], "val_acc": [0.94448698315467072, 0.94825165900969888, 0.95029351710056154, 0.95064446145992854, 0.95125063808065335, 0.95077207759060745, 0.95128254211332308, 0.95153777437468101, 0.95137825421133226, 0.95141015824400199, 0.95243108728943338, 0.95089969372128635, 0.95243108728943338, 0.95278203164880038, 0.9528139356814701, 0.95290964777947929, 0.95271822358346092, 0.95262251148545174, 0.95275012761613065, 0.95233537519142419, 0.95249489535477283, 0.95265441551812147, 0.95262251148545174, 0.95243108728943338, 0.95227156712608474, 0.95284583971413983, 0.95255870342011228, 0.95265441551812147, 0.95287774374680956, 0.95239918325676365, 0.95287774374680956, 0.95278203164880038, 0.95294155181214901, 0.95351582440020421, 0.95259060745278201, 0.95278203164880038, 0.95287774374680956, 0.95239918325676365, 0.95262251148545174, 0.95275012761613065, 0.95275012761613065, 0.95223966309341501, 0.95329249617151612, 0.9524629913221031, 0.95294155181214901, 0.9521120469627361, 0.95275012761613065, 0.95227156712608474, 0.95278203164880038, 0.95271822358346092, 0.95265441551812147, 0.9528139356814701, 0.95316488004083721, 0.95319678407350694, 0.95233537519142419, 0.95278203164880038, 0.95348392036753449, 0.9532605921388464, 0.95239918325676365, 0.95294155181214901, 0.95300535987748847, 0.95310107197549765, 0.95313297600816749, 0.95294155181214901, 0.95160158244002047, 0.95306916794282792, 0.95335630423685558, 0.95294155181214901, 0.95239918325676365, 0.95310107197549765, 0.95227156712608474, 0.95319678407350694, 0.95370724859622258, 0.95348392036753449, 0.95303726391015819, 0.95310107197549765, 0.95329249617151612, 0.95275012761613065, 0.95351582440020421, 0.95300535987748847, 0.95268631955079119, 0.95290964777947929, 0.95377105666156203, 0.95243108728943338, 0.95364344053088312, 0.95338820826952531, 0.95367534456355285, 0.9532605921388464, 0.95322868810617667, 0.95316488004083721, 0.95351582440020421, 0.95329249617151612, 0.95268631955079119, 0.95329249617151612, 0.95342011230219503, 0.95357963246554367, 0.95354772843287394, 0.95370724859622258],