{"low_val_loss": 0.13651491960034254, "params": {"verbose": 1, "nb_epoch": 1000, "batch_size": 32, "metrics": ["loss", "acc", "val_loss", "val_acc"], "nb_sample": 94030, "do_validation": true}, "results": {"acc": [0.94343294693183022, 0.94368818463207138, 0.9462724662341806, 0.94704881421837361, 0.94748484526215038, 0.94792087632114042, 0.94821865362118474, 0.94839944699007594, 0.94860151016140415, 0.94878230352015314, 0.94894182707646491, 0.9489524619802191, 0.94912262044028506, 0.94943103264915452, 0.9490907157290227, 0.94967563543549927, 0.94949484207167922, 0.9496969052480787, 0.94994150803442345, 0.94990960331808993, 0.9501542061044348, 0.95048388812081253, 0.95028182494948421, 0.95037753908327127, 0.95011166648941825, 0.95034563437200892, 0.9501861108207682, 0.95042007869955558, 0.94989896842447807, 0.95023928533446778, 0.95077103052724488, 0.95046261831330425, 0.95073912581091136, 0.95047325321705833, 0.95066468148590033, 0.95052642773582896, 0.95037753908327127, 0.95057960225967075, 0.95046261831330425, 0.95040944379453363, 0.95037753908834244, 0.95061150697093311, 0.95059023715835367, 0.95063277677337021, 0.95051579283714593, 0.95060087206717891, 0.95048388812081253, 0.95090928427097732, 0.95061150696586194, 0.95096245879608687, 0.95066468148970373], "loss": [0.20194899701433816, 0.14881417601017016, 0.14440104962807648, 0.14269289643501051, 0.14170213703568865, 0.14091360886784979, 0.1405958996408419, 0.14019036367480125, 0.1398797694779477, 0.13956343650209338, 0.13938726699830534, 0.13913086998907034, 0.13882988701947607, 0.13874890145196073, 0.13848830207908575, 0.1384033352079562, 0.13826634658635847, 0.13795158294199197, 0.1378283996414304, 0.13759909372110765, 0.13745841040777854, 0.13727195972132419, 0.13719894574238217, 0.1371253714941606, 0.13713757561557974, 0.13703614148569529, 0.13693098681354401, 0.13684085838549773, 0.13680250512961567, 0.13682411422315752, 0.13673495049712683, 0.13673308684155749, 0.13669031690011807, 0.1366447626034161, 0.13650203778346168, 0.1365492922637509, 0.13659482479604948, 0.13658479864541792, 0.13657389065977946, 0.13663854487941554, 0.13659375096307491, 0.13663146055139, 0.13660461029165999, 0.13653310654322592, 0.13641898046969403, 0.13650209227895579, 0.13663886868578443, 0.13650876869953948, 0.13662322148986539, 0.13651796279911485, 0.13659062656578608], "val_acc": [0.94448698315467072, 0.94767738642164367, 0.9486345074017356, 0.94940020418580906, 0.94949591628381824, 0.94940020418580906, 0.94930449208779988, 0.95007018887187344, 0.94981495661051552, 0.95016590096988263, 0.95032542113323126, 0.95080398162327717, 0.95067636549259826, 0.95035732516590099, 0.95074017355793772, 0.9508358856559469, 0.95109111791730472, 0.9511868300153139, 0.95096350178662581, 0.95125063808065335, 0.95038922919857072, 0.95128254211332308, 0.95121873404798363, 0.95185681470137828, 0.95147396630934145, 0.95070826952526799, 0.95230347115875447, 0.95220775906074528, 0.95102730985196526, 0.9521120469627361, 0.95038922919857072, 0.95134635017866254, 0.95144206227667172, 0.95160158244002047, 0.95163348647269019, 0.9508358856559469, 0.95166539050535992, 0.95233537519142419, 0.95134635017866254, 0.95086778968861663, 0.95121873404798363, 0.95153777437468101, 0.95109111791730472, 0.95259060745278201, 0.95188871873404801, 0.95192062276671774, 0.95112302194997445, 0.95214395099540583, 0.95201633486472692, 0.95125063808065335, 0.9517611026033691], "val_loss": [0.15300585717655008, 0.145089347870101, 0.14290683269652862, 0.14256741796991484, 0.14138130046286529, 0.14078241439879458, 0.14061100645758109, 0.14026720793903513, 0.1402874230053, 0.13962656884697125, 0.13953932976200911, 0.13878903152338395, 0.13971639678429865, 0.13838122876179407, 0.13881384798588497, 0.13860682996998733, 0.13780985698826523, 0.13761494723455281, 0.13818084740095629, 0.13804386000682833, 0.13780129007565362, 0.13740637177918077, 0.13709116287267042, 0.13696085010722256, 0.13651491960034254, 0.13698187440200202, 0.1367153242447201, 0.13708402986974361, 0.13783408706554226, 0.13683502728261163, 0.13747590335277102, 0.13700922900328774, 0.13735202990468515, 0.13723475268303648, 0.13712575899902019, 0.13752778484417108, 0.13683161121898157, 0.13689430596923999, 0.13678176719894999, 0.13712768446066478, 0.13726427784496695, 0.13682774482879667, 0.13746537102720091, 0.13737008335556589, 0.13685832248982602, 0.13691878260786952, 0.13709903036060231, 0.1369690889052404, 0.13775927519531289, 0.13719341380311526, 0.13736604397708571]}}