{"low_val_loss": 0.21205676364630408, "params": {"verbose": 1, "nb_epoch": 1000, "batch_size": 32, "metrics": ["loss", "acc", "val_loss", "val_acc"], "nb_sample": 29058, "do_validation": true}, "results": {"acc": [0.85129740518962072, 0.89531282263060086, 0.90143850230573341, 0.90216119485167601, 0.90446692821254049, 0.90367540780507949, 0.90364099387432029, 0.90556817399683387, 0.90522403468924217, 0.90556817399683387, 0.90443251428178129, 0.90553376006607478, 0.90515520682772388, 0.90529286255076058, 0.90536169041227887, 0.90629086654277646, 0.90491430931240968, 0.90622203868125817, 0.90549934613531557, 0.90639410833505407, 0.90512079289696468, 0.90539610434303808, 0.90649735012733157, 0.90577465758138898, 0.90574024365062977, 0.90463899786633628, 0.90591231330442568, 0.90622203868125817, 0.90660059191960907, 0.90673824764264577, 0.90691031729644156, 0.90660059191960907, 0.90570582971987057, 0.90752976805010666, 0.90666941978112736, 0.90601555509670317, 0.90797714914997596, 0.90663500585036827, 0.90649735012733157, 0.90591231330442568, 0.90670383371188656, 0.90715121481175576, 0.90708238695023746, 0.90622203868125817, 0.90722004267327416, 0.90639410833505407, 0.90604996902746227, 0.90663500585036827, 0.90691031729644156, 0.90759859591162506, 0.90739211232706996, 0.90756418198086586, 0.90691031729644156, 0.90670383371188656, 0.90728887053479246, 0.90618762475049897, 0.90704797301947826, 0.90725445660403337, 0.90787390735769835, 0.90677266157340486, 0.90663500585036827, 0.90704797301947826, 0.90708238695023746, 0.90794273521921676, 0.90763300984238415, 0.90756418198086586, 0.90718562874251496, 0.90746094018858836, 0.90732328446555166, 0.90718562874251496, 0.90770183770390256, 0.90842453024984515, 0.90739211232706996, 0.90763300984238415, 0.90756418198086586, 0.90797714914997596, 0.90773625163466176, 0.90691031729644156, 0.90739211232706996, 0.90821804666529016, 0.90770183770390256, 0.90818363273453095, 0.90835570238832675, 0.90787390735769835, 0.90735769839631086, 0.90770183770390256, 0.90852777204212265, 0.90814921880377175, 0.90756418198086586, 0.90811480487301255, 0.90804597701149425, 0.90811480487301255, 0.90811480487301255, 0.90790832128845755, 0.90787390735769835, 0.90859659990364094, 0.90739211232706996, 0.90814921880377175, 0.90780507949618006, 0.90839011631908595, 0.90825246059604925, 0.90890632528047355, 0.90828687452680845, 0.90794273521921676, 0.90863101383440015, 0.90828687452680845, 0.90749535411934756, 0.90876866955743685, 0.90835570238832675, 0.90787390735769835, 0.90818363273453095, 0.90849335811136345, 0.90783949342693926, 0.90783949342693926, 0.90949136210337944], "loss": [0.31818787420366079, 0.24007170525246405, 0.2281960756565061, 0.22381052569450241, 0.22195722636455137, 0.22081697117943661, 0.22011565818848836, 0.21920518662942826, 0.21882330243028247, 0.21809165910634035, 0.21767964033126372, 0.21748894911053135, 0.21723819817926132, 0.21710049180020746, 0.21683067148690444, 0.21675469730477823, 0.21652390270342198, 0.21637238075657864, 0.2161280348572886, 0.21592608411540692, 0.21616146719174598, 0.21576573052362957, 0.21561289240441597, 0.21567642239634385, 0.21557803039204862, 0.21551080276318865, 0.21552549083609157, 0.21556390065542641, 0.21541864956879175, 0.21517817946111797, 0.21514768034144391, 0.21492874311993854, 0.21507072521255877, 0.21504413950705004, 0.21525154914777456, 0.21503104321964758, 0.21480683409873957, 0.21472979799888361, 0.21444158543931252, 0.21452051429703287, 0.21461245999708378, 0.21416479503401678, 0.21442922056605235, 0.21404399489640977, 0.21414634344771261, 0.2138806718437315, 0.21391629258444947, 0.21406273319481392, 0.21378804308800947, 0.21382701691088538, 0.21397376186636491, 0.21345434748100409, 0.21311421097948918, 0.21329652125428536, 0.21313264468126217, 0.21292979457548394, 0.21303962204700275, 0.21296294633960891, 0.21293604992993134, 0.21258774752081799, 0.2124918627656083, 0.21218856896696667, 0.21237268791826241, 0.21228123241014379, 0.21219077577506903, 0.21220247270572096, 0.21209514397896775, 0.21177308648564186, 0.21185047593187231, 0.21164885877340395, 0.21159931073555377, 0.21139535360089023, 0.21144455419041172, 0.2112643496860997, 0.21119520025105629, 0.2112857174293418, 0.21104675486260266, 0.2111084875481157, 0.21071027904332645, 0.21085394783665623, 0.21056610299072406, 0.21078698474100266, 0.21041822543156402, 0.21061239485768066, 0.2105180283637752, 0.21064923600036106, 0.21030140921644139, 0.21025843514949114, 0.21055177041859621, 0.21029564022189187, 0.21048017421383347, 0.20991683428968227, 0.21035161868903574, 0.21007322170846976, 0.21001748282952282, 0.21003240323806591, 0.21020386538596053, 0.20995223919663394, 0.20991567647232923, 0.20985966834745867, 0.20971877314804163, 0.20979181341573075, 0.20978589358653851, 0.20943890636563361, 0.20934434670674693, 0.20967472542939589, 0.20979011743918233, 0.20958320107071274, 0.20947735942528395, 0.20946508875954248, 0.20965573792550624, 0.20935517516272023, 0.20959691002721903, 0.20960221234425699, 0.20938854093262893], "val_acc": [0.88541344076754991, 0.89924641279191242, 0.90244657796172767, 0.90058841754054464, 0.90420150724840054, 0.90636936107311405, 0.90440796951742086, 0.90306596476878864, 0.90544028086252248, 0.90451120065193102, 0.90368535157584962, 0.90347888930682929, 0.90399504497938021, 0.90471766292095135, 0.90523381859350216, 0.90564674313154292, 0.90626612993860389, 0.90347888930682929, 0.90358212044133945, 0.90554351199703265, 0.90440796951742086, 0.90492412518997167, 0.905130587458992, 0.90626612993860389, 0.90616289880409373, 0.90492412518997167, 0.90626612993860389, 0.90585320540056324, 0.90647259220762422, 0.9031691959032988, 0.90482089405546151, 0.90492412518997167, 0.90574997426605308, 0.90574997426605308, 0.90564674313154292, 0.90595643653507341, 0.90502735632448184, 0.90451120065193102, 0.90533704972801232, 0.90523381859350216, 0.90461443178644119, 0.90616289880409373, 0.90605966766958357, 0.90440796951742086, 0.90605966766958357, 0.90533704972801232, 0.90451120065193102, 0.90626612993860389, 0.90585320540056324, 0.90595643653507341, 0.90709197901468519, 0.90667905447664454, 0.90482089405546151, 0.90605966766958357, 0.90492412518997167, 0.90502735632448184, 0.90626612993860389, 0.90533704972801232, 0.90523381859350216, 0.90616289880409373, 0.90502735632448184, 0.90605966766958357, 0.90636936107311405, 0.90502735632448184, 0.90523381859350216, 0.90533704972801232, 0.9067822856111547, 0.90605966766958357, 0.90523381859350216, 0.90595643653507341, 0.90605966766958357, 0.90626612993860389, 0.90585320540056324, 0.90451120065193102, 0.90605966766958357, 0.90533704972801232, 0.90647259220762422, 0.90502735632448184, 0.90502735632448184, 0.90265304023074799, 0.90574997426605308, 0.90502735632448184, 0.90471766292095135, 0.90657582334213438, 0.90523381859350216, 0.90533704972801232, 0.905130587458992, 0.90420150724840054, 0.90595643653507341, 0.90564674313154292, 0.90482089405546151, 0.905130587458992, 0.90358212044133945, 0.905130587458992, 0.90544028086252248, 0.90440796951742086, 0.90492412518997167, 0.90502735632448184, 0.90647259220762422, 0.90502735632448184, 0.90667905447664454, 0.90636936107311405, 0.90554351199703265, 0.90347888930682929, 0.90502735632448184, 0.90471766292095135, 0.90544028086252248, 0.90585320540056324, 0.90492412518997167, 0.90574997426605308, 0.90533704972801232, 0.90482089405546151, 0.90616289880409373, 0.90482089405546151, 0.90523381859350216],