{"low_val_loss": 0.13148409545881795, "params": {"verbose": 1, "nb_epoch": 1000, "batch_size": 32, "metrics": ["loss", "acc", "val_loss", "val_acc"], "nb_sample": 94030, "do_validation": true}, "results": {"acc": [0.94365627991193457, 0.94714452834708962, 0.94915452515154741, 0.94988833352072399, 0.95066468148970373, 0.95080293523343618, 0.95146229926619164, 0.95187706051260235, 0.95181325109007764, 0.95148356908384213, 0.95215356801020956, 0.95162182282757457, 0.95194086994019822, 0.95200467936779409, 0.95206848878017658, 0.95220674252898008, 0.95221737743273427, 0.95263213867914498, 0.95256832925662027, 0.95254705945037976, 0.95245134531532494, 0.95296182069552271, 0.9522599170477507, 0.95236626608529196, 0.95245134531532494, 0.95266404339040733, 0.95265340849172431, 0.952547059449112, 0.95245134532039599, 0.95279166223672451, 0.9525151547429207, 0.95289801128314022, 0.95260023397295368, 0.95264277358289906, 0.95301499522443556, 0.95271721791424901, 0.95278102733170267, 0.95272785281800321, 0.95279166224052791, 0.952898011272998, 0.95268531319918337, 0.95278102733677372, 0.95254705945418305, 0.95267467829416141, 0.95256832926169133, 0.95253642454535792, 0.95286610656300341, 0.95244071041664191, 0.95268531319791561, 0.9528767414705609, 0.95263213868421603, 0.9529192810906485, 0.95256832926676249, 0.95277039242794848, 0.95297245559927679, 0.95275975752926556, 0.95288737637431498, 0.952898011272998, 0.95296182069552271, 0.95296182070059388, 0.95284483675929854, 0.95272785281293204], "loss": [0.17391299898099813, 0.14227568561503015, 0.13906101708090535, 0.13720351941443804, 0.13613642232064097, 0.13528661720060889, 0.13469688754396436, 0.13428528975926346, 0.13376348157166978, 0.13351068902821359, 0.13325634177575704, 0.13321067349618576, 0.13277015734274158, 0.13275898852133311, 0.13250427673315573, 0.1324488892719842, 0.13228799145421924, 0.13208917288384411, 0.13189060003081213, 0.13185332882921583, 0.13171650207253147, 0.13143136085940207, 0.13143969396653993, 0.13149401900059085, 0.13139203446633471, 0.13127101682650275, 0.13102433250474763, 0.13113087260622008, 0.1310712939096387, 0.13106202647307066, 0.13104948069609873, 0.13105629796229004, 0.13106916271602551, 0.13086623283160356, 0.1307946853159806, 0.13072836237056171, 0.13063886089900775, 0.13056996212251057, 0.13079090574365035, 0.13045471523824326, 0.13051344823339042, 0.13031334476578138, 0.13050681249101176, 0.13042872269492981, 0.13053469518695779, 0.13045254367726872, 0.13033041269693249, 0.13034758692385223, 0.13035415367946451, 0.13038645320295919, 0.13036710999230178, 0.13019491345954934, 0.13026159674049653, 0.13017668205371921, 0.13005187102704116, 0.13020982740566373, 0.13007011599034485, 0.13015602243235996, 0.13012608784608171, 0.13001540230554837, 0.13005603758480958, 0.12989054390100624], "val_acc": [0.94448698315467072, 0.94901735579377233, 0.95022970903522208, 0.95099540581929554, 0.95125063808065335, 0.95150587034201128, 0.95182491066870856, 0.95249489535477283, 0.95255870342011228, 0.95284583971413983, 0.95290964777947929, 0.95316488004083721, 0.95204823889739665, 0.95259060745278201, 0.95329249617151612, 0.95345201633486476, 0.95198443083205719, 0.95383486472690149, 0.95303726391015819, 0.95332440020418585, 0.95262251148545174, 0.95316488004083721, 0.95322868810617667, 0.95278203164880038, 0.95380296069423176, 0.95402628892291985, 0.95405819295558958, 0.95373915262889231, 0.95380296069423176, 0.95335630423685558, 0.95313297600816749, 0.95373915262889231, 0.95351582440020421, 0.95409009698825931, 0.95303726391015819, 0.95389867279224094, 0.95386676875957122, 0.95294155181214901, 0.95319678407350694, 0.95275012761613065, 0.95383486472690149, 0.95354772843287394, 0.95348392036753449, 0.95313297600816749, 0.95367534456355285, 0.95332440020418585, 0.95259060745278201, 0.95351582440020421, 0.95357963246554367, 0.95278203164880038, 0.95393057682491067, 0.95310107197549765, 0.95373915262889231, 0.95354772843287394, 0.95338820826952531, 0.95310107197549765, 0.95367534456355285, 0.95370724859622258, 0.95338820826952531, 0.95306916794282792, 0.95342011230219503, 0.95377105666156203], "val_loss": [0.14470770885486151, 0.14065005514730813, 0.13849614517437128, 0.13694742139601901, 0.13665737133642403, 0.1353632446621878, 0.13549174184874346, 0.13597050657084153, 0.13418344164770163, 0.13409399604800407, 0.13441671729335042, 0.13432258272932432, 0.13430796246243534, 0.13413333668049773, 0.13342523720874172, 0.13296684914664567, 0.13386934928143432, 0.13368383359454949, 0.13386941845127062, 0.13340398381336299, 0.13435502489719725, 0.13345130424206814, 0.13373266604613473, 0.13370463980106051, 0.13256308519399823, 0.13225374710919632, 0.1333597118454268, 0.13278385898314185, 0.13168406496399698, 0.13192058014795147, 0.13220157018649206, 0.13530293472715943, 0.13240594159566424, 0.13246914591676365, 0.13265632171109662, 0.13148409545881795, 0.13261929553833129, 0.13321839384316272, 0.13191152916248505, 0.1319589848854047, 0.13215584952751247, 0.13213393498438392, 0.13221586255176965, 0.13311838864664025, 0.13210965319041729, 0.13214948916766886, 0.13261862169340777, 0.13220243665402553, 0.13214758475800295, 0.13289439660697155, 0.13192679289768336, 0.13254459387983608, 0.13164646868584959, 0.1322954271945222, 0.13207598873464016, 0.13269686439721606, 0.13215096326827272, 0.13168160994064146, 0.13265855462804263, 0.13170395302716995, 0.13166614064415266, 0.13205710730613829]}}