{"low_val_loss": 0.21331464295492117, "params": {"verbose": 1, "nb_epoch": 1000, "batch_size": 32, "metrics": ["loss", "acc", "val_loss", "val_acc"], "nb_sample": 29058, "do_validation": true}, "results": {"acc": [0.84768394245990775, 0.89242205244683048, 0.89899511322183223, 0.90178264161332511, 0.90216119485167601, 0.90315919884369189, 0.90381306352811619, 0.90398513318191209, 0.90484548145089128, 0.90443251428178129, 0.90539610434303808, 0.90532727648151967, 0.90567141578911148, 0.90481106752013218, 0.90446692821254049, 0.90522403468924217, 0.90457017000481799, 0.90436368642026288, 0.90522403468924217, 0.90577465758138898, 0.90560258792759307, 0.90553376006607478, 0.90580907151214807, 0.90563700185835228, 0.90532727648151967, 0.90549934613531557, 0.90574024365062977, 0.90625645261201737, 0.90587789937366647, 0.90560258792759307, 0.90539610434303808, 0.90567141578911148, 0.90508637896620547, 0.90608438295822147, 0.90635969440429487, 0.90598114116594397, 0.90598114116594397, 0.90598114116594397, 0.90598114116594397, 0.90663500585036827, 0.90670383371188656, 0.90694473122720076, 0.90618762475049897, 0.90508637896620547, 0.90584348544290727, 0.90649735012733157, 0.90570582971987057, 0.90642852226581316, 0.90635969440429487, 0.90587789937366647, 0.90697914515795997, 0.90629086654277646, 0.90715121481175576, 0.90618762475049897, 0.90608438295822147, 0.90684148943492326, 0.90656617798884986, 0.90697914515795997, 0.90691031729644156, 0.90635969440429487, 0.90704797301947826, 0.90663500585036827, 0.90635969440429487, 0.90666941978112736, 0.90608438295822147, 0.90622203868125817, 0.90560258792759307, 0.90611879688898067, 0.90587789937366647, 0.90570582971987057, 0.90598114116594397, 0.90635969440429487, 0.90708238695023746, 0.90742652625782916, 0.90639410833505407, 0.90715121481175576, 0.90670383371188656, 0.90718562874251496, 0.90618762475049897, 0.90584348544290727, 0.90611879688898067, 0.90632528047353567, 0.90708238695023746, 0.90746094018858836], "loss": [0.33136113814624862, 0.24362014046993824, 0.23306112654363062, 0.22741398886251257, 0.22472010147816482, 0.22319245811992056, 0.22223381338756046, 0.22127442941571129, 0.22047291200436736, 0.21937830049370988, 0.21889719086008758, 0.21830851536172552, 0.21827084889115073, 0.21775570562694849, 0.21734155746613623, 0.21731376889532847, 0.21756564914847906, 0.21667119638088436, 0.21675197430705243, 0.21690893515721923, 0.21645094699513043, 0.21647233248446171, 0.21671061228733321, 0.21651297879765374, 0.21630205987593748, 0.2164187005035986, 0.21621657258133098, 0.21616006109619168, 0.21609961849929823, 0.21598221638860865, 0.21618036306649716, 0.21599381514110522, 0.21572679105649442, 0.21549459949768585, 0.21566718006598226, 0.21569686289729267, 0.21572249988513834, 0.21575131224718921, 0.21539292873486376, 0.21545290082661819, 0.21556537671267095, 0.21558843872458808, 0.21496055190844959, 0.21554152327325915, 0.21534339822272375, 0.2150564735656737, 0.21491143743039179, 0.21521227559852882, 0.2149889851798579, 0.21515051539382468, 0.2150182877892563, 0.21473483690752646, 0.21468830150231269, 0.21503359344873471, 0.21474757124002239, 0.21448930683840953, 0.21479666901776584, 0.21463935729712341, 0.21453496280249154, 0.21487170089951843, 0.21457144570856071, 0.21444947526737831, 0.21455374973607463, 0.21453618940518643, 0.21453718362703394, 0.21434813896121666, 0.21448800418472347, 0.21458399589748162, 0.21446237944836249, 0.21434423678924264, 0.21430889378783902, 0.2143979892314149, 0.21428050585827954, 0.21439592704465102, 0.21415392663264457, 0.21444978447134475, 0.21399514858130619, 0.21412904538104979, 0.21411687232514473, 0.21424700086234449, 0.21467674020271404, 0.21418474351598021, 0.21393626785387174, 0.21418890441899982], "val_acc": [0.88923299274442613, 0.89666563442915825, 0.89955610619544291, 0.90131103548211577, 0.90296273363427848, 0.90234334682721751, 0.90038195527152431, 0.90182719115466659, 0.90172396002015642, 0.90193042228917686, 0.90368535157584962, 0.90461443178644119, 0.90347888930682929, 0.90451120065193102, 0.905130587458992, 0.90451120065193102, 0.90327242703780897, 0.90347888930682929, 0.90554351199703265, 0.90275627136525816, 0.90605966766958357, 0.90451120065193102, 0.90523381859350216, 0.90544028086252248, 0.90544028086252248, 0.90564674313154292, 0.90492412518997167, 0.90502735632448184, 0.90544028086252248, 0.90533704972801232, 0.905130587458992, 0.90523381859350216, 0.90440796951742086, 0.90544028086252248, 0.90337565817231913, 0.90626612993860389, 0.90337565817231913, 0.90554351199703265, 0.90585320540056324, 0.90647259220762422, 0.90451120065193102, 0.90368535157584962, 0.90544028086252248, 0.90337565817231913, 0.90389181384487005, 0.90244657796172767, 0.90492412518997167, 0.90554351199703265, 0.905130587458992, 0.90564674313154292, 0.90544028086252248, 0.90471766292095135, 0.90224011569270735, 0.905130587458992, 0.90492412518997167, 0.90451120065193102, 0.90585320540056324, 0.90502735632448184, 0.90523381859350216, 0.90781459695625644, 0.90636936107311405, 0.90502735632448184, 0.9031691959032988, 0.90647259220762422, 0.90585320540056324, 0.90224011569270735, 0.90358212044133945, 0.90461443178644119, 0.90605966766958357, 0.90574997426605308, 0.90533704972801232, 0.90585320540056324, 0.90636936107311405, 0.90399504497938021, 0.90389181384487005, 0.90698874788017503, 0.90471766292095135, 0.90399504497938021, 0.905130587458992, 0.90595643653507341, 0.905130587458992, 0.9043047383829107, 0.90492412518997167, 0.90265304023074799], "val_loss": [0.24982463960014065, 0.23370684796077643, 0.22678241084773093, 0.22291802576393785, 0.22059603885648371, 0.22147606871156877, 0.21873685804033127, 0.21837385132473491, 0.21699712144660299, 0.21778238183317186, 0.21656392361648413, 0.21680614142407079, 0.21675572371512383, 0.21582898966751934, 0.21464093482210084, 0.21676791059450307, 0.21896149814467294, 0.21569957872644055, 0.2150195966665745, 0.21688400503219904, 0.21502927036443903, 0.21585983357292168, 0.21523106327068697, 0.21476932331616633, 0.21506177125066209, 0.21473397365157371, 0.21581523044566886, 0.21486301608310587, 0.21531017901322244, 0.2144643104862746, 0.21513037737203208, 0.21597369277490802, 0.21491912886911074, 0.21573007611946829, 0.2179607646075444, 0.21446900008952174, 0.21651757501209559, 0.21485996180807854, 0.21469094963822927, 0.21459079353607782, 0.21717988472857613, 0.21574129839362874, 0.21420134289709913, 0.21679541903948948, 0.21505279762279486, 0.21738291694934098, 0.2140281236742726, 0.21446265690809335, 0.21439980407168255, 0.21431505123232741, 0.21445652720998828, 0.21637634436597122, 0.21715934977475318, 0.2139802742812906, 0.2150231035880239, 0.21507889077281195, 0.21395358420186236, 0.21331464295492117, 0.21447194021922386, 0.2144493787690091, 0.21462344381540224, 0.21402645101239096, 0.21651242047477534, 0.21511718052403531, 0.21426209541276303, 0.21573619180091386, 0.21437129400777438, 0.21468248785840377, 0.21434296725876034, 0.21351650368014247, 0.21499735059119901, 0.21615380945251961, 0.21445832803693118, 0.21804836711438555, 0.21608613951233036, 0.21425363207006154, 0.21475470209744393, 0.21517434098150284, 0.21498767758247664, 0.21478015169019829, 0.21500591430868837, 0.21627775853886452, 0.21536081826291834, 0.216154711201204]}}