{"low_val_loss": 0.12964217171392434, "params": {"verbose": 1, "nb_epoch": 1000, "batch_size": 32, "metrics": ["loss", "acc", "val_loss", "val_acc"], "nb_sample": 94030, "do_validation": true}, "results": {"acc": [0.94358183558945907, 0.9452834201850473, 0.94830373284868219, 0.94932468361161326, 0.94988833351058177, 0.95000531745187711, 0.95060087206210786, 0.950707221099649, 0.95089864937229429, 0.95088801447361138, 0.95088801446854021, 0.9510688078272892, 0.95115388705732218, 0.95122833138360097, 0.95144102946375453, 0.95173880676379874, 0.95171753695629058, 0.9515580133999787, 0.95168563225009928, 0.95169626715385347, 0.9517388067688699, 0.95186642560884827, 0.95196213974263533, 0.95234499627778368, 0.95170690205380415, 0.95206848878017658, 0.95220674252898008, 0.95229182176915528, 0.95222801234155952, 0.95198340956028582, 0.95220674252898008, 0.9522599170477507, 0.95198340955521465, 0.95228118685525898, 0.95241944060913364, 0.95252578964160373, 0.95266404339040733, 0.95210039349143893, 0.9524513453165927, 0.95220674253531901, 0.9524194406142048, 0.95247261512410086, 0.95183452089758591, 0.95206848878017658, 0.95224928214906768, 0.95245134532039599, 0.95231309156778909, 0.95250451983409545, 0.95249388493034137, 0.9522811868654012, 0.95221737744287649, 0.95221737743273427, 0.95206848878524764, 0.95218547272654297, 0.95225991705282187, 0.95227055195150478, 0.95210039349650999, 0.95252578964160373, 0.95241944060406258, 0.95250451983409545, 0.95249388493541254, 0.9523769009903138, 0.95198340955521465, 0.95203658406891423, 0.95231309156652133, 0.95219610763029716, 0.95219610763029716, 0.95227055195150478, 0.95234499627778368, 0.9522599170477507, 0.95206848878524764, 0.95215356801528062, 0.95204721897266831, 0.95240880570537956, 0.95244071042171297, 0.95224928214399662, 0.95224928214399662, 0.95270658300288824, 0.95217483781898549, 0.95238753589787128, 0.95215356801528062, 0.95222801233648835, 0.95199404445389768, 0.95215356801020956, 0.95219610763029716, 0.95208975859275591, 0.95249388493034137, 0.95241944060406258, 0.95202594916516003, 0.95235563118660893, 0.95237690098904604, 0.95220674253405124, 0.95245134532039599, 0.95236626608655972, 0.95251515473784965, 0.95251515473784965, 0.95261086887163671, 0.95206848878524764, 0.95208975858768474, 0.95222801233648835, 0.95263213868421603, 0.95195150483888125, 0.95208975858768474, 0.95261086887163671, 0.95244071041157075, 0.95235563118153777, 0.95222801234155952, 0.95289801127426577], "loss": [0.18572942776228918, 0.14489586453234707, 0.14063657836927754, 0.13867828189513728, 0.13744321762025832, 0.13665730881878213, 0.13598834602363305, 0.1354112372833193, 0.13528335369084599, 0.13492577091234992, 0.1346340297020383, 0.13439401268664286, 0.13422208630316348, 0.13403285458920883, 0.13395349544076909, 0.13360423890923906, 0.13361299250032829, 0.13348856072460452, 0.13338406148326912, 0.1331596462929818, 0.13319373693613124, 0.13310532698715405, 0.13292995535521054, 0.13287390520154169, 0.13282329251344541, 0.13266178433750964, 0.13253116212657673, 0.13253797918865556, 0.13226509978340037, 0.13206618962282324, 0.13201838880191011, 0.13179325932672711, 0.13161265928003874, 0.13157838580417378, 0.13135183219575355, 0.13133004923776706, 0.13133184433824888, 0.13131029427782101, 0.13108539103979913, 0.13126038281518601, 0.13120073700260509, 0.13103473306646704, 0.13098654013309727, 0.13083516450308239, 0.13071205405973824, 0.1305977450090432, 0.13063716242462475, 0.13043104136901676, 0.13042754236560014, 0.1302479411159109, 0.12993978505250331, 0.12984509631828159, 0.12969710104730831, 0.12947258286421368, 0.12929248104263566, 0.12915981313015418, 0.12899432305286607, 0.12882309850464979, 0.12880314706018392, 0.12879338769921023, 0.12870099774658789, 0.12880933117349261, 0.12857214961469168, 0.12844314870968229, 0.12862555859561906, 0.12869504592361114, 0.1285314859902619, 0.12860628302019605, 0.12851191185898925, 0.12844363685166832, 0.12846027408415214, 0.12844220305121756, 0.12840849753807171, 0.12838678186014335, 0.12851863004933592, 0.12851013768154118, 0.12832399815301951, 0.12851971998362291, 0.12828647269697299, 0.1283793856614158, 0.12840144079102109, 0.12839125112550101, 0.12841521682754345, 0.12843103013551579, 0.1283085148343758, 0.1284197771140683, 0.12825182226697371, 0.12843085872192631, 0.12827048790853582, 0.12833438395889696, 0.12835103348998914, 0.12827498622394731, 0.12832226728513166, 0.12815746876308035, 0.12828885154034195, 0.12826736349983697, 0.12835903993746225, 0.12836923561685201, 0.12829344824002448, 0.12832080931442857, 0.12824256919482077, 0.12824680941124128, 0.12818090496908652, 0.12825843469322673, 0.12832319846349638, 0.12819223266380569, 0.12815064194955991, 0.12823027490295399], "val_acc": [0.94448698315467072, 0.94841117917304751, 0.94940020418580906, 0.95016590096988263, 0.95054874936191935, 0.95061255742725881, 0.95042113323124044, 0.95026161306789181, 0.95061255742725881, 0.95172919857069938, 0.95125063808065335, 0.95185681470137828, 0.95201633486472692, 0.95233537519142419, 0.95230347115875447, 0.95121873404798363, 0.95192062276671774, 0.95128254211332308, 0.9521120469627361, 0.95227156712608474, 0.95045303726391017, 0.9528139356814701, 0.95287774374680956, 0.95306916794282792, 0.95316488004083721, 0.95284583971413983, 0.95338820826952531, 0.95172919857069938, 0.95278203164880038, 0.95297345584481874, 0.95255870342011228, 0.95316488004083721, 0.95252679938744256, 0.95284583971413983, 0.95329249617151612, 0.95306916794282792, 0.95338820826952531, 0.95329249617151612, 0.95367534456355285, 0.95357963246554367, 0.95265441551812147, 0.95278203164880038, 0.95345201633486476, 0.95345201633486476, 0.95332440020418585, 0.95262251148545174, 0.95284583971413983, 0.95271822358346092, 0.95290964777947929, 0.95265441551812147, 0.95259060745278201, 0.9528139356814701, 0.95271822358346092, 0.95377105666156203, 0.95137825421133226, 0.95255870342011228, 0.95313297600816749, 0.95399438489025012, 0.95290964777947929, 0.95335630423685558, 0.95249489535477283, 0.95300535987748847, 0.95332440020418585, 0.95332440020418585, 0.95319678407350694, 0.95214395099540583, 0.95310107197549765, 0.95297345584481874, 0.95268631955079119, 0.9528139356814701, 0.95319678407350694, 0.95294155181214901, 0.95223966309341501, 0.95338820826952531, 0.95319678407350694, 0.95290964777947929, 0.9528139356814701, 0.95348392036753449, 0.95367534456355285, 0.95322868810617667, 0.95322868810617667, 0.95338820826952531, 0.95357963246554367, 0.95335630423685558, 0.9532605921388464, 0.95322868810617667, 0.95383486472690149, 0.95287774374680956, 0.95275012761613065, 0.95370724859622258, 0.9532605921388464, 0.95265441551812147, 0.95338820826952531, 0.95319678407350694, 0.9532605921388464, 0.95364344053088312, 0.95294155181214901, 0.95172919857069938, 0.95303726391015819, 0.95284583971413983, 0.9528139356814701, 0.95319678407350694, 0.95373915262889231, 0.95255870342011228, 0.95300535987748847, 0.9539624808575804, 0.95316488004083721, 0.95335630423685558],