{"low_val_loss": 0.21161619969549914, "params": {"verbose": 1, "nb_epoch": 1000, "batch_size": 32, "metrics": ["loss", "acc", "val_loss", "val_acc"], "nb_sample": 29058, "do_validation": true}, "results": {"acc": [0.85088443802051072, 0.89754972812994704, 0.9029871291898961, 0.90401954711267118, 0.90374423566659778, 0.90384747745887539, 0.90443251428178129, 0.90508637896620547, 0.90484548145089128, 0.90543051827379728, 0.90546493220455637, 0.90608438295822147, 0.90549934613531557, 0.90563700185835228, 0.90549934613531557, 0.90656617798884986, 0.90553376006607478, 0.90515520682772388, 0.90611879688898067, 0.90677266157340486, 0.90618762475049897, 0.90632528047353567, 0.90684148943492326, 0.90598114116594397, 0.90749535411934756, 0.90666941978112736, 0.90646293619657237, 0.90649735012733157, 0.90615321081973987, 0.90656617798884986, 0.90725445660403337, 0.90625645261201737, 0.90725445660403337, 0.90687590336568247, 0.90677266157340486, 0.90608438295822147, 0.90677266157340486, 0.90701355908871917, 0.90694473122720076, 0.90604996902746227, 0.90632528047353567, 0.90632528047353567, 0.90649735012733157, 0.90639410833505407, 0.90704797301947826, 0.90660059191960907, 0.90684148943492326, 0.90811480487301255, 0.90649735012733157, 0.90677266157340486, 0.90704797301947826, 0.90694473122720076, 0.90694473122720076, 0.90739211232706996, 0.90601555509670317, 0.90618762475049897, 0.90680707550416406, 0.90632528047353567, 0.90680707550416406, 0.90663500585036827, 0.90697914515795997, 0.90687590336568247, 0.90752976805010666, 0.90835570238832675, 0.90697914515795997, 0.90739211232706996, 0.90711680088099667, 0.90742652625782916, 0.90622203868125817, 0.90739211232706996, 0.90787390735769835, 0.90711680088099667, 0.90735769839631086, 0.90759859591162506, 0.90735769839631086, 0.90766742377314336, 0.90801156308073505, 0.90735769839631086, 0.90742652625782916, 0.90756418198086586, 0.90697914515795997, 0.90739211232706996, 0.90780507949618006, 0.90856218597288185, 0.90814921880377175, 0.90801156308073505, 0.90770183770390256, 0.90742652625782916], "loss": [0.32574522344094115, 0.23932138123107929, 0.23058239815855266, 0.22622091672854391, 0.22355424490175907, 0.22174749002486566, 0.22076214341243813, 0.22006035409829303, 0.2194702114661945, 0.21906580265187831, 0.21814024754848554, 0.21759783008602959, 0.21750925014151767, 0.21704163746771771, 0.21728676335520875, 0.21674696863750395, 0.21643736918737103, 0.21637266456701332, 0.21613004786222076, 0.21582171628599739, 0.2157769962223228, 0.21578298022671719, 0.21514998573800376, 0.21500296180907444, 0.21496987891743652, 0.21482666018652616, 0.2146819985218916, 0.21445319614958325, 0.2144675172587962, 0.21434781264435016, 0.21409830804848853, 0.21401447460944559, 0.21381745954106404, 0.21378608151821737, 0.2134500622652504, 0.21349153074011093, 0.21355030452875848, 0.21338186303257606, 0.21306960385015083, 0.21315709234588578, 0.21304412014560384, 0.21317875910194212, 0.21300755428368623, 0.21273951362173624, 0.21263668721689066, 0.2127991874934769, 0.21233865482233244, 0.21223152148616117, 0.2129402618232305, 0.21244592171387233, 0.21230450784034349, 0.21227834149051561, 0.21204421425917594, 0.21233021971347268, 0.21214611021475813, 0.21216106791054626, 0.21171557592911436, 0.21197703152728825, 0.21194826604429087, 0.21177940526720138, 0.21184084159688421, 0.2118287857149356, 0.21167835963944956, 0.21124712329531448, 0.21148371624214182, 0.2112206364187299, 0.2114526820478998, 0.21153048278378131, 0.21124376408959364, 0.21123702981342543, 0.21090620721893749, 0.21123388089109857, 0.21087667787194631, 0.211110525938559, 0.21159630433372115, 0.21105103096357108, 0.21065420244637537, 0.21125780196136221, 0.2107581384446667, 0.2110351785977419, 0.21068230213388961, 0.21063116898440848, 0.21089291868358184, 0.21039262635306308, 0.21050567036142082, 0.21046639315064317, 0.21043128791781907, 0.21066164925681133], "val_acc": [0.8857231341956926, 0.89945287506093274, 0.90120780434760561, 0.90213688455819718, 0.90285950249976832, 0.90254980909623783, 0.90347888930682929, 0.90234334682721751, 0.90502735632448184, 0.90440796951742086, 0.90554351199703265, 0.90451120065193102, 0.90420150724840054, 0.90554351199703265, 0.9043047383829107, 0.90564674313154292, 0.90533704972801232, 0.90564674313154292, 0.90667905447664454, 0.90605966766958357, 0.90616289880409373, 0.9043047383829107, 0.90420150724840054, 0.90616289880409373, 0.90647259220762422, 0.90337565817231913, 0.90636936107311405, 0.90285950249976832, 0.90492412518997167, 0.90471766292095135, 0.90554351199703265, 0.90616289880409373, 0.90595643653507341, 0.90564674313154292, 0.90461443178644119, 0.90636936107311405, 0.90451120065193102, 0.90502735632448184, 0.90688551674566487, 0.90564674313154292, 0.90554351199703265, 0.90451120065193102, 0.90327242703780897, 0.90420150724840054, 0.90616289880409373, 0.90564674313154292, 0.90647259220762422, 0.90482089405546151, 0.90698874788017503, 0.90636936107311405, 0.905130587458992, 0.90492412518997167, 0.90657582334213438, 0.90802105922527676, 0.90616289880409373, 0.90616289880409373, 0.90254980909623783, 0.90626612993860389, 0.9067822856111547, 0.90285950249976832, 0.905130587458992, 0.90833075262880725, 0.90347888930682929, 0.9043047383829107, 0.90285950249976832, 0.90657582334213438, 0.90740167241821568, 0.90750490355272584, 0.90667905447664454, 0.90667905447664454, 0.90461443178644119, 0.90213688455819718, 0.90636936107311405, 0.90337565817231913, 0.90564674313154292, 0.90409827611389038, 0.90616289880409373, 0.90585320540056324, 0.90523381859350216, 0.90647259220762422, 0.90471766292095135, 0.90616289880409373, 0.90605966766958357, 0.90626612993860389, 0.90451120065193102, 0.90688551674566487, 0.90636936107311405, 0.90265304023074799], "val_loss": [0.2470364467338646, 0.23212519036095444, 0.22710657867347173, 0.22274144042002178, 0.22015650423488417, 0.22004013202366868, 0.22034281046136781, 0.21839298810754088, 0.21658873319921201, 0.21795322412465937, 0.21651049079055251, 0.21697818070936217, 0.2160728909448289, 0.21568107668972242, 0.21644159205141753, 0.21537348836940348, 0.21513136147320597, 0.21402913941445581, 0.2136778476881368, 0.2138329338175822, 0.21473887692888885, 0.21595802893330465, 0.21618872308701545, 0.21341892967064635, 0.21425441167137257, 0.21553518276927369, 0.21372097880463489, 0.21668422546711108, 0.21536011792833964, 0.21557779933961538, 0.21458707511566538, 0.21322644738586397, 0.21398471052634085, 0.21413044473193829, 0.21410400822298734, 0.21264884836031112, 0.21507105807518706, 0.2130874244128389, 0.21227465483061089, 0.21340370292054175, 0.2136012574793742, 0.21428135776711751, 0.21648444213327689, 0.21473104377286137, 0.21256397051548853, 0.21258439289301531, 0.21331478935456122, 0.21305021927602102, 0.21239059914914499, 0.2119791941388271, 0.21486535136441495, 0.21391730874244602, 0.21359190526633265, 0.2123657970916035, 0.21412582032338648, 0.2127518710723858, 0.21502483127975386, 0.21242519655967998, 0.21273257560228875, 0.21510290042145822, 0.21368930536587935, 0.21161619969549914, 0.21463913834536791, 0.21332266458210297, 0.21412226630952985, 0.21311785536825417, 0.21226806529008579, 0.21242113810913646, 0.21224721771183921, 0.21349328545282609, 0.21289840375994384, 0.21646457778554687, 0.21327256694277633, 0.21510883462162003, 0.21223798394203186, 0.2145287090070454, 0.2127885994089638, 0.21292611232689443, 0.21420323040828229, 0.212784687653407, 0.21379025868246204, 0.21337956536833907, 0.21260508287921465, 0.21324293564455518, 0.21345623317020307, 0.21285283821180681, 0.21331874068656845, 0.21564494112616686]}}