{"low_val_loss": 0.21398069608860049, "params": {"verbose": 1, "nb_epoch": 1000, "batch_size": 32, "metrics": ["loss", "acc", "val_loss", "val_acc"], "nb_sample": 29058, "do_validation": true}, "results": {"acc": [0.84682359419092845, 0.89517516690756416, 0.90075022369054991, 0.90192029733636181, 0.9022300227131943, 0.90161057195952921, 0.90353775208204279, 0.90291830132837769, 0.9025053341592677, 0.90319361277445109, 0.90302154312065519, 0.90408837497418959, 0.90333126849748779, 0.90302154312065519, 0.90415720283570788, 0.9030903709821736, 0.90453575607405878, 0.90405396104343039, 0.90481106752013218, 0.90505196503544638, 0.90443251428178129, 0.90426044462798538, 0.90412278890494868, 0.90474223965861378, 0.90463899786633628, 0.90391630532039369, 0.90611879688898067, 0.90370982173583869, 0.90536169041227887, 0.90498313717392798, 0.90608438295822147, 0.90563700185835228, 0.90494872324316888, 0.90419161676646709, 0.90508637896620547, 0.90491430931240968, 0.90487989538165048, 0.90477665358937298, 0.90539610434303808, 0.90460458393557708, 0.90446692821254049, 0.90529286255076058, 0.90467341179709548, 0.90501755110468718, 0.90505196503544638, 0.90512079289696468, 0.90408837497418959, 0.90443251428178129, 0.90594672723518477, 0.90529286255076058, 0.90374423566659778, 0.90539610434303808, 0.90398513318191209, 0.90457017000481799, 0.90518962075848308, 0.90481106752013218, 0.90587789937366647, 0.90591231330442568, 0.90470782572785469, 0.90470782572785469, 0.90450134214329958, 0.90556817399683387, 0.90463899786633628, 0.90543051827379728, 0.90487989538165048, 0.90422603069722629, 0.90560258792759307, 0.90522403468924217, 0.90553376006607478, 0.90515520682772388, 0.90549934613531557, 0.90546493220455637, 0.90432927248950379, 0.90529286255076058, 0.90477665358937298, 0.90543051827379728, 0.90453575607405878, 0.90463899786633628, 0.90453575607405878, 0.90508637896620547, 0.90501755110468718, 0.90549934613531557, 0.90563700185835228, 0.90481106752013218, 0.90525844862000138], "loss": [0.33922767745618998, 0.2407698138060006, 0.23218147572437906, 0.22795903034314899, 0.22545203330117841, 0.22378419285606915, 0.22290477894671695, 0.22190683485946638, 0.22148299882643172, 0.22094169250251061, 0.22056161080289738, 0.22040021775621901, 0.2198763437520681, 0.21956271012738973, 0.21941839502246654, 0.21919998461959433, 0.21921996155458739, 0.21900867841292579, 0.21871838221178141, 0.2187099939422486, 0.21882123824356919, 0.21856080472850858, 0.21856088748782354, 0.21839306295078056, 0.21860648857291037, 0.21847084698452085, 0.21805731497535244, 0.21833451656190456, 0.2181825660852697, 0.21804688931315558, 0.21820632861390626, 0.21841509259508518, 0.21831285854242191, 0.21796648157759299, 0.21787311355943376, 0.21791372886912788, 0.21793730257376306, 0.21777535327867578, 0.21793182046249507, 0.21778030132929846, 0.21779434983823359, 0.21752645540181223, 0.21780082251743518, 0.21759907892364228, 0.21763736513085832, 0.21770382343018174, 0.21778048475747494, 0.21755304409898799, 0.21758856120257022, 0.21770216251274568, 0.21764128533711133, 0.21763766702339929, 0.21763794159032601, 0.21770293203927243, 0.2173931407483555, 0.21739739942514968, 0.21748689584504799, 0.21774190080274117, 0.21731153753712648, 0.21755129757542202, 0.21738386162995094, 0.21718847532994762, 0.21748020961048398, 0.21725665105169478, 0.21720847138125157, 0.21736259391200491, 0.21720179011040802, 0.21725340919736183, 0.21729784667123589, 0.21705336745894285, 0.21699472390675759, 0.21710265200500256, 0.21713859735955324, 0.21713595623052392, 0.21718002130560524, 0.21700073448688939, 0.21699572334211092, 0.21696686896147646, 0.21687572185298565, 0.21695741865817519, 0.21691802794495668, 0.21714030324061054, 0.21690754194172343, 0.21690203781338468, 0.21685823461874038], "val_acc": [0.88789098799579391, 0.89666563442915825, 0.89945287506093274, 0.90141426661662594, 0.90017549300250399, 0.90079487980956496, 0.90234334682721751, 0.90347888930682929, 0.90420150724840054, 0.90296273363427848, 0.90347888930682929, 0.9031691959032988, 0.90265304023074799, 0.90368535157584962, 0.90368535157584962, 0.90574997426605308, 0.90327242703780897, 0.90440796951742086, 0.90378858271035989, 0.90162072888564626, 0.90440796951742086, 0.90347888930682929, 0.90471766292095135, 0.90265304023074799, 0.90399504497938021, 0.90378858271035989, 0.90451120065193102, 0.90358212044133945, 0.90544028086252248, 0.90409827611389038, 0.90162072888564626, 0.90368535157584962, 0.90347888930682929, 0.90461443178644119, 0.90461443178644119, 0.90306596476878864, 0.90451120065193102, 0.90275627136525816, 0.90471766292095135, 0.90358212044133945, 0.90296273363427848, 0.905130587458992, 0.90347888930682929, 0.90244657796172767, 0.90461443178644119, 0.90306596476878864, 0.90471766292095135, 0.90213688455819718, 0.90389181384487005, 0.90502735632448184, 0.90389181384487005, 0.9043047383829107, 0.905130587458992, 0.90440796951742086, 0.90544028086252248, 0.905130587458992, 0.90203365342368702, 0.9043047383829107, 0.90492412518997167, 0.90461443178644119, 0.90482089405546151, 0.90564674313154292, 0.90409827611389038, 0.90389181384487005, 0.90605966766958357, 0.90564674313154292, 0.90523381859350216, 0.90533704972801232, 0.90461443178644119, 0.90378858271035989, 0.90482089405546151, 0.90440796951742086, 0.90409827611389038, 0.90492412518997167, 0.90544028086252248, 0.90451120065193102, 0.90471766292095135, 0.90544028086252248, 0.90554351199703265, 0.90471766292095135, 0.90409827613850258, 0.90461443178644119, 0.90574997426605308, 0.90420150724840054, 0.90440796951742086], "val_loss": [0.24767630852707354, 0.23327135914826869, 0.22630776031917865, 0.22350893715186743, 0.22152091055890041, 0.22035221289564511, 0.21845960330333061, 0.21741290502015609, 0.21820035046427025, 0.21757343291153391, 0.21812706147109537, 0.21984963316696893, 0.21842864132695392, 0.21776093517502138, 0.21799454822424114, 0.21669464130341065, 0.21710584302601757, 0.21688442629804008, 0.21819036557872043, 0.21860225708649306, 0.21674396436231921, 0.21695405525406583, 0.21561814448505384, 0.21809208934565774, 0.21585614534555062, 0.21665988525788554, 0.21566775916493244, 0.21701227559681044, 0.21578334176073974, 0.21610362497204977, 0.21936764525865099, 0.21661974927940222, 0.21710625237031433, 0.2160383097568237, 0.21611888788365918, 0.21732576303872406, 0.21517618055423371, 0.21824898229204515, 0.21594223182268085, 0.21607673698883376, 0.21647481803518953, 0.21523833037948686, 0.21566683388696534, 0.21851742926600845, 0.21519499982093723, 0.21554643576256174, 0.2149534378767235, 0.21725513502344745, 0.21549016851641464, 0.21499420649079676, 0.21618184664183707, 0.21497925617284569, 0.21569278689499941, 0.2153956096023675, 0.21694123802495666, 0.21503238051535975, 0.2191026341075854, 0.2157001104519268, 0.21398069608860049, 0.21490029290916873, 0.2154078675864515, 0.21515224961239179, 0.21549279502797475, 0.21591888374744264, 0.21479105532840026, 0.2145595861266392, 0.21467264955708568, 0.21499171030402023, 0.21523701720677307, 0.21549677529472358, 0.21545694993784445, 0.21504814756523286, 0.21626021754166974, 0.21518180140698795, 0.21471830640425435, 0.2157364387906987, 0.21459715636728766, 0.21472462159543507, 0.21503457527011988, 0.21447037556191845, 0.21556997450559492, 0.21543245213041859, 0.21469468755152027, 0.21557715421640014, 0.21554332829744957]}}