{"low_val_loss": 0.21368171495710522, "params": {"verbose": 1, "nb_epoch": 1000, "batch_size": 32, "metrics": ["loss", "acc", "val_loss", "val_acc"], "nb_sample": 29058, "do_validation": true}, "results": {"acc": [0.84964553651318053, 0.89620758483033935, 0.9018170555440842, 0.90374423566659778, 0.90405396104343039, 0.90377864959735699, 0.90484548145089128, 0.90498313717392798, 0.90457017000481799, 0.90453575607405878, 0.90398513318191209, 0.90484548145089128, 0.90512079289696468, 0.90532727648151967, 0.90560258792759307, 0.90691031729644156, 0.90560258792759307, 0.90574024365062977, 0.90570582971987057, 0.90505196503544638, 0.90584348544290727, 0.90553376006607478, 0.90525844862000138, 0.90608438295822147, 0.90670383371188656, 0.90598114116594397, 0.90539610434303808, 0.90546493220455637, 0.90512079289696468, 0.90563700185835228, 0.90515520682772388, 0.90580907151214807, 0.90543051827379728, 0.90560258792759307, 0.90615321081973987, 0.90642852226581316, 0.90642852226581316, 0.90625645261201737, 0.90618762475049897, 0.90574024365062977, 0.90580907151214807, 0.90594672723518477, 0.90543051827379728, 0.90635969440429487, 0.90618762475049897, 0.90536169041227887, 0.90608438295822147, 0.90611879688898067, 0.90560258792759307, 0.90553376006607478, 0.90708238695023746], "loss": [0.32438859273171555, 0.23960915129454582, 0.231687308362346, 0.22702481400179791, 0.2243502707926141, 0.22253483961950979, 0.2215439779851251, 0.22060811244142597, 0.21983901377190232, 0.21934266361237492, 0.21870405273662644, 0.21846678722422896, 0.21799533322088893, 0.21772371695164566, 0.21708409290097183, 0.21694090524696696, 0.21688659917964473, 0.21671683032730871, 0.21680144857427033, 0.21651867606812175, 0.21643459754895364, 0.21634231367832993, 0.21613102026580658, 0.21597401795902912, 0.21605222170339317, 0.21590782428950417, 0.21578332934300645, 0.21582012864209082, 0.21574796999188858, 0.21552848606054692, 0.2155319242557743, 0.21554236687651618, 0.2154523915048297, 0.21558671479884342, 0.21528435862248871, 0.21542499519685104, 0.21523425804707319, 0.2151796099931049, 0.21552670521273379, 0.21530246375060935, 0.21519243678239461, 0.21508396575616473, 0.21490539144551535, 0.21490400435345428, 0.21490680901680476, 0.21503542273665155, 0.21505289148364853, 0.2147492955913973, 0.21496358041844041, 0.21485279098084398, 0.21478631250651051], "val_acc": [0.88427789831255021, 0.89780117693338235, 0.90058841754054464, 0.90213688455819718, 0.90089811094407513, 0.9031691959032988, 0.90554351199703265, 0.90533704972801232, 0.90667905447664454, 0.90554351199703265, 0.90337565817231913, 0.90605966766958357, 0.90626612993860389, 0.9043047383829107, 0.905130587458992, 0.90585320540056324, 0.90533704972801232, 0.90585320540056324, 0.90585320540056324, 0.90698874788017503, 0.90461443178644119, 0.90688551674566487, 0.90502735632448184, 0.90585320540056324, 0.90626612993860389, 0.90626612993860389, 0.90554351199703265, 0.90554351199703265, 0.90843398376331741, 0.905130587458992, 0.90750490355272584, 0.90574997426605308, 0.90833075262880725, 0.90750490355272584, 0.90523381859350216, 0.90667905447664454, 0.90533704972801232, 0.90554351199703265, 0.90657582334213438, 0.90626612993860389, 0.90636936107311405, 0.90657582334213438, 0.90771136582174627, 0.90709197901468519, 0.90544028086252248, 0.90492412518997167, 0.90740167241821568, 0.90306596476878864, 0.90502735632448184, 0.90533704972801232, 0.90585320540056324], "val_loss": [0.24561559270997774, 0.23374600533891712, 0.22661552868404292, 0.22355857348127042, 0.2225931796284791, 0.2187386083322326, 0.21855002710899726, 0.21757793201311856, 0.21600110967166408, 0.21672692075656322, 0.21760757762180757, 0.2151105156562714, 0.21695170910646147, 0.21523373440727922, 0.21630919078708963, 0.2147061580199261, 0.21661419519037239, 0.21655596208003847, 0.21491526355681384, 0.21554800928949608, 0.21438474943175875, 0.21479460617035698, 0.21526048527889186, 0.21700989147254995, 0.21368171495710522, 0.21475138554844286, 0.21563179719752051, 0.21552026276127206, 0.2145380744245432, 0.21537943018397102, 0.21371659743253005, 0.21442001990653223, 0.21388078450885881, 0.21425694693312552, 0.21636759095902264, 0.21471532269246293, 0.21448420654069753, 0.21495037011419937, 0.21452495782469108, 0.21514938626358773, 0.21473055091007115, 0.21424353479588379, 0.21401089381246211, 0.21368286917487006, 0.21501009884148395, 0.21546212100534723, 0.2138338290686404, 0.21611590348580212, 0.21512970276030025, 0.21444035286478574, 0.21435491359675646]}}