{"low_val_loss": 0.2116219198554862, "params": {"verbose": 1, "nb_epoch": 1000, "batch_size": 32, "metrics": ["loss", "acc", "val_loss", "val_acc"], "nb_sample": 29058, "do_validation": true}, "results": {"acc": [0.83914928763163332, 0.88292380755729916, 0.89841007639892634, 0.9013352605134558, 0.90192029733636181, 0.90326244063596939, 0.90253974809002679, 0.90381306352811619, 0.90426044462798538, 0.90370982173583869, 0.90474223965861378, 0.90453575607405878, 0.90539610434303808, 0.90546493220455637, 0.90477665358937298, 0.90505196503544638, 0.90518962075848308, 0.90584348544290727, 0.90532727648151967, 0.90635969440429487, 0.90587789937366647, 0.90539610434303808, 0.90611879688898067, 0.90739211232706996, 0.90508637896620547, 0.90663500585036827, 0.90591231330442568, 0.90670383371188656, 0.90584348544290727, 0.90570582971987057, 0.90660059191960907, 0.90632528047353567, 0.90663500585036827, 0.90725445660403337, 0.90618762475049897, 0.90660059191960907, 0.90677266157340486, 0.90687590336568247, 0.90746094018858836, 0.90639410833505407, 0.90556817399683387, 0.90670383371188656, 0.90666941978112736, 0.90687590336568247, 0.90749535411934756, 0.90718562874251496, 0.90615321081973987, 0.90742652625782916, 0.90680707550416406, 0.90677266157340486, 0.90746094018858836, 0.90663500585036827, 0.90732328446555166, 0.90783949342693926, 0.90629086654277646, 0.90684148943492326, 0.90732328446555166, 0.90629086654277646, 0.90684148943492326, 0.90742652625782916, 0.90732328446555166, 0.90691031729644156, 0.90708238695023746, 0.90722004267327416, 0.90735769839631086, 0.90701355908871917, 0.90670383371188656, 0.90752976805010666, 0.90746094018858836, 0.90722004267327416, 0.90821804666529016, 0.90801156308073505, 0.90684148943492326, 0.90649735012733157, 0.90697914515795997, 0.90804597701149425, 0.90752976805010666, 0.90646293619657237, 0.90735769839631086, 0.90773625163466176, 0.90732328446555166, 0.90746094018858836, 0.90735769839631086, 0.90722004267327416, 0.90694473122720076, 0.90711680088099667, 0.90629086654277646, 0.90711680088099667, 0.90639410833505407, 0.90708238695023746, 0.90756418198086586, 0.90711680088099667, 0.90666941978112736, 0.90759859591162506, 0.90711680088099667, 0.90718562874251496, 0.90715121481175576, 0.90680707550416406, 0.90773625163466176, 0.90756418198086586, 0.90722004267327416, 0.90735769839631086, 0.90635969440429487, 0.90780507949618006, 0.90752976805010666, 0.90718562874251496, 0.90763300984238415, 0.90746094018858836, 0.90763300984238415, 0.90770183770390256, 0.90808039094225346, 0.90777066556542085, 0.90759859591162506, 0.90756418198086586, 0.90677266157340486, 0.90742652625782916, 0.90770183770390256, 0.90790832128845755, 0.90728887053479246, 0.90742652625782916, 0.90876866955743685, 0.90770183770390256, 0.90759859591162506, 0.90783949342693926, 0.90808039094225346, 0.90749535411934756, 0.90783949342693926, 0.90763300984238415, 0.90766742377314336, 0.90739211232706996, 0.90777066556542085, 0.90732328446555166, 0.90801156308073505, 0.90852777204212265, 0.90708238695023746, 0.90770183770390256, 0.90756418198086586, 0.90673824764264577, 0.90749535411934756, 0.90801156308073505, 0.90746094018858836, 0.90804597701149425, 0.90708238695023746, 0.90777066556542085, 0.90811480487301255, 0.90749535411934756, 0.90780507949618006, 0.90777066556542085, 0.90759859591162506, 0.90828687452680845, 0.90787390735769835, 0.90794273521921676, 0.90739211232706996, 0.90718562874251496, 0.90770183770390256, 0.90697914515795997, 0.90763300984238415, 0.90783949342693926, 0.90849335811136345, 0.90732328446555166, 0.90722004267327416, 0.90701355908871917, 0.90808039094225346, 0.90818363273453095, 0.90773625163466176, 0.90787390735769835, 0.90773625163466176, 0.90763300984238415, 0.90746094018858836, 0.90725445660403337, 0.90711680088099667, 0.90756418198086586, 0.90821804666529016, 0.90739211232706996, 0.90770183770390256, 0.90752976805010666, 0.90722004267327416, 0.90818363273453095, 0.90780507949618006, 0.90773625163466176, 0.90773625163466176, 0.90742652625782916, 0.90735769839631086, 0.90770183770390256, 0.90814921880377175, 0.90635969440429487],