{"low_val_loss": 0.21243287624005405, "params": {"verbose": 1, "nb_epoch": 1000, "batch_size": 32, "metrics": ["loss", "acc", "val_loss", "val_acc"], "nb_sample": 29058, "do_validation": true}, "results": {"acc": [0.84854429072888704, 0.89620758483033935, 0.90102553513662331, 0.9028838873976186, 0.9028494734668594, 0.90381306352811619, 0.90446692821254049, 0.90525844862000138, 0.90443251428178129, 0.90422603069722629, 0.90443251428178129, 0.90501755110468718, 0.90560258792759307, 0.90570582971987057, 0.90432927248950379, 0.90570582971987057, 0.90567141578911148, 0.90570582971987057, 0.90505196503544638, 0.90467341179709548, 0.90570582971987057, 0.90546493220455637, 0.90587789937366647, 0.90608438295822147, 0.90543051827379728, 0.90615321081973987, 0.90632528047353567, 0.90567141578911148, 0.90646293619657237, 0.90608438295822147, 0.90673824764264577, 0.90670383371188656, 0.90639410833505407, 0.90697914515795997, 0.90691031729644156, 0.90663500585036827, 0.90697914515795997, 0.90632528047353567, 0.90670383371188656, 0.90625645261201737, 0.90684148943492326, 0.90635969440429487, 0.90735769839631086, 0.90680707550416406, 0.90594672723518477, 0.90742652625782916, 0.90708238695023746, 0.90725445660403337, 0.90670383371188656, 0.90618762475049897, 0.90732328446555166, 0.90718562874251496, 0.90701355908871917, 0.90680707550416406, 0.90718562874251496, 0.90704797301947826, 0.90742652625782916, 0.90725445660403337, 0.90701355908871917, 0.90773625163466176, 0.90728887053479246, 0.90718562874251496, 0.90752976805010666, 0.90711680088099667, 0.90801156308073505, 0.90897515314199184, 0.90711680088099667, 0.90711680088099667, 0.90804597701149425, 0.90684148943492326, 0.90711680088099667, 0.90687590336568247, 0.90684148943492326, 0.90725445660403337, 0.90739211232706996, 0.90704797301947826, 0.90835570238832675, 0.90828687452680845, 0.90732328446555166, 0.90770183770390256, 0.90684148943492326, 0.90797714914997596, 0.90749535411934756, 0.90660059191960907], "loss": [0.33129778859849823, 0.24012809117602271, 0.23169183569243457, 0.22722676531135752, 0.22472762867486684, 0.22290510680110864, 0.22193034336107284, 0.22127481800074489, 0.22017932519618205, 0.21974162465711775, 0.21906614314402695, 0.21940585270383517, 0.21882849447251621, 0.21829838835294493, 0.21759768097749702, 0.21741152043327494, 0.21731505311642832, 0.21663657050102619, 0.21633162400012512, 0.21609582026751317, 0.2158723054277453, 0.21579360571026523, 0.21564054619161296, 0.21523306755248658, 0.21485670041468544, 0.21532204519494239, 0.2152352424553711, 0.21455530903403219, 0.21479257544435568, 0.21458829946544691, 0.21414486853531087, 0.21396593064027697, 0.21412604106019012, 0.21435136145711348, 0.21395959548169621, 0.21408081908204352, 0.21373213240246683, 0.21355949167909083, 0.21377500398217211, 0.21384224761163659, 0.21361735189303174, 0.21365359235443782, 0.21358462386420429, 0.21372371258121683, 0.21341501255227066, 0.21348328313510975, 0.21341097872824522, 0.21348409934877177, 0.2131795563489369, 0.21310740151575341, 0.21339740961332659, 0.21327014144268241, 0.2132093239363867, 0.21335767272021885, 0.21327095055549858, 0.21291633815490363, 0.21275208961715122, 0.21311087267505005, 0.21291359545766458, 0.21281924468413035, 0.21254175907771777, 0.212566903493419, 0.21303162120923147, 0.21261215914763607, 0.21250732008554182, 0.2123603267684657, 0.21269584086077681, 0.21246442122857842, 0.21231809849955638, 0.21257851245334944, 0.21256107173645206, 0.21253287529711354, 0.2123367866650952, 0.21220904100096327, 0.21231384122609206, 0.21197878850293334, 0.2121638685110509, 0.21194414462660169, 0.21234648462167766, 0.21198883460076565, 0.21181485064671809, 0.21222407750642278, 0.211988803906695, 0.21167238422086343], "val_acc": [0.88778775686128375, 0.89676886556366842, 0.90141426661662594, 0.90234334682721751, 0.90244657796172767, 0.90285950249976832, 0.90306596476878864, 0.90275627136525816, 0.90719521014919535, 0.90461443178644119, 0.90554351199703265, 0.90502735632448184, 0.905130587458992, 0.90502735632448184, 0.90564674313154292, 0.90285950249976832, 0.9031691959032988, 0.90110457321309545, 0.90698874788017503, 0.90729844128370551, 0.90471766292095135, 0.90399504497938021, 0.90698874788017503, 0.90657582334213438, 0.90120780432299341, 0.90626612993860389, 0.90750490355272584, 0.90647259220762422, 0.90554351199703265, 0.90636936107311405, 0.90688551674566487, 0.90564674313154292, 0.90492412518997167, 0.90709197901468519, 0.90533704972801232, 0.90657582334213438, 0.90616289880409373, 0.90523381859350216, 0.905130587458992, 0.90574997426605308, 0.90657582334213438, 0.90544028086252248, 0.90492412518997167, 0.90595643653507341, 0.90574997426605308, 0.90585320540056324, 0.90420150724840054, 0.90626612993860389, 0.90605966766958357, 0.9067822856111547, 0.90492412518997167, 0.90647259220762422, 0.90574997426605308, 0.90595643653507341, 0.9067822856111547, 0.90595643653507341, 0.90523381859350216, 0.90667905447664454, 0.90564674313154292, 0.90595643653507341, 0.9031691959032988, 0.90616289880409373, 0.90358212044133945, 0.90636936107311405, 0.90626612993860389, 0.90544028086252248, 0.90605966766958357, 0.90451120065193102, 0.9043047383829107, 0.90605966766958357, 0.90409827611389038, 0.90378858271035989, 0.90482089405546151, 0.90440796951742086, 0.90585320540056324, 0.90564674313154292, 0.905130587458992, 0.90523381859350216, 0.90420150724840054, 0.90574997426605308, 0.90482089405546151, 0.90554351199703265, 0.90533704972801232, 0.90647259220762422], "val_loss": [0.2470487792345224, 0.23269726352154119, 0.22836652364575286, 0.22357969201237496, 0.22022092046722411, 0.22053351223351872, 0.21905630698197395, 0.21801977449186055, 0.21598441683927336, 0.21759212156426025, 0.21651891467371162, 0.21588675528718576, 0.21587370416968429, 0.21675728685877771, 0.215449467361361, 0.21532732833615642, 0.2180299446274403, 0.21928155132094146, 0.21484698768529384, 0.21570515403120438, 0.2156977279766851, 0.21469301358826748, 0.21405067677171505, 0.21500738572874981, 0.21875204287428623, 0.21411967305830909, 0.21343114632773574, 0.21343961047648743, 0.21496017107877913, 0.2146869037522243, 0.2138753687312781, 0.21544054928327525, 0.21463349193589931, 0.21280705539467928, 0.2156761067286726, 0.21270609908002047, 0.21338922530489587, 0.21458995348100041, 0.21346529100878242, 0.21353542446302559, 0.21389538384424073, 0.21303265065468538, 0.21469935157959388, 0.21269271437309839, 0.21296313473335837, 0.21463991063069643, 0.21547587001927929, 0.21382129452934179, 0.21246970700346379, 0.2136933931695722, 0.21633076730239154, 0.21433253244643882, 0.2151500931296344, 0.21277317656406963, 0.21288277928251051, 0.21569628925088194, 0.21521230816188902, 0.21243287624005405, 0.21287080854457438, 0.21333683511415133, 0.2157981139508221, 0.2136291096986257, 0.2136223371231705, 0.21312951469084199, 0.21266375686209971, 0.21401695103373114, 0.21330702609416316, 0.21321623632016168, 0.21401346033788804, 0.212929692408169, 0.2150630138509104, 0.2156548239632978, 0.21458257566335659, 0.21326580563356501, 0.21423690988144492, 0.21353315477943696, 0.21306317669941419, 0.21375033938689067, 0.21451397059415903, 0.21383428186581233, 0.21381393839506416, 0.21335963793333512, 0.21282033738096123, 0.21326538982856036]}}