{"low_val_loss": 0.21280449318100672, "params": {"verbose": 1, "nb_epoch": 1000, "batch_size": 32, "metrics": ["loss", "acc", "val_loss", "val_acc"], "nb_sample": 29058, "do_validation": true}, "results": {"acc": [0.85649390873425557, 0.89930483859866472, 0.9019547112671209, 0.9024709202285085, 0.90364099387432029, 0.90388189138963448, 0.90405396104343039, 0.90391630532039369, 0.90463899786633628, 0.90443251428178129, 0.90508637896620547, 0.90481106752013218, 0.90522403468924217, 0.90653176405809066, 0.90556817399683387, 0.90508637896620547, 0.90560258792759307, 0.90539610434303808, 0.90587789937366647, 0.90604996902746227, 0.90498313717392798, 0.90677266157340486, 0.90553376006607478, 0.90543051827379728, 0.90618762475049897, 0.90491430931240968, 0.90481106752013218, 0.90556817399683387, 0.90584348544290727, 0.90759859591162506, 0.90632528047353567, 0.90653176405809066, 0.90673824764264577, 0.90663500585036827, 0.90618762475049897, 0.90591231330442568, 0.90642852226581316, 0.90722004267327416, 0.90670383371188656, 0.90673824764264577, 0.90725445660403337, 0.90594672723518477, 0.90546493220455637, 0.90677266157340486, 0.90642852226581316, 0.90649735012733157, 0.90677266157340486, 0.90660059191960907, 0.90666941978112736, 0.90567141578911148, 0.90684148943492326, 0.90629086654277646, 0.90553376006607478, 0.90673824764264577, 0.90677266157340486, 0.90618762475049897, 0.90677266157340486, 0.90629086654277646, 0.90635969440429487, 0.90670383371188656], "loss": [0.31092954144626395, 0.23737985605944606, 0.23117096934550116, 0.22733211747892249, 0.22431420987812059, 0.22285184174544287, 0.22219667378635469, 0.2211217524088169, 0.22059996476988827, 0.22010532977190633, 0.21963112275890806, 0.21926265634860828, 0.21901727237449445, 0.21876446939462532, 0.21857839479393243, 0.2187231506641186, 0.21819844294073529, 0.21783784063559486, 0.21773533917176921, 0.21762776707423859, 0.21761034800153684, 0.21733710223635364, 0.21724101124375328, 0.21684001354301041, 0.21679358531610876, 0.21691757980066179, 0.21656283374391949, 0.21657018038663511, 0.21678431288932964, 0.2161762279771349, 0.21627081538145695, 0.21586003063361478, 0.21619732867072791, 0.21586150581738786, 0.21560981408959234, 0.21584247512221993, 0.21569728345895259, 0.21571114686180501, 0.21577872084260918, 0.21517141710001977, 0.21549503332093309, 0.21541210745649228, 0.21567317349706105, 0.21515354646293341, 0.21539518912341249, 0.21520266630196128, 0.21544472140306387, 0.21509414344758843, 0.21505240687927513, 0.21506158552240701, 0.21520401133633715, 0.21512282832301124, 0.2151142340741021, 0.21515067053297379, 0.21478226034448777, 0.21523795443183746, 0.2148642986532627, 0.21458357337074324, 0.21499749759049447, 0.21462253351805594], "val_acc": [0.89604624762209717, 0.89883348827848397, 0.90038195527152431, 0.90203365342368702, 0.90440796951742086, 0.90389181384487005, 0.90358212044133945, 0.90347888930682929, 0.90451120065193102, 0.90399504497938021, 0.90399504497938021, 0.90440796951742086, 0.90492412518997167, 0.90440796951742086, 0.90275627136525816, 0.90523381859350216, 0.9031691959032988, 0.90254980909623783, 0.90358212044133945, 0.90605966766958357, 0.90327242703780897, 0.90234334682721751, 0.90554351199703265, 0.90574997426605308, 0.90285950249976832, 0.9043047383829107, 0.905130587458992, 0.90451120065193102, 0.90605966766958357, 0.90306596476878864, 0.90378858271035989, 0.90461443178644119, 0.90409827611389038, 0.90554351199703265, 0.90440796951742086, 0.9043047383829107, 0.90544028086252248, 0.905130587458992, 0.90399504497938021, 0.90523381859350216, 0.90554351199703265, 0.90451120065193102, 0.90451120065193102, 0.90564674313154292, 0.90585320540056324, 0.90647259220762422, 0.90420150724840054, 0.90595643653507341, 0.90636936107311405, 0.90574997426605308, 0.90296273363427848, 0.90574997426605308, 0.90399504497938021, 0.90729844128370551, 0.90378858271035989, 0.90554351199703265, 0.90574997426605308, 0.90636936107311405, 0.90626612993860389, 0.90471766292095135], "val_loss": [0.24016717932191539, 0.23203112845993318, 0.22879337812215783, 0.22291731335398851, 0.22128556678757108, 0.21890533646956875, 0.21970246675473021, 0.21961112735292868, 0.21740693672899247, 0.21678738964715216, 0.21633806689932236, 0.21817858175213914, 0.21668761549897272, 0.21760322256478115, 0.21586771404901944, 0.21673003060906076, 0.21840987880987761, 0.21789114992352995, 0.21569221239039757, 0.21475802169836034, 0.21789156041229499, 0.2170700225604138, 0.215133230211418, 0.21424765327255632, 0.21396872624285734, 0.21424281240875562, 0.21442906718339247, 0.21376694204010585, 0.21388914549241214, 0.21703576957944426, 0.21460077898155563, 0.2158129224777714, 0.21457425518844153, 0.21280449318100672, 0.21444874377372256, 0.2167741469527418, 0.21368721805576743, 0.21391032481262456, 0.21433016855034701, 0.21471730510836798, 0.21348505522169367, 0.21524877670417447, 0.21516727434231472, 0.21477928250655801, 0.21353955790700466, 0.21452659576488278, 0.2144601236860782, 0.21394659638023356, 0.21414189373079659, 0.21561525148160074, 0.21478419593641407, 0.2137534560692794, 0.21424242832582654, 0.21284273128348558, 0.21741714132475731, 0.2129768052312308, 0.21312958659852044, 0.21328155955281852, 0.21500294469662271, 0.21412664630335035]}}