{"low_val_loss": 0.13296208313023059, "params": {"verbose": 1, "nb_epoch": 1000, "batch_size": 32, "metrics": ["loss", "acc", "val_loss", "val_acc"], "nb_sample": 94030, "do_validation": true}, "results": {"acc": [0.94364564501198378, 0.94761246411227096, 0.94937785813038389, 0.94996277784193173, 0.95064341168219546, 0.95067531639345781, 0.95103690311602684, 0.95103690311602684, 0.9516218228225034, 0.95140912474742101, 0.95191960012761889, 0.95133468042114222, 0.95194086994146598, 0.95169626715385347, 0.95195150483888125, 0.95197277464638941, 0.95190896522893587, 0.95199404445389768, 0.95227055195277266, 0.95204721897266831, 0.95206848878017658, 0.95224928214399662, 0.95246198021907902, 0.95208975859275591, 0.95215356801528062, 0.9523343613740296, 0.95255769435286608, 0.9521216632989471, 0.95224928214399662, 0.95218547272654297, 0.95221737743273427, 0.9524726151228331, 0.95255769435793725, 0.95227055195150478, 0.95250451983409545, 0.95264277358289906, 0.95288737637431498, 0.95240880570791508, 0.95257896416544552, 0.95253642454662568, 0.95231309156652133, 0.95264277358289906, 0.9529086461868943, 0.95251515473784965, 0.95263213867914498, 0.95270658301556599, 0.95218547272654297, 0.95261086887670787, 0.95246198021907902, 0.95264277358289906, 0.95264277359304128, 0.95234499628285485, 0.95238753589280012, 0.95277039243301964, 0.95260023397295368, 0.95274912262044031, 0.95263213868421603, 0.95231309157286026, 0.95256832925662027, 0.95270658301049493, 0.95258959906412843, 0.95236626608529196, 0.95277039242794848, 0.9525895990653962, 0.952547059449112, 0.95236626609036301, 0.95257896416544552, 0.95235563118153777, 0.95253642455042897, 0.95258959906412843, 0.95252578964160373, 0.95255769435413384, 0.95265340848665314, 0.95262150377539079, 0.95261086887670787, 0.952547059449112, 0.95251515473784965, 0.95273848772302505, 0.95272785282307426, 0.95255769435286608, 0.95281293204296502, 0.95288737636924381, 0.9525151547429207, 0.95236626608529196, 0.95253642454535792, 0.95281293204296502, 0.95288737637938614, 0.95249388493034137, 0.95237690099538497, 0.95235563118660893, 0.95256832926169133, 0.95273848771668612, 0.95281293204296502, 0.95252578964667489, 0.9523769009941172], "loss": [0.17207582782608111, 0.14177298464002247, 0.13881820839856782, 0.13713283788238093, 0.13631032363735562, 0.13554540395381717, 0.13503256826352011, 0.13439607412751325, 0.13403077104484371, 0.13399235875137078, 0.13379686433494276, 0.13337509176157725, 0.13317705790904383, 0.13316253905066605, 0.13306249255051206, 0.13308297117206755, 0.13286173458646031, 0.13269529171307029, 0.13276384836255928, 0.13258309996433618, 0.13261447404668258, 0.13246529407511617, 0.13223896008989194, 0.13233341160865714, 0.13232402157735332, 0.1322483871109553, 0.13206719107855372, 0.13197683315035968, 0.13206342901481055, 0.13176426761954513, 0.1319665662975219, 0.13195502787501992, 0.13158490197586656, 0.13178386097003536, 0.13172923402654152, 0.13178367411933098, 0.13171261886011335, 0.13179373423159155, 0.13170435651875323, 0.13170844969579062, 0.13163082426714792, 0.13155268280477989, 0.1315750518845622, 0.13148105950269573, 0.13155946503826674, 0.13151812686142256, 0.13162301017539393, 0.13153724864935046, 0.13138319514561089, 0.13139700875586363, 0.13134218897822245, 0.13129051456511762, 0.13137131078147157, 0.13137694043335629, 0.13149741157615208, 0.13133966824538806, 0.13146074893505513, 0.13133192786913811, 0.13134520443230249, 0.13126690265765459, 0.13133474508112039, 0.13125344200158223, 0.13120044002300132, 0.13119934087932764, 0.13119686296027253, 0.13136062149014305, 0.1312176276613623, 0.13125639169874198, 0.13120773386954626, 0.13093590111255102, 0.1311836646988831, 0.13111143257026406, 0.13109788277894527, 0.13110027961051807, 0.13112849167759186, 0.13107495705482111, 0.13111023141750056, 0.13123098710369813, 0.13107979471608958, 0.13112711774481048, 0.13091224023616088, 0.13100182463640889, 0.13109158272218618, 0.130874117743214, 0.13113480162699145, 0.13091482640384017, 0.13089259571865189, 0.13093029458440644, 0.13104279105947028, 0.13083924556474513, 0.13092668382941211, 0.13081793946245815, 0.13097527160912539, 0.13097072398898374, 0.13085326528430022], "val_acc": [0.94448698315467072, 0.94962353241449715, 0.95010209290454317, 0.95115492598264417, 0.9511868300153139, 0.95093159775395608, 0.95227156712608474, 0.95259060745278201, 0.95195252679938747, 0.9517611026033691, 0.95303726391015819, 0.95233537519142419, 0.95198443083205719, 0.95348392036753449, 0.9532605921388464, 0.95322868810617667, 0.95319678407350694, 0.95357963246554367, 0.95303726391015819, 0.95204823889739665, 0.95354772843287394, 0.95252679938744256, 0.95182491066870856, 0.9539624808575804, 0.95290964777947929, 0.9539624808575804, 0.9511868300153139, 0.95434532924961712, 0.95345201633486476, 0.95227156712608474, 0.95306916794282792, 0.95364344053088312, 0.95306916794282792, 0.9536115364982134, 0.95316488004083721, 0.95386676875957122, 0.95377105666156203, 0.95351582440020421, 0.95290964777947929, 0.95275012761613065, 0.95287774374680956, 0.95275012761613065, 0.95316488004083721, 0.95329249617151612, 0.95342011230219503, 0.95290964777947929, 0.95345201633486476, 0.95329249617151612, 0.95357963246554367, 0.95287774374680956, 0.95335630423685558, 0.9536115364982134, 0.95338820826952531, 0.95319678407350694, 0.95268631955079119, 0.9517611026033691, 0.9532605921388464, 0.95284583971413983, 0.95217585502807556, 0.95345201633486476, 0.95348392036753449, 0.95332440020418585, 0.9539624808575804, 0.95166539050535992, 0.95290964777947929, 0.95338820826952531, 0.9532605921388464, 0.95316488004083721, 0.9536115364982134, 0.9528139356814701, 0.95265441551812147, 0.95313297600816749, 0.95335630423685558, 0.95294155181214901, 0.95303726391015819, 0.95354772843287394, 0.95265441551812147, 0.95345201633486476, 0.95306916794282792, 0.95297345584481874, 0.95342011230219503, 0.9532605921388464, 0.95319678407350694, 0.95284583971413983, 0.95373915262889231, 0.95351582440020421, 0.95364344053088312, 0.95316488004083721, 0.95367534456355285, 0.95233537519142419, 0.95332440020418585, 0.95303726391015819, 0.95338820826952531, 0.9536115364982134, 0.95393057682491067],