{"low_val_loss": 0.21132800625711204, "params": {"verbose": 1, "nb_epoch": 1000, "batch_size": 32, "metrics": ["loss", "acc", "val_loss", "val_acc"], "nb_sample": 29058, "do_validation": true}, "results": {"acc": [0.85601211370362718, 0.89875421570651803, 0.90278064560534099, 0.90405396104343039, 0.90343451028976529, 0.90429485855874459, 0.90415720283570788, 0.90570582971987057, 0.90584348544290727, 0.90539610434303808, 0.90470782572785469, 0.90653176405809066, 0.90525844862000138, 0.90498313717392798, 0.90567141578911148, 0.90594672723518477, 0.90574024365062977, 0.90518962075848308, 0.90587789937366647, 0.90556817399683387, 0.90722004267327416, 0.90556817399683387, 0.90539610434303808, 0.90584348544290727, 0.90649735012733157, 0.90649735012733157, 0.90708238695023746, 0.90742652625782916, 0.90622203868125817, 0.90660059191960907, 0.90656617798884986, 0.90691031729644156, 0.90711680088099667, 0.90556817399683387, 0.90749535411934756, 0.90752976805010666, 0.90567141578911148, 0.90732328446555166, 0.90704797301947826, 0.90828687452680845, 0.90677266157340486, 0.90728887053479246, 0.90694473122720076, 0.90694473122720076, 0.90718562874251496, 0.90604996902746227, 0.90646293619657237, 0.90694473122720076, 0.90783949342693926, 0.90797714914997596, 0.90701355908871917, 0.90749535411934756, 0.90808039094225346, 0.90742652625782916, 0.90728887053479246, 0.90835570238832675, 0.90763300984238415, 0.90684148943492326, 0.90808039094225346, 0.90828687452680845, 0.90808039094225346, 0.90780507949618006, 0.90797714914997596, 0.90735769839631086, 0.90728887053479246, 0.90770183770390256, 0.90756418198086586, 0.90777066556542085, 0.90773625163466176, 0.90728887053479246, 0.90759859591162506, 0.90856218597288185, 0.90811480487301255, 0.90770183770390256, 0.90742652625782916, 0.90728887053479246, 0.90801156308073505, 0.90849335811136345, 0.90656617798884986, 0.90804597701149425, 0.90777066556542085, 0.90701355908871917, 0.90794273521921676, 0.90790832128845755, 0.90811480487301255, 0.90814921880377175, 0.90832128845756765, 0.90821804666529016, 0.90735769839631086, 0.90787390735769835, 0.90770183770390256, 0.90739211232706996, 0.90832128845756765, 0.90818363273453095, 0.90873425562667764, 0.90797714914997596, 0.90787390735769835], "loss": [0.31406825823790518, 0.23803827859462845, 0.22660931818904784, 0.22214408222296436, 0.21999922869022545, 0.2194379766864174, 0.2189071059834154, 0.21844465615121025, 0.21719281493661588, 0.21729217121495917, 0.21717968755615447, 0.21648055767313942, 0.21635198657913648, 0.2159152861816096, 0.21560690223543008, 0.21601461761699212, 0.21552548032558844, 0.21504491255004224, 0.21536636386743324, 0.21441343721876421, 0.2148640630514993, 0.21415946554574367, 0.21447407723271072, 0.21429571157705107, 0.2143248810428813, 0.21375560171692443, 0.21369193183455992, 0.21351893104989933, 0.21347717755991508, 0.21321159934331319, 0.21306539637478469, 0.21287547875270355, 0.21282701530380402, 0.21278140556214148, 0.21291889561347521, 0.21253208328986892, 0.21265524224762711, 0.21231851505493951, 0.21201579828630401, 0.21175237630023885, 0.21233018406309323, 0.21229823757524796, 0.21187569784333585, 0.21223255843324107, 0.21189246127148337, 0.21181192162579496, 0.21178388779781521, 0.21193143393916417, 0.21157573062656954, 0.21141269483875774, 0.21133392672634263, 0.21157223818610496, 0.21116130765770685, 0.21125074492054521, 0.21172377384901128, 0.21102948917870973, 0.21095871332548499, 0.21085357012391148, 0.21068881806595846, 0.21083774092072902, 0.21074190457259906, 0.21078099588032098, 0.2107020265976145, 0.21077393643826672, 0.21066644017961728, 0.21047570754397193, 0.2107989485396416, 0.21082808032515979, 0.21061100653488152, 0.21063381650507085, 0.21046348704413986, 0.21037175290820373, 0.21035099289580905, 0.2103266902074348, 0.21023452556047528, 0.21055471864997852, 0.21021414524627191, 0.20994538408169822, 0.21040740081986842, 0.21004306108643556, 0.21032469747809507, 0.21034999456728667, 0.21014344914993816, 0.210297801804088, 0.21005975211485362, 0.20994709680836743, 0.20970569170692993, 0.209899273467236, 0.20976346950219629, 0.20964224943063836, 0.20965417194566655, 0.20974110952547781, 0.2094516201492588, 0.20982380147592095, 0.20968109703372059, 0.20963266585810653, 0.20935676150627511], "val_acc": [0.89026530411414007, 0.89955610619544291, 0.90120780434760561, 0.90306596476878864, 0.90224011569270735, 0.90378858271035989, 0.90482089405546151, 0.90389181384487005, 0.90533704972801232, 0.90368535157584962, 0.90451120065193102, 0.905130587458992, 0.90574997426605308, 0.90420150724840054, 0.90564674313154292, 0.90554351199703265, 0.90564674313154292, 0.90471766292095135, 0.90657582334213438, 0.90667905447664454, 0.90729844128370551, 0.90636936107311405, 0.90358212044133945, 0.90626612993860389, 0.90667905447664454, 0.90698874788017503, 0.90667905447664454, 0.90709197901468519, 0.90616289880409373, 0.90564674313154292, 0.90647259220762422, 0.90461443178644119, 0.90647259220762422, 0.90771136582174627, 0.90616289880409373, 0.90636936107311405, 0.9067822856111547, 0.90626612993860389, 0.90709197901468519, 0.90482089405546151, 0.90574997426605308, 0.90595643653507341, 0.90626612993860389, 0.90595643653507341, 0.90667905447664454, 0.9043047383829107, 0.90657582334213438, 0.90554351199703265, 0.90657582334213438, 0.9067822856111547, 0.90698874788017503, 0.90585320540056324, 0.905130587458992, 0.90709197901468519, 0.90554351199703265, 0.90709197901468519, 0.90605966766958357, 0.90285950249976832, 0.90760813468723611, 0.90440796951742086, 0.90667905447664454, 0.90564674313154292, 0.90709197901468519, 0.90585320540056324, 0.90636936107311405, 0.90667905447664454, 0.90616289880409373, 0.90482089405546151, 0.90626612993860389, 0.90709197901468519, 0.90657582334213438, 0.90544028086252248, 0.90554351199703265, 0.9043047383829107, 0.90595643653507341, 0.90492412518997167, 0.90667905447664454, 0.90420150724840054, 0.90616289880409373, 0.905130587458992, 0.90657582334213438, 0.9067822856111547, 0.90605966766958357, 0.90595643653507341, 0.90667905447664454, 0.90667905447664454, 0.90595643653507341, 0.90574997426605308, 0.90564674313154292, 0.90595643653507341, 0.90451120065193102, 0.90554351199703265, 0.90482089405546151, 0.90616289880409373, 0.90554351199703265, 0.90647259220762422, 0.90626612993860389],