{"low_val_loss": 0.21326600528789696, "params": {"verbose": 1, "nb_epoch": 1000, "batch_size": 32, "metrics": ["loss", "acc", "val_loss", "val_acc"], "nb_sample": 29058, "do_validation": true}, "results": {"acc": [0.86079565007915204, 0.89844449032968543, 0.90192029733636181, 0.9031247849129328, 0.90432927248950379, 0.90436368642026288, 0.90515520682772388, 0.90494872324316888, 0.90357216601280199, 0.90543051827379728, 0.90405396104343039, 0.90532727648151967, 0.90450134214329958, 0.90577465758138898, 0.90498313717392798, 0.90615321081973987, 0.90543051827379728, 0.90625645261201737, 0.90556817399683387, 0.90577465758138898, 0.90601555509670317, 0.90646293619657237, 0.90584348544290727, 0.90611879688898067, 0.90598114116594397, 0.90642852226581316, 0.90694473122720076, 0.90563700185835228, 0.90646293619657237, 0.90587789937366647, 0.90649735012733157, 0.90735769839631086, 0.90684148943492326, 0.90604996902746227, 0.90680707550416406, 0.90604996902746227, 0.90618762475049897, 0.90632528047353567, 0.90680707550416406, 0.90673824764264577, 0.90660059191960907, 0.90622203868125817, 0.90598114116594397, 0.90642852226581316, 0.90536169041227887, 0.90649735012733157, 0.90625645261201737, 0.90574024365062977, 0.90670383371188656, 0.90598114116594397, 0.90546493220455637, 0.90556817399683387, 0.90777066556542085, 0.90646293619657237, 0.90694473122720076, 0.90587789937366647, 0.90749535411934756, 0.90673824764264577, 0.90642852226581316, 0.90687590336568247, 0.90666941978112736, 0.90680707550416406, 0.90615321081973987, 0.90649735012733157, 0.90711680088099667, 0.90611879688898067, 0.90560258792759307, 0.90677266157340486, 0.90694473122720076, 0.90639410833505407, 0.90759859591162506, 0.90663500585036827, 0.90618762475049897, 0.90691031729644156, 0.90663500585036827, 0.90656617798884986, 0.90656617798884986, 0.90656617798884986, 0.90673824764264577, 0.90704797301947826], "loss": [0.30570357913105617, 0.23775567552922205, 0.2308000722926058, 0.22617265228154515, 0.22412309364411026, 0.22212625974137357, 0.22077468004170234, 0.2201126884194462, 0.21941254621321499, 0.2188406172251115, 0.2182771908054579, 0.21810978711352919, 0.21785788821629931, 0.21758922346034246, 0.21731436074957466, 0.21696393161693389, 0.21692171801031365, 0.21702461525971173, 0.21626961383638088, 0.21671419390152569, 0.21640134438995989, 0.21637225211975533, 0.21623907728975375, 0.21618376710318232, 0.21615732695823511, 0.21558971748712824, 0.21588238848323166, 0.21588687086769534, 0.21517276415891975, 0.21556948459302661, 0.2155906160781958, 0.21530119562912192, 0.21540617369564957, 0.21543516456415857, 0.21514536404578502, 0.21539272117242653, 0.21542761883984271, 0.21506220442199012, 0.21556592458572299, 0.21530266768881143, 0.21538727439494346, 0.2148882618604683, 0.21507473708423938, 0.21538570439776958, 0.21495386972506003, 0.21467312382145309, 0.2150673123346391, 0.21469563077232712, 0.2149038775761512, 0.21456197360786258, 0.21479513861420491, 0.21495020523835537, 0.21465466791968127, 0.21457569213848546, 0.21439366294787085, 0.21471321543820818, 0.21472726381894144, 0.21453619813583075, 0.21437509614332995, 0.21436709891093214, 0.21480278832988833, 0.21435332387199635, 0.21437441304370158, 0.21469351950007518, 0.21412928618520952, 0.21437013031016072, 0.2142670796640774, 0.21407098087779391, 0.21440697545210685, 0.21417878740578347, 0.21402064925978243, 0.21386057591944332, 0.21429558575143864, 0.21411723300011573, 0.21406326848818444, 0.21402931414014853, 0.21403341835598155, 0.21423033132949501, 0.2138299023639853, 0.21395760407616909], "val_acc": [0.89109115319022136, 0.89914318165740226, 0.89893671938838193, 0.90213688455819718, 0.90378858271035989, 0.90224011569270735, 0.90389181384487005, 0.90554351199703265, 0.90461443178644119, 0.90378858271035989, 0.90389181384487005, 0.90461443178644119, 0.90564674313154292, 0.90626612993860389, 0.9043047383829107, 0.90585320540056324, 0.90451120065193102, 0.90595643653507341, 0.90471766292095135, 0.90409827611389038, 0.90605966766958357, 0.90409827611389038, 0.90626612993860389, 0.90471766292095135, 0.90647259220762422, 0.90533704972801232, 0.90595643653507341, 0.90471766292095135, 0.90595643653507341, 0.90605966766958357, 0.90502735632448184, 0.90564674313154292, 0.90626612993860389, 0.90523381859350216, 0.90451120065193102, 0.90574997426605308, 0.90523381859350216, 0.90203365342368702, 0.90471766292095135, 0.90409827611389038, 0.90554351199703265, 0.90358212044133945, 0.90461443178644119, 0.90533704972801232, 0.90471766292095135, 0.90585320540056324, 0.90389181384487005, 0.90141426661662594, 0.90544028086252248, 0.90523381859350216, 0.90378858271035989, 0.90574997426605308, 0.90409827611389038, 0.90554351199703265, 0.90492412518997167, 0.90482089405546151, 0.90461443178644119, 0.9043047383829107, 0.90585320540056324, 0.90440796951742086, 0.90523381859350216, 0.90492412518997167, 0.90492412518997167, 0.90337565817231913, 0.90605966766958357, 0.90461443178644119, 0.90533704972801232, 0.90688551674566487, 0.90399504497938021, 0.90471766292095135, 0.90409827611389038, 0.90523381859350216, 0.905130587458992, 0.9043047383829107, 0.90554351199703265, 0.90533704972801232, 0.90378858271035989, 0.90574997426605308, 0.90533704972801232, 0.90471766292095135], "val_loss": [0.24162507993069623, 0.23233312401004136, 0.22730548279418583, 0.22357742917098361, 0.22070898602803055, 0.21911185576818029, 0.22038569763691984, 0.21685697137848001, 0.21748072655008738, 0.21855055919136071, 0.21570834792828159, 0.21485951997872735, 0.2151782741373853, 0.21531767833832188, 0.21955768145175494, 0.21559219949445058, 0.21502009616851117, 0.21637279453003899, 0.2176120772171749, 0.21509256335964658, 0.21479681432954764, 0.21571272991261542, 0.21542740177662734, 0.21516126513641121, 0.21420586053476229, 0.21524283947670952, 0.21464764461178176, 0.21659787663909394, 0.21594880141192477, 0.21464698517348382, 0.21438159098550855, 0.21590824819785148, 0.21423102906826566, 0.21521670948527502, 0.21530384232326719, 0.21416498399610254, 0.21759044857626669, 0.22029994198495026, 0.21510894658876373, 0.21455151449050205, 0.21673508268570746, 0.21711705292023112, 0.21543103829987637, 0.21476327820410973, 0.21684796879433546, 0.21450181199114451, 0.21602401343171682, 0.22225780531731726, 0.21661038620006537, 0.21439543121232943, 0.21475154571246716, 0.21498414153554091, 0.21677078669859035, 0.21326600528789696, 0.21642663888767849, 0.21408760488568609, 0.21422225727291191, 0.21666124638443429, 0.21531005403236719, 0.21699157729168062, 0.21524710841096198, 0.21738341573444672, 0.21736077509441279, 0.21890348117270558, 0.21451450884496021, 0.21459106556879695, 0.21529628701459591, 0.21397035214459673, 0.21377159882603358, 0.21569645211609745, 0.21526788196487914, 0.21489653780424178, 0.21401432880777391, 0.2163016775499326, 0.21449850341957938, 0.21483121113818016, 0.21380805177647744, 0.21477545749677204, 0.21476350850373263, 0.21380364899481735]}}