{"low_val_loss": 0.13303929313849952, "params": {"verbose": 1, "nb_epoch": 1000, "batch_size": 32, "metrics": ["loss", "acc", "val_loss", "val_acc"], "nb_sample": 94030, "do_validation": true}, "results": {"acc": [0.94359247049321315, 0.94590024460278632, 0.94813357439622292, 0.94869722429012016, 0.94908008083033968, 0.94961182601804572, 0.95011166648941825, 0.95039880889585071, 0.95028182495455538, 0.95094118898731084, 0.95079230033094975, 0.95107944273611444, 0.95126023609993449, 0.95123896629242621, 0.95141975966131742, 0.95178134637881529, 0.95128150590744265, 0.95140912475249217, 0.95158991811631222, 0.95179198129271159, 0.95136658513747563, 0.9516218228225034, 0.95151547378496226, 0.95162182282884233, 0.95153674359754159, 0.95187706051260235, 0.95176007657257478, 0.95169626715892452, 0.95153674359247054, 0.95161118791874932, 0.95169626715892452, 0.95156864830880394, 0.95196213975277755, 0.95193023503137297, 0.95186642561391932, 0.95182388599890289, 0.95186642561391932, 0.9519834095501436, 0.9516749973463452, 0.9521216632989471, 0.95233436137910066, 0.95199404445389768, 0.95183452089758591, 0.9520259491702312, 0.95187706051767351, 0.95207912368393066, 0.95189833032011062, 0.95176007657637818, 0.95200467935765176, 0.95180261619139461, 0.95196213974770649, 0.95174944167262399, 0.95168563224502822, 0.95179198128256937, 0.95195150483634561, 0.95214293311659759, 0.95215356801528062, 0.9520259491702312, 0.9516749973463452, 0.95190896522893587, 0.95203658407398528, 0.95165372753883692, 0.95214293311152653, 0.9520259491702312, 0.95217483781771772, 0.95189833032518167, 0.95232372647534658, 0.95202594916516003, 0.95220674253405124, 0.95213229820777234, 0.95205785387642239, 0.95234499627905145, 0.95217483782278889, 0.95225991705282187, 0.95231309156778909, 0.95220674252898008, 0.95215356801020956, 0.95248325002658729, 0.95213229820270129, 0.95207912368393066, 0.95203658406891423, 0.95199404445896885, 0.95224928214399662, 0.95237690099918826, 0.95213229820777234, 0.95237690099918826, 0.9523343613740296, 0.95250451984043438, 0.95221737743780532, 0.95215356801528062, 0.95206848878524764, 0.95253642454535792, 0.95232372647027541, 0.95204721897266831, 0.95251515473784965, 0.95229182175901306, 0.95249388493034137, 0.95211102839519302, 0.95223864724024243, 0.95224928215413884, 0.952196107625226, 0.95200467935765176, 0.9523769009941172, 0.95224928214399662, 0.95213229820777234, 0.95232372647027541, 0.95216420291396364, 0.95240880570030839], "loss": [0.18205529008408144, 0.14347430622021112, 0.14039720865585545, 0.13898483606414516, 0.13777443803692324, 0.13695711154678103, 0.13629992592548526, 0.1357758407131682, 0.13552776785444784, 0.13510233981075864, 0.13490951104416665, 0.13472220077373798, 0.13446548285223658, 0.13452414850453095, 0.13438470247329884, 0.13413133039622058, 0.1340577642758907, 0.13413547633268674, 0.13391891121674152, 0.13387938040875885, 0.133787140836237, 0.1337821445388514, 0.13369276097996569, 0.13361556448559805, 0.13349245094807999, 0.13344999012111108, 0.13336948203169563, 0.13358443185780564, 0.13335698945612218, 0.13339484198070214, 0.13317435213137749, 0.13339578779288508, 0.13335484713205034, 0.13329261510329754, 0.13323378272209602, 0.13327738502602951, 0.13327158980121465, 0.13322360891633675, 0.13326703397172646, 0.13304143054362283, 0.13318547848091092, 0.1331757249519202, 0.13307662122660743, 0.13299585277652229, 0.13297037696516362, 0.13302457990422156, 0.1330035962543151, 0.13311583784163333, 0.13300415220193301, 0.13312580975385266, 0.13305410600705031, 0.13305723623216223, 0.13297001540016667, 0.13293814653603811, 0.13295260225963962, 0.13295825634131492, 0.13298703055061406, 0.1329806481980205, 0.13305703027158625, 0.13294520269765203, 0.13283466665266574, 0.13284091046582153, 0.13286717152717226, 0.13282017024967072, 0.13285018560929931, 0.13298189383937897, 0.13293005982228673, 0.13295157322233997, 0.13277356195349041, 0.13277867131935944, 0.13272389016255512, 0.132711527413616, 0.13282341777907525, 0.13285144429491844, 0.13273552668027444, 0.13275019521141107, 0.13297055027741111, 0.13279572676066564, 0.13285129395720935, 0.13277822354778537, 0.1327547817747225, 0.13274388738165926, 0.13275141901218054, 0.13280130671900814, 0.13262298819892751, 0.13270279774146171, 0.13267758717932981, 0.13271799847019311, 0.13267289438213323, 0.13264692557465962, 0.13257275953909495, 0.13263774125188144, 0.13252147160594094, 0.1325125555258938, 0.13255538198620312, 0.13250739875018888, 0.13244632888336924, 0.13249443461650023, 0.13246106395659757, 0.13251425757834623, 0.1322763021990592, 0.13241838842668419, 0.13223488008983589, 0.13239479088680575, 0.13226275707982416, 0.13226462366792555, 0.13219517949244752, 0.13214843743508969], "val_acc": [0.94448698315467072, 0.94812404287901986, 0.94940020418580906, 0.95000638080653399, 0.95058065339458908, 0.9504849412965799, 0.95125063808065335, 0.95026161306789181, 0.95160158244002047, 0.95156967840735074, 0.95220775906074528, 0.95128254211332308, 0.95198443083205719, 0.9521120469627361, 0.95093159775395608, 0.95204823889739665, 0.9521120469627361, 0.95102730985196526, 0.95278203164880038, 0.95179300663603883, 0.95268631955079119, 0.95204823889739665, 0.95259060745278201, 0.95182491066870856, 0.95169729453802965, 0.95236727922409392, 0.95294155181214901, 0.95217585502807556, 0.95306916794282792, 0.95380296069423176, 0.95319678407350694, 0.95201633486472692, 0.95236727922409392, 0.95303726391015819, 0.9521120469627361, 0.95275012761613065, 0.95268631955079119, 0.95303726391015819, 0.95300535987748847, 0.95300535987748847, 0.9528139356814701, 0.95287774374680956, 0.95275012761613065, 0.95316488004083721, 0.95316488004083721, 0.95252679938744256, 0.95306916794282792, 0.95198443083205719, 0.95249489535477283, 0.9524629913221031, 0.95319678407350694, 0.95303726391015819, 0.95284583971413983, 0.95278203164880038, 0.95351582440020421, 0.95294155181214901, 0.9524629913221031, 0.95249489535477283, 0.95310107197549765, 0.95377105666156203, 0.95208014293006638, 0.9528139356814701, 0.9528139356814701, 0.95275012761613065, 0.9517611026033691, 0.95284583971413983, 0.95306916794282792, 0.95367534456355285, 0.95310107197549765, 0.95357963246554367, 0.95367534456355285, 0.95364344053088312, 0.9524629913221031, 0.9532605921388464, 0.95294155181214901, 0.95316488004083721, 0.95357963246554367, 0.95316488004083721, 0.95329249617151612, 0.95259060745278201, 0.95319678407350694, 0.95332440020418585, 0.95227156712608474, 0.95255870342011228, 0.95287774374680956, 0.95354772843287394, 0.95316488004083721, 0.95271822358346092, 0.9528139356814701, 0.95370724859622258, 0.95377105666156203, 0.95354772843287394, 0.95332440020418585, 0.95310107197549765, 0.95259060745278201, 0.95306916794282792, 0.95370724859622258, 0.95316488004083721, 0.95389867279224094, 0.95364344053088312, 0.95310107197549765, 0.95313297600816749, 0.95367534456355285, 0.95316488004083721, 0.95367534456355285, 0.95351582440020421, 0.95335630423685558, 0.95348392036753449],