{"low_val_loss": 0.21232155419188509, "params": {"verbose": 1, "nb_epoch": 1000, "batch_size": 32, "metrics": ["loss", "acc", "val_loss", "val_acc"], "nb_sample": 29058, "do_validation": true}, "results": {"acc": [0.84093881203111021, 0.89534723656136006, 0.90085346548282741, 0.90253974809002679, 0.9025053341592677, 0.90381306352811619, 0.9032280267052103, 0.90432927248950379, 0.90560258792759307, 0.90467341179709548, 0.90491430931240968, 0.90436368642026288, 0.90515520682772388, 0.90388189138963448, 0.90474223965861378, 0.90460458393557708, 0.90491430931240968, 0.90546493220455637, 0.90501755110468718, 0.90567141578911148, 0.90518962075848308, 0.90543051827379728, 0.90546493220455637, 0.90594672723518477, 0.90615321081973987, 0.90587789937366647, 0.90574024365062977, 0.90594672723518477, 0.90618762475049897, 0.90577465758138898, 0.90653176405809066, 0.90529286255076058, 0.90632528047353567, 0.90629086654277646, 0.90680707550416406, 0.90622203868125817, 0.90601555509670317, 0.90635969440429487, 0.90604996902746227, 0.90560258792759307, 0.90604996902746227, 0.90615321081973987, 0.90553376006607478, 0.90694473122720076, 0.90604996902746227, 0.90505196503544638, 0.90601555509670317, 0.90660059191960907, 0.90673824764264577, 0.90629086654277646, 0.90684148943492326, 0.90670383371188656, 0.90622203868125817, 0.90642852226581316, 0.90604996902746227, 0.90615321081973987, 0.90725445660403337, 0.90708238695023746, 0.90642852226581316, 0.90653176405809066, 0.90653176405809066, 0.90742652625782916, 0.90677266157340486, 0.90663500585036827, 0.90759859591162506, 0.90604996902746227, 0.90670383371188656, 0.90629086654277646, 0.90649735012733157, 0.90704797301947826, 0.90663500585036827, 0.90615321081973987, 0.90725445660403337, 0.90632528047353567, 0.90773625163466176, 0.90691031729644156, 0.90697914515795997, 0.90663500585036827, 0.90649735012733157, 0.90666941978112736, 0.90735769839631086, 0.90790832128845755, 0.90694473122720076, 0.90752976805010666, 0.90718562874251496, 0.90746094018858836, 0.90722004267327416, 0.90677266157340486, 0.90728887053479246, 0.90680707550416406, 0.90749535411934756, 0.90635969440429487, 0.90735769839631086, 0.90773625163466176, 0.90629086654277646, 0.90677266157340486, 0.90742652625782916, 0.90715121481175576, 0.90691031729644156, 0.90715121481175576, 0.90735769839631086, 0.90632528047353567, 0.90722004267327416, 0.90591231330442568, 0.90666941978112736, 0.90770183770390256, 0.90642852226581316, 0.90670383371188656, 0.90604996902746227, 0.90656617798884986, 0.90687590336568247, 0.90756418198086586, 0.90715121481175576, 0.90680707550416406, 0.90687590336568247, 0.90752976805010666, 0.90715121481175576, 0.90687590336568247, 0.90708238695023746, 0.90752976805010666, 0.90666941978112736, 0.90739211232706996, 0.90801156308073505, 0.90715121481175576, 0.90694473122720076, 0.90722004267327416, 0.90711680088099667, 0.90766742377314336, 0.90735769839631086, 0.90691031729644156, 0.90697914515795997, 0.90656617798884986, 0.90742652625782916, 0.90711680088099667, 0.90715121481175576, 0.90704797301947826, 0.90752976805010666, 0.90666941978112736, 0.90708238695023746, 0.90691031729644156, 0.90697914515795997, 0.90735769839631086, 0.90773625163466176, 0.90752976805010666, 0.90763300984238415, 0.90680707550416406, 0.90715121481175576, 0.90756418198086586, 0.90869984169591855, 0.90701355908871917, 0.90663500585036827, 0.90718562874251496], "loss": [0.34199116633785381, 0.24218793628433877, 0.23331965439884178, 0.22846476372360355, 0.22548335057114266, 0.22368265484988595, 0.22266198851830191, 0.22142783107240002, 0.22041828143780889, 0.21978198191432682, 0.21961036033203926, 0.21948782759454821, 0.21876672728752206, 0.21853463437980758, 0.21831007115453147, 0.21798422489353989, 0.21780981147139125, 0.21738462354399413, 0.21770979314736574, 0.21727503005496482, 0.2174930328782603, 0.21740418172283846, 0.21711057939621992, 0.21646341785990583, 0.21684533057294508, 0.21652357234819616, 0.21618975322027961, 0.21629755455280777, 0.21600238734715096, 0.21597002790540187, 0.21594919397303577, 0.21573616591862879, 0.21575145593561862, 0.21596074857084896, 0.21549116927632708, 0.21526054803429967, 0.21500618651948247, 0.21497144167992177, 0.21475997737630836, 0.21515317846127294, 0.21488609674530074, 0.21471461156798916, 0.21450512228805799, 0.2144283115416632, 0.21482394686002987, 0.2144213496240148, 0.21477086579694937, 0.21429021566174156, 0.21436359360788454, 0.21405707552523431, 0.21431986222994764, 0.21436551298071613, 0.21421799812381551, 0.21428224619820799, 0.21422810503780038, 0.21396360420755503, 0.21402731601541655, 0.21386681017416853, 0.21397719552056146, 0.21355786260943821, 0.21390349907707351, 0.21357143490905181, 0.21352269777256228, 0.21383463931482438, 0.21357285268812443, 0.21380930507931364, 0.21372273847017426, 0.21346241480598627, 0.21333803981029781, 0.21366007814333957, 0.21366703684074895, 0.21358197720162916, 0.21340836674693947, 0.21345130522725866, 0.21352760713339525, 0.21362938640167531, 0.21334640729175114, 0.21298652590941608, 0.21341956959381855, 0.213306780353648, 0.21350618538857163, 0.21330052920153009, 0.21305472294382879, 0.21335800978623629, 0.21301072480238939, 0.21290031128912146, 0.21321614778097633, 0.21328254306510833, 0.21340775884628063, 0.21333737414868947, 0.21335615619213996, 0.21329371306435749, 0.21309961958296875, 0.2131706460827322, 0.21325290559598278, 0.21284863518829061, 0.21285960388500816, 0.21294653762671145, 0.21313759467747659, 0.21305407239850443, 0.21300656743482513, 0.21297206648396144, 0.21286812584553116, 0.21280876149390279, 0.21296655638013295, 0.2129136585287921, 0.21295682403634419, 0.21270017093781454, 0.21275198462907213, 0.21273698247146094, 0.21262487320112619, 0.21277766556118782, 0.21268804360876462, 0.21256194291644681, 0.21259014062920362, 0.21258492953536889, 0.21248648999291825, 0.21282537148377162, 0.21259601376307166, 0.21234413274173539, 0.21279713418956503, 0.21252717208267244, 0.21222234038219817, 0.21239395318253762, 0.21225759664292129, 0.21245543064799688, 0.21227557754154297, 0.21255967581918173, 0.21206070204750724, 0.21248886286412391, 0.21242507672111316, 0.21220750019484519, 0.21225778466276837, 0.21217831970697029, 0.21215198671828445, 0.21230529211048735, 0.21206635074590371, 0.2120633138312619, 0.21208218884440183, 0.21193992869640152, 0.21186822137240083, 0.21203588421597347, 0.21182982238868908, 0.21185260604262163, 0.21189392862205733, 0.21219625617182913, 0.21197511973671659, 0.21193727087987804, 0.21198512175854947, 0.21212981415349574, 0.21150950098063975, 0.21195258196271272],