{"low_val_loss": 0.13010569692281754, "params": {"verbose": 1, "nb_epoch": 1000, "batch_size": 32, "metrics": ["loss", "acc", "val_loss", "val_acc"], "nb_sample": 94030, "do_validation": true}, "results": {"acc": [0.94373072423694571, 0.94782516218735335, 0.94944166756305093, 0.94979261938693682, 0.95059023715835367, 0.95061150697093311, 0.95095182389106492, 0.95078166543099907, 0.95109007763479736, 0.95147293417501688, 0.95168563225009928, 0.95161118792382049, 0.95165372754390809, 0.95172817186004466, 0.95171753696136163, 0.95182388599383172, 0.95172817186511582, 0.95217483782278889, 0.95200467935765176, 0.95239817079655431, 0.95228118686033003, 0.95208975858895251, 0.95224928214906768, 0.9522599170477507, 0.95250451983409545, 0.95243007551288772, 0.95233436137910066, 0.95228118686033003, 0.95231309157159238, 0.95237690098904604, 0.95186642561391932, 0.95213229820270129, 0.95212166330401826, 0.95274912262044031, 0.95238753589280012, 0.95215356801528062, 0.952196107625226, 0.95227055195150478, 0.95235563118153777, 0.95222801234155952, 0.95234499627778368, 0.95243007550781666, 0.95217483781771772, 0.95246198021907902, 0.95228118685652674, 0.95217483781771772, 0.95236626608529196, 0.952547059449112, 0.95244071041790968, 0.95253642455042897, 0.9523024566678383, 0.95255769435286608, 0.95227055195657595, 0.95241944060406258, 0.95265340848665314, 0.95243007550781666, 0.95235563118660893, 0.95274912262044031, 0.95244071041790968, 0.9524726151228331, 0.95246198021907902, 0.95270658300542377, 0.95250451983536333, 0.95246198021907902, 0.95246198021907902, 0.95246198022415018, 0.95264277358797023, 0.95274912262551137, 0.95263213867914498, 0.95278102733170267, 0.95232372647534658, 0.95281293204296502, 0.95265340849172431, 0.9522811868654012, 0.95255769435286608, 0.95281293204296502, 0.95253642454535792, 0.95271721790917796, 0.95246198022415018, 0.95225991705282187], "loss": [0.18195457007222121, 0.14127300543967908, 0.13781281492611352, 0.13630381088827084, 0.13517979174205805, 0.13445190184248593, 0.1340072904192969, 0.133439695550814, 0.13324710689853522, 0.13271397195964826, 0.13240710998467659, 0.13218485763510224, 0.13191651491317347, 0.13172242768119938, 0.1315286195494958, 0.13131091137447662, 0.13126605642034592, 0.13112887258173037, 0.13100359354979951, 0.13088781499561097, 0.13074141757375166, 0.13071228718803268, 0.13040570839787879, 0.13054109501208597, 0.13045869761525056, 0.13030822970512687, 0.13026716797057458, 0.1303236712426768, 0.13035233854854486, 0.1302297778079754, 0.13022708366265973, 0.13026407726467967, 0.13002448590286333, 0.13017799711269096, 0.13000388696899087, 0.13004624440697143, 0.12994777452060799, 0.12990171306186263, 0.12979717593214987, 0.13009102705227851, 0.12982793094905865, 0.12993369853146011, 0.1298165484280342, 0.12987137960776565, 0.12969776002457836, 0.12966843598853947, 0.12969279486385291, 0.12966117053117876, 0.12972152907598225, 0.12969900913933521, 0.12964672195642638, 0.12966555612183348, 0.12947592572238259, 0.12977601331451161, 0.12963919102144053, 0.12969706548071031, 0.1296777923094723, 0.12960053117959458, 0.12956062451608763, 0.12954944168476681, 0.12951854421292341, 0.12952585854448437, 0.12938416683140125, 0.12964358680979515, 0.12940380913988397, 0.12947535719546208, 0.12949182406348345, 0.12947352111108199, 0.12948987499571957, 0.12932706355864756, 0.12945532043138919, 0.12931005440190424, 0.1292410128213973, 0.12950916000849183, 0.12935010028794436, 0.12941723784765993, 0.1294207507546539, 0.12944799063078116, 0.1293903247043324, 0.12931729446925039], "val_acc": [0.94783690658499231, 0.94991066870852481, 0.95051684532924963, 0.9511868300153139, 0.95137825421133226, 0.95156967840735074, 0.95045303726391017, 0.95265441551812147, 0.95201633486472692, 0.95268631955079119, 0.95262251148545174, 0.95319678407350694, 0.95243108728943338, 0.95364344053088312, 0.95297345584481874, 0.95354772843287394, 0.95367534456355285, 0.95290964777947929, 0.95275012761613065, 0.95393057682491067, 0.95303726391015819, 0.95351582440020421, 0.95386676875957122, 0.95354772843287394, 0.95322868810617667, 0.95418580908626849, 0.95195252679938747, 0.95364344053088312, 0.95437723328228685, 0.95300535987748847, 0.95380296069423176, 0.95402628892291985, 0.95440913731495658, 0.95412200102092903, 0.95354772843287394, 0.95453675344563549, 0.95160158244002047, 0.95342011230219503, 0.95421771311893822, 0.9539624808575804, 0.95415390505359876, 0.95354772843287394, 0.95367534456355285, 0.95335630423685558, 0.95412200102092903, 0.95265441551812147, 0.95434532924961712, 0.95300535987748847, 0.95329249617151612, 0.95297345584481874, 0.95383486472690149, 0.95345201633486476, 0.95345201633486476, 0.95415390505359876, 0.95380296069423176, 0.95345201633486476, 0.95300535987748847, 0.95342011230219503, 0.95412200102092903, 0.95338820826952531, 0.95428152118427767, 0.95332440020418585, 0.95303726391015819, 0.95335630423685558, 0.95367534456355285, 0.95399438489025012, 0.95329249617151612, 0.95389867279224094, 0.95380296069423176, 0.95418580908626849, 0.95402628892291985, 0.95377105666156203, 0.95259060745278201, 0.95297345584481874, 0.95351582440020421, 0.9536115364982134, 0.95409009698825931, 0.95313297600816749, 0.95342011230219503, 0.95335630423685558], "val_loss": [0.1448487527459297, 0.13880006776149934, 0.13654576255281461, 0.13578220178059866, 0.13528695725562501, 0.13411303836568969, 0.13501641557624658, 0.1331582480548078, 0.13310845024625126, 0.13258719478694378, 0.13324725073954777, 0.13280182996704878, 0.13284520836068758, 0.13211909168499231, 0.13238578071059956, 0.13283104246987135, 0.13237786917714758, 0.13206255033273762, 0.13299675054102755, 0.13135687504467641, 0.13280206259231656, 0.13157785659149143, 0.13100316726439548, 0.13154262542294842, 0.13121669824107257, 0.13162731687144213, 0.13257432003534528, 0.13094134378613501, 0.13094396429681213, 0.13147794087229639, 0.13161295625766728, 0.13077552074822252, 0.13074933277892786, 0.13108160471683439, 0.13018103088896424, 0.13045287043171888, 0.13227787085596307, 0.13132975136099603, 0.13042766217574014, 0.13076782938912548, 0.13144329961744908, 0.13047413710902211, 0.13159280349635968, 0.13125973307699224, 0.1301251279029495, 0.13132401042336891, 0.1308668599810571, 0.13155935349483888, 0.13187892163089643, 0.13187387160435812, 0.13048213607745246, 0.13043742411450929, 0.13087048735840398, 0.13010569692281754, 0.13025287783981859, 0.13110147716478465, 0.1320347290974816, 0.13020348120452252, 0.13066902118124119, 0.13035187365857084, 0.13062145913161446, 0.13052013401187398, 0.13173118337509643, 0.13088102816713898, 0.13084349305487336, 0.13034773204758984, 0.13040796237664451, 0.13033386641631264, 0.13036605228649498, 0.13049069953480505, 0.13080480117626553, 0.13179963079983328, 0.13222978747107048, 0.13051327506214336, 0.13203934740775272, 0.13135008221076666, 0.13026873973512479, 0.13044036227701999, 0.13106005482143623, 0.13081043468614267]}}