{"low_val_loss": 0.12228579072337817, "params": {"verbose": 1, "nb_epoch": 1000, "batch_size": 32, "metrics": ["loss", "acc", "val_loss", "val_acc"], "nb_sample": 94030, "do_validation": true}, "results": {"acc": [0.94515580133999788, 0.94933531852043851, 0.95081357013845802, 0.95104753802485209, 0.95172817186511582, 0.95151547378496226, 0.95178134637881529, 0.95183452090265697, 0.95215356801020956, 0.95228118686033003, 0.95216420291396364, 0.95244071041157075, 0.95236626608655972, 0.95236626609036301, 0.95252578965174595, 0.95231309156652133, 0.95227055195150478, 0.952547059449112, 0.952738487717954, 0.95272785282307426, 0.95245134532039599, 0.95240880570030839, 0.95258959906412843, 0.95221737743273427, 0.95218547272147191, 0.95239817080162537, 0.95261086887163671, 0.95277039243301964, 0.9530149952155611, 0.95278102733297043, 0.95285547165798146, 0.95288737636924381, 0.95256832925662027, 0.95299372540805283, 0.95279166223545675, 0.95301499521936439, 0.95239817079655431, 0.95312134426197681, 0.95274912262044031, 0.95311070935061593, 0.95292991598426036, 0.9530362650218015, 0.95272785281927097, 0.9530788046418891, 0.9528661065668067, 0.95332340742443056, 0.95288737637431498, 0.95319578858318443, 0.9534297564657751, 0.95312134425183448, 0.9531957885882556, 0.95305753482930977, 0.95321705838562165, 0.95327023290439217, 0.95340848665319577, 0.95334467724081329, 0.95330213762199345, 0.95328086781321741, 0.95305753483438094, 0.95346166117703746, 0.95320642348693863, 0.95334467723067107, 0.95366372434836577, 0.95299372541692728, 0.95345102627328338, 0.95358928002208698, 0.95375943848215294, 0.95362118472827817, 0.95339785174944169, 0.95312134425183448, 0.95388705732339907, 0.95375943848215294, 0.95341912156709219, 0.95337658195207564, 0.95365308944461169, 0.95334467723574223, 0.95350420079712517, 0.95352547059956227, 0.95389769222588539, 0.95363181963203236, 0.95334467723574223, 0.95384451770711476, 0.95396150164841009, 0.95350420079332177, 0.95391896203466142, 0.95357864511326174, 0.95329150271697161, 0.95344039137460035, 0.9533872168456875, 0.95348293097947467, 0.95349356588829992, 0.95403594597215335, 0.95369562905455707, 0.95352547059956227, 0.95320642348186746, 0.95369562905962812, 0.95374880357839875, 0.95384451771218581, 0.95379134318834413, 0.95372753376581942, 0.95392959693714774, 0.95338721685075867, 0.95363181963203236, 0.95336594703817934, 0.95403594598483121, 0.95369562905962812, 0.95387642241837711, 0.95386578752476525, 0.95412102520472186, 0.9541848346373889, 0.95384451770711476, 0.95389769223095644, 0.95380197809209821, 0.9538126129958524, 0.95372753377089059, 0.95404658087844307, 0.95426991386235072, 0.95406785068595135, 0.95411039030096778, 0.95426991386235072, 0.95397213655723534, 0.9543443581886295, 0.9543549930923837, 0.95447197703367903, 0.95404658088351413, 0.95417419972349249, 0.9543230883861924, 0.9543018185685419, 0.95416356481973841, 0.9541422950173013, 0.95422737424733417, 0.95434435818482621, 0.95417419972856365, 0.95415292992105538, 0.95439753270232908, 0.95464213549374499, 0.95434435818355845, 0.9544507072210997, 0.95467404019993618, 0.95471657981495273, 0.95428054876230151, 0.95474848452621508, 0.9548016590449856, 0.95447197703875009, 0.95457832606614912, 0.95453578645113257, 0.95489737317877277, 0.95478038923747743, 0.95488673828135751, 0.95485483356375622, 0.95450388173987022, 0.9550143571200681, 0.95444007232241668, 0.9550568967401557, 0.95475911943123692, 0.95511007125385516, 0.95453578645620374, 0.95451451664362441, 0.95441880251997957, 0.95482292885756503, 0.95502499202382218, 0.95514197596511752, 0.9549824524138768, 0.9548761033712645, 0.95479102414123151, 0.95492927789510618, 0.95497181750505156, 0.9548761033712645, 0.95504626183133046, 0.95483356376131912, 0.95504626183133046, 0.95504626183133046, 0.95473784962246089, 0.95465277039242791, 0.95500372221631391, 0.95479102414123151, 0.95516324577262579, 0.95518451558520512, 0.95516324577769685, 0.95508880145141806, 0.95518451558013395, 0.95479102414123151, 0.95499308731255983, 0.95476975433372324, 0.95520578538764223, 0.95514197597018868, 0.95504626183133046, 0.95503562692757626, 0.95474848453128613, 0.95503562692757626, 0.95500372221631391, 0.95483356375624806, 0.9551951504889592, 0.95504626183133046, 0.95551419759651179, 0.95499308731255983, 0.9555461023128452, 0.95512070615760924, 0.95507816654766386, 0.95499308731763088],