{"low_val_loss": 0.21267164198683058, "params": {"verbose": 1, "nb_epoch": 1000, "batch_size": 32, "metrics": ["loss", "acc", "val_loss", "val_acc"], "nb_sample": 29058, "do_validation": true}, "results": {"acc": [0.85119416339734322, 0.89699910523780024, 0.90150733016725171, 0.90329685456672859, 0.90353775208204279, 0.90302154312065519, 0.90432927248950379, 0.90443251428178129, 0.90525844862000138, 0.90467341179709548, 0.90518962075848308, 0.90543051827379728, 0.90532727648151967, 0.90536169041227887, 0.90632528047353567, 0.90553376006607478, 0.90649735012733157, 0.90580907151214807, 0.90625645261201737, 0.90759859591162506, 0.90584348544290727, 0.90656617798884986, 0.90639410833505407, 0.90604996902746227, 0.90615321081973987, 0.90732328446555166, 0.90580907151214807, 0.90615321081973987, 0.90646293619657237, 0.90618762475049897, 0.90694473122720076, 0.90639410833505407, 0.90663500585036827, 0.90670383371188656, 0.90673824764264577, 0.90691031729644156, 0.90594672723518477, 0.90670383371188656, 0.90673824764264577, 0.90694473122720076, 0.90601555509670317, 0.90722004267327416, 0.90697914515795997, 0.90691031729644156, 0.90646293619657237, 0.90742652625782916, 0.90618762475049897, 0.90735769839631086, 0.90677266157340486, 0.90801156308073505, 0.90711680088099667, 0.90725445660403337, 0.90704797301947826, 0.90808039094225346, 0.90814921880377175, 0.90687590336568247, 0.90646293619657237, 0.90677266157340486, 0.90718562874251496, 0.90759859591162506, 0.90801156308073505, 0.90752976805010666, 0.90660059191960907, 0.90677266157340486, 0.90635969440429487, 0.90732328446555166, 0.90708238695023746, 0.90777066556542085, 0.90735769839631086, 0.90752976805010666], "loss": [0.32217158169470694, 0.2396900463259321, 0.23205366147730402, 0.22799553763122904, 0.22518501999030979, 0.22345288923068304, 0.22184730486908294, 0.22052663056157421, 0.21986860639898811, 0.21916269323963514, 0.21873776079397486, 0.21821237557157858, 0.21754740412527848, 0.21754379007011249, 0.21699505303073252, 0.21666335802961426, 0.21624929598155768, 0.21645165853772458, 0.21635776420971739, 0.21558596536243305, 0.21587597207516951, 0.21557020607471003, 0.215313958616281, 0.21540762515970266, 0.2154723287567229, 0.21528325292291869, 0.2150257955976351, 0.21521231881376482, 0.2146926681225278, 0.21469694398738842, 0.21468763702682819, 0.21459719888397755, 0.2147558685874601, 0.21456540127697826, 0.21460574122560314, 0.21442832394340047, 0.21468746502550984, 0.21434038958510773, 0.21408572395734904, 0.21388911209414377, 0.21396033852006344, 0.21374154781827395, 0.21388292302160797, 0.21359168839508805, 0.21386127994623416, 0.21337127355709071, 0.21389444051872586, 0.21374681091063594, 0.21343077654905515, 0.21332727549859795, 0.21389625784502247, 0.21349566142732504, 0.2135403293610374, 0.21350703317800271, 0.21307179353727643, 0.21335164075642973, 0.21336126925858473, 0.21332296960751837, 0.21321429198882266, 0.21330285982774763, 0.21336327264094002, 0.21333394808568698, 0.21311068787111515, 0.21320297124996443, 0.21335337274876504, 0.2130694887002457, 0.21338656622426985, 0.21321498641909764, 0.21292790235364764, 0.21313766593926214], "val_acc": [0.88964591730707898, 0.89873025711936161, 0.89996903073348367, 0.90131103548211577, 0.90275627136525816, 0.90409827611389038, 0.90337565817231913, 0.90347888930682929, 0.90337565817231913, 0.90544028086252248, 0.90461443178644119, 0.90409827611389038, 0.90492412518997167, 0.90626612993860389, 0.90544028086252248, 0.90461443178644119, 0.90378858271035989, 0.90378858271035989, 0.90605966766958357, 0.90574997426605308, 0.90482089405546151, 0.90605966766958357, 0.90636936107311405, 0.90378858271035989, 0.90636936107311405, 0.90564674313154292, 0.90131103548211577, 0.90585320540056324, 0.90574997426605308, 0.90409827611389038, 0.90533704972801232, 0.90564674313154292, 0.90585320540056324, 0.905130587458992, 0.9043047383829107, 0.90440796951742086, 0.90626612993860389, 0.90254980909623783, 0.90616289880409373, 0.90574997426605308, 0.90574997426605308, 0.90420150724840054, 0.90585320540056324, 0.90502735632448184, 0.90585320540056324, 0.90657582334213438, 0.90595643653507341, 0.90647259220762422, 0.90440796951742086, 0.90616289880409373, 0.9067822856111547, 0.90440796951742086, 0.90574997426605308, 0.90657582334213438, 0.90667905447664454, 0.90533704972801232, 0.90750490355272584, 0.90636936107311405, 0.90554351199703265, 0.90451120065193102, 0.90740167241821568, 0.90657582334213438, 0.90616289880409373, 0.90399504497938021, 0.905130587458992, 0.90544028086252248, 0.90657582334213438, 0.90605966766958357, 0.90574997426605308, 0.90698874788017503], "val_loss": [0.24544392483539842, 0.23398617767409002, 0.22778679288810677, 0.22397493195322088, 0.22076090459325456, 0.21937273702865615, 0.21841125547289048, 0.21917515711923669, 0.21753578025071235, 0.21699453214872014, 0.21533251190205235, 0.21658055318623884, 0.21683686638784147, 0.2155698416211404, 0.21553430278086866, 0.21628097832492105, 0.21591457467681177, 0.21815568560033904, 0.21400468586595531, 0.21426137289334415, 0.21496316113437036, 0.21348595773643345, 0.21367061343665117, 0.21572821466647349, 0.21354085441109219, 0.21495714048686085, 0.21815612196270079, 0.21473584338350415, 0.2139139970451289, 0.21663966415294419, 0.21434948666676337, 0.21364833139974512, 0.21296305004886101, 0.21434425556697848, 0.21366747659993046, 0.21360191762527347, 0.21415520536711283, 0.21754193557629192, 0.2140625666646602, 0.21538848058658328, 0.21495611995960076, 0.21542866414356518, 0.21576928019314418, 0.21267164198683058, 0.21430887340502533, 0.21279545353701132, 0.21495302889238044, 0.21327760291072476, 0.21416283780432982, 0.21459039239380348, 0.21388587451601368, 0.2148337143179038, 0.21403519185480102, 0.21390516098726764, 0.21402463637799243, 0.21416473117322146, 0.2138315840095783, 0.2131707508355776, 0.21429727442852542, 0.21497469149199977, 0.21377164691215922, 0.21343033180476048, 0.2131474729882338, 0.21547845696977164, 0.2148597665224157, 0.21396744867172035, 0.21310711533978738, 0.21454056304613847, 0.2151439434371768, 0.21310107525170027]}}