{"low_val_loss": 0.13207503303889262, "params": {"verbose": 1, "nb_epoch": 1000, "batch_size": 32, "metrics": ["loss", "acc", "val_loss", "val_acc"], "nb_sample": 94030, "do_validation": true}, "results": {"acc": [0.94334786770179735, 0.94749548016590446, 0.94920769968046026, 0.95017547591194296, 0.95033499946825484, 0.95068595129214084, 0.9514197596511752, 0.95136658513747563, 0.95182388599383172, 0.95189833032518167, 0.95190896522893587, 0.95215356801020956, 0.9521216632989471, 0.95198340956028582, 0.95237690098904604, 0.95176007657130701, 0.95193023503137297, 0.95218547272147191, 0.95224928214906768, 0.95217483781771772, 0.95228118686033003, 0.95237690098904604, 0.95253642455042897, 0.95248325003165835, 0.95263213867914498, 0.95243007550781666, 0.95262150377539079, 0.95271721790917796, 0.95237690098904604, 0.95275975752926556, 0.95281293204803608, 0.95244071041664191, 0.95248325002658729, 0.95236626608529196, 0.95261086887163671, 0.95244071041157075, 0.95262150377539079, 0.95272785281293204, 0.95261086887670787, 0.95312134425183448, 0.95252578964160373, 0.95277039242794848, 0.95290864618182325, 0.95255769435793725, 0.95302563012311858, 0.95268531319791561, 0.95277039243301964, 0.95297245559927679, 0.95284483675422738, 0.9530362650218015, 0.95283420185047329, 0.95256832926676249, 0.95281293205310724, 0.95291928108050628, 0.9528448367643696, 0.95281293204296502, 0.95285547165798146, 0.95297245560054455, 0.952898011272998, 0.95273848771668612, 0.95306816973813502, 0.95255769435793725, 0.95264277358289906, 0.95273848772175729, 0.95298309050303098, 0.9525895990691996, 0.9528661065668067, 0.95291928108557733, 0.95290864617675208, 0.95268531319791561, 0.95283420185554435, 0.95278102733170267, 0.95308943954057213, 0.95235563118660893, 0.95288737636924381, 0.95272785281293204, 0.95296182069552271, 0.95263213867914498, 0.95284483675422738, 0.95265340849172431, 0.95288737636924381, 0.95300436031053914, 0.9525895990691996, 0.95262150377539079, 0.95283420185047329, 0.95262150378553312, 0.95291928108557733, 0.95246198022034678, 0.95269594810166969, 0.95280229713921094, 0.95277039242794848, 0.95282356694798687, 0.95292991598933141, 0.95287674146548973, 0.95283420185554435, 0.95305753483057754, 0.95287674146548973, 0.95268531320298666], "loss": [0.17115804449743563, 0.14144386094819036, 0.13852741941833424, 0.13702872863833124, 0.13597000159175043, 0.1351952690792991, 0.13443277048488431, 0.13412604131407527, 0.13367043779300247, 0.13361288190623313, 0.13329267265913169, 0.13303981930244088, 0.13307296580267652, 0.13292730627612181, 0.13289126626018874, 0.13277682598007146, 0.13261816061165144, 0.13267304129549115, 0.13255690394370945, 0.13241717223615629, 0.13214074169608186, 0.13229324579156487, 0.13220932128536414, 0.13203098109433919, 0.13187718691184877, 0.13191963540237406, 0.13175325756119019, 0.13172376569450428, 0.13170861615172907, 0.13149351846103047, 0.13147031816237026, 0.13158589589726377, 0.13155662653908112, 0.13158951339240685, 0.13160956745841879, 0.13144848611135296, 0.13135670936387814, 0.13135649987015968, 0.1313439237488897, 0.13119250986026626, 0.1312323951688229, 0.13128453833152548, 0.13121594007546047, 0.13120355285204155, 0.13122841993186951, 0.13114362045097233, 0.13108959072804838, 0.13106118846240178, 0.13092236458117387, 0.13116582338859156, 0.13097319702106652, 0.13107085398672794, 0.13091857795143311, 0.13108423307536449, 0.13094677868566906, 0.13090386751163238, 0.13091868616693655, 0.13087987615480762, 0.13085102811596372, 0.13088605929252051, 0.13081637838350058, 0.13087216848773955, 0.13080338841468797, 0.13081806914661587, 0.13082946085282035, 0.13093310851236487, 0.13071739158024501, 0.13075996809857432, 0.13058372779434271, 0.13064332627521466, 0.13076424036750664, 0.13076401577746818, 0.13068818374176705, 0.13082937654295995, 0.1306447430185266, 0.130668635744735, 0.13057157400978456, 0.13078336136893592, 0.13065503888259247, 0.13069530177180416, 0.13084083552743975, 0.13074449282921996, 0.13072309255834516, 0.13066102762219375, 0.13070774108288732, 0.13050782170420464, 0.13076187969727882, 0.13053133767944036, 0.13067369989882019, 0.13070729215842644, 0.13055220712624047, 0.13056885743745272, 0.13062562462602867, 0.1305835115684387, 0.13050892640257419, 0.1305602534678367, 0.13048704349334148, 0.13054916833349203], "val_acc": [0.94729453802960695, 0.9504849412965799, 0.95115492598264417, 0.9508358856559469, 0.95208014293006638, 0.95160158244002047, 0.95185681470137828, 0.95160158244002047, 0.95271822358346092, 0.95227156712608474, 0.95278203164880038, 0.95243108728943338, 0.95268631955079119, 0.95290964777947929, 0.95294155181214901, 0.95290964777947929, 0.95303726391015819, 0.9528139356814701, 0.95306916794282792, 0.95265441551812147, 0.95319678407350694, 0.95354772843287394, 0.95316488004083721, 0.95367534456355285, 0.95348392036753449, 0.95348392036753449, 0.95268631955079119, 0.95351582440020421, 0.95447294538029603, 0.95271822358346092, 0.95380296069423176, 0.95310107197549765, 0.95300535987748847, 0.95332440020418585, 0.95338820826952531, 0.95239918325676365, 0.9539624808575804, 0.95357963246554367, 0.95290964777947929, 0.95351582440020421, 0.95243108728943338, 0.95239918325676365, 0.95380296069423176, 0.95364344053088312, 0.95306916794282792, 0.95329249617151612, 0.95380296069423176, 0.95329249617151612, 0.95297345584481874, 0.95338820826952531, 0.95322868810617667, 0.9536115364982134, 0.95399438489025012, 0.95313297600816749, 0.95329249617151612, 0.95348392036753449, 0.95393057682491067, 0.95351582440020421, 0.9539624808575804, 0.95319678407350694, 0.95306916794282792, 0.95354772843287394, 0.95284583971413983, 0.95335630423685558, 0.95233537519142419, 0.95370724859622258, 0.95348392036753449, 0.9536115364982134, 0.95335630423685558, 0.95399438489025012, 0.95354772843287394, 0.95357963246554367, 0.95290964777947929, 0.95329249617151612, 0.95373915262889231, 0.95393057682491067, 0.95351582440020421, 0.95332440020418585, 0.95332440020418585, 0.95373915262889231, 0.95306916794282792, 0.9539624808575804, 0.95223966309341501, 0.95370724859622258, 0.95357963246554367, 0.95386676875957122, 0.95265441551812147, 0.95354772843287394, 0.95322868810617667, 0.9528139356814701, 0.95345201633486476, 0.95332440020418585, 0.95364344053088312, 0.95249489535477283, 0.95348392036753449, 0.95249489535477283, 0.95319678407350694, 0.95357963246554367],