{"low_val_loss": 0.12315926052945618, "params": {"verbose": 1, "nb_epoch": 1000, "batch_size": 32, "metrics": ["loss", "acc", "val_loss", "val_acc"], "nb_sample": 94030, "do_validation": true}, "results": {"acc": [0.94372008933826268, 0.94814420929490584, 0.94960119110922048, 0.95052642773582896, 0.95098372859725622, 0.95103690311602684, 0.95179198128764053, 0.95189833033025284, 0.95216420291396364, 0.95203658407525305, 0.9524726151228331, 0.9527278528141998, 0.95246198021907902, 0.95196213974263533, 0.95230245666276725, 0.95218547272654297, 0.95248325002658729, 0.95240880570030839, 0.95246198021907902, 0.95220674252898008, 0.952547059449112, 0.95283420185047329, 0.9528022971404787, 0.95262150378046195, 0.95299372540678506, 0.95248325002658729, 0.95256832925662027, 0.95283420185047329, 0.9530362650218015, 0.9528235669467191, 0.95297245560561572, 0.95279166223545675, 0.95330213761565463, 0.95304689992555569, 0.95304689992302016, 0.95317451877060511, 0.95307880463681804, 0.9528661065668067, 0.9531851536743593, 0.95289801127806906, 0.95301499521936439, 0.95319578857938114, 0.95339785174944169, 0.95346166117703746, 0.95317451877060511, 0.95289801127806906, 0.95299372540678506, 0.95345102626821232, 0.95331277252955093, 0.9536743592470488, 0.95312134425690564, 0.95315324896309683, 0.95316388387192208, 0.95335531213442515, 0.95348293098961689, 0.95322769328937573, 0.95336594704325039, 0.95341912155694986, 0.95347229607572048, 0.95303626502687266, 0.95295118579176863, 0.95357864511833279, 0.95345102627328338, 0.95318515367943035, 0.95302563011804742, 0.95290864617675208, 0.95321705838562165, 0.95329150271190044, 0.95340848665826694, 0.95328086780814636, 0.95330213761565463, 0.952898011272998, 0.95342975646070405, 0.95317451877060511, 0.95307880464696026, 0.9531851536743593, 0.95323832819820098, 0.95316388387192208, 0.95313197916065973, 0.953504200792054, 0.95332340742316279, 0.9536743592470488, 0.95308943954057213, 0.9532276932944469, 0.95352547059449111, 0.95344039136952929, 0.95372753376581942, 0.95332340742316279, 0.95342975646070405, 0.9531851536743593, 0.95333404232691699, 0.95321705839576387, 0.95355737530702123, 0.95351483569580808, 0.95364245454085761, 0.95313197915558867, 0.95354674040199938, 0.95334467723067107, 0.95345102626821232, 0.95332340742316279, 0.95369562905962812, 0.95349356589337098, 0.95355737530828899, 0.95355737530575346, 0.95385515261594001, 0.95369562905962812, 0.95348293097947467, 0.95391896203846471, 0.95391896203339355, 0.95374880357839875, 0.95380197810224054, 0.95395086674465601, 0.95387642241964488, 0.95367435925211996, 0.95372753377089059, 0.9540253110709348, 0.9536743592470488, 0.9537488035733277, 0.95398277145591837, 0.95380197809209821, 0.95390832713471063, 0.95382324789960649, 0.95386578751462303, 0.95399340636474361, 0.95371689886206534, 0.95412102521486408, 0.95395086674972707, 0.95388705732213119, 0.95406785068721911, 0.95405721578219715, 0.95424864405611021, 0.95412102520979303, 0.95385515261086884, 0.95447197702860787, 0.95411039030603895, 0.95424864405484244, 0.9544188025149084, 0.95395086674592378, 0.9544188025149084, 0.95447197702860787, 0.9545357864612749, 0.95438689779857488, 0.95451451664489217, 0.95453578645113257, 0.95453578645620374, 0.95433372327980437, 0.95422737424353088, 0.95458896097497437, 0.9543762628948208, 0.95459959587365739, 0.95450388174494138, 0.95451451664362441, 0.95447197702860787, 0.95488673828008974, 0.9543124534722961, 0.95448261194250428, 0.95471657981495273, 0.95426991385727955, 0.95468467510876143, 0.95475911942996916, 0.95456769116239493, 0.95424864404977139, 0.95452515154737849, 0.95456769116239493, 0.95468467510876143, 0.95451451664869547, 0.95456769116746609, 0.95481229394873979, 0.95465277039876684, 0.95468467510369026, 0.95440816761622538, 0.95478038924761965, 0.95468467510876143, 0.95483356376131912, 0.95446134212485378, 0.95430181857361307, 0.95453578645113257, 0.95499308731763088, 0.95432308838112134, 0.95457832607122017, 0.95472721471870681, 0.95450388174494138, 0.95447197702860787, 0.95513134106643449, 0.95467404019993618, 0.95502499202382218, 0.95497181750505156, 0.95480165905005676, 0.95489737318384382, 0.95516324577262579, 0.95500372221631391, 0.95507816654259281, 0.95516324577262579, 0.95469531001378338],