{"low_val_loss": 0.13218129726508066, "params": {"verbose": 1, "nb_epoch": 1000, "batch_size": 32, "metrics": ["loss", "acc", "val_loss", "val_acc"], "nb_sample": 94030, "do_validation": true}, "results": {"acc": [0.94349675635435504, 0.946836116133149, 0.94898436669148145, 0.94996277783686056, 0.9510688078272892, 0.95097309369350203, 0.95128150590363936, 0.95146229926619164, 0.9516005530200663, 0.9516218228225034, 0.95185579071016524, 0.95203658407398528, 0.9519089652238647, 0.9518132510951488, 0.95190896522893587, 0.9523343613740296, 0.95184515580641116, 0.95184515580641116, 0.95195150483888125, 0.95236626608655972, 0.95222801234663057, 0.95206848878524764, 0.95236626609036301, 0.95217483781771772, 0.95233436137910066, 0.95227055195150478, 0.95221737743780532, 0.95240880569777286, 0.95213229820777234, 0.95266404339040733, 0.95207912368393066, 0.95252578964667489, 0.95279166224052791, 0.95262150377665866, 0.95222801234155952, 0.95240880570030839, 0.95249388493541254, 0.95264277358289906, 0.95235563118660893, 0.9525576943630083, 0.95244071041664191, 0.95248325003165835, 0.9521642029190347, 0.9528235669467191, 0.9528767414705609, 0.95238753590294245, 0.95236626608529196, 0.95256832925662027, 0.9524513453165927, 0.95240880570157616, 0.9523556311916801, 0.95275975752926556, 0.95241944060533035, 0.95269594810674074, 0.95281293204296502, 0.95256832925662027, 0.95217483781771772, 0.95245134532039599, 0.95260023396788263, 0.95245134531532494, 0.95265340848792102, 0.95270658301556599, 0.95261086888177893, 0.95238753589406799, 0.95279166223545675, 0.95272785281293204, 0.95263213867914498, 0.95279166224052791, 0.95267467829542918, 0.95295118579176863, 0.95279166223545675, 0.95295118579683968, 0.95254705945037976, 0.95246198021907902, 0.95273848772175729, 0.95252578964667489, 0.9530362650218015, 0.95255769435793725, 0.9527597575241944, 0.95268531319791561, 0.95262150377539079, 0.95243007551288772, 0.95287674146548973, 0.95261086887670787, 0.9528767414705609, 0.95245134532039599, 0.95258959906412843, 0.95283420185554435, 0.95243007550781666, 0.95252578964160373, 0.95284483675422738, 0.95269594810166969, 0.95253642455042897, 0.95281293204296502, 0.95249388493034137, 0.95255769435540172, 0.95283420185047329, 0.95244071041157075, 0.95280229713921094, 0.95262150377539079, 0.95245134531532494, 0.9528235669467191, 0.95273848771668612, 0.95278102733170267, 0.95273848771668612, 0.95256832926169133, 0.95297245559927679, 0.95263213868421603, 0.95258959906412843, 0.95274912262044031, 0.95279166223545675, 0.95284483675929854], "loss": [0.17239320843747852, 0.1418971717411516, 0.13885358291953773, 0.13691187197241292, 0.13599064881549572, 0.13513288982727578, 0.13466700451444796, 0.13427492623539994, 0.13402628499270119, 0.13375769874894575, 0.13365378656609697, 0.13338313967759693, 0.13339591297824865, 0.1332650118741687, 0.13303016206739077, 0.13299867125767051, 0.13299796625577198, 0.13289567846656289, 0.13257434852562919, 0.13265183193086755, 0.13258847570236751, 0.13260922464400951, 0.13231352830673548, 0.13239483814553815, 0.13232437091014188, 0.13223844810561222, 0.13229066585351543, 0.13219301165177139, 0.13218535439176762, 0.13203242804415743, 0.13201154641554316, 0.13222968110623137, 0.13201258342075661, 0.1319064344356228, 0.13174866476294006, 0.13195565403281129, 0.13176345056524863, 0.13186065636335137, 0.13159772179934442, 0.1317546580033164, 0.13176910757898055, 0.13172860297829145, 0.13158553219609828, 0.13152638122036864, 0.13157168905855202, 0.13135856607803878, 0.1314823656844786, 0.13144538408991352, 0.13137108959454902, 0.13141258305898817, 0.13131489581463629, 0.13118723634248919, 0.13119940342664668, 0.13117723544931001, 0.13106181315953308, 0.13127412235277752, 0.13108723981575954, 0.1311040804935848, 0.13097581816828277, 0.13107249431092599, 0.13104597114253955, 0.13107513863108811, 0.13106029911661457, 0.1309934246336274, 0.13082768183435695, 0.13088344905613003, 0.13100644059461011, 0.13093774127197003, 0.1308905345261078, 0.13083450700111127, 0.13092940978838208, 0.13082843427326937, 0.13090614297282729, 0.13080577566993118, 0.13086708737132169, 0.13068263867802027, 0.13072816690006725, 0.13094317723268856, 0.13058501134052006, 0.1307408773114957, 0.13067079338105539, 0.13067234754245433, 0.13085746261226133, 0.13078128747308457, 0.1307721339526689, 0.13076930174951312, 0.13074692187665005, 0.13062655119062749, 0.13069526099185988, 0.13078981224230779, 0.13063061819467775, 0.1306986306824989, 0.13065279773733127, 0.13060526181050822, 0.13056597115962629, 0.1306938705936361, 0.1306156027961079, 0.13051913857470324, 0.13059162084612647, 0.13063828723235141, 0.1305364924381876, 0.13060473524946031, 0.13046472857087316, 0.13045231422680206, 0.13041587836412874, 0.13059497745914636, 0.13050336990718206, 0.13050520618640399, 0.13041998025382104, 0.13057668453547361, 0.13052789405729939, 0.13059520224513596], "val_acc": [0.94448698315467072, 0.94927258805513015, 0.94991066870852481, 0.95172919857069938, 0.95144206227667172, 0.95268631955079119, 0.95179300663603883, 0.95233537519142419, 0.95294155181214901, 0.95230347115875447, 0.95227156712608474, 0.95329249617151612, 0.95290964777947929, 0.95255870342011228, 0.95141015824400199, 0.95287774374680956, 0.95115492598264417, 0.95342011230219503, 0.95313297600816749, 0.95335630423685558, 0.9536115364982134, 0.95259060745278201, 0.95415390505359876, 0.95102730985196526, 0.95233537519142419, 0.95345201633486476, 0.95284583971413983, 0.95306916794282792, 0.95208014293006638, 0.95335630423685558, 0.95367534456355285, 0.95287774374680956, 0.95236727922409392, 0.95322868810617667, 0.95300535987748847, 0.95351582440020421, 0.95236727922409392, 0.95345201633486476, 0.95373915262889231, 0.95252679938744256, 0.95294155181214901, 0.95262251148545174, 0.95275012761613065, 0.95259060745278201, 0.95290964777947929, 0.95195252679938747, 0.95255870342011228, 0.9532605921388464, 0.95278203164880038, 0.95399438489025012, 0.9536115364982134, 0.95255870342011228, 0.95357963246554367, 0.95370724859622258, 0.95303726391015819, 0.95377105666156203, 0.95316488004083721, 0.95402628892291985, 0.95342011230219503, 0.95300535987748847, 0.95259060745278201, 0.9528139356814701, 0.95335630423685558, 0.95386676875957122, 0.95255870342011228, 0.95380296069423176, 0.95364344053088312, 0.95275012761613065, 0.95453675344563549, 0.95380296069423176, 0.95405819295558958, 0.95364344053088312, 0.9532605921388464, 0.95310107197549765, 0.95383486472690149, 0.95399438489025012, 0.95290964777947929, 0.95402628892291985, 0.95300535987748847, 0.95380296069423176, 0.9528139356814701, 0.95418580908626849, 0.95335630423685558, 0.95383486472690149, 0.95393057682491067, 0.9536115364982134, 0.95354772843287394, 0.95342011230219503, 0.95428152118427767, 0.95380296069423176, 0.95440913731495658, 0.95373915262889231, 0.95275012761613065, 0.95386676875957122, 0.95424961715160794, 0.95290964777947929, 0.95313297600816749, 0.95348392036753449, 0.95383486472690149, 0.95389867279224094, 0.95424961715160794, 0.95386676875957122, 0.95370724859622258, 0.95313297600816749, 0.95332440020418585, 0.95405819295558958, 0.95306916794282792, 0.95399438489025012, 0.95310107197549765, 0.95367534456355285, 0.95338820826952531, 0.95335630423685558],