{"low_val_loss": 0.21396464063580517, "params": {"verbose": 1, "nb_epoch": 1000, "batch_size": 32, "metrics": ["loss", "acc", "val_loss", "val_acc"], "nb_sample": 29058, "do_validation": true}, "results": {"acc": [0.84238419712299539, 0.89376419574643817, 0.89768738385298363, 0.90050932617523571, 0.90116319085966001, 0.9019891251978801, 0.9022300227131943, 0.9028494734668594, 0.90333126849748779, 0.90315919884369189, 0.90343451028976529, 0.9030903709821736, 0.90315919884369189, 0.90350333815128359, 0.90412278890494868, 0.90353775208204279, 0.90470782572785469, 0.90374423566659778, 0.90405396104343039, 0.90432927248950379, 0.90412278890494868, 0.90432927248950379, 0.90487989538165048, 0.90436368642026288, 0.90457017000481799, 0.90415720283570788, 0.90467341179709548, 0.90457017000481799, 0.90580907151214807, 0.90443251428178129, 0.90494872324316888, 0.90429485855874459, 0.90477665358937298, 0.90481106752013218, 0.90450134214329958, 0.90405396104343039, 0.90436368642026288, 0.90508637896620547, 0.90543051827379728, 0.90505196503544638, 0.90508637896620547, 0.90560258792759307, 0.90467341179709548, 0.90463899786633628, 0.90574024365062977, 0.90549934613531557, 0.90470782572785469, 0.90632528047353567, 0.90484548145089128, 0.90501755110468718, 0.90522403468924217, 0.90508637896620547, 0.90443251428178129, 0.90515520682772388, 0.90563700185835228, 0.90529286255076058, 0.90505196503544638, 0.90460458393557708, 0.90529286255076058, 0.90529286255076058, 0.90549934613531557, 0.90580907151214807, 0.90611879688898067, 0.90587789937366647, 0.90529286255076058, 0.90501755110468718, 0.90546493220455637, 0.90532727648151967, 0.90532727648151967, 0.90577465758138898, 0.90546493220455637, 0.90539610434303808, 0.90546493220455637, 0.90567141578911148, 0.90587789937366647, 0.90591231330442568, 0.90532727648151967, 0.90567141578911148, 0.90584348544290727, 0.90560258792759307, 0.90553376006607478, 0.90491430931240968, 0.90543051827379728, 0.90498313717392798, 0.90532727648151967, 0.90477665358937298, 0.90546493220455637, 0.90553376006607478, 0.90549934613531557, 0.90546493220455637, 0.90536169041227887, 0.90556817399683387, 0.90604996902746227, 0.90536169041227887, 0.90515520682772388, 0.90580907151214807, 0.90580907151214807, 0.90532727648151967, 0.90635969440429487, 0.90498313717392798, 0.90567141578911148, 0.90536169041227887, 0.90560258792759307, 0.90632528047353567, 0.90577465758138898, 0.90536169041227887, 0.90549934613531557, 0.90501755110468718, 0.90622203868125817, 0.90543051827379728], "loss": [0.34355677242707278, 0.24261325176248091, 0.2337874779784759, 0.22983107649744217, 0.22728543341433147, 0.22541936472805971, 0.224166915595996, 0.22320751502819683, 0.22225185629331415, 0.22190747450601217, 0.22119514340243404, 0.22094080973306571, 0.22063219158153374, 0.22047933982271758, 0.22024078199791067, 0.21986509814383576, 0.21959982696612693, 0.21951232317334335, 0.21956849867006614, 0.21942725962646994, 0.21921718141555188, 0.2192339405168218, 0.21926386676863593, 0.21898695279877631, 0.21880193147127242, 0.2189441161766475, 0.21858642654289226, 0.21879273601339397, 0.21870694384753184, 0.21840714523834767, 0.21859323369721534, 0.21850486330126828, 0.21854460519403313, 0.21857830396048294, 0.21829553486884329, 0.21806454132592129, 0.21792955801317321, 0.21802659315380873, 0.21769821162206923, 0.21788235702910547, 0.21774734578597479, 0.21748234482475795, 0.21761109802857329, 0.21771156609005049, 0.21761105850418933, 0.21735828727231449, 0.21742107061609872, 0.21722006268778279, 0.21716804112230101, 0.21715197821744328, 0.21746437688777925, 0.21739569442081699, 0.21710787702963844, 0.21712032959728092, 0.2170816306377345, 0.21725040272956533, 0.21712080320032229, 0.21715304795048798, 0.21699777771613996, 0.21656604240011862, 0.21685825721284782, 0.21667000919795071, 0.21681642236561249, 0.21686335266050794, 0.21677974725985819, 0.21664969984416227, 0.21657403103975323, 0.21663197765589762, 0.21679465130399186, 0.21656866885000836, 0.21667639527287058, 0.21691704108173696, 0.21655454727781887, 0.2166870776293377, 0.21669877630622744, 0.21665109179693362, 0.2165722148495817, 0.2165601123567619, 0.21653028203678176, 0.21658665131731628, 0.21659129283621253, 0.21672062096342068, 0.21648572293108334, 0.21650782884980299, 0.2162878563493886, 0.21653743449420543, 0.21646672178830823, 0.21627544165806281, 0.21637772001114294, 0.21644914326554085, 0.2161974288520537, 0.21646545613240339, 0.2163998636740993, 0.21638567926834837, 0.21648134137842576, 0.21643059497256653, 0.21644004312744461, 0.21645387922679762, 0.21629072512342365, 0.21642524176356384, 0.216198179402907, 0.21635898009011961, 0.21630074642457606, 0.21671699833585953, 0.21635203033027239, 0.21631989809148891, 0.21640373395960497, 0.21630825318145905, 0.21629914016856658, 0.21637527470382248], "val_acc": [0.88778775686128375, 0.89449778060444474, 0.89883348825387177, 0.89996903073348367, 0.90141426661662594, 0.90007226186799383, 0.90120780434760561, 0.90172396002015642, 0.90193042228917686, 0.90285950249976832, 0.90203365342368702, 0.90234334682721751, 0.90275627136525816, 0.90285950249976832, 0.90389181384487005, 0.90337565817231913, 0.90306596476878864, 0.90254980909623783, 0.90440796951742086, 0.90378858271035989, 0.90234334682721751, 0.90358212044133945, 0.90234334682721751, 0.9031691959032988, 0.90358212044133945, 0.90389181384487005, 0.90347888930682929, 0.90285950249976832, 0.90409827611389038, 0.90162072888564626, 0.90368535157584962, 0.90378858271035989, 0.90337565817231913, 0.9043047383829107, 0.90285950249976832, 0.90306596476878864, 0.90409827611389038, 0.90420150724840054, 0.90502735632448184, 0.90451120065193102, 0.90368535157584962, 0.90389181384487005, 0.905130587458992, 0.90420150724840054, 0.90471766292095135, 0.90306596476878864, 0.905130587458992, 0.90564674313154292, 0.90492412518997167, 0.90461443178644119, 0.90605966766958357, 0.90440796951742086, 0.90213688455819718, 0.90471766292095135, 0.90420150724840054, 0.90451120065193102, 0.90378858271035989, 0.90502735632448184, 0.90378858271035989, 0.90461443178644119, 0.9043047383829107, 0.905130587458992, 0.90502735632448184, 0.90399504497938021, 0.9031691959032988, 0.90347888930682929, 0.90523381859350216, 0.90327242703780897, 0.90492412518997167, 0.90585320540056324, 0.9043047383829107, 0.90564674313154292, 0.90440796951742086, 0.90533704972801232, 0.90523381859350216, 0.90657582334213438, 0.90306596476878864, 0.90451120065193102, 0.90389181384487005, 0.90347888930682929, 0.90347888930682929, 0.90482089405546151, 0.90574997426605308, 0.90554351199703265, 0.9031691959032988, 0.90409827611389038, 0.90224011569270735, 0.90378858271035989, 0.90482089405546151, 0.90378858271035989, 0.90389181384487005, 0.905130587458992, 0.90285950249976832, 0.90544028086252248, 0.90337565817231913, 0.90471766292095135, 0.90399504497938021, 0.90605966766958357, 0.90285950249976832, 0.90471766292095135, 0.90399504497938021, 0.90420150724840054, 0.90203365342368702, 0.90420150724840054, 0.90533704972801232, 0.9043047383829107, 0.90451120065193102, 0.90296273363427848, 0.905130587458992, 0.90389181384487005],