{"low_val_loss": 0.21400392502223275, "params": {"verbose": 1, "nb_epoch": 1000, "batch_size": 32, "metrics": ["loss", "acc", "val_loss", "val_acc"], "nb_sample": 29058, "do_validation": true}, "results": {"acc": [0.83952784086998422, 0.88863652006332161, 0.89875421570651803, 0.90040608438295822, 0.90278064560534099, 0.9028494734668594, 0.90305595705141439, 0.9032280267052103, 0.90391630532039369, 0.90401954711267118, 0.90391630532039369, 0.90364099387432029, 0.90453575607405878, 0.90419161676646709, 0.90350333815128359, 0.90443251428178129, 0.903365682428247, 0.90384747745887539, 0.90384747745887539, 0.90436368642026288, 0.90443251428178129, 0.90391630532039369, 0.90360657994356119, 0.90508637896620547, 0.90329685456672859, 0.90505196503544638, 0.90463899786633628, 0.90391630532039369, 0.90481106752013218, 0.90367540780507949, 0.90436368642026288, 0.90439810035102208, 0.90546493220455637, 0.90432927248950379, 0.90429485855874459, 0.90450134214329958, 0.90474223965861378, 0.90467341179709548, 0.90422603069722629, 0.90539610434303808, 0.90432927248950379, 0.90460458393557708, 0.90470782572785469, 0.90412278890494868, 0.90512079289696468, 0.90436368642026288, 0.90522403468924217, 0.90419161676646709, 0.90498313717392798, 0.90443251428178129, 0.90453575607405878, 0.90374423566659778, 0.90532727648151967, 0.90467341179709548, 0.90470782572785469, 0.90422603069722629, 0.90477665358937298, 0.90408837497418959, 0.90560258792759307, 0.90494872324316888, 0.90487989538165048, 0.90436368642026288, 0.90487989538165048, 0.90484548145089128, 0.90463899786633628, 0.90422603069722629, 0.90481106752013218, 0.90522403468924217, 0.90481106752013218, 0.90453575607405878, 0.90412278890494868, 0.90477665358937298, 0.90446692821254049, 0.90453575607405878, 0.90498313717392798, 0.90525844862000138, 0.90422603069722629, 0.90508637896620547, 0.90494872324316888, 0.90498313717392798, 0.90450134214329958, 0.90518962075848308, 0.90487989538165048, 0.90457017000481799, 0.90491430931240968, 0.90543051827379728, 0.90532727648151967, 0.90467341179709548, 0.90580907151214807, 0.90450134214329958, 0.90560258792759307, 0.90536169041227887, 0.90501755110468718, 0.90477665358937298, 0.90491430931240968, 0.90529286255076058, 0.90446692821254049, 0.90498313717392798, 0.90498313717392798, 0.90505196503544638, 0.90529286255076058, 0.90532727648151967, 0.90443251428178129, 0.90549934613531557, 0.90525844862000138, 0.90432927248950379, 0.90563700185835228, 0.90556817399683387, 0.90522403468924217, 0.90481106752013218, 0.90549934613531557, 0.90512079289696468, 0.90505196503544638, 0.90635969440429487, 0.90422603069722629], "loss": [0.35438922232732162, 0.24656395268822595, 0.23557098201755583, 0.2301443786363144, 0.22701556410912779, 0.22487912081467637, 0.22377314551525299, 0.22282417230854196, 0.22201699182057585, 0.22130874241979495, 0.22078356265988908, 0.22062744023977696, 0.22027152779350684, 0.22024565169923493, 0.21984983495949995, 0.21947941912304292, 0.21928013368679, 0.21899687155483266, 0.21911549500562597, 0.21900878125830273, 0.21867994941661803, 0.2187359969083765, 0.2186492012293316, 0.21844197816567817, 0.21856186700930605, 0.21806102454399764, 0.21814448987877053, 0.21828070042942171, 0.21802808400567872, 0.21801363268412147, 0.21790906944792848, 0.21778078260634423, 0.21767541004134697, 0.21759507111927856, 0.2176891185229935, 0.2177029375044065, 0.21745983657821161, 0.21718626338300098, 0.21748492715219908, 0.2171278997371906, 0.21728543411042506, 0.21727168559207585, 0.21719451638276943, 0.21704977635960593, 0.21679589294467139, 0.21695344596106364, 0.21702234517872412, 0.21684665483505844, 0.2168951955272988, 0.21673572935834215, 0.21657982215175561, 0.21656476109819967, 0.21692704906168819, 0.21641222322113612, 0.21668372983281517, 0.2164889900465716, 0.21654706269314697, 0.21630452310312476, 0.21644869177633064, 0.21656827756615687, 0.2163000260838393, 0.21606796866676273, 0.21621758791049667, 0.21611305218482513, 0.21627338035044333, 0.21626834923201191, 0.21631828851480431, 0.21627289650198828, 0.21609288969632476, 0.21621767807955991, 0.21620904377266656, 0.21619603177228075, 0.21608996249453824, 0.21616757802470815, 0.21604292726076119, 0.21612585392635156, 0.21625677095136084, 0.21621465094690601, 0.21612732523987008, 0.21582713725003144, 0.21615658989628705, 0.21625839596039512, 0.21584222959023117, 0.21609662769912188, 0.21610158297186938, 0.21591523169888643, 0.21614785144971863, 0.21609893758115309, 0.21598066166503846, 0.21599030494125854, 0.21587911464516521, 0.21612428875764519, 0.21586236988349219, 0.2160049061580592, 0.21594951964821982, 0.21587753558314871, 0.21587808416047777, 0.21600290646375156, 0.2159287251541821, 0.21585375368410512, 0.21577079606615737, 0.21585200380020356, 0.21593181931353647, 0.21601500733607151, 0.2157953408972953, 0.21579738960241335, 0.21590956733691216, 0.21592693577179339, 0.21593595227889803, 0.21593255834505803, 0.21593259714031782, 0.2158680481463004, 0.21559843553543107, 0.21557032407924043, 0.21564332935369693], "val_acc": [0.83606895842861806, 0.89294931361140439, 0.89811087031230064, 0.90017549300250399, 0.90058841754054464, 0.90100134207858529, 0.90203365342368702, 0.90358212044133945, 0.90193042228917686, 0.90224011569270735, 0.90213688455819718, 0.90007226186799383, 0.9031691959032988, 0.90265304023074799, 0.90337565817231913, 0.90172396002015642, 0.90347888930682929, 0.90213688455819718, 0.90265304023074799, 0.90358212044133945, 0.9031691959032988, 0.90296273363427848, 0.90378858271035989, 0.90451120065193102, 0.90451120065193102, 0.90368535157584962, 0.90327242703780897, 0.90533704972801232, 0.90502735632448184, 0.90492412518997167, 0.90554351199703265, 0.90420150724840054, 0.90544028086252248, 0.90389181384487005, 0.90636936107311405, 0.90626612993860389, 0.905130587458992, 0.90533704972801232, 0.90378858271035989, 0.90451120065193102, 0.90554351199703265, 0.90482089405546151, 0.9043047383829107, 0.90523381859350216, 0.90616289880409373, 0.90574997426605308, 0.90368535157584962, 0.90368535157584962, 0.90471766292095135, 0.90533704972801232, 0.90461443178644119, 0.905130587458992, 0.90729844128370551, 0.90502735632448184, 0.90482089405546151, 0.90409827611389038, 0.90564674313154292, 0.90306596476878864, 0.90564674313154292, 0.90420150724840054, 0.90502735632448184, 0.90451120065193102, 0.90409827611389038, 0.90647259220762422, 0.90533704972801232, 0.90420150724840054, 0.90420150724840054, 0.90533704972801232, 0.90626612993860389, 0.90482089405546151, 0.90420150724840054, 0.90636936107311405, 0.90636936107311405, 0.90574997426605308, 0.90492412518997167, 0.90554351199703265, 0.90554351199703265, 0.90440796951742086, 0.90523381859350216, 0.90667905447664454, 0.90688551674566487, 0.90347888930682929, 0.90213688455819718, 0.90574997426605308, 0.90688551674566487, 0.90657582334213438, 0.90647259220762422, 0.90358212044133945, 0.90461443178644119, 0.90461443178644119, 0.90482089405546151, 0.90574997426605308, 0.90564674313154292, 0.90595643653507341, 0.90574997426605308, 0.90502735632448184, 0.90254980909623783, 0.90574997426605308, 0.90636936107311405, 0.90564674313154292, 0.90482089405546151, 0.90564674313154292, 0.90440796951742086, 0.90647259220762422, 0.90574997426605308, 0.90585320540056324, 0.90647259220762422, 0.90595643653507341, 0.90451120065193102, 0.90605966766958357, 0.90451120065193102, 0.90471766292095135, 0.90409827611389038, 0.90492412518997167, 0.90647259220762422],