{"low_val_loss": 0.21210133925094143, "params": {"verbose": 1, "nb_epoch": 1000, "batch_size": 32, "metrics": ["loss", "acc", "val_loss", "val_acc"], "nb_sample": 29058, "do_validation": true}, "results": {"acc": [0.84813132355977705, 0.89682703558400445, 0.9018514694748434, 0.90343451028976529, 0.90329685456672859, 0.90329685456672859, 0.90395071925115289, 0.90432927248950379, 0.90419161676646709, 0.90525844862000138, 0.90474223965861378, 0.90567141578911148, 0.90501755110468718, 0.90518962075848308, 0.90501755110468718, 0.90515520682772388, 0.90580907151214807, 0.90543051827379728, 0.90635969440429487, 0.90594672723518477, 0.90601555509670317, 0.90563700185835228, 0.90529286255076058, 0.90584348544290727, 0.90677266157340486, 0.90615321081973987, 0.90560258792759307, 0.90660059191960907, 0.90515520682772388, 0.90715121481175576, 0.90635969440429487, 0.90598114116594397, 0.90670383371188656, 0.90608438295822147, 0.90625645261201737, 0.90653176405809066, 0.90756418198086586, 0.90653176405809066, 0.90718562874251496, 0.90611879688898067, 0.90718562874251496, 0.90708238695023746, 0.90694473122720076, 0.90677266157340486, 0.90697914515795997, 0.90715121481175576, 0.90642852226581316, 0.90687590336568247, 0.90722004267327416, 0.90704797301947826, 0.90611879688898067, 0.90687590336568247, 0.90680707550416406, 0.90756418198086586, 0.90639410833505407, 0.90660059191960907, 0.90660059191960907, 0.90660059191960907, 0.90756418198086586, 0.90708238695023746, 0.90715121481175576, 0.90732328446555166, 0.90629086654277646, 0.90649735012733157, 0.90732328446555166, 0.90718562874251496, 0.90677266157340486, 0.90722004267327416, 0.90742652625782916, 0.90649735012733157, 0.90718562874251496, 0.90773625163466176, 0.90763300984238415, 0.90687590336568247, 0.90660059191960907, 0.90691031729644156, 0.90704797301947826, 0.90732328446555166, 0.90697914515795997, 0.90629086654277646, 0.90732328446555166, 0.90728887053479246, 0.90770183770390256, 0.90739211232706996, 0.90680707550416406, 0.90797714914997596, 0.90722004267327416, 0.90684148943492326, 0.90735769839631086, 0.90770183770390256, 0.90715121481175576, 0.90790832128845755, 0.90718562874251496, 0.90687590336568247, 0.90790832128845755, 0.90780507949618006, 0.90783949342693926, 0.90797714914997596, 0.90746094018858836, 0.90752976805010666, 0.90839011631908595, 0.90780507949618006, 0.90825246059604925, 0.90704797301947826, 0.90859659990364094, 0.90756418198086586, 0.90804597701149425, 0.90708238695023746, 0.90749535411934756, 0.90770183770390256, 0.90763300984238415, 0.90756418198086586, 0.90766742377314336, 0.90818363273453095, 0.90787390735769835, 0.90749535411934756, 0.90722004267327416, 0.90814921880377175], "loss": [0.32798661750792774, 0.23995958527199981, 0.2316955894906651, 0.22699708386079287, 0.22420925384001358, 0.22237227947418289, 0.22106072949616717, 0.22017261920211828, 0.21984937874566574, 0.21917410115901451, 0.21869463073748036, 0.21807100061860282, 0.21784544690968582, 0.21795011337323525, 0.21732394468205679, 0.21719031548810208, 0.21682239380827362, 0.21695805605972976, 0.21617647784875735, 0.21618217168511358, 0.21611207485059492, 0.21613794909397219, 0.2160276055343178, 0.21590688480455608, 0.21558389672068834, 0.21534987620127832, 0.21525446086264549, 0.21516738975890712, 0.21512916640049248, 0.21509289108724441, 0.21482569358945999, 0.21481957153317621, 0.21483790544643397, 0.21478797311190317, 0.21459892847121348, 0.21415825979708814, 0.21456013757646261, 0.21437828556309302, 0.21415052995324507, 0.21404515032766935, 0.21370827374184104, 0.21372286413039021, 0.21377754111471581, 0.2138646547148943, 0.21362541236075164, 0.21377152416908413, 0.21386318140129823, 0.2136763205568416, 0.21364844689243503, 0.21344552174291573, 0.2134902449021209, 0.21332131961003017, 0.21333352590970897, 0.21322144167258658, 0.21308560825572043, 0.21301574444145599, 0.21317758289377264, 0.21318493975366545, 0.2128819744005544, 0.21282078776782698, 0.2129491951355825, 0.21293634531117084, 0.21302364793058617, 0.2128596762707396, 0.21255067213278214, 0.21244735306378726, 0.21274692623053812, 0.21287966190679444, 0.21251595760993386, 0.21265388068876573, 0.21253993741486429, 0.21244935345211577, 0.21239854794046131, 0.21243895577972308, 0.21232967191692514, 0.21248744978810533, 0.21224874019143583, 0.21246042362619999, 0.21230999246763751, 0.21224870016302622, 0.21255558743120118, 0.21231305998382027, 0.21244459056552306, 0.21220927289730365, 0.21237682286998394, 0.21236450141014387, 0.21221223679366594, 0.21215863368640672, 0.21252213182746513, 0.21197660802017407, 0.21218856086717172, 0.21201826366696241, 0.21203790003339851, 0.21194410860656013, 0.21212937817035929, 0.21189540406983015, 0.21190439643805875, 0.211782516295103, 0.21184758739737602, 0.21184235537599422, 0.21165880144606633, 0.21172145570872761, 0.21176456044099148, 0.21192980659754468, 0.21168113702098676, 0.21159721030360432, 0.21165502312707837, 0.21186834670262514, 0.21142068866675456, 0.21155593391171718, 0.21143979605824992, 0.21170177922843533, 0.21159726943057688, 0.21149748195775797, 0.21158074112980174, 0.21170343175229234, 0.21163781541543564, 0.2114015312772943], "val_acc": [0.886548983271774, 0.89934964392642258, 0.89996903073348367, 0.90193042228917686, 0.90203365342368702, 0.90296273363427848, 0.90471766292095135, 0.90378858271035989, 0.90378858271035989, 0.90337565817231913, 0.90368535157584962, 0.90626612993860389, 0.90595643653507341, 0.90440796951742086, 0.90451120065193102, 0.90616289880409373, 0.90285950249976832, 0.90471766292095135, 0.90306596476878864, 0.90554351199703265, 0.90420150724840054, 0.9043047383829107, 0.90533704972801232, 0.90523381859350216, 0.90605966766958357, 0.90585320540056324, 0.90409827611389038, 0.90523381859350216, 0.90605966766958357, 0.90667905447664454, 0.90451120065193102, 0.90523381859350216, 0.90482089405546151, 0.90461443178644119, 0.90667905447664454, 0.90492412518997167, 0.90564674313154292, 0.90523381859350216, 0.90657582334213438, 0.90533704972801232, 0.90636936107311405, 0.90492412518997167, 0.9043047383829107, 0.90482089405546151, 0.90647259220762422, 0.90451120065193102, 0.90647259220762422, 0.90688551674566487, 0.905130587458992, 0.90667905447664454, 0.90667905447664454, 0.90585320540056324, 0.90729844128370551, 0.90709197901468519, 0.90667905447664454, 0.90750490355272584, 0.90719521014919535, 0.90554351199703265, 0.90667905447664454, 0.90729844128370551, 0.90719521014919535, 0.90544028086252248, 0.90760813468723611, 0.90719521014919535, 0.90636936107311405, 0.90667905447664454, 0.90595643653507341, 0.90585320540056324, 0.90698874788017503, 0.90719521014919535, 0.90698874788017503, 0.90698874788017503, 0.90626612993860389, 0.90636936107311405, 0.90564674313154292, 0.90585320540056324, 0.90667905447664454, 0.90616289880409373, 0.90409827611389038, 0.90657582334213438, 0.90605966766958357, 0.90781459695625644, 0.90802105922527676, 0.90389181384487005, 0.90760813468723611, 0.90760813468723611, 0.90750490355272584, 0.90647259220762422, 0.90667905447664454, 0.90709197901468519, 0.90616289880409373, 0.90812429035978692, 0.90616289880409373, 0.90533704972801232, 0.90605966766958357, 0.90636936107311405, 0.90771136582174627, 0.90554351199703265, 0.90740167241821568, 0.90626612993860389, 0.90554351199703265, 0.90595643653507341, 0.9067822856111547, 0.90740167241821568, 0.90729844128370551, 0.90595643653507341, 0.90605966766958357, 0.90605966766958357, 0.90698874788017503, 0.90554351199703265, 0.90781459695625644, 0.90698874788017503, 0.90719521014919535, 0.90647259220762422, 0.90709197901468519, 0.90688551674566487, 0.9067822856111547, 0.90626612993860389],