{"low_val_loss": 0.21225306307111497, "params": {"verbose": 1, "nb_epoch": 1000, "batch_size": 32, "metrics": ["loss", "acc", "val_loss", "val_acc"], "nb_sample": 29058, "do_validation": true}, "results": {"acc": [0.85687246197260647, 0.89810035102209373, 0.9021267809209168, 0.90381306352811619, 0.9032280267052103, 0.90429485855874459, 0.90388189138963448, 0.90543051827379728, 0.90522403468924217, 0.90598114116594397, 0.90570582971987057, 0.90494872324316888, 0.90570582971987057, 0.90560258792759307, 0.90625645261201737, 0.90536169041227887, 0.90574024365062977, 0.90604996902746227, 0.90622203868125817, 0.90622203868125817, 0.90618762475049897, 0.90594672723518477, 0.90615321081973987, 0.90666941978112736, 0.90632528047353567, 0.90560258792759307, 0.90629086654277646, 0.90598114116594397, 0.90663500585036827, 0.90625645261201737, 0.90666941978112736, 0.90536169041227887, 0.90639410833505407, 0.90684148943492326, 0.90670383371188656, 0.90611879688898067, 0.90567141578911148, 0.90649735012733157, 0.90639410833505407, 0.90642852226581316, 0.90728887053479246, 0.90687590336568247, 0.90701355908871917, 0.90691031729644156, 0.90718562874251496, 0.90728887053479246, 0.90666941978112736, 0.90725445660403337, 0.90749535411934756, 0.90670383371188656, 0.90746094018858836, 0.90646293619657237, 0.90704797301947826, 0.90687590336568247, 0.90711680088099667, 0.90677266157340486, 0.90680707550416406, 0.90604996902746227, 0.90670383371188656, 0.90642852226581316, 0.90670383371188656, 0.90666941978112736, 0.90697914515795997, 0.90646293619657237, 0.90656617798884986, 0.90711680088099667, 0.90708238695023746, 0.90646293619657237, 0.90697914515795997, 0.90629086654277646, 0.90752976805010666, 0.90680707550416406, 0.90704797301947826, 0.90756418198086586, 0.90622203868125817, 0.90697914515795997, 0.90715121481175576, 0.90677266157340486, 0.90697914515795997, 0.90691031729644156, 0.90749535411934756, 0.90701355908871917, 0.90680707550416406, 0.90722004267327416, 0.90701355908871917, 0.90608438295822147, 0.90735769839631086, 0.90691031729644156, 0.90708238695023746, 0.90653176405809066, 0.90770183770390256, 0.90666941978112736], "loss": [0.31078696754496127, 0.23849128810789491, 0.23127845650270637, 0.22698071888435223, 0.22434925098939501, 0.2225752329147728, 0.22102042965365831, 0.22029565789574182, 0.21927117752687544, 0.21887920855638929, 0.21842456185790643, 0.21788318876067589, 0.21784983398322927, 0.21747880206932524, 0.21713655594969922, 0.21719317729256996, 0.21692109048690641, 0.21669818888529849, 0.21677658509523839, 0.21629035268775681, 0.2164205302185559, 0.21608040920461363, 0.21586664637916214, 0.21578967851829967, 0.2153664570061008, 0.21518491918381497, 0.21546898209242132, 0.21550238811623074, 0.21490308638541333, 0.21487390318017136, 0.21472253858165194, 0.21480095434093666, 0.21483750721395234, 0.21440110212388472, 0.21462429322697715, 0.2148141560072096, 0.21456947902304876, 0.2144286910284656, 0.2144971583691116, 0.21446399888981338, 0.2141938958224672, 0.21395106509536088, 0.21428450119598774, 0.21445270321129423, 0.21422603915959149, 0.21420317065408925, 0.21409607730217811, 0.21427902800413337, 0.21436692161330556, 0.21413631574927824, 0.21403868323335842, 0.21389148254438509, 0.21437816132014886, 0.2140754485923726, 0.21389049269457433, 0.21445345688208459, 0.21380566646117979, 0.21397828496005433, 0.21413317792155032, 0.21386080705989741, 0.21432058209069654, 0.21376857935040788, 0.213700861823855, 0.21381924642454167, 0.21374197691597976, 0.21383113207951804, 0.21396759502557397, 0.21399034949562998, 0.21394926824136645, 0.21364144575071561, 0.21391240121476607, 0.21359935747271716, 0.21349468676892452, 0.21340076664695501, 0.2136341432873943, 0.21326765193699379, 0.21359015357856193, 0.21383962042973811, 0.21345769199273798, 0.21357696165665763, 0.21371545320314833, 0.21312701686938818, 0.21341370818426902, 0.21348315963102507, 0.21376837341357052, 0.21331089021203048, 0.21328887846573424, 0.21358330429658745, 0.21310722345564614, 0.21341556686439045, 0.21357935911877918, 0.21378513333622987], "val_acc": [0.89356870039385317, 0.89666563445377045, 0.90079487980956496, 0.90193042228917686, 0.90172396002015642, 0.90399504497938021, 0.90244657796172767, 0.90347888930682929, 0.9043047383829107, 0.90471766292095135, 0.9043047383829107, 0.90193042228917686, 0.90533704972801232, 0.90327242703780897, 0.90368535157584962, 0.90254980909623783, 0.90234334682721751, 0.90626612993860389, 0.90389181384487005, 0.90389181384487005, 0.90451120065193102, 0.90647259220762422, 0.905130587458992, 0.90564674313154292, 0.90502735632448184, 0.90502735632448184, 0.90647259220762422, 0.90502735632448184, 0.90616289880409373, 0.90409827611389038, 0.90647259220762422, 0.90471766292095135, 0.90605966766958357, 0.905130587458992, 0.905130587458992, 0.90729844128370551, 0.90636936107311405, 0.90368535157584962, 0.90564674313154292, 0.90616289880409373, 0.90420150724840054, 0.90254980909623783, 0.90285950252438052, 0.90616289880409373, 0.90544028086252248, 0.905130587458992, 0.90502735632448184, 0.90636936107311405, 0.90626612993860389, 0.90595643653507341, 0.90585320540056324, 0.90616289880409373, 0.90719521014919535, 0.90647259220762422, 0.90471766292095135, 0.90698874788017503, 0.90533704972801232, 0.90595643653507341, 0.90502735632448184, 0.90605966766958357, 0.90647259220762422, 0.90554351199703265, 0.90667905447664454, 0.90616289880409373, 0.90698874788017503, 0.90719521014919535, 0.90626612993860389, 0.90636936107311405, 0.90595643653507341, 0.90451120065193102, 0.90574997426605308, 0.90688551674566487, 0.90585320540056324, 0.90585320540056324, 0.90626612993860389, 0.90461443178644119, 0.90471766292095135, 0.90812429035978692, 0.90585320540056324, 0.90667905447664454, 0.90636936107311405, 0.90729844128370551, 0.90647259220762422, 0.90554351199703265, 0.90523381859350216, 0.90740167241821568, 0.90605966766958357, 0.90564674313154292, 0.90760813468723611, 0.9067822856111547, 0.9079178280907666, 0.90492412518997167], "val_loss": [0.24155180038553747, 0.23259567307456183, 0.22671393371285503, 0.22489634726615321, 0.22191929738440602, 0.21903745168451802, 0.21911174798511407, 0.21760206345226099, 0.21686727557067126, 0.21710259221318068, 0.21493983633921612, 0.22078518668379812, 0.21571712647968985, 0.21563014734501415, 0.21515899499134344, 0.2179339943907265, 0.21609417681749654, 0.21575886355079438, 0.2138388518013673, 0.2149984235363355, 0.21376820420091633, 0.21373195732244091, 0.2136734583939735, 0.21422167906417092, 0.21459026211516782, 0.21392777738426447, 0.21301525687548697, 0.21569593385657229, 0.21361049128917639, 0.21378295793490992, 0.21407012468375228, 0.21351455321089949, 0.21304786909201251, 0.21525625751165459, 0.21318549237113946, 0.21414787314360734, 0.2137054502656367, 0.21532159168444343, 0.21476537625437933, 0.21401411779490223, 0.21367425730664799, 0.21614670298460578, 0.21721522599117199, 0.21579296693561173, 0.21356141289419786, 0.21446706164642496, 0.21385305679975383, 0.21298147115752192, 0.21371964224415863, 0.21572469240238118, 0.21414368680796658, 0.21402900442257994, 0.21262220611165672, 0.21260061547509335, 0.21342787814482431, 0.21353163411032247, 0.21430971132191609, 0.21291376940296125, 0.2132390813216147, 0.21367113396050058, 0.21280416246352457, 0.21317083008385079, 0.21247969467634756, 0.213640210800672, 0.21316423755294092, 0.21225306307111497, 0.21465656373281036, 0.21265620143036731, 0.21430643374021299, 0.21404070360773522, 0.21324358711464678, 0.21412265802224723, 0.21252388499205704, 0.21312587317438875, 0.2137874342824968, 0.21421882217607471, 0.21319853308228648, 0.21249956565399442, 0.21280418837711612, 0.21346687774632606, 0.2140473289128931, 0.21248566914825504, 0.21426737607540675, 0.21404886533075212, 0.21429121743491944, 0.21308579081670412, 0.21378962662833584, 0.2152492477266956, 0.21353418408095362, 0.21271507046817564, 0.21235063357952272, 0.21360171816168622]}}