{"low_val_loss": 0.1327320296819369, "params": {"verbose": 1, "nb_epoch": 1000, "batch_size": 32, "metrics": ["loss", "acc", "val_loss", "val_acc"], "nb_sample": 94030, "do_validation": true}, "results": {"acc": [0.94356056577687974, 0.94664468786557476, 0.94900563650025749, 0.94987769860682758, 0.95019674572959345, 0.95086674465596088, 0.95105817292860617, 0.9511857917698523, 0.9514197596511752, 0.95161118792382049, 0.95185579071016524, 0.95148356908384213, 0.95188769541635643, 0.95194086994019822, 0.95241944060406258, 0.95188769542649876, 0.95248325002658729, 0.9519834095501436, 0.95211102839646078, 0.95224928214399662, 0.95224928214906768, 0.95212166330401826, 0.95249388493541254, 0.95224928214906768, 0.95269594810166969, 0.95262150377665866, 0.9525151547429207, 0.95257896416037435, 0.95227055195657595, 0.95237690098904604, 0.95241944060913364, 0.95250451983916662, 0.95258959906412843, 0.95220674253405124, 0.95252578964667489, 0.95257896416544552, 0.95275975752546216, 0.95271721791424901, 0.95215356801020956, 0.95241944060406258, 0.95272785281800321, 0.9528235669467191, 0.95274912262044031, 0.95252578964160373, 0.95281293204296502, 0.95282356695179027, 0.95296182070059388, 0.95284483675422738, 0.95288737637431498, 0.95281293204296502, 0.95263213867914498, 0.95280229713921094, 0.95283420185047329, 0.95272785281293204], "loss": [0.1740843626545247, 0.14279737424120856, 0.13931094943164929, 0.13749563757226776, 0.13632758107861598, 0.13553791863567066, 0.13504757292708933, 0.13454052652847914, 0.13413675999060695, 0.13365698085843686, 0.13381725795108257, 0.13345668783032436, 0.13317755452494609, 0.13293285691096632, 0.13275822635601775, 0.13271307260365381, 0.13250676850305648, 0.13258324735960872, 0.13238015468578496, 0.13212369375689942, 0.13218783036034423, 0.13200497889213203, 0.13216014829681463, 0.13192912619772915, 0.13186525472095248, 0.13184509709196929, 0.13187455096251657, 0.13174943554455912, 0.13181657716101006, 0.13156714376939102, 0.13168461498989903, 0.13145740318080282, 0.13151841908178277, 0.13150614632084992, 0.13152825780752478, 0.13143828290866358, 0.1313258427768822, 0.13133131299062092, 0.13136482183347767, 0.13118475427960824, 0.13120204186352039, 0.13139510952616884, 0.13122331253272237, 0.1311438278024607, 0.13114646438932742, 0.13108324113534789, 0.1311446547467037, 0.13103971858519284, 0.13104550178527932, 0.13100636205536426, 0.13101279579380715, 0.13096270930902712, 0.13090560688362546, 0.13104198130504713], "val_acc": [0.94448698315467072, 0.94892164369576315, 0.9495597243491577, 0.95105921388463499, 0.95070826952526799, 0.95077207759060745, 0.95064446145992854, 0.95163348647269019, 0.95214395099540583, 0.95179300663603883, 0.9524629913221031, 0.95297345584481874, 0.95290964777947929, 0.95144206227667172, 0.95290964777947929, 0.95303726391015819, 0.95284583971413983, 0.95310107197549765, 0.95201633486472692, 0.95262251148545174, 0.95294155181214901, 0.95233537519142419, 0.95313297600816749, 0.9528139356814701, 0.95322868810617667, 0.95306916794282792, 0.95294155181214901, 0.95310107197549765, 0.95306916794282792, 0.95345201633486476, 0.95386676875957122, 0.95354772843287394, 0.95377105666156203, 0.95405819295558958, 0.95316488004083721, 0.95389867279224094, 0.95310107197549765, 0.95373915262889231, 0.95412200102092903, 0.95351582440020421, 0.95319678407350694, 0.95322868810617667, 0.95373915262889231, 0.95345201633486476, 0.95345201633486476, 0.95364344053088312, 0.95377105666156203, 0.95287774374680956, 0.95409009698825931, 0.95259060745278201, 0.95335630423685558, 0.95322868810617667, 0.95284583971413983, 0.95342011230219503], "val_loss": [0.14581532888551826, 0.14065947111138827, 0.13895833547045955, 0.13878185540483337, 0.13719492273679978, 0.13613504431514242, 0.13660146495885481, 0.13521932314410082, 0.1341834131289785, 0.13505864434035503, 0.13420658139963579, 0.13395233017037328, 0.13392830633992381, 0.13462914550327992, 0.13370453988949732, 0.13372302603598393, 0.13384888508947088, 0.13382300665871169, 0.13354697998189055, 0.13384038909334137, 0.13372881196519135, 0.13426789630255784, 0.13353401879842272, 0.13393666533607801, 0.13308444878655987, 0.13367250873486169, 0.13346271278577201, 0.1327320296819369, 0.13354365470580995, 0.13405215766921738, 0.1331498512114917, 0.13405546476668001, 0.13376519694114261, 0.13288386926556983, 0.13317013421723919, 0.13326819502520829, 0.13418060256574244, 0.13346069572553335, 0.13274293741275001, 0.13347661245810158, 0.13317337108090435, 0.13306650736251768, 0.13277369322499613, 0.13369866449627388, 0.13323438620064532, 0.1330723037887146, 0.13366515926385394, 0.13355426911042168, 0.13340610419763724, 0.13415432543003664, 0.13311850906536554, 0.1330641800934195, 0.13397957550408343, 0.13401584847458942]}}