{"low_val_loss": 0.12774945410741506, "params": {"verbose": 1, "nb_epoch": 1000, "batch_size": 32, "metrics": ["loss", "acc", "val_loss", "val_acc"], "nb_sample": 94030, "do_validation": true}, "results": {"acc": [0.94384770817824104, 0.94825055833751826, 0.9495799213017122, 0.95028182494948421, 0.95127087099861751, 0.95123896628735505, 0.95177071148013226, 0.95184515580133999, 0.95178134637881529, 0.95168563225009928, 0.95200467935765176, 0.95201531426647701, 0.9519834095501436, 0.95207912368900183, 0.95234499627778368, 0.95204721897266831, 0.95260023396788263, 0.95239817079655431, 0.95244071041283851, 0.9523343613740296, 0.95236626608529196, 0.95229182175901306, 0.95229182176028082, 0.95206848878524764, 0.95257896416037435, 0.952196107625226, 0.95229182176028082, 0.95267467829416141, 0.95216420291396364, 0.95252578964160373, 0.9522386472453136, 0.95273848771668612, 0.95265340849679547, 0.95220674252898008, 0.95248325002658729, 0.95263213867914498, 0.95267467829416141, 0.95269594810674074, 0.95300436031053914, 0.95283420185174106, 0.95308943954564329, 0.95304689992555569, 0.95282356695179027, 0.95304689992555569, 0.9529405508930856, 0.95266404339547839, 0.95269594810166969, 0.95299372540678506, 0.95268531320298666, 0.95275975752926556, 0.95289801128314022, 0.9534616611719664, 0.95322769329951795, 0.95278102734184489, 0.95308943954057213, 0.9531107093480804, 0.95305753482930977, 0.95257896416544552, 0.95307880463681804, 0.95335531213442515, 0.95281293204803608, 0.95291928108050628, 0.95300436031687807, 0.95313197915685643, 0.95305753482930977, 0.95307880463808581, 0.95319578857811338, 0.95302563011804742, 0.95331277251940871, 0.95328086780814636, 0.95369562905455707, 0.95334467723067107, 0.95322769328937573, 0.95304689992555569, 0.95314261406441392, 0.95296182069552271, 0.95333404233198804, 0.95324896310702623, 0.9532276932944469, 0.95322769329951795, 0.95352547059449111, 0.95335531213949631, 0.95308943954057213, 0.95347229608079165, 0.953504200792054, 0.95359991492584106, 0.95340848665319577, 0.95349356588829992, 0.9534616611719664, 0.95342975646070405, 0.95331277251940871, 0.95342975646070405, 0.95332340742316279, 0.95331277252447977, 0.95354674040199938, 0.95303626502687266, 0.95315324896309683, 0.95339785175451275, 0.95387642241837711, 0.95351483569073703, 0.9537488035733277, 0.95325959800063809, 0.95340848665319577, 0.9535254706020978, 0.95365308944461169, 0.95349356589337098, 0.95368499415080299, 0.95345102626821232, 0.95380197808956269, 0.95342975646070405, 0.95356801020950765, 0.95342975646070405, 0.95347229608079165, 0.95363181963330013, 0.95312134425183448, 0.95356801021457871, 0.95375943847708178, 0.95347229607572048, 0.95374880357839875, 0.95345102627328338, 0.95354674040707044, 0.95375943847708178, 0.95365308944461169, 0.95395086674465601, 0.95359991492077001, 0.95330213762072569, 0.95340848665319577, 0.95368499415587404, 0.95377007338590702, 0.95342975646070405, 0.95385515261594001, 0.95345102627328338, 0.95339785175451275, 0.9537168988671364, 0.95344039136445813, 0.95342975646070405, 0.95344039136572589, 0.95378070829473227, 0.95356801021964988, 0.95347229608079165, 0.9534616611719664, 0.95370626396338232, 0.95370626395831115, 0.95358928002208698, 0.95374880357839875, 0.95364245453578644, 0.95361054982959526, 0.95355737530575346, 0.95358928001701582, 0.95327023290946333, 0.95356801020950765, 0.95384451770711476, 0.95365308943954052, 0.95383388280336068, 0.95341912155694986, 0.95416356482480946, 0.95357864512340396, 0.95344039136445813], "loss": [0.17949491280210178, 0.14073147560438806, 0.13641373863031506, 0.13444205518432795, 0.13340675248756037, 0.13276897889469741, 0.13237482497606659, 0.13175610400214166, 0.13139278495104456, 0.13126913430487161, 0.13079289929422497, 0.13058779678211102, 0.13059945860965783, 0.13021544328692947, 0.13022914503300986, 0.12990610004921396, 0.12996133736743898, 0.12990027445173449, 0.12985492564161749, 0.12987780044221578, 0.12979542867278662, 0.12970952011116335, 0.12964365550822099, 0.12968569905148988, 0.129599255013438, 0.12951604635946473, 0.12946276809989701, 0.12943666070322526, 0.12929031443392408, 0.12941239720821937, 0.12944377457399539, 0.12910028364634935, 0.12910130521749849, 0.12920715478823852, 0.12907539209255661, 0.12910749500098981, 0.12915192171646017, 0.12899756160084649, 0.12878861478588802, 0.12900020122879885, 0.12873717573118074, 0.12879259445380939, 0.1287493933926811, 0.12866165163154922, 0.12874820348646721, 0.12862461892915483, 0.12854716876042527, 0.12845904248241957, 0.12851509656454038, 0.12832262437039077, 0.12840653877841227, 0.12823973043883061, 0.12834369217152672, 0.12832324421971222, 0.12826694362424135, 0.128257651221414, 0.12821668154313109, 0.12820254835938694, 0.12810781944812921, 0.12797850637025057, 0.12809986043414398, 0.12802737134151335, 0.12811151592956888, 0.12809262236584809, 0.12794983360037251, 0.12781441829235746, 0.12786186648883172, 0.12769754236538486, 0.12787052403577245, 0.12758333529414528, 0.12778349762989855, 0.12764625580773181, 0.12764323359460517, 0.12757904157955205, 0.12757522552416298, 0.12761893028106752, 0.12740055363818228, 0.12761633931199096, 0.12735900322319432, 0.1274851669402981, 0.1272292292733421, 0.12737849302606533, 0.12740729696066927, 0.12729142263466711, 0.1273856350282247, 0.12718740445362131, 0.12717461956055395, 0.12713999506369381, 0.12724028424955416, 0.12708760744857495, 0.12704601473658628, 0.12700698365955851, 0.12721970509688207, 0.12717848894324288, 0.12711891472390341, 0.1270685045668816, 0.12701955456978004, 0.12696819510689242, 0.12700293068316951, 0.12687024690498447, 0.12698418936247169, 0.12699164590868342, 0.12694596696265084, 0.12687157573667496, 0.12684191393463026, 0.12692156061015078, 0.12690719892051477, 0.12679515586759668, 0.12671760019344003, 0.12689639887764875, 0.12690177591150903, 0.12674794062095715, 0.12683909426600859, 0.12673916530605328, 0.12672213198630769, 0.12678487824433968, 0.12666409062293948, 0.12670442557161848, 0.1266985665060327, 0.12680999463962694, 0.12666692966116905, 0.12669865824840784, 0.12668904074358076, 0.12661231277116522, 0.12655782327856216, 0.12666261007047189, 0.12662948056648199, 0.1264796221974453, 0.1265883146103273, 0.12659340183807538, 0.12660771988147651, 0.12664092930722565, 0.12660663958532334, 0.12665015084447726, 0.12655689695080036, 0.12656232414094232, 0.12654053704936136, 0.12655418325149415, 0.12655209105128648, 0.12664133067760114, 0.1266488446344467, 0.12653212602070313, 0.12650182389565179, 0.1264068444054342, 0.12632277594146532, 0.12660938281992593, 0.12655321476159168, 0.12646085178961111, 0.1265253578332603, 0.1266197906708218, 0.12651155128831201, 0.1263686990334682, 0.12650222008271153, 0.12636245173950544, 0.12648022955961585, 0.12645557683971884, 0.1265037668482821, 0.12647430428233358],