{"low_val_loss": 0.2119150439553602, "params": {"verbose": 1, "nb_epoch": 1000, "batch_size": 32, "metrics": ["loss", "acc", "val_loss", "val_acc"], "nb_sample": 29058, "do_validation": true}, "results": {"acc": [0.84771835639066695, 0.89465895794617656, 0.90078463762130911, 0.9028494734668594, 0.9027462316745819, 0.90370982173583869, 0.90419161676646709, 0.90553376006607478, 0.90611879688898067, 0.90666941978112736, 0.90618762475049897, 0.90715121481175576, 0.90639410833505407, 0.90663500585036827, 0.90574024365062977, 0.90680707550416406, 0.90711680088099667, 0.90804597701149425, 0.90622203868125817, 0.90673824764264577, 0.90711680088099667, 0.90770183770390256, 0.90653176405809066, 0.90746094018858836, 0.90684148943492326, 0.90759859591162506, 0.90694473122720076, 0.90701355908871917, 0.90735769839631086, 0.90704797301947826, 0.90845894418060436, 0.90814921880377175, 0.90746094018858836, 0.90670383371188656, 0.90725445660403337, 0.90794273521921676, 0.90804597701149425, 0.90794273521921676, 0.90859659990364094, 0.90790832128845755, 0.90808039094225346, 0.90766742377314336, 0.90739211232706996, 0.90811480487301255, 0.90808039094225346, 0.90777066556542085, 0.90718562874251496, 0.90697914515795997, 0.90728887053479246, 0.90718562874251496, 0.90752976805010666, 0.90763300984238415, 0.90876866955743685, 0.90728887053479246, 0.90801156308073505, 0.90718562874251496, 0.90825246059604925, 0.90794273521921676, 0.90797714914997596, 0.90787390735769835, 0.90804597701149425, 0.90869984169591855, 0.90835570238832675, 0.90859659990364094, 0.90783949342693926, 0.90804597701149425, 0.90804597701149425, 0.90787390735769835, 0.90752976805010666, 0.90852777204212265, 0.90777066556542085, 0.90783949342693926, 0.90804597701149425, 0.90804597701149425, 0.90787390735769835, 0.90942253424186115, 0.90790832128845755, 0.90832128845756765, 0.90856218597288185, 0.90832128845756765, 0.90808039094225346, 0.90770183770390256, 0.90845894418060436, 0.90728887053479246, 0.90818363273453095, 0.90732328446555166, 0.90808039094225346, 0.90914722279578775, 0.90863101383440015, 0.90839011631908595, 0.90842453024984515, 0.90880308348819605, 0.90839011631908595, 0.90894073921123275, 0.90766742377314336, 0.90759859591162506, 0.90842453024984515, 0.90794273521921676, 0.90756418198086586, 0.90783949342693926, 0.90839011631908595, 0.90783949342693926, 0.90773625163466176, 0.90907839493426934, 0.90828687452680845, 0.90804597701149425, 0.90797714914997596, 0.90783949342693926, 0.90797714914997596, 0.90759859591162506, 0.90818363273453095, 0.90825246059604925, 0.90780507949618006, 0.90856218597288185, 0.90811480487301255, 0.90852777204212265, 0.90787390735769835, 0.90918163672654695, 0.90876866955743685, 0.90876866955743685, 0.90894073921123275, 0.90873425562667764, 0.90832128845756765, 0.90883749741895514, 0.90887191134971435, 0.90828687452680845, 0.90845894418060436, 0.90887191134971435, 0.90852777204212265, 0.90900956707275105, 0.90873425562667764, 0.90825246059604925, 0.90873425562667764, 0.90852777204212265, 0.90876866955743685], "loss": [0.34196499487277082, 0.23363545151466233, 0.22428840906131778, 0.22155784716321594, 0.21974820291005667, 0.21849452771933084, 0.2180422063712055, 0.21702970023148321, 0.21624763986143605, 0.21580295334667865, 0.21534972258142168, 0.21518270135051096, 0.21468058602431989, 0.2144175013107413, 0.21413643985640052, 0.21410106033983164, 0.21355088873882322, 0.21331985465173539, 0.21325870014658399, 0.21296269245026764, 0.21291859286870421, 0.21258460033812657, 0.21236643238620734, 0.21239279549027656, 0.21254140467233162, 0.21196906289519196, 0.21197200607093303, 0.21189075061123619, 0.21157720961818693, 0.21169440294749575, 0.21200989392527786, 0.21141589091630097, 0.21136333051023079, 0.21146811324894332, 0.21145114507053095, 0.21132936396314475, 0.21120830823887968, 0.2112473136597256, 0.21096649501975007, 0.21096345619925105, 0.21113992608943016, 0.21112906073878199, 0.21104054859511759, 0.21067933288089211, 0.21103354555652315, 0.21090817446348975, 0.21074129366498909, 0.21066594289704724, 0.21061479087804386, 0.21086317046956782, 0.21080191283561717, 0.21067739480072964, 0.21049596674245968, 0.21042188255429348, 0.21071356135891067, 0.21062584505150755, 0.21043568739976629, 0.21033086262500264, 0.21055712005917962, 0.21064925741259941, 0.21030527477898972, 0.21019645176128696, 0.20980082986540094, 0.21027424979935214, 0.2099763964304206, 0.21050322384833961, 0.21023097773081209, 0.21032095171208104, 0.21002554151361, 0.2098424951303913, 0.21007266133964436, 0.20981380833886315, 0.20982530767336396, 0.20984673748200586, 0.20966615276643863, 0.20971567865950289, 0.20997329112364113, 0.20976244077990017, 0.20988985308022859, 0.20990232649711885, 0.20982638432302841, 0.2094691411923276, 0.20951120575220861, 0.20918132644024889, 0.20963878134455666, 0.20958897523723069, 0.2093616205791505, 0.20939782322526401, 0.20959146592204009, 0.20950264217905323, 0.2094182700186176, 0.20934162975707316, 0.2092822642735824, 0.2090328483526552, 0.20925339668736881, 0.20921466270598471, 0.20942088691659375, 0.20933329175048254, 0.20901784399716697, 0.20923878614420169, 0.2092751196635402, 0.20943851464289101, 0.2091000097673878, 0.20919043778841387, 0.20915506966450528, 0.20897177537694606, 0.2088278932031212, 0.20915044313015754, 0.20922857985311746, 0.2088844455689883, 0.20873600775995818, 0.20888449443134097, 0.20889237392659143, 0.20875766571008361, 0.20895831981799859, 0.20879041608666257, 0.20910620610829977, 0.20876686295620203, 0.20894524962185862, 0.20848411942137127, 0.20885506477644114, 0.20835705595118548, 0.20871791073711307, 0.20865998993270299, 0.20882309368537261, 0.20887828765720204, 0.20874770737784976, 0.2087344422703625, 0.20883973198181641, 0.20862833543575035, 0.20867945511520392, 0.20865744658576535, 0.20865097571587693, 0.20854336282606176, 0.20818297567973676],