{"low_val_loss": 0.13220911867148327, "params": {"verbose": 1, "nb_epoch": 1000, "batch_size": 32, "metrics": ["loss", "acc", "val_loss", "val_acc"], "nb_sample": 94030, "do_validation": true}, "results": {"acc": [0.94365627991573797, 0.94771881314981221, 0.94884611294774901, 0.95002658726445643, 0.95038817398702546, 0.95094118898223967, 0.95083483994469853, 0.95102626821227265, 0.95130277571495092, 0.95157928320748697, 0.9515580133999787, 0.95170690205760755, 0.9514622992712628, 0.9516749973425418, 0.95191960012761889, 0.95189833032644955, 0.95188769541635643, 0.95193023503137297, 0.9520259491702312, 0.95204721897266831, 0.95205785388149355, 0.95166436244259101, 0.95197277464638941, 0.95205785387642239, 0.95201531427154817, 0.95194086994019822, 0.95205785388149355, 0.95193023503644403, 0.95232372648041763, 0.95206848878144434, 0.95231309156652133, 0.95230245666403501, 0.95221737743780532, 0.9522173774352698, 0.95219610763029716, 0.95250451983536333, 0.9528767414705609, 0.95244071041157075, 0.95197277465146057, 0.95249388493034137, 0.95221737743780532, 0.95253642455550014, 0.9523343613740296, 0.95274912262551137, 0.95252578964160373, 0.95260023397422144, 0.95260023397295368, 0.95262150378046195, 0.95255769435793725, 0.95277039243809081, 0.95286610656173565, 0.9527597575241944, 0.95306816974320618, 0.95296182069679047, 0.9530362650218015, 0.95278102733677372, 0.95267467829416141, 0.95252578964160373, 0.95278102733170267, 0.95310007444432632, 0.95274912262551137, 0.9528661065668067, 0.95284483675422738, 0.95289801127806906, 0.95289801127806906, 0.95273848771668612, 0.9527597575241944, 0.95299372540678506, 0.95290864617675208, 0.95245134531532494, 0.95296182070059388, 0.95283420185047329, 0.95268531320298666, 0.95262150377539079, 0.95296182069552271, 0.95295118579810745, 0.95312134425690564, 0.95289801127806906, 0.95315324896309683, 0.95301499521429334, 0.95284483675422738, 0.95302563012311858, 0.95300436031053914, 0.95292991598552812, 0.95261086887163671, 0.95267467829542918, 0.95257896416037435, 0.95291928108557733, 0.95294055088801444, 0.95319578857811338, 0.95284483675422738, 0.95282356695179027, 0.95280229714935316, 0.95298309050810204, 0.95280229714935316, 0.95271721790917796, 0.95267467829416141, 0.95277039242794848, 0.95283420185047329, 0.95245134532039599, 0.95316388386685102, 0.95297245560941901, 0.95265340849679547, 0.95324896310195506, 0.95290864617675208, 0.95270658301556599, 0.95277039243301964, 0.95287674146548973, 0.95281293204296502, 0.95246198021907902, 0.95272785281293204, 0.95282356695179027], "loss": [0.17177001286551988, 0.14145114498022171, 0.13860557065195295, 0.13712422667976695, 0.13602291074259845, 0.13550799053602494, 0.13496524765738893, 0.13470504103452491, 0.13437376068676202, 0.13423800321493354, 0.13422276641978212, 0.13388655915338157, 0.13371599861488537, 0.1336958550837469, 0.1334828508822706, 0.13332936116879029, 0.13325806010675348, 0.13309529615084972, 0.1330918140006575, 0.13315433940552965, 0.13309097005612772, 0.1329335265236371, 0.13289344622527241, 0.13274580831890548, 0.13276228808119336, 0.13266381015615819, 0.13260610185030305, 0.13239333281856286, 0.13235053648615749, 0.13239558447197144, 0.13235968625648192, 0.13212399804758845, 0.13215661044959046, 0.13202470327918356, 0.13188477331851881, 0.13191927407718548, 0.13186684536161186, 0.13183750890826881, 0.13166626635861628, 0.13166145276708907, 0.13165364114576156, 0.13147115993883893, 0.13150578623713427, 0.1314502742009557, 0.13149873476265897, 0.13131478341173697, 0.13134220867261956, 0.13130608292101015, 0.13124695976852013, 0.13125067507790894, 0.13127742596941275, 0.13127347667653308, 0.1312722299623956, 0.13128924829033375, 0.13110883981876903, 0.13117702803807754, 0.13105344807266187, 0.13106480605067714, 0.13108328315478418, 0.13108524781668929, 0.13114801065713613, 0.13111536514153066, 0.13103025255725381, 0.13109712389464279, 0.13093082175303758, 0.13103411990737554, 0.13111087582164732, 0.1311153591067426, 0.1309831328094592, 0.13103254626274399, 0.13103429641949804, 0.13077881095548025, 0.13093072051119198, 0.1309919820586779, 0.13095641617359036, 0.13097020652678804, 0.13093635969962969, 0.1309305511163826, 0.13095875890184866, 0.13074725978849011, 0.13092933756919439, 0.13087920208541709, 0.13085913939256308, 0.13081653744796864, 0.13087486717883645, 0.13084701791629125, 0.13079946367267178, 0.13081998374425235, 0.13078174340474005, 0.13063186480240099, 0.1307975455482317, 0.13073074773411972, 0.1307776429209952, 0.13078027849157833, 0.13083252950331689, 0.13074925770244419, 0.13064578408974606, 0.13058062082398803, 0.13071064061352411, 0.13074557645725568, 0.13066381663311835, 0.13068330702069311, 0.13066389682818305, 0.13069718741256861, 0.13071686841217073, 0.13065429345085483, 0.13064651654893181, 0.13064751057484156, 0.13068604441011991, 0.13076510880687992, 0.13059249143311791, 0.13074059059448626], "val_acc": [0.94448698315467072, 0.94997447677386426, 0.95096350178662581, 0.95070826952526799, 0.95134635017866254, 0.95160158244002047, 0.95223966309341501, 0.95042113323124044, 0.95233537519142419, 0.95284583971413983, 0.95236727922409392, 0.95252679938744256, 0.95153777437468101, 0.95227156712608474, 0.95192062276671774, 0.95265441551812147, 0.95322868810617667, 0.95287774374680956, 0.95300535987748847, 0.95294155181214901, 0.95287774374680956, 0.95297345584481874, 0.95160158244002047, 0.9532605921388464, 0.95364344053088312, 0.95096350178662581, 0.95208014293006638, 0.95332440020418585, 0.95342011230219503, 0.9528139356814701, 0.9532605921388464, 0.95319678407350694, 0.95192062276671774, 0.95275012761613065, 0.95275012761613065, 0.95290964777947929, 0.9539624808575804, 0.95265441551812147, 0.95287774374680956, 0.95370724859622258, 0.95249489535477283, 0.95348392036753449, 0.95303726391015819, 0.95287774374680956, 0.95316488004083721, 0.9539624808575804, 0.95383486472690149, 0.95290964777947929, 0.95287774374680956, 0.95239918325676365, 0.95316488004083721, 0.95297345584481874, 0.95354772843287394, 0.95335630423685558, 0.95351582440020421, 0.95310107197549765, 0.95306916794282792, 0.9536115364982134, 0.95243108728943338, 0.95313297600816749, 0.9524629913221031, 0.95310107197549765, 0.95294155181214901, 0.95300535987748847, 0.95345201633486476, 0.95354772843287394, 0.95329249617151612, 0.95255870342011228, 0.95214395099540583, 0.95354772843287394, 0.95342011230219503, 0.9532605921388464, 0.95335630423685558, 0.95357963246554367, 0.95303726391015819, 0.95412200102092903, 0.95354772843287394, 0.9532605921388464, 0.95393057682491067, 0.95316488004083721, 0.95373915262889231, 0.95345201633486476, 0.95303726391015819, 0.95345201633486476, 0.95389867279224094, 0.95284583971413983, 0.95303726391015819, 0.95217585502807556, 0.95389867279224094, 0.95294155181214901, 0.95380296069423176, 0.95303726391015819, 0.9536115364982134, 0.95338820826952531, 0.95351582440020421, 0.9532605921388464, 0.9532605921388464, 0.95195252679938747, 0.95348392036753449, 0.95294155181214901, 0.95329249617151612, 0.95373915262889231, 0.95342011230219503, 0.95303726391015819, 0.95364344053088312, 0.95364344053088312, 0.95370724859622258, 0.95367534456355285, 0.95303726391015819, 0.95370724859622258, 0.95262251148545174, 0.95345201633486476],