{"low_val_loss": 0.13236690211457339, "params": {"verbose": 1, "nb_epoch": 1000, "batch_size": 32, "metrics": ["loss", "acc", "val_loss", "val_acc"], "nb_sample": 94030, "do_validation": true}, "results": {"acc": [0.94337977241813076, 0.94525151547885611, 0.94825055833244709, 0.94926087418908855, 0.9497926193767946, 0.95017547591701412, 0.95036690418458825, 0.95045198341081794, 0.95098372859725622, 0.95109007764113629, 0.95100499840983554, 0.95139848984366693, 0.95144102945868336, 0.95178134637881529, 0.95210039349143893, 0.95207912368393066, 0.9516962671487823, 0.95213229820270129, 0.95196213974770649, 0.95197277465146057, 0.95203658407018199, 0.95201531426140595, 0.95201531426647701, 0.9523343613740296, 0.95213229820270129, 0.95228118686033003, 0.95205785387642239, 0.95222801233648835, 0.95201531426647701, 0.95234499628285485, 0.9521642029190347, 0.95206848878017658, 0.95238753589280012, 0.95240880570030839, 0.95211102839519302, 0.9521642029190347, 0.95248325002658729, 0.95267467829923258, 0.95241944060406258, 0.95221737743780532, 0.95227055195150478, 0.95214293310772313, 0.95249388493541254, 0.95256832925662027, 0.95263213868041274, 0.95213229820904022, 0.95231309157159238, 0.95224928214906768, 0.95238753589787128, 0.9522386472453136, 0.9525151547429207, 0.95279166224052791, 0.95256832926169133, 0.95249388494048359, 0.95262150378046195, 0.95324896309688401, 0.95270658300542377, 0.95256832925662027, 0.95278102733170267, 0.95253642454535792, 0.95274912263058253, 0.95245134531532494, 0.95237690098904604, 0.95245134532039599, 0.95244071041664191, 0.95277039243301964, 0.95254705945418305, 0.95261086887670787, 0.95245134532039599, 0.95272785281293204, 0.952547059449112, 0.95261086887163671, 0.9528235669467191, 0.95283420185554435, 0.95269594810166969, 0.95266404339040733, 0.95278102733677372, 0.95255769435286608, 0.95256832926169133, 0.95273848772175729, 0.95272785281293204, 0.95292991598426036, 0.95274912262044031, 0.9528661065668067, 0.9524726151228331, 0.95279166223545675, 0.95267467829923258, 0.95267467829416141, 0.95249388493541254, 0.95284483675929854, 0.95278102734184489, 0.95271721791424901, 0.95287674146548973, 0.95277039243301964, 0.95266404339547839, 0.95271721791424901, 0.952898011272998, 0.95280229713921094, 0.95291928108557733, 0.95256832925662027, 0.95295118579176863, 0.95272785281800321, 0.95278102733170267, 0.95284483675929854, 0.95278102733170267, 0.95270658301049493, 0.95303626502306937, 0.95267467829923258, 0.95254705945418305, 0.952898011272998, 0.95287674146548973, 0.95296182070059388, 0.95302563011804742, 0.95292991598933141, 0.95288737636924381, 0.95265340848665314, 0.95269594811181191, 0.95274912263058253, 0.95272785281800321, 0.95295118579176863, 0.95291928108557733, 0.95290864617675208, 0.95287674146548973, 0.952898011272998, 0.95325959800063809, 0.95267467829923258, 0.95296182070059388, 0.95264277358797023, 0.95323832819312981, 0.95302563011804742, 0.95297245560434796, 0.95325959800063809, 0.95325959800063809, 0.95291928108557733, 0.9529405508930856, 0.95294055088801444, 0.95241944060406258, 0.95294055088801444, 0.95296182070059388, 0.95266404339040733, 0.95287674146548973, 0.95283420185047329, 0.95308943954183989, 0.95300436031561031, 0.95268531319791561], "loss": [0.18402498899071087, 0.14447756884808771, 0.14080210448236088, 0.13894136767106641, 0.13765975093625712, 0.13682825070587254, 0.13620218814867779, 0.13575467372256289, 0.13533481530465624, 0.13483943665558817, 0.13447025501432031, 0.13426761630073539, 0.13410278782573365, 0.13374179601455374, 0.13340254125665582, 0.13347479993455474, 0.13335531103326376, 0.13324653311381693, 0.13302265677609418, 0.13304994182716046, 0.13300000844763199, 0.13285010979490738, 0.13279497376638663, 0.13270704686438847, 0.13262988396538047, 0.1326285987106724, 0.1325240772392228, 0.13253556269033911, 0.13253520459640308, 0.13252180832983218, 0.13249266779522281, 0.13237206488847733, 0.13240124492796193, 0.13238017526509202, 0.13231918407566659, 0.13220159455343064, 0.13210238999576501, 0.13213603712454333, 0.1320044375654961, 0.13206722968077009, 0.13208479192708131, 0.13211533652205903, 0.13193594334205516, 0.13200374898359798, 0.13198762677279505, 0.13205489113659069, 0.13205886235706074, 0.13186874547582048, 0.13184808274000284, 0.13186396345722792, 0.1317980139032458, 0.13170319458838792, 0.13178138074504814, 0.13148249400244563, 0.13173012738879231, 0.13148796187863696, 0.13171179922438042, 0.13165714859013214, 0.13168818406890639, 0.13167374223255957, 0.13153781571055959, 0.13157105033881078, 0.13154240482321675, 0.13147161156462062, 0.13153928315482291, 0.13146491535629959, 0.13143795308779113, 0.13142994059839871, 0.13146128616668462, 0.13146310958333451, 0.13128847554522166, 0.13142046670460211, 0.13131236219427048, 0.13136069052310417, 0.13142576427754096, 0.13135085921751607, 0.13129343076388303, 0.13132319545675805, 0.13129414175005652, 0.13120486348943483, 0.1311797577472972, 0.13112925085823776, 0.13126211507283733, 0.13119914396736806, 0.13114801530921275, 0.13114809507539169, 0.13120817756774539, 0.13124524084549058, 0.13108954909330389, 0.13117993702777431, 0.13109488075659095, 0.13103526880306779, 0.13117500396722126, 0.130960178812628, 0.13104128801945003, 0.13113873571880089, 0.13106352323061049, 0.13109244083589308, 0.13110019017138103, 0.13103553193079462, 0.13109525580556991, 0.13093336699355171, 0.13099733003740333, 0.13094430239063926, 0.1310964534116415, 0.13096162285653756, 0.13101672041033299, 0.13097296242896234, 0.13095376175742801, 0.13095607971803255, 0.13103673507463523, 0.13100195498456604, 0.130896796270972, 0.13103213231734465, 0.13098974458324164, 0.13091063342975021, 0.13093432142964503, 0.13079060923605665, 0.13098158226436116, 0.13097644923459872, 0.13080738164681799, 0.13092283863420448, 0.13089892498274872, 0.13091302580214695, 0.13080514540055321, 0.13095855905434609, 0.13092094113487493, 0.13097219426499065, 0.13076373015910842, 0.13087584111274184, 0.13080054472798708, 0.13082144211198829, 0.13084431468060165, 0.13084626544045475, 0.13080954231059541, 0.13086761290576548, 0.13090822343696409, 0.13081613993607949, 0.13084630111845885, 0.13085030203364853, 0.13086156800593718, 0.13071398260278877, 0.13071339239494023, 0.13082955423015541, 0.13063508832735496],