{"low_val_loss": 0.13045998896230174, "params": {"verbose": 1, "nb_epoch": 1000, "batch_size": 32, "metrics": ["loss", "acc", "val_loss", "val_acc"], "nb_sample": 94030, "do_validation": true}, "results": {"acc": [0.94359247049321315, 0.9462405615279893, 0.94851643092630011, 0.94960119111429153, 0.94987769860682758, 0.94989896841433585, 0.95039880889585071, 0.9505051579283208, 0.95078166542719567, 0.95105817292353501, 0.95059023716342483, 0.95045198340955017, 0.95051579283714593, 0.95102626821480829, 0.95091991917473151, 0.95118579176858453, 0.95082420504094434, 0.95087737956478613, 0.95143039455492928, 0.95127087099861751, 0.95145166436243755, 0.95104753801978092, 0.95124960119110924, 0.95149420397745399, 0.95097309369857319, 0.95152610869378751, 0.95096245878974794, 0.95141975965624626, 0.95132404552245919, 0.95137722004122982, 0.95133468042114222, 0.95132404551738803, 0.95169626715385347, 0.95131341061363395, 0.95111134744230563, 0.9516218228225034, 0.95148356907877096, 0.95134531532996747, 0.9514622992674594, 0.95150483888120807, 0.95145166437257978, 0.95169626715385347, 0.95151547378496226, 0.95147293416994572, 0.95196213975277755, 0.95168563224502822, 0.95162182282757457, 0.9513878549449839, 0.9517707114750612, 0.95186642560884827, 0.95144102946375453, 0.95178134638388634, 0.95176007657637818, 0.95177071148520342, 0.95233436137910066, 0.95222801234663057, 0.9523769009941172, 0.95224928214399662, 0.9524726151228331, 0.9521216632989471, 0.95238753589406799, 0.95261086887163671, 0.95240880570157616, 0.9524726151228331, 0.95240880570030839, 0.95228118686033003, 0.95218547272147191, 0.95231309156652133, 0.95240880570537956, 0.95269594810166969, 0.95279166224052791, 0.95214293310645537, 0.95236626608529196, 0.95214293310645537, 0.95251515474799187, 0.95253642454535792, 0.95238753589280012, 0.95248325002658729, 0.95231309157159238, 0.95262150377539079, 0.95203658406891423, 0.95266404339547839, 0.95230245666276725, 0.95275975752546216, 0.95261086887670787, 0.952547059449112, 0.95262150378046195, 0.95245134531532494, 0.95238753589787128, 0.95232372648041763, 0.95270658301049493, 0.95273848771668612, 0.9524726151228331, 0.952802297144282, 0.95245134532039599, 0.95283420185554435, 0.95270658301556599, 0.95238753589280012, 0.95250451983916662, 0.95266404339674626, 0.95202594916516003, 0.9525895990691996, 0.95261086887163671, 0.95260023396788263, 0.95289801128314022, 0.95245134532039599, 0.95239817079655431, 0.95240880570030839, 0.9522599170477507, 0.95261086887797564, 0.95241944060913364, 0.95250451984043438, 0.95281293204296502, 0.95294055088801444, 0.9527278528141998, 0.95269594810420521, 0.95232372647027541, 0.95255769435286608, 0.95284483675549514, 0.95263213867914498, 0.952547059449112, 0.95264277358797023, 0.95241944060406258, 0.95275975752926556, 0.95194086994019822, 0.95241944060913364, 0.95239817079782207, 0.95258959906412843, 0.95271721790917796, 0.9525895990691996, 0.95244071041157075, 0.95273848771668612, 0.95271721791424901, 0.9527597575241944, 0.95265340848665314, 0.95273848772175729, 0.95282356695179027, 0.95261086887670787, 0.95277039242794848, 0.95252578964667489, 0.95284483675929854, 0.9528661065668067, 0.95283420185554435, 0.9525895990691996, 0.95290864618182325, 0.95266404339547839, 0.9528235669467191, 0.95271721790917796, 0.95253642454535792, 0.95275975752926556, 0.95240880570030839, 0.95273848772175729, 0.95248325002658729, 0.95279166224052791, 0.95237690098904604, 0.95265340849172431, 0.95238753589787128, 0.95241944060913364, 0.95285547166305262, 0.95291928108050628, 0.9527597575241944, 0.95257896416544552, 0.95269594810166969, 0.95283420185047329, 0.95253642454535792, 0.95288737636924381, 0.95281293204803608, 0.95281293204296502, 0.9525895990653962, 0.95273848772175729, 0.95272785281293204, 0.95252578964160373, 0.95264277358289906, 0.95229182176915528, 0.95263213868421603, 0.95281293204803608, 0.95249388493034137, 0.95258959906412843, 0.95246198022415018, 0.95279166224559897, 0.95238753589280012, 0.95270658300669153, 0.95256832925662027, 0.95230245667290947], "loss": [0.17896994891875884, 0.14351154926430984, 0.14027446854717363, 0.13848804781665247, 0.13742603988349153, 0.13693918531413321, 0.13648322934858675, 0.1360342348086559, 0.13585711213061116, 0.1356186576481577, 0.13550188547846334, 0.1352839044123606, 0.13531649841484358, 0.13502798653765841, 0.13499377256018247, 0.13475237863121878, 0.13461851592103458, 0.13463325509125029, 0.13449738288729493, 0.13447538594495714, 0.13440234907970622, 0.13423621868289787, 0.13427046875951837, 0.13412759839303059, 0.13419716140031687, 0.13395183428996779, 0.13415941886526972, 0.13390552451841808, 0.13391907981934731, 0.13390247460918631, 0.13370266974958414, 0.13377808692143925, 0.13360221224203017, 0.1337031051061717, 0.1335204807480263, 0.13370271413467685, 0.13351464781097613, 0.13349629771414048, 0.13342445708504638, 0.13334641936450553, 0.13334790184233375, 0.13339061074645853, 0.13317835279570531, 0.13326876928714265, 0.13320720243153517, 0.13326936927590866, 0.13302074084665552, 0.13321645920481134, 0.13308046199214957, 0.13293244546134902, 0.13285317861132453, 0.13289563083308284, 0.1327626906653091, 0.13277786281877005, 0.13267491632106013, 0.13262713468640228, 0.13252139438482899, 0.13256368747286679, 0.13240365663938139, 0.13242400900887566, 0.13226457399997663, 0.13215586429379234, 0.13217617047032079, 0.13217149254364083, 0.13209939459428915, 0.13217491351434885, 0.13230049566098456, 0.13213668378422797, 0.13213687963537316, 0.13210471857104999, 0.13196680919152048, 0.13208976108353024, 0.13193758059569169, 0.13187771382026819, 0.13198530520832971, 0.1319077372707852, 0.13208694417018924, 0.13200574351691949, 0.1320215790446459, 0.13194421586083069, 0.13203343280633562, 0.1317924082902002, 0.13196702592045553, 0.13162951292597866, 0.1320519928474268, 0.13176224418634222, 0.13181467143085604, 0.13175705444837496, 0.13182886185309334, 0.13178034201446626, 0.1318535381522595, 0.13178618198056039, 0.13170408543128384, 0.13167722889854214, 0.13173010594557286, 0.13165479484269255, 0.1316667163663946, 0.13164161039130251, 0.13161924912912293, 0.13163533876084982, 0.13164593206028616, 0.1315548999053385, 0.1316640902155703, 0.13165194300512145, 0.13150563418459515, 0.13154607886654715, 0.13149295172968165, 0.13143494996294422, 0.13129100942243166, 0.131133403320598, 0.13110515887697594, 0.13091207433891691, 0.13086835031137053, 0.13075437551576458, 0.13071908929491124, 0.13064276693913957, 0.13064491102242362, 0.130507202332836, 0.13037211448714844, 0.13054105750784575, 0.1303527971954469, 0.13052316978502487, 0.13043695484364995, 0.13039388701939322, 0.13037732470153457, 0.13043054880600691, 0.13023820206163209, 0.13019784608065263, 0.13015655402229223, 0.13005397213918279, 0.13002710901149267, 0.13008765895149418, 0.12992214781783762, 0.12990498455102858, 0.12982870196612808, 0.12992025272815541, 0.12994417930573565, 0.12991023132436696, 0.12991627504708195, 0.1297548018293686, 0.12979551512650148, 0.12977860045727169, 0.12971717745341432, 0.12978442420537808, 0.12974241168435224, 0.1297094569698897, 0.12978715266076399, 0.12972558162536732, 0.1297657236474303, 0.12954254615316996, 0.12974240432330855, 0.12968938341977354, 0.12975948395305184, 0.12971801329208005, 0.12962269559542219, 0.12952795923199917, 0.12959949392977896, 0.12956373532500076, 0.12944434656607373, 0.12964476511693757, 0.12965415099230229, 0.12967310019228087, 0.12957735133813847, 0.12966568159252662, 0.1295653936198122, 0.1295272514553675, 0.1296128782156768, 0.12953323858306659, 0.1295006178426423, 0.12961711687768102, 0.12954138419554739, 0.12945468714491434, 0.12962632369649013, 0.12956832633726675, 0.12950337445921029, 0.1295897646076081, 0.12950488796526385, 0.12961704891694426, 0.12943647781718376, 0.12955097719150618, 0.12945228446658102, 0.12948317971145118, 0.12951677776734449, 0.12950734684334325],