{"low_val_loss": 0.12883318858739368, "params": {"verbose": 1, "nb_epoch": 1000, "batch_size": 32, "metrics": ["loss", "acc", "val_loss", "val_acc"], "nb_sample": 94030, "do_validation": true}, "results": {"acc": [0.94430500904093595, 0.94869722429012016, 0.94953738169176682, 0.95031372967088878, 0.95034563437200892, 0.95077103052217382, 0.95091991917473151, 0.95067531639345781, 0.95122833138867213, 0.95128150591251381, 0.95148356907877096, 0.95143039455492928, 0.95170690205253639, 0.95205785388149355, 0.95172817186004466, 0.95166436243751995, 0.95157928321255814, 0.95168563225009928, 0.95122833138360097, 0.95156864831387511, 0.95184515580641116, 0.95198340955521465, 0.95201531426774488, 0.95178134638388634, 0.95190896522893587, 0.9523024566678383, 0.95213229820270129, 0.95157928321255814, 0.95204721897266831, 0.95205785388149355, 0.95241944060406258, 0.95191960012761889, 0.95190896523020363, 0.95180261618632356, 0.95179198128256937, 0.95207912368393066, 0.95214293311152653, 0.95210039349143893, 0.9522599170477507, 0.95204721897266831, 0.9519834095501436, 0.95181325109007764, 0.95194086993512705, 0.95222801234155952, 0.95183452089758591, 0.95250451983536333, 0.95206848878017658, 0.95213229820270129, 0.95214293310645537, 0.95213229820777234, 0.95224928214399662, 0.95203658407398528, 0.95193023503137297, 0.95250451983916662, 0.95228118686033003, 0.95203658406891423, 0.95203658407398528, 0.95201531426267372, 0.95207912369407288, 0.95221737743273427, 0.95241944060913364, 0.95217483781771772, 0.95204721897266831, 0.95212166330401826, 0.95223864724024243, 0.95269594810674074, 0.95222801234155952], "loss": [0.17488937600551735, 0.13991431259942078, 0.13716650256182075, 0.13578736037443789, 0.13477838892875155, 0.13433023203926195, 0.13364057926270737, 0.13320027844177895, 0.13247960627706562, 0.13216599498728951, 0.13164413541786774, 0.13111304096575685, 0.13037814222823732, 0.13003680841470544, 0.12946409137895179, 0.12939320462892046, 0.12919328346060879, 0.12915394552544077, 0.12909068448783412, 0.12912108011921708, 0.12876900276893202, 0.12869335016528685, 0.12876514563988489, 0.12874183024888999, 0.12873996189714912, 0.12845256077245512, 0.12851832847823161, 0.12857116758839243, 0.12852713450865519, 0.12842406539679663, 0.12837264856214056, 0.12850674295586581, 0.12821330904364775, 0.12841116317582424, 0.12832491463378087, 0.12837873434200828, 0.12818159225927594, 0.12825160623642659, 0.12823096227214195, 0.12817402138587397, 0.12817936178427941, 0.12815536708067571, 0.12800383075024235, 0.12835489430510463, 0.12818438670820129, 0.12795439555513646, 0.12797146641858193, 0.12805402136568148, 0.1281940832167569, 0.12801630764939767, 0.12800478862067061, 0.12809843787497363, 0.12794340184392428, 0.12797518649323625, 0.12801992028720274, 0.12784861328753211, 0.12775939545561174, 0.12792685989064256, 0.12787690082439954, 0.12777717782311854, 0.12793412565326076, 0.12782601044445638, 0.12773948882409428, 0.12781572809254096, 0.12774839394882451, 0.12757319239866832, 0.12768075570494244], "val_acc": [0.94876212353241451, 0.95061255742725881, 0.95150587034201128, 0.95166539050535992, 0.95121873404798363, 0.95150587034201128, 0.95150587034201128, 0.95259060745278201, 0.95182491066870856, 0.95233537519142419, 0.95297345584481874, 0.95287774374680956, 0.95204823889739665, 0.95322868810617667, 0.95294155181214901, 0.95300535987748847, 0.95297345584481874, 0.95316488004083721, 0.95335630423685558, 0.95329249617151612, 0.95217585502807556, 0.95233537519142419, 0.95332440020418585, 0.95335630423685558, 0.95338820826952531, 0.95338820826952531, 0.95243108728943338, 0.95345201633486476, 0.95262251148545174, 0.9536115364982134, 0.95290964777947929, 0.95338820826952531, 0.95278203164880038, 0.95380296069423176, 0.95243108728943338, 0.95259060745278201, 0.95271822358346092, 0.95342011230219503, 0.95364344053088312, 0.95316488004083721, 0.95357963246554367, 0.95319678407350694, 0.95313297600816749, 0.95290964777947929, 0.95290964777947929, 0.95316488004083721, 0.95310107197549765, 0.95383486472690149, 0.95342011230219503, 0.95329249617151612, 0.95313297600816749, 0.95287774374680956, 0.95380296069423176, 0.95313297600816749, 0.95313297600816749, 0.95303726391015819, 0.95357963246554367, 0.95348392036753449, 0.95319678407350694, 0.95262251148545174, 0.95290964777947929, 0.95268631955079119, 0.95223966309341501, 0.95364344053088312, 0.95287774374680956, 0.95332440020418585, 0.95373915262889231], "val_loss": [0.14317470307463342, 0.1383786703259772, 0.13678986253335715, 0.13535303927315262, 0.13529053591990453, 0.13429732146830264, 0.13581106011176244, 0.13287437639963176, 0.13397696245824914, 0.13357583945117901, 0.13301130502678229, 0.13095586703193621, 0.13133931498367943, 0.13082083140468037, 0.13034623136221907, 0.1309507909407264, 0.13005774885876226, 0.12938941422813763, 0.12989678771927718, 0.12976571137105525, 0.13055138734624269, 0.13062369009653879, 0.13014279566077688, 0.12942083404723206, 0.12952157226830888, 0.12922967535944208, 0.13051230503762482, 0.12924851695738349, 0.12976051633488225, 0.12978624890122473, 0.13136927677188193, 0.12949850088847784, 0.13053799685492024, 0.1290888699411494, 0.13067721047606501, 0.13024572401786258, 0.12999200033933883, 0.12983302124445539, 0.12889417477765974, 0.12917133290634403, 0.12883318858739368, 0.13025128532670754, 0.12950444973590666, 0.12996347348770054, 0.12912076129185843, 0.12948189285118369, 0.1295425963415486, 0.12913200557384033, 0.12889632107257357, 0.1288504240831865, 0.13023208876793149, 0.12891844532539523, 0.12902497434479931, 0.12900587743991579, 0.12965681663923054, 0.12972022928468666, 0.12906869027560131, 0.12913403885782282, 0.1294392874115444, 0.12909235788348561, 0.12915440115007046, 0.12976771786964902, 0.13003304679633221, 0.12888148397249097, 0.1291453905884726, 0.12911488706813654, 0.12919175438202571]}}