{"low_val_loss": 0.13335556266216098, "params": {"verbose": 1, "nb_epoch": 1000, "batch_size": 32, "metrics": ["loss", "acc", "val_loss", "val_acc"], "nb_sample": 94030, "do_validation": true}, "results": {"acc": [0.94333723280311432, 0.94580453046899926, 0.94848452622010893, 0.94938849303413808, 0.9497394448681663, 0.95028182494948421, 0.95015420610950585, 0.95076039561841963, 0.95078166543099907, 0.95124960119618029, 0.9511538870674644, 0.95140912475249217, 0.95178134638388634, 0.95162182282377128, 0.95166436243751995, 0.95206848878524764, 0.95190896522893587, 0.95184515580133999, 0.95233436137910066, 0.95208975858768474, 0.9524726151228331, 0.9523769009941172, 0.95253642454535792, 0.95239817080162537, 0.95207912368393066, 0.95218547272147191, 0.95239817079655431, 0.95246198022415018, 0.95220674252898008, 0.95258959906412843, 0.95256832925662027, 0.95186642560884827, 0.95221737743273427, 0.95218547272147191, 0.95283420185047329, 0.9523343613740296, 0.95235563118153777, 0.95222801233648835, 0.95238753589280012, 0.95270658301049493, 0.9524726151228331, 0.95261086887670787, 0.95278102733297043, 0.95230245667290947, 0.95229182175901306, 0.95250451983409545, 0.95231309156652133, 0.9525576943630083, 0.95229182175901306, 0.95224928214399662, 0.95266404339040733, 0.95243007550908443, 0.95245134532039599, 0.95243007550781666, 0.95246198021907902, 0.95285547165924922, 0.9522599170477507, 0.95267467829416141, 0.95232372647154317, 0.95260023396788263, 0.95271721790917796, 0.95216420291396364, 0.95234499627778368, 0.95222801233648835, 0.95243007551795889, 0.9525895990691996, 0.95244071041283851, 0.95270658301049493, 0.95227055195150478, 0.95235563118153777, 0.95221737743273427, 0.95258959906412843, 0.95235563118153777], "loss": [0.18745162491055228, 0.14518369818856067, 0.14040140833126843, 0.13841999198060384, 0.13742457649326953, 0.13687013891757036, 0.13629882030286497, 0.13593096836765917, 0.13553920965219804, 0.13525617662312109, 0.1349266212281047, 0.13454431020793897, 0.13449738057217142, 0.13427167261241407, 0.13407815509946927, 0.1339265839420683, 0.13368784016283297, 0.13370297207008469, 0.13343871931319515, 0.13334459352211839, 0.13307799164169737, 0.13318490305077355, 0.13293061856036617, 0.13263901022220181, 0.13275829904921624, 0.13256771203095224, 0.13258980245353311, 0.13256864391665857, 0.13245378825894749, 0.13244063896006705, 0.13233080418673676, 0.13241034014455361, 0.13244138601192762, 0.13233033620224383, 0.13215505550652631, 0.13218641329248079, 0.13215770544944819, 0.13220839417149993, 0.1321658036271337, 0.13204063291018736, 0.13205782652478085, 0.13202660646854938, 0.13196799242469867, 0.13190336738934252, 0.13207460731496923, 0.13202655687056603, 0.13189370741264042, 0.13189744537692874, 0.13194750622081258, 0.13198202832476277, 0.13179692835591106, 0.13181118022776861, 0.13189449669369532, 0.13190145955213928, 0.13172791327211078, 0.13176326599702243, 0.13186578523836326, 0.13179907052363996, 0.13181741778776138, 0.13167605233982588, 0.13186460513854126, 0.13179387038332546, 0.13180613078800565, 0.13165959548876663, 0.13182584242333659, 0.13168498853457858, 0.13161772513794009, 0.13172892030345548, 0.13165695224562268, 0.1315555666433989, 0.13160477778331076, 0.13168589223731292, 0.13168201286420597], "val_acc": [0.94448698315467072, 0.94774119448698313, 0.94987876467585508, 0.95061255742725881, 0.95064446145992854, 0.95115492598264417, 0.94994257274119454, 0.95115492598264417, 0.95208014293006638, 0.95134635017866254, 0.95185681470137828, 0.95214395099540583, 0.95102730985196526, 0.95265441551812147, 0.95249489535477283, 0.95271822358346092, 0.95271822358346092, 0.95236727922409392, 0.95252679938744256, 0.95223966309341501, 0.95195252679938747, 0.95255870342011228, 0.9528139356814701, 0.9524629913221031, 0.95259060745278201, 0.95316488004083721, 0.95345201633486476, 0.95306916794282792, 0.95338820826952531, 0.95316488004083721, 0.9532605921388464, 0.95252679938744256, 0.95316488004083721, 0.9536115364982134, 0.95322868810617667, 0.95284583971413983, 0.9528139356814701, 0.95239918325676365, 0.95300535987748847, 0.95220775906074528, 0.95348392036753449, 0.9528139356814701, 0.95313297600816749, 0.95335630423685558, 0.95249489535477283, 0.95310107197549765, 0.95338820826952531, 0.9521120469627361, 0.95335630423685558, 0.95377105666156203, 0.95166539050535992, 0.95290964777947929, 0.95332440020418585, 0.9532605921388464, 0.95290964777947929, 0.95373915262889231, 0.95377105666156203, 0.95310107197549765, 0.9532605921388464, 0.95335630423685558, 0.95364344053088312, 0.95275012761613065, 0.95399438489025012, 0.95338820826952531, 0.95268631955079119, 0.95217585502807556, 0.95310107197549765, 0.95313297600816749, 0.95297345584481874, 0.95278203164880038, 0.95342011230219503, 0.9536115364982134, 0.95255870342011228], "val_loss": [0.14961025417953988, 0.14199946899463353, 0.13931832102190603, 0.13889599965258695, 0.13768058845173375, 0.13750402025132991, 0.13824821596431788, 0.13697435155001267, 0.13617162248704462, 0.13665365166924115, 0.13579404539218998, 0.1355174844224061, 0.13622153686543031, 0.13498076518228341, 0.13550648360307299, 0.13488531177801677, 0.13485250422648321, 0.13460280014760126, 0.13491368510928187, 0.13514782780531323, 0.13519545956008466, 0.13453134263695929, 0.1347249533083516, 0.13489857632067814, 0.13419109895053324, 0.1337410104453883, 0.13405084255426711, 0.13422474398687975, 0.134126144984757, 0.13413531830388864, 0.13416068636417205, 0.13387727569512958, 0.13430033465005903, 0.13428127780012813, 0.13383737820970307, 0.13359998535762307, 0.1353790224475131, 0.13441909957466044, 0.13381759771309895, 0.1343853002620434, 0.13590085876876448, 0.13402246023495476, 0.13406079997949877, 0.13356190241089794, 0.13375688549711151, 0.13418996254778018, 0.13335556266216098, 0.13533981943777806, 0.13362648598792726, 0.13403521086725884, 0.13494300148951394, 0.1340319568509043, 0.13363794081346639, 0.13347594697083545, 0.13365397521215261, 0.13365344845058968, 0.13365898689615477, 0.1336863499359171, 0.13496662639823112, 0.13356449275223833, 0.133822599486764, 0.13373966299134318, 0.13380564783470189, 0.13403510858151241, 0.1340759062493955, 0.13465253908554164, 0.1340241034968265, 0.13344644203272446, 0.13365582787470284, 0.13373920415500071, 0.13364346768001534, 0.13377212895999885, 0.13359725809617576]}}