{"low_val_loss": 0.21448361013121953, "params": {"verbose": 1, "nb_epoch": 1000, "batch_size": 32, "metrics": ["loss", "acc", "val_loss", "val_acc"], "nb_sample": 29058, "do_validation": true}, "results": {"acc": [0.84878518824420124, 0.89627641269185765, 0.89902952715259132, 0.9013352605134558, 0.9028494734668594, 0.9022300227131943, 0.9024709202285085, 0.9032280267052103, 0.90305595705141439, 0.9023332645054718, 0.9030903709821736, 0.90319361277445109, 0.90374423566659778, 0.9028494734668594, 0.90408837497418959, 0.90388189138963448, 0.90370982173583869, 0.90474223965861378, 0.90477665358937298, 0.90384747745887539, 0.90426044462798538, 0.90374423566659778, 0.90422603069722629, 0.90481106752013218, 0.90426044462798538, 0.90474223965861378, 0.90463899786633628, 0.90453575607405878, 0.90463899786633628, 0.90508637896620547, 0.90553376006607478, 0.90501755110468718, 0.90491430931240968, 0.90370982173583869, 0.90487989538165048, 0.90518962075848308, 0.90463899786633628, 0.90501755110468718, 0.90525844862000138, 0.90543051827379728, 0.90563700185835228, 0.90532727648151967, 0.90532727648151967, 0.90529286255076058, 0.90570582971987057, 0.90577465758138898, 0.90439810035102208, 0.90463899786633628, 0.90591231330442568, 0.90498313717392798, 0.90487989538165048, 0.90450134214329958, 0.90498313717392798, 0.90553376006607478, 0.90443251428178129, 0.90563700185835228, 0.90501755110468718, 0.90587789937366647, 0.90529286255076058, 0.90567141578911148, 0.90512079289696468, 0.90405396104343039, 0.90491430931240968, 0.90484548145089128, 0.90594672723518477, 0.90553376006607478, 0.90629086654277646, 0.90477665358937298, 0.90560258792759307, 0.90591231330442568, 0.90577465758138898, 0.90553376006607478, 0.90543051827379728, 0.90512079289696468, 0.90574024365062977, 0.90515520682772388, 0.90539610434303808, 0.90529286255076058, 0.90443251428178129, 0.90481106752013218, 0.90484548145089128, 0.90525844862000138, 0.90546493220455637, 0.90539610434303808, 0.90563700185835228, 0.90570582971987057, 0.90584348544290727, 0.90629086654277646, 0.90446692821254049, 0.90426044462798538, 0.90598114116594397, 0.90505196503544638, 0.90525844862000138, 0.90546493220455637, 0.90532727648151967, 0.90543051827379728, 0.90498313717392798, 0.90556817399683387, 0.90518962075848308, 0.90673824764264577, 0.90487989538165048, 0.90487989538165048, 0.90563700185835228, 0.90560258792759307, 0.90512079289696468, 0.90515520682772388, 0.90460458393557708, 0.90546493220455637, 0.90584348544290727, 0.90501755110468718, 0.90563700185835228, 0.90512079289696468, 0.90429485855874459, 0.90522403468924217, 0.90467341179709548, 0.90529286255076058, 0.90587789937366647, 0.90560258792759307, 0.90453575607405878, 0.90598114116594397, 0.90508637896620547, 0.90646293619657237, 0.90491430931240968, 0.90594672723518477, 0.90439810035102208, 0.90525844862000138, 0.90484548145089128, 0.90615321081973987, 0.90556817399683387, 0.90560258792759307, 0.90536169041227887, 0.90443251428178129, 0.90532727648151967, 0.90463899786633628, 0.90432927248950379, 0.90477665358937298, 0.90563700185835228, 0.90553376006607478, 0.90463899786633628, 0.90556817399683387, 0.90556817399683387, 0.90474223965861378, 0.90512079289696468, 0.90515520682772388, 0.90567141578911148, 0.90515520682772388, 0.90429485855874459, 0.90508637896620547, 0.90539610434303808, 0.90498313717392798, 0.90515520682772388, 0.90494872324316888, 0.90653176405809066, 0.90525844862000138, 0.90563700185835228, 0.90574024365062977, 0.90549934613531557, 0.90663500585036827, 0.90501755110468718, 0.90532727648151967, 0.90549934613531557, 0.90491430931240968, 0.90560258792759307, 0.90549934613531557, 0.90604996902746227, 0.90608438295822147, 0.90553376006607478, 0.90560258792759307, 0.90536169041227887, 0.90494872324316888, 0.90611879688898067], "loss": [0.33325381682730193, 0.24037919949314029, 0.23303937860091184, 0.22902321944307974, 0.22629648472742023, 0.22465514549400287, 0.22399488473984769, 0.22286951683435513, 0.2224552419652765, 0.22192179901534737, 0.22145096420056148, 0.22120397324464927, 0.22072851658034093, 0.22046940989854652, 0.2202924559908141, 0.22015574913468347, 0.2197468606650653, 0.2198691072561792, 0.21977667732728223, 0.21969170052262774, 0.21938459713549338, 0.21913840020866063, 0.21946856944930554, 0.21937715058985841, 0.21883416662445351, 0.21921341245725645, 0.21885973368330039, 0.21873381027245573, 0.21882306051121106, 0.21842954526090327, 0.21876354331249495, 0.21872546455952177, 0.21842795242536531, 0.21840141613736344, 0.21837697910251078, 0.2183424967502467, 0.21827103498015726, 0.21820610803692672, 0.2180342832528287, 0.21785322455072018, 0.21829193306913625, 0.21794373102127201, 0.2177548127653873, 0.21792937834485349, 0.21772574783025189, 0.21814529044947922, 0.2174623691721683, 0.21804094233687821, 0.21761988180463909, 0.2178557666402057, 0.21763512110240824, 0.21761781656616561, 0.21769680268126645, 0.21784503284619475, 0.21755483942728787, 0.21761177531193862, 0.21771750294076689, 0.21736448963534713, 0.21764545385208567, 0.21713871798844628, 0.21742266605262853, 0.21723835206968403, 0.21733640062285106, 0.21715683857105547, 0.21717725741768074, 0.2172093955098747, 0.21729389846969008, 0.21735768972026381, 0.2169972057218717, 0.21720635829218668, 0.21703301033115965, 0.21713182165930558, 0.21687210780294774, 0.21689430218256875, 0.21703847471958707, 0.2168069769166735, 0.21700244546020556, 0.21702459228901125, 0.21683970232026495, 0.21696139119787083, 0.21682586442399429, 0.21672246843356949, 0.21693868348789697, 0.21663948598567348, 0.21654112657145055, 0.21659267062123361, 0.21671847306389896, 0.21669746934444531, 0.21647958584543647, 0.21676259228079062, 0.21657826292353985, 0.21655236992679119, 0.21645647653285391, 0.21653117327524304, 0.21660331424775181, 0.21644971271099542, 0.21647840955291014, 0.21671533749103383, 0.21659385967776368, 0.21649680401566057, 0.21679111046953617, 0.21629920035689248, 0.21647847223978459, 0.21635636139212494, 0.21668585475340743, 0.21624116297721271, 0.2164645352595001, 0.21650490873032913, 0.2163739592220357, 0.21627734514833177, 0.21658229292182885, 0.21629865345602739, 0.21613971723074496, 0.21633963688251132, 0.2164495030797644, 0.21612982651218388, 0.21624918529718049, 0.21616487166837192, 0.21653336735700096, 0.21636448228988539, 0.21653183136140211, 0.21626383454064985, 0.21648539680805806, 0.21634865152931049, 0.21641275295084542, 0.21630170409366314, 0.21614031637435788, 0.21603068244151277, 0.21602617238239721, 0.21618014703310451, 0.21617149768702459, 0.2162361215971581, 0.2161737155735324, 0.21626752033553798, 0.21617895423484224, 0.2164864122092732, 0.21646762375239537, 0.21623755529726993, 0.21622291531202772, 0.21635226895089765, 0.21615996931492565, 0.21612499127998694, 0.21627046851833176, 0.21611588657464054, 0.21619056057887737, 0.2162714113248464, 0.21605918427275581, 0.21646649647016666, 0.21605697037781363, 0.21644251050276805, 0.21634459613381193, 0.21629670216389177, 0.21611290707260164, 0.21638039667875966, 0.21642504377921745, 0.21588685290427595, 0.21614290210395648, 0.21608945011571579, 0.21627540659843764, 0.21594210095130284, 0.21634394741491569, 0.21631573339487944, 0.21629520478026407, 0.21615901187198669, 0.21615749816005447, 0.21618128681315782, 0.21601232582886176, 0.21619818250949502, 0.21616612778721053, 0.21633370635400662, 0.21603069799580649],