{"low_val_loss": 0.21236164061673915, "params": {"verbose": 1, "nb_epoch": 1000, "batch_size": 32, "metrics": ["loss", "acc", "val_loss", "val_acc"], "nb_sample": 29058, "do_validation": true}, "results": {"acc": [0.85236423704315512, 0.89541606442287835, 0.90057815403675412, 0.9020579530593984, 0.9030903709821736, 0.90350333815128359, 0.90446692821254049, 0.90460458393557708, 0.90460458393557708, 0.90484548145089128, 0.90525844862000138, 0.90556817399683387, 0.90639410833505407, 0.90660059191960907, 0.90635969440429487, 0.90653176405809066, 0.90584348544290727, 0.90711680088099667, 0.90735769839631086, 0.90777066556542085, 0.90722004267327416, 0.90711680088099667, 0.90666941978112736, 0.90794273521921676, 0.90828687452680845, 0.90746094018858836, 0.90673824764264577, 0.90814921880377175, 0.90722004267327416, 0.90687590336568247, 0.90739211232706996, 0.90804597701149425, 0.90728887053479246, 0.90687590336568247, 0.90722004267327416, 0.90735769839631086, 0.90756418198086586, 0.90711680088099667, 0.90780507949618006, 0.90722004267327416, 0.90708238695023746, 0.90739211232706996, 0.90735769839631086, 0.90777066556542085, 0.90639410833505407, 0.90756418198086586, 0.90718562874251496, 0.90808039094225346, 0.90625645261201737, 0.90704797301947826, 0.90825246059604925, 0.90749535411934756, 0.90783949342693926, 0.90670383371188656, 0.90756418198086586, 0.90766742377314336, 0.90711680088099667, 0.90752976805010666, 0.90863101383440015, 0.90756418198086586, 0.90756418198086586, 0.90808039094225346, 0.90694473122720076, 0.90794273521921676, 0.90876866955743685, 0.90749535411934756, 0.90756418198086586, 0.90735769839631086, 0.90697914515795997, 0.90722004267327416, 0.90797714914997596, 0.90780507949618006, 0.90715121481175576, 0.90694473122720076, 0.90832128845756765, 0.90735769839631086, 0.90821804666529016, 0.90852777204212265, 0.90763300984238415, 0.90808039094225346, 0.90797714914997596, 0.90718562874251496, 0.90752976805010666, 0.90814921880377175, 0.90780507949618006, 0.90828687452680845, 0.90832128845756765, 0.90701355908871917, 0.90794273521921676, 0.90852777204212265, 0.90770183770390256, 0.90756418198086586, 0.90722004267327416, 0.90825246059604925, 0.90718562874251496, 0.90739211232706996, 0.90818363273453095, 0.90897515314199184, 0.90811480487301255, 0.90801156308073505, 0.90828687452680845, 0.90722004267327416, 0.90804597701149425, 0.90797714914997596, 0.90780507949618006, 0.90777066556542085, 0.90777066556542085, 0.90808039094225346, 0.90804597701149425, 0.90790832128845755, 0.90783949342693926], "loss": [0.31978258761311995, 0.24018559780667206, 0.23213579664242079, 0.22761436135127552, 0.22521229717521266, 0.22375635702645788, 0.22186069169784742, 0.2206744086393487, 0.21938373272577594, 0.21884350489212975, 0.2184476412843506, 0.21771868045864681, 0.2174142486446668, 0.21691451934558229, 0.21686060927970846, 0.21620548547844456, 0.21633130139303647, 0.21557451785110734, 0.21523417311722023, 0.21513210904178395, 0.21470107016621506, 0.21469334157829775, 0.21462806921650485, 0.21474002905780232, 0.21413768800531269, 0.21429051927234, 0.21452638814368738, 0.21407524164479158, 0.21381468151755192, 0.2138620647832867, 0.21362910666657817, 0.21355977200776272, 0.21354574711053745, 0.21364515154612304, 0.2135813471801121, 0.21359665559240543, 0.21343397570728961, 0.21350574576688147, 0.21330709249318114, 0.21339057874942752, 0.21340861900362976, 0.21363191607977633, 0.21331317028738042, 0.21330507079212299, 0.21364439351150086, 0.21335068479733144, 0.21328829511896497, 0.2130142322514243, 0.21345322772986677, 0.2130755899047497, 0.21304186976911735, 0.21289274098745306, 0.21293857805259098, 0.21271500527249518, 0.21304218670990713, 0.21289816353327398, 0.21248976576639245, 0.2128557242118235, 0.21277011522440056, 0.21298080743740153, 0.21270503310189373, 0.21288947934900559, 0.21297228647916083, 0.21297189474651462, 0.21269479237302755, 0.21305560850910035, 0.21287077647380717, 0.21238941038719056, 0.21249947043761258, 0.21277567970393571, 0.21253091950475031, 0.212602640494647, 0.21263516807645003, 0.21269973595575051, 0.21248329180106956, 0.21280772982141694, 0.21271890669987267, 0.21246479698727008, 0.21279380456719774, 0.21245164023011653, 0.2123261244545924, 0.21267272501422907, 0.21284840545032507, 0.21241556058153002, 0.21251132342059562, 0.21262702161545058, 0.21252162176293904, 0.21246021487148525, 0.21246216363855661, 0.21256405072154291, 0.21272279669318067, 0.21247741827778829, 0.21235165436258499, 0.21217488679830779, 0.21255364901482929, 0.21271003330978563, 0.21228101165060478, 0.21229516243900171, 0.21289099612488871, 0.21246447677178756, 0.21235484637423357, 0.21238241334177768, 0.21250206690725978, 0.21230298874752185, 0.21240754188506025, 0.21220639837873459, 0.21249128574332632, 0.21214797091431559, 0.21219805474783124, 0.21231216697463462, 0.21229300383301228], "val_acc": [0.88675544554079433, 0.89553009194954636, 0.89873025711936161, 0.90265304023074799, 0.90162072888564626, 0.90368535157584962, 0.90172396002015642, 0.90172396002015642, 0.90440796951742086, 0.90399504497938021, 0.90523381859350216, 0.9031691959032988, 0.90327242703780897, 0.90595643653507341, 0.90482089405546151, 0.90420150724840054, 0.90595643653507341, 0.90698874788017503, 0.9067822856111547, 0.90605966766958357, 0.905130587458992, 0.90368535157584962, 0.90533704972801232, 0.90595643653507341, 0.90564674313154292, 0.90358212044133945, 0.90647259220762422, 0.90750490355272584, 0.90647259220762422, 0.90688551674566487, 0.90719521014919535, 0.90585320540056324, 0.90709197901468519, 0.90285950249976832, 0.90636936107311405, 0.9067822856111547, 0.90471766292095135, 0.90523381859350216, 0.90719521014919535, 0.90564674313154292, 0.90564674313154292, 0.90616289880409373, 0.90688551674566487, 0.90399504497938021, 0.90647259220762422, 0.90544028086252248, 0.90554351199703265, 0.90523381859350216, 0.90719521014919535, 0.90709197901468519, 0.90657582334213438, 0.9067822856111547, 0.90740167241821568, 0.90688551674566487, 0.90605966766958357, 0.90523381859350216, 0.90502735632448184, 0.90544028086252248, 0.90667905447664454, 0.90647259220762422, 0.90420150724840054, 0.90636936107311405, 0.90626612993860389, 0.90564674313154292, 0.90657582334213438, 0.90740167241821568, 0.90605966766958357, 0.90760813468723611, 0.90347888930682929, 0.90636936107311405, 0.90709197901468519, 0.90647259220762422, 0.90440796951742086, 0.90647259220762422, 0.90533704972801232, 0.90544028086252248, 0.90523381859350216, 0.90740167241821568, 0.90750490355272584, 0.90719521014919535, 0.90667905447664454, 0.90626612993860389, 0.90616289880409373, 0.90523381859350216, 0.90636936107311405, 0.90833075262880725, 0.9067822856111547, 0.90533704972801232, 0.90698874788017503, 0.90667905447664454, 0.90657582334213438, 0.90657582334213438, 0.90616289880409373, 0.90544028086252248, 0.90698874788017503, 0.90667905447664454, 0.90667905447664454, 0.90688551674566487, 0.90719521014919535, 0.90626612993860389, 0.90760813468723611, 0.90574997426605308, 0.9067822856111547, 0.90626612993860389, 0.90626612993860389, 0.90626612993860389, 0.90771136582174627, 0.90544028086252248, 0.90709197901468519, 0.90358212044133945, 0.90740167241821568],