{"low_val_loss": 0.21162608098821323, "params": {"verbose": 1, "nb_epoch": 1000, "batch_size": 32, "metrics": ["loss", "acc", "val_loss", "val_acc"], "nb_sample": 29058, "do_validation": true}, "results": {"acc": [0.85866198637208346, 0.89768738385298363, 0.9018514694748434, 0.90398513318191209, 0.90405396104343039, 0.90529286255076058, 0.90494872324316888, 0.90629086654277646, 0.90574024365062977, 0.90584348544290727, 0.90625645261201737, 0.90543051827379728, 0.90570582971987057, 0.90567141578911148, 0.90560258792759307, 0.90611879688898067, 0.90591231330442568, 0.90591231330442568, 0.90629086654277646, 0.90611879688898067, 0.90646293619657237, 0.90684148943492326, 0.90715121481175576, 0.90560258792759307, 0.90708238695023746, 0.90701355908871917, 0.90625645261201737, 0.90618762475049897, 0.90598114116594397, 0.90580907151214807, 0.90808039094225346, 0.90701355908871917, 0.90663500585036827, 0.90663500585036827, 0.90725445660403337, 0.90622203868125817, 0.90601555509670317, 0.90608438295822147, 0.90608438295822147, 0.90711680088099667, 0.90653176405809066, 0.90625645261201737, 0.90711680088099667, 0.90653176405809066, 0.90591231330442568, 0.90728887053479246, 0.90577465758138898, 0.90611879688898067, 0.90722004267327416, 0.90622203868125817, 0.90567141578911148, 0.90739211232706996, 0.90718562874251496, 0.90749535411934756, 0.90622203868125817, 0.90691031729644156, 0.90687590336568247, 0.90666941978112736, 0.90622203868125817, 0.90646293619657237, 0.90608438295822147, 0.90618762475049897, 0.90666941978112736, 0.90646293619657237, 0.90680707550416406, 0.90594672723518477, 0.90687590336568247, 0.90622203868125817, 0.90728887053479246, 0.90625645261201737, 0.90670383371188656, 0.90642852226581316, 0.90646293619657237, 0.90673824764264577, 0.90677266157340486, 0.90646293619657237, 0.90673824764264577, 0.90625645261201737, 0.90684148943492326, 0.90604996902746227, 0.90656617798884986, 0.90577465758138898, 0.90656617798884986, 0.90666941978112736, 0.90691031729644156, 0.90598114116594397, 0.90718562874251496, 0.90673824764264577, 0.90752976805010666, 0.90746094018858836, 0.90759859591162506, 0.90708238695023746, 0.90591231330442568, 0.90649735012733157, 0.90546493220455637, 0.90691031729644156, 0.90694473122720076, 0.90728887053479246, 0.90742652625782916, 0.90673824764264577, 0.90580907151214807, 0.90845894418060436, 0.90701355908871917, 0.90770183770390256, 0.90704797301947826, 0.90632528047353567, 0.90646293619657237, 0.90618762475049897, 0.90752976805010666, 0.90694473122720076, 0.90777066556542085, 0.90787390735769835, 0.90684148943492326, 0.90794273521921676, 0.90732328446555166, 0.90718562874251496, 0.90725445660403337, 0.90701355908871917, 0.90680707550416406, 0.90732328446555166, 0.90722004267327416, 0.90711680088099667, 0.90697914515795997, 0.90739211232706996, 0.90725445660403337, 0.90766742377314336, 0.90814921880377175, 0.90752976805010666, 0.90715121481175576, 0.90711680088099667, 0.90766742377314336, 0.90752976805010666, 0.90725445660403337], "loss": [0.30840998458488161, 0.23803570537772589, 0.23049906457211086, 0.22603221412834507, 0.22338122344665629, 0.22188041093954106, 0.22024822781708966, 0.21945839097777337, 0.21940265038286025, 0.21878541841814805, 0.21839365987720605, 0.21819902586546397, 0.21809580483368649, 0.21764066461846771, 0.21746639966973952, 0.21702639799508924, 0.21713770639518762, 0.21694893737880169, 0.21679225937352511, 0.21658720473407411, 0.21627064831070286, 0.21615937121519654, 0.21620578376138944, 0.21600858717697852, 0.21607783883738249, 0.21624219846173351, 0.21566291152507885, 0.21573862274873445, 0.21552506482398473, 0.21542713300176455, 0.21479618511982485, 0.21507346881577247, 0.21541797346180686, 0.21504962795828972, 0.21475769662382813, 0.21516730183793598, 0.21501759320047972, 0.21525665583732953, 0.21473710592257952, 0.21443276068132752, 0.21468483672695696, 0.21436842891019189, 0.2145591167111871, 0.21446508684648324, 0.21444724775762058, 0.2141684774566826, 0.21459150806421159, 0.21432956110336585, 0.21407074367045217, 0.21423959298266967, 0.21447557621578511, 0.21394167122447702, 0.21408886085587775, 0.21407432795664227, 0.2137597442869146, 0.21400780201985661, 0.21396960946175195, 0.21405561231715162, 0.21409238360771432, 0.21379682745777021, 0.21373314162044108, 0.21357704392944646, 0.21371124209027811, 0.21352031624772952, 0.21355122812202557, 0.21365331948291691, 0.21359676690471543, 0.2132870566549358, 0.21369480599909949, 0.21332536608142774, 0.21310175154809419, 0.21325617343324765, 0.21331125412897067, 0.21316108617310339, 0.21311778737998352, 0.21323028143004757, 0.21329231066447885, 0.21338168756567238, 0.21302892245960972, 0.21314932476190451, 0.21306064610976347, 0.21295602407858469, 0.21292975633614758, 0.21311785669982303, 0.21308708560959883, 0.21308258103749175, 0.2127895015561414, 0.21265027522530527, 0.21288868817108794, 0.21275988927817294, 0.2126003751547012, 0.21293711380658586, 0.213132764673096, 0.21279281856344345, 0.21296770589359368, 0.21267755380787109, 0.2129049064090402, 0.21250406129727861, 0.21251971030075653, 0.21238911740944791, 0.21331901967800346, 0.21261572139590856, 0.21248591310085732, 0.21216132536800231, 0.21234196053094503, 0.21246169500683168, 0.21261123474129659, 0.21224448648783306, 0.21248792632578392, 0.21252131278306949, 0.2125119153698394, 0.21273890208029617, 0.21244391180802674, 0.21202948763510163, 0.21255216674242158, 0.21225136964774788, 0.21236541486137608, 0.21216566385713478, 0.21213062461641394, 0.212272125275526, 0.21218985380418073, 0.21238945900544681, 0.21224776725328023, 0.21229519435934741, 0.21216682738959952, 0.21225171024271441, 0.21234269757468152, 0.2119629484212803, 0.21210907177403604, 0.21215137522315733, 0.21198516536853509, 0.21235402458975505, 0.21230502255756828],