{"low_val_loss": 0.13180822404619685, "params": {"verbose": 1, "nb_epoch": 1000, "batch_size": 32, "metrics": ["loss", "acc", "val_loss", "val_acc"], "nb_sample": 94030, "do_validation": true}, "results": {"acc": [0.94357120068063383, 0.94680421142315441, 0.94884611294774901, 0.94973944486309514, 0.95037753908073574, 0.95067531638838665, 0.95093055407848559, 0.95126023609993449, 0.95166436243751995, 0.95190896522893587, 0.95169626715005007, 0.95167499734127403, 0.95212166330401826, 0.95215356801020956, 0.95241944060406258, 0.95180261619139461, 0.95224928215413884, 0.95225991704901847, 0.95245134532546716, 0.95249388493541254, 0.95238753589280012, 0.95215356801020956, 0.95281293204296502, 0.95238753589280012, 0.95223864725038476, 0.95251515473784965, 0.95231309157286026, 0.95247261512790427, 0.95241944060406258, 0.95253642454535792, 0.95264277358289906, 0.95224928214399662, 0.95230245666276725, 0.95256832926169133, 0.95268531319918337, 0.95243007550781666, 0.95245134531532494, 0.95235563118153777, 0.95261086887670787, 0.95272785281293204, 0.95236626608529196, 0.95265340849172431, 0.95252578964160373, 0.95247261512790427, 0.95251515473911741, 0.95303626502687266, 0.95274912262551137, 0.9523343613740296, 0.95281293204423279, 0.95303626502687266, 0.95274912262170808, 0.95265340848665314, 0.95281293204803608, 0.95272785281293204, 0.95286610656173565, 0.95294055088801444, 0.95262150377539079, 0.95297245559927679, 0.95275975752926556, 0.95281293204296502, 0.95292991598933141, 0.95275975752926556, 0.9528448367643696, 0.9528235669467191, 0.95284483675929854, 0.95290864617801985, 0.95299372540678506, 0.95319578858318443, 0.9527278528141998, 0.95299372540678506, 0.95284483675422738, 0.95277039243301964, 0.95291928108177404, 0.95290864617801985, 0.95281293204803608, 0.95270658300795941, 0.95280229713921094, 0.95306816973813502, 0.95321705838562165, 0.95304689992555569, 0.95283420185047329, 0.95275975753433662, 0.95308943955071435, 0.95313197915558867, 0.95294055088801444, 0.95286610656173565, 0.9533872168456875, 0.95313197916065973, 0.95308943954057213, 0.95314261406441392, 0.95291928108050628, 0.95305753483438094, 0.95302563011804742, 0.95286610656173565, 0.95272785282307426, 0.95334467723574223, 0.95297245559927679], "loss": [0.17772641528818148, 0.14256188755534652, 0.13928844117584552, 0.13761948948938213, 0.13639594056001436, 0.13560930949881536, 0.13521653178488588, 0.13472899379095574, 0.13434528691438011, 0.13387946437346634, 0.13382511738005134, 0.13358714008466319, 0.13323066946478407, 0.13295255533762146, 0.1330722469555185, 0.13287358816654063, 0.13251770930817364, 0.13258239257104926, 0.13248648716137407, 0.13237487601147399, 0.13229638234955141, 0.1320600757483319, 0.13199711575649348, 0.13188117758401541, 0.13184111673603993, 0.1318529304603871, 0.13196627601567551, 0.13179712017381442, 0.13187982144618077, 0.13170290666730508, 0.13167566942802014, 0.13150184940428689, 0.13155676601742838, 0.13168285700532079, 0.13157829857739087, 0.13156619305588407, 0.13143978008912666, 0.13140778141743001, 0.1313658538383714, 0.13132770484222048, 0.13122837462048575, 0.13129856869424644, 0.13120112280082741, 0.13119178823805813, 0.13100244359685856, 0.13101257675317554, 0.13119492976859212, 0.13096038098555479, 0.13111418069809863, 0.13098616804117397, 0.13092252506666407, 0.13092288055166873, 0.13100283738068413, 0.13094875880546877, 0.1309980445262233, 0.1309445056657417, 0.13105129524550388, 0.13094950121402815, 0.13091456353518605, 0.13082648887831172, 0.13075807997961825, 0.13083150787523651, 0.1306034070564929, 0.1306926539452814, 0.13078367361696072, 0.13069877660088777, 0.13068669158927712, 0.13066805974766255, 0.13081155658674712, 0.13054041557571019, 0.13067653576237184, 0.1307277360758502, 0.13050850313146939, 0.13078509428381196, 0.1306949597339763, 0.13055228648363978, 0.13067012777775652, 0.1305637390220164, 0.13054202537628876, 0.13058866062190169, 0.13058814433137178, 0.13055721061268755, 0.13048651853444967, 0.13041808877196145, 0.130548672298827, 0.13047193386485498, 0.13039586126481861, 0.13048014103016117, 0.13047428487761534, 0.1303539730865981, 0.13037734036003543, 0.13037972490666813, 0.13048296435949563, 0.13051821890171317, 0.13060575675630928, 0.13043402089177453, 0.13042465388080762], "val_acc": [0.94448698315467072, 0.94981495661051552, 0.95000638080653399, 0.95131444614599281, 0.95188871873404801, 0.95195252679938747, 0.95198443083205719, 0.95204823889739665, 0.95287774374680956, 0.95348392036753449, 0.95345201633486476, 0.95345201633486476, 0.95236727922409392, 0.95259060745278201, 0.9532605921388464, 0.95275012761613065, 0.95233537519142419, 0.9517611026033691, 0.95259060745278201, 0.95278203164880038, 0.95313297600816749, 0.95310107197549765, 0.95316488004083721, 0.95319678407350694, 0.95335630423685558, 0.95290964777947929, 0.95220775906074528, 0.95271822358346092, 0.95332440020418585, 0.95265441551812147, 0.95313297600816749, 0.9536115364982134, 0.95342011230219503, 0.95300535987748847, 0.95316488004083721, 0.95332440020418585, 0.95351582440020421, 0.95310107197549765, 0.95329249617151612, 0.95303726391015819, 0.95290964777947929, 0.95335630423685558, 0.95345201633486476, 0.95310107197549765, 0.95300535987748847, 0.9539624808575804, 0.95316488004083721, 0.95275012761613065, 0.95297345584481874, 0.95342011230219503, 0.95268631955079119, 0.95351582440020421, 0.95255870342011228, 0.95310107197549765, 0.95415390505359876, 0.9536115364982134, 0.95338820826952531, 0.95354772843287394, 0.95345201633486476, 0.95335630423685558, 0.95319678407350694, 0.95383486472690149, 0.95383486472690149, 0.95335630423685558, 0.95348392036753449, 0.95313297600816749, 0.95370724859622258, 0.95364344053088312, 0.95389867279224094, 0.9532605921388464, 0.95409009698825931, 0.9532605921388464, 0.95310107197549765, 0.95313297600816749, 0.95345201633486476, 0.95348392036753449, 0.95316488004083721, 0.95370724859622258, 0.95287774374680956, 0.9539624808575804, 0.95316488004083721, 0.95338820826952531, 0.95284583971413983, 0.95313297600816749, 0.95300535987748847, 0.95377105666156203, 0.95268631955079119, 0.95345201633486476, 0.95415390505359876, 0.95364344053088312, 0.95342011230219503, 0.95389867279224094, 0.95313297600816749, 0.95386676875957122, 0.95367534456355285, 0.95319678407350694, 0.95332440020418585],