{"low_val_loss": 0.13192616572252733, "params": {"verbose": 1, "nb_epoch": 1000, "batch_size": 32, "metrics": ["loss", "acc", "val_loss", "val_acc"], "nb_sample": 94030, "do_validation": true}, "results": {"acc": [0.94326278847683542, 0.94474104009865822, 0.94832500265872599, 0.94933531852043851, 0.94986706370434126, 0.95028182494948421, 0.95013293630199758, 0.95029245985830946, 0.95072849090715728, 0.95067531638838665, 0.95100499840983554, 0.95117515686483034, 0.95123896628735505, 0.9511538870674644, 0.95132404551738803, 0.95139848984366693, 0.95129214080739344, 0.95149420398252516, 0.95164309263001168, 0.95156864831007171, 0.95127087099861751, 0.95155801340504986, 0.9517707114750612, 0.95153674359754159, 0.95177071147759673, 0.95170690205253639, 0.95152610869378751, 0.95131341061363395, 0.95148356907369991, 0.95186642561391932, 0.95150483888120807, 0.95194086994019822, 0.95183452089885368, 0.95172817186004466, 0.95172817186131242, 0.95207912368393066, 0.95173880676379874, 0.95182388599383172, 0.95176007657257478, 0.95193023503644403, 0.95220674252898008, 0.95200467936779409, 0.95196213974770649, 0.95171753696136163, 0.95210039349143893, 0.95213229820270129, 0.9518132510951488, 0.95193023503137297, 0.95236626608529196, 0.95191960012761889, 0.95210039349650999, 0.95193023503137297, 0.95187706051260235, 0.9519089652238647, 0.95216420291396364, 0.95214293310645537, 0.95196213974263533, 0.95190896522893587, 0.95217483781771772, 0.95191960013268995, 0.95205785388656461, 0.95211102839519302, 0.95193023504151519, 0.95181325109007764, 0.95220674253405124, 0.95155801340504986, 0.95222801234155952, 0.95174944167262399, 0.95194086993639482, 0.9519834095501436, 0.9515367435937383, 0.95214293311152653, 0.95167499734127403, 0.9518132510913454, 0.9520259491702312, 0.95191960013268995, 0.95201531426267372, 0.95189833032011062, 0.95214293310645537, 0.95174944166755293, 0.95188769542142759, 0.95182388599383172, 0.95189833032011062, 0.95193023503137297, 0.95204721897266831, 0.95201531426267372, 0.95173880676379874, 0.95183452090265697, 0.95190896522893587, 0.95202594916516003, 0.95208975858514922, 0.9517388067688699, 0.95188769542142759, 0.95193023503644403, 0.95185579070509407, 0.95171753695629058], "loss": [0.18675338553834644, 0.14396705517905273, 0.13953928317069234, 0.1372685003864452, 0.13619577619422943, 0.13541514501696658, 0.13488398208163538, 0.13449828111338105, 0.1342592442928984, 0.13400423363953318, 0.13356390892666958, 0.13342603914432546, 0.13314768632553581, 0.13295354253875821, 0.13272526106700788, 0.13267023393177713, 0.13245188946481412, 0.13252156120652178, 0.13224490230488425, 0.1323189196435236, 0.13228369229231998, 0.13226456334365755, 0.13191804947014801, 0.13199683655598918, 0.13191764699668565, 0.13185762415180388, 0.13181786608895024, 0.131762744026445, 0.13150964346387964, 0.13164971293628971, 0.13166667934882315, 0.13146878988656874, 0.13139022775442058, 0.13139872527258864, 0.13145856933873676, 0.13134334612814852, 0.13134949632994511, 0.13126802636225476, 0.13127616664982472, 0.13135555893464834, 0.1311769578195843, 0.13137780777174249, 0.13131144397498748, 0.13123187628291103, 0.1313101571491839, 0.13106710516581138, 0.13116486577576023, 0.13124125885864235, 0.13103747267846946, 0.13108880336522283, 0.13121225064477551, 0.13114234595305485, 0.13110960366381275, 0.13105706758183089, 0.13106052981841904, 0.13105623250620982, 0.13099526977153658, 0.13105381408435518, 0.13087678697119873, 0.13098213785533688, 0.13087823902525497, 0.13090933982465516, 0.1310110449404282, 0.13099904717564723, 0.13095321601456206, 0.13093925252957736, 0.13091568933114667, 0.13089684894759895, 0.1308615006963636, 0.13088179914308307, 0.1309664876929727, 0.13090441952731197, 0.13081485086155231, 0.1308992418718759, 0.13085821569631495, 0.13079646668966102, 0.13085797038798913, 0.13095631348049402, 0.13085606310337919, 0.13084714912241804, 0.13079444747249788, 0.13077323944490601, 0.13076116942217106, 0.1307420640621276, 0.13071568852965407, 0.13072580417793861, 0.13081991383406719, 0.13073298861520741, 0.13077735733532037, 0.13071358734659599, 0.13084381247129667, 0.1308448028478244, 0.13072866776877484, 0.13066056480730873, 0.13081243997949826, 0.13074443086452475], "val_acc": [0.94448698315467072, 0.94873021949974479, 0.94959162838182742, 0.95112302194997445, 0.95134635017866254, 0.95141015824400199, 0.95236727922409392, 0.95089969372128635, 0.95220775906074528, 0.95223966309341501, 0.95217585502807556, 0.95306916794282792, 0.95255870342011228, 0.95227156712608474, 0.95275012761613065, 0.95287774374680956, 0.95313297600816749, 0.95252679938744256, 0.95287774374680956, 0.95249489535477283, 0.9521120469627361, 0.95313297600816749, 0.95297345584481874, 0.9528139356814701, 0.95252679938744256, 0.95217585502807556, 0.95214395099540583, 0.95185681470137828, 0.95300535987748847, 0.95335630423685558, 0.95338820826952531, 0.95338820826952531, 0.95319678407350694, 0.95332440020418585, 0.95255870342011228, 0.95255870342011228, 0.95329249617151612, 0.95319678407350694, 0.95284583971413983, 0.95313297600816749, 0.95214395099540583, 0.95275012761613065, 0.95278203164880038, 0.9528139356814701, 0.95294155181214901, 0.95255870342011228, 0.95322868810617667, 0.95310107197549765, 0.95271822358346092, 0.95134635017866254, 0.95300535987748847, 0.95262251148545174, 0.95249489535477283, 0.95268631955079119, 0.95230347115875447, 0.95236727922409392, 0.95271822358346092, 0.95278203164880038, 0.95262251148545174, 0.95227156712608474, 0.95172919857069938, 0.95313297600816749, 0.95271822358346092, 0.95220775906074528, 0.95294155181214901, 0.95271822358346092, 0.95268631955079119, 0.95259060745278201, 0.9532605921388464, 0.95319678407350694, 0.95249489535477283, 0.95278203164880038, 0.95303726391015819, 0.95271822358346092, 0.95300535987748847, 0.95239918325676365, 0.95243108728943338, 0.95268631955079119, 0.95284583971413983, 0.95259060745278201, 0.95262251148545174, 0.95278203164880038, 0.95313297600816749, 0.9521120469627361, 0.95262251148545174, 0.95252679938744256, 0.95268631955079119, 0.95233537519142419, 0.95268631955079119, 0.95255870342011228, 0.95297345584481874, 0.95329249617151612, 0.95329249617151612, 0.95265441551812147, 0.95300535987748847, 0.95338820826952531],