{"low_val_loss": 0.12844133879770697, "params": {"verbose": 1, "nb_epoch": 1000, "batch_size": 32, "metrics": ["loss", "acc", "val_loss", "val_acc"], "nb_sample": 94030, "do_validation": true}, "results": {"acc": [0.94323088377064424, 0.94833563756248007, 0.9496543656279911, 0.95053706264465421, 0.9512283313899399, 0.95150483888120807, 0.95179198128764053, 0.95143039455492928, 0.95171753695629058, 0.95202594916516003, 0.95224928214399662, 0.95221737743780532, 0.95215356802035178, 0.95258959907427065, 0.95230245666276725, 0.95268531320298666, 0.95204721897773936, 0.95267467829923258, 0.95223864725038476, 0.95256832926169133, 0.95283420185047329, 0.95252578964160373, 0.95299372541185623, 0.95283420185047329, 0.95299372540678506, 0.95315324896309683, 0.9528767414705609, 0.95285547165798146, 0.95320642348693863, 0.95286610656173565, 0.95299372541185623, 0.95290864617675208, 0.95300436031561031, 0.95330213761565463, 0.95286610656173565, 0.95324896310195506, 0.95303626502687266, 0.95307880463681804, 0.95313197915558867, 0.95273848772175729, 0.95335531213442515, 0.95346166117830533, 0.95317451877060511, 0.95313197915558867, 0.95290864617675208, 0.95308943954564329, 0.95319578857811338, 0.95298309050810204, 0.95331277252447977, 0.95334467723574223], "loss": [0.1749902878434027, 0.14091549540857906, 0.1368138505580716, 0.13485824776864694, 0.13346669880821263, 0.13281296653304406, 0.13190433267176335, 0.13109120119731121, 0.13067114700329605, 0.13010944802970514, 0.12977139522541106, 0.12936654918931412, 0.12909391782476612, 0.12869437395873431, 0.12867953458791601, 0.12839552418901401, 0.12833127806880912, 0.12813486440041263, 0.12803246212882918, 0.12780207647239478, 0.12778874405245824, 0.12771275496231355, 0.12753421136017723, 0.12766189246317508, 0.1273404706889526, 0.12715861533175096, 0.12737928137340077, 0.12729497659354402, 0.12713676416105657, 0.12713062513334808, 0.12711502631224306, 0.12715112877304277, 0.12691559602776753, 0.12685915150281585, 0.1266964395773876, 0.12656428372319248, 0.12669612227060637, 0.12664116934032171, 0.12642570523327049, 0.12652255457398182, 0.1262988044290318, 0.12643495408886862, 0.12621562476362508, 0.12639764232990255, 0.1265405541140672, 0.12645476584176263, 0.12631097266369901, 0.12641242336532124, 0.12622386885173623, 0.12604130423951374], "val_acc": [0.9470074017355794, 0.95064446145992854, 0.95125063808065335, 0.95208014293006638, 0.95160158244002047, 0.95259060745278201, 0.95287774374680956, 0.95322868810617667, 0.95383486472690149, 0.95351582440020421, 0.95255870342011228, 0.95310107197549765, 0.95402628892291985, 0.95383486472690149, 0.95402628892291985, 0.95383486472690149, 0.95220775906074528, 0.95357963246554367, 0.95428152118427767, 0.95428152118427767, 0.95421771311893822, 0.95319678407350694, 0.95386676875957122, 0.95428152118427767, 0.95300535987748847, 0.95405819295558958, 0.95444104134762631, 0.9543134252169474, 0.95351582440020421, 0.9539624808575804, 0.95393057682491067, 0.95335630423685558, 0.95393057682491067, 0.95409009698825931, 0.95383486472690149, 0.95412200102092903, 0.95297345584481874, 0.9524629913221031, 0.95313297600816749, 0.95364344053088312, 0.95351582440020421, 0.95300535987748847, 0.95380296069423176, 0.95275012761613065, 0.95278203164880038, 0.95322868810617667, 0.95351582440020421, 0.95409009698825931, 0.95287774374680956, 0.95357963246554367], "val_loss": [0.14456470785524664, 0.13851081021605491, 0.13638580002693146, 0.13465545114059421, 0.13410656296397547, 0.13260895542557019, 0.13334479266059771, 0.13136355479919617, 0.1320103681158995, 0.13094061710826593, 0.13151681202408183, 0.13034231604313198, 0.12937237416270925, 0.12914072851697483, 0.1291181173198393, 0.12947890769943191, 0.13207061632121322, 0.12976499372592168, 0.129322609709668, 0.12849221678546735, 0.12940532692069603, 0.12948173572817526, 0.12928824081176424, 0.12844133879770697, 0.13018255629170269, 0.12868756582773175, 0.12869072482731495, 0.12897161891728626, 0.12910087073945373, 0.12896837490920268, 0.1285283104671073, 0.12875775252946667, 0.12854468398606247, 0.12876252712222647, 0.12944170427587096, 0.12914857086252504, 0.13049395018337545, 0.12980931974384571, 0.12910743494626969, 0.12896733956754725, 0.12918896567230476, 0.12925852562009435, 0.12866656759001729, 0.13005478265673881, 0.13012223820439281, 0.12930649496527458, 0.12871133311518057, 0.12855222660928373, 0.12998472305605185, 0.12877178807885992]}}