{"low_val_loss": 0.13289307638139461, "params": {"verbose": 1, "nb_epoch": 1000, "batch_size": 32, "metrics": ["loss", "acc", "val_loss", "val_acc"], "nb_sample": 94030, "do_validation": true}, "results": {"acc": [0.94365627991573797, 0.94713389344333554, 0.94872912900645368, 0.94975007976684922, 0.94992023822691518, 0.95040944379453363, 0.95037753908834244, 0.95082420504094434, 0.95095182389106492, 0.9511113474435734, 0.95137722004122982, 0.95147293416994572, 0.95133468042240998, 0.95144102945868336, 0.95131341061490171, 0.95197277464638941, 0.95176007657637818, 0.95168563225009928, 0.95152610869378751, 0.95147293417501688, 0.95234499628285485, 0.95176007657257478, 0.95165372753376587, 0.95198340955521465, 0.95194086994526927, 0.95200467935765176, 0.95176007657637818, 0.95149420398759621, 0.95181325109007764, 0.95189833032011062, 0.9516218228225034, 0.95184515580133999, 0.95200467936272293, 0.95184515580133999, 0.95167499734127403, 0.95204721897266831, 0.9517707114750612, 0.95210039349650999, 0.9518876954176243, 0.95199404445896885, 0.95200467935765176, 0.95156864830880394, 0.95227055195657595, 0.95177071148013226, 0.95204721897266831, 0.95221737743273427, 0.95218547272654297, 0.95168563225009928, 0.95180261619139461, 0.95213229820777234, 0.95201531426647701, 0.95227055195150478, 0.9523024566678383, 0.95205785388149355, 0.95235563118153777, 0.95189833032011062, 0.95196213974770649, 0.95210039349650999, 0.95196213974770649, 0.95214293311152653, 0.95207912368900183], "loss": [0.17744198994605856, 0.1421195048408205, 0.13909602040979793, 0.1377397962533374, 0.13678578744413344, 0.13598490433148802, 0.13554906350405282, 0.13493994914726617, 0.13468649673941135, 0.13457160089293732, 0.13425618116936505, 0.13415520934602573, 0.13399459329784064, 0.13397619967758623, 0.13393777668330309, 0.1337075844663807, 0.13368957062059422, 0.13348471645385068, 0.13346786690632434, 0.1335780360009852, 0.13338958525117581, 0.13332322371518829, 0.13346609580720295, 0.1333409118185484, 0.13332731836998093, 0.13340165133468271, 0.13317524500093753, 0.13322974345214467, 0.13307996335501091, 0.13318524337297905, 0.13318259141579356, 0.13310118106360336, 0.13321059291050635, 0.13323904207338999, 0.13303511201032714, 0.13304619745020663, 0.13306352294855495, 0.13297128297779187, 0.13310210574079573, 0.13308225931794063, 0.1330015679575938, 0.13293190681051983, 0.13298082579694681, 0.13290177008439591, 0.13285047110947829, 0.13302849141537579, 0.13292953989061537, 0.13289661867040706, 0.13295967633560923, 0.1328094176196119, 0.13290182876181858, 0.1328878175369396, 0.1329175465472148, 0.13284622583283551, 0.13295598756187169, 0.13265219886455334, 0.13283623462596575, 0.13269189141748575, 0.1328219319238037, 0.13283808720241161, 0.13268162604596886], "val_acc": [0.94448698315467072, 0.94940020418580906, 0.95003828483920372, 0.95007018887187344, 0.95016590096988263, 0.95137825421133226, 0.95131444614599281, 0.95105921388463499, 0.9517611026033691, 0.95230347115875447, 0.95287774374680956, 0.95125063808065335, 0.95208014293006638, 0.95223966309341501, 0.95195252679938747, 0.95208014293006638, 0.95239918325676365, 0.95265441551812147, 0.95265441551812147, 0.95294155181214901, 0.95134635017866254, 0.9524629913221031, 0.95284583971413983, 0.95268631955079119, 0.9521120469627361, 0.95306916794282792, 0.95335630423685558, 0.95294155181214901, 0.95332440020418585, 0.95278203164880038, 0.95275012761613065, 0.95290964777947929, 0.95233537519142419, 0.95252679938744256, 0.95294155181214901, 0.95268631955079119, 0.95227156712608474, 0.95278203164880038, 0.95322868810617667, 0.95278203164880038, 0.95275012761613065, 0.95322868810617667, 0.95198443083205719, 0.95223966309341501, 0.95322868810617667, 0.95255870342011228, 0.95316488004083721, 0.95329249617151612, 0.95319678407350694, 0.95243108728943338, 0.95335630423685558, 0.95287774374680956, 0.95306916794282792, 0.95287774374680956, 0.9528139356814701, 0.95310107197549765, 0.95268631955079119, 0.95287774374680956, 0.95217585502807556, 0.95316488004083721, 0.95313297600816749], "val_loss": [0.14517766314845354, 0.14143984667070669, 0.13951441202162479, 0.13829849373060504, 0.13783346546691191, 0.13666139983853981, 0.13551773119483937, 0.13553467521946944, 0.13612965069380326, 0.13524757140906049, 0.13530834455227536, 0.1351612478926314, 0.13451278059172381, 0.13427248773711289, 0.13432824053535844, 0.13415900924475507, 0.13421102526496417, 0.13351245829098654, 0.13593697509499703, 0.13387705888855878, 0.13417560768548081, 0.13450178699192342, 0.13344218792235019, 0.13418701207317552, 0.13372301738832817, 0.13411124513378522, 0.13398644107908786, 0.1332840063999492, 0.13611954055639053, 0.13403881176537918, 0.13354193921152915, 0.13317532358180509, 0.13406982253656941, 0.13436756944241057, 0.13289307638139461, 0.1335179799204505, 0.13409730186947394, 0.13347625912125771, 0.13348876227657516, 0.13324806840273573, 0.13368601288081675, 0.13507646080648461, 0.13453717696736697, 0.13407394918934035, 0.13394350992280832, 0.13367652746450845, 0.13403160516562482, 0.13423875603784921, 0.13545989712026121, 0.13399687058265231, 0.13361999858503532, 0.13354668001139908, 0.13359631720745879, 0.13362275272410035, 0.13396945815949857, 0.13437565800321685, 0.13327530322709577, 0.13358136044359742, 0.1346619492040157, 0.13403720116968237, 0.13495316303555244]}}