{"low_val_loss": 0.21334271765633905, "params": {"verbose": 1, "nb_epoch": 1000, "batch_size": 32, "metrics": ["loss", "acc", "val_loss", "val_acc"], "nb_sample": 29058, "do_validation": true}, "results": {"acc": [0.84324454539197469, 0.89352329823112397, 0.89985546149081153, 0.90319361277445109, 0.90326244063596939, 0.90346892422052449, 0.90374423566659778, 0.90408837497418959, 0.90353775208204279, 0.90364099387432029, 0.90529286255076058, 0.90408837497418959, 0.90484548145089128, 0.90467341179709548, 0.90508637896620547, 0.90384747745887539, 0.90532727648151967, 0.90522403468924217, 0.90543051827379728, 0.90487989538165048, 0.90439810035102208, 0.90515520682772388, 0.90481106752013218, 0.90515520682772388, 0.90622203868125817, 0.90556817399683387, 0.90512079289696468, 0.90546493220455637, 0.90570582971987057, 0.90515520682772388, 0.90536169041227887, 0.90556817399683387, 0.90525844862000138, 0.90556817399683387, 0.90553376006607478, 0.90584348544290727, 0.90529286255076058, 0.90536169041227887, 0.90635969440429487, 0.90639410833505407, 0.90494872324316888, 0.90505196503544638, 0.90632528047353567, 0.90536169041227887, 0.90529286255076058, 0.90556817399683387, 0.90563700185835228, 0.90694473122720076, 0.90642852226581316, 0.90584348544290727, 0.90601555509670317, 0.90635969440429487, 0.90604996902746227, 0.90515520682772388, 0.90635969440429487, 0.90546493220455637, 0.90518962075848308, 0.90598114116594397, 0.90694473122720076, 0.90677266157340486, 0.90615321081973987, 0.90570582971987057, 0.90587789937366647], "loss": [0.33987896759246333, 0.24291501439746069, 0.23331562483357468, 0.2282819253570654, 0.22501172717837328, 0.22374421831122185, 0.22252579295996341, 0.22180462955620342, 0.22119586651848516, 0.22102823995038032, 0.22054372277166806, 0.22019541303989557, 0.21981695233663776, 0.21925984844735899, 0.21936841029436641, 0.219250274352256, 0.21875706565931671, 0.21864832476959872, 0.21813936951122853, 0.21817920352219797, 0.21809117753545582, 0.21733599942634188, 0.21768929376368495, 0.21733126756114329, 0.21704583018345755, 0.21704327300784756, 0.21680016896243678, 0.21641678610543671, 0.21688178062471786, 0.21654931417595161, 0.21653376969219923, 0.21628453020539481, 0.21607022313045343, 0.21579557868723648, 0.21591909526401737, 0.21570158947557386, 0.21580748122313156, 0.21556277870581911, 0.21563721491040949, 0.21533871960271553, 0.21533363201357442, 0.21528660768003421, 0.21537964913671775, 0.21525399533443174, 0.21516311619428471, 0.21515278579159916, 0.21488283001672573, 0.21489202478037497, 0.21485799772643943, 0.21501627973586546, 0.2148669287813646, 0.2149496159941072, 0.21489691307658101, 0.21516684383576165, 0.21488257389910756, 0.21503731966887341, 0.21500140396287498, 0.21480244285760935, 0.21473898887798376, 0.21492841644102992, 0.21440650180153464, 0.21490289690764644, 0.21457605053351417], "val_acc": [0.88458759171608081, 0.89449778062905694, 0.8990399505228921, 0.90213688455819718, 0.90079487980956496, 0.90203365342368702, 0.90193042228917686, 0.90244657796172767, 0.90182719115466659, 0.90296273363427848, 0.90420150724840054, 0.90378858271035989, 0.90358212044133945, 0.90420150724840054, 0.90482089405546151, 0.90544028086252248, 0.90172396002015642, 0.90492412518997167, 0.90482089405546151, 0.90544028086252248, 0.9067822856111547, 0.90544028086252248, 0.90667905447664454, 0.90306596476878864, 0.90461443178644119, 0.90709197901468519, 0.90368535157584962, 0.90647259220762422, 0.90585320540056324, 0.90574997426605308, 0.90636936107311405, 0.90492412518997167, 0.90564674313154292, 0.90523381859350216, 0.90368535157584962, 0.90306596476878864, 0.90564674313154292, 0.90492412518997167, 0.90544028086252248, 0.90636936107311405, 0.90420150724840054, 0.90626612993860389, 0.90564674313154292, 0.90564674313154292, 0.90595643653507341, 0.905130587458992, 0.90647259220762422, 0.90544028086252248, 0.90358212044133945, 0.90523381859350216, 0.90471766292095135, 0.90564674313154292, 0.90492412518997167, 0.90564674313154292, 0.90595643653507341, 0.90574997426605308, 0.90482089405546151, 0.90492412518997167, 0.90409827611389038, 0.90337565817231913, 0.90451120065193102, 0.90574997426605308, 0.90347888930682929], "val_loss": [0.24915804284096651, 0.23577966596967753, 0.22794724139584419, 0.22221247760014254, 0.22156465421511046, 0.2201794480482491, 0.2200917026274736, 0.21845426494964224, 0.21795995137978721, 0.21829028632651423, 0.21755374921134865, 0.21721481391491876, 0.21616431407125125, 0.21692210299269488, 0.21611324349239266, 0.21612932749382541, 0.21857581439987478, 0.21568813152427432, 0.21637506638565607, 0.21661384449392032, 0.21576508392339597, 0.21594855460980808, 0.2149724546657254, 0.21960205064908236, 0.21549583749990414, 0.21553082037626731, 0.21649142104528188, 0.21441513410081703, 0.21364079350883455, 0.21535180344034721, 0.21561964170179881, 0.21507165615521953, 0.21502264603146387, 0.21593375857356065, 0.21609002482513284, 0.21667263472955195, 0.21334271765633905, 0.21664612267646699, 0.21405600748638551, 0.21467440227636725, 0.21614138216404793, 0.21497189932789018, 0.21414251942266382, 0.21441210533327962, 0.21483012911113433, 0.21396731587648515, 0.21429597937655889, 0.21370645135231919, 0.21667322066653016, 0.21484085623664459, 0.21445864874954573, 0.21523607175909132, 0.21441977345513968, 0.21431613981852998, 0.2136387725855724, 0.21386805807730724, 0.21431678070844334, 0.21391233063782777, 0.21506300423983832, 0.21541476034953203, 0.21579705112130818, 0.21437401584861718, 0.21528558138786016]}}