{"low_val_loss": 0.21186966122371981, "params": {"verbose": 1, "nb_epoch": 1000, "batch_size": 32, "metrics": ["loss", "acc", "val_loss", "val_acc"], "nb_sample": 29058, "do_validation": true}, "results": {"acc": [0.8415582627847753, 0.89479661366921326, 0.89827242067588964, 0.90047491224447651, 0.9021267809209168, 0.9026429898823044, 0.9018514694748434, 0.9024365062977493, 0.90384747745887539, 0.90340009635900609, 0.90353775208204279, 0.90346892422052449, 0.90508637896620547, 0.90487989538165048, 0.90477665358937298, 0.90353775208204279, 0.90388189138963448, 0.90412278890494868, 0.90450134214329958, 0.90591231330442568, 0.90570582971987057, 0.90518962075848308, 0.90543051827379728, 0.90577465758138898, 0.90591231330442568, 0.90532727648151967, 0.90501755110468718, 0.90487989538165048, 0.90618762475049897, 0.90512079289696468, 0.90611879688898067, 0.90618762475049897, 0.90522403468924217, 0.90594672723518477, 0.90656617798884986, 0.90639410833505407, 0.90601555509670317, 0.90560258792759307, 0.90570582971987057, 0.90611879688898067, 0.90543051827379728, 0.90591231330442568, 0.90563700185835228, 0.90587789937366647, 0.90601555509670317, 0.90673824764264577, 0.90656617798884986, 0.90594672723518477, 0.90536169041227887, 0.90670383371188656, 0.90691031729644156, 0.90649735012733157, 0.90653176405809066, 0.90646293619657237, 0.90625645261201737, 0.90666941978112736, 0.90646293619657237, 0.90618762475049897, 0.90687590336568247, 0.90680707550416406, 0.90622203868125817, 0.90673824764264577, 0.90656617798884986, 0.90601555509670317, 0.90704797301947826, 0.90656617798884986, 0.90680707550416406, 0.90722004267327416, 0.90553376006607478, 0.90677266157340486, 0.90574024365062977, 0.90615321081973987, 0.90618762475049897, 0.90625645261201737, 0.90639410833505407, 0.90618762475049897, 0.90618762475049897, 0.90594672723518477, 0.90687590336568247, 0.90649735012733157, 0.90618762475049897, 0.90653176405809066, 0.90673824764264577, 0.90660059191960907, 0.90625645261201737, 0.90687590336568247, 0.90728887053479246, 0.90635969440429487, 0.90704797301947826, 0.90625645261201737, 0.90680707550416406, 0.90632528047353567, 0.90725445660403337, 0.90653176405809066, 0.90622203868125817, 0.90656617798884986, 0.90718562874251496, 0.90587789937366647, 0.90677266157340486, 0.90639410833505407, 0.90677266157340486, 0.90687590336568247, 0.90594672723518477, 0.90622203868125817, 0.90663500585036827, 0.90670383371188656], "loss": [0.34078656011120984, 0.24232822681041108, 0.23393015787457497, 0.22968033547390435, 0.22713514176851884, 0.22546169681262584, 0.22441243504663977, 0.22339268084837258, 0.22282000112184039, 0.22229616861244023, 0.22186316490151289, 0.22130069431323646, 0.22072592229852298, 0.22031936218482726, 0.22015184256557718, 0.21983616341332854, 0.21946045710704964, 0.21912337452228617, 0.21874369361607532, 0.21806060954245338, 0.21791038339690549, 0.21750151656090627, 0.21730843241556569, 0.21706830312362213, 0.21689105357968871, 0.21654493529399566, 0.2164066693589724, 0.21651899668968375, 0.21629515860483056, 0.2161981700020553, 0.21595667877243782, 0.21618539192304673, 0.21571962818553636, 0.21583433408141178, 0.21556637549328125, 0.21534077181986006, 0.21547031804680275, 0.2153761918652746, 0.21511904815256377, 0.21500330523012329, 0.21480460830506018, 0.21485294184933199, 0.21486870984806641, 0.21466966034606447, 0.21462627436681864, 0.21473019422641604, 0.21426370713274043, 0.21435900732050661, 0.21448967621367307, 0.2140201126108052, 0.21429724988552404, 0.21427731448050516, 0.21423897959670898, 0.21400953469400158, 0.21419884701001363, 0.21403469867433567, 0.21397034609079227, 0.21396125230912363, 0.21395070257941087, 0.21378361428997755, 0.21394415988018717, 0.21394767677294133, 0.21382644602708581, 0.21375777870078189, 0.21357126743313171, 0.21384848981146512, 0.21384863773054061, 0.21386386547923514, 0.21382898126730562, 0.21359849672976586, 0.21377458184869302, 0.21379451634546567, 0.21356301105447445, 0.21392613432860946, 0.21387831738590579, 0.21385166014350632, 0.21341763839264058, 0.21367171007089361, 0.21324747132619584, 0.21359362727049477, 0.21355105370797986, 0.21386717616336395, 0.21356696730200248, 0.21371558553364414, 0.21377357577160078, 0.2135733435877471, 0.21359305090366895, 0.21346883358757809, 0.21354890125106551, 0.21368683972466787, 0.21324725982311318, 0.21374858942317965, 0.21348205055038685, 0.21341922549996623, 0.21377122991304451, 0.21370951264893592, 0.21326614473771718, 0.21355256294874325, 0.21337560466084926, 0.21357886523461669, 0.21351938778463381, 0.21316279338103414, 0.21364449663501175, 0.2134179429683348, 0.21354010053913841, 0.21351043365707162], "val_acc": [0.88613605873373325, 0.89769794577425988, 0.89738825237072939, 0.90141426661662594, 0.9006916486750548, 0.90120780434760561, 0.90224011569270735, 0.90275627136525816, 0.90100134207858529, 0.90038195527152431, 0.90265304023074799, 0.9015174977511361, 0.90337565817231913, 0.90203365342368702, 0.90378858271035989, 0.90224011569270735, 0.90296273363427848, 0.90275627136525816, 0.90378858271035989, 0.90399504497938021, 0.90554351199703265, 0.90420150724840054, 0.90533704972801232, 0.90595643653507341, 0.90554351199703265, 0.90605966766958357, 0.90616289880409373, 0.90337565817231913, 0.90616289880409373, 0.90471766292095135, 0.90533704972801232, 0.90471766292095135, 0.90554351199703265, 0.90389181384487005, 0.90626612993860389, 0.90492412518997167, 0.90492412518997167, 0.90574997426605308, 0.90554351199703265, 0.90709197901468519, 0.9043047383829107, 0.90544028086252248, 0.90482089405546151, 0.90492412518997167, 0.90420150724840054, 0.90605966766958357, 0.90389181384487005, 0.90544028086252248, 0.905130587458992, 0.90544028086252248, 0.90544028086252248, 0.90440796951742086, 0.90461443178644119, 0.90420150724840054, 0.90471766292095135, 0.9067822856111547, 0.90636936107311405, 0.90492412518997167, 0.90564674313154292, 0.90492412518997167, 0.90647259220762422, 0.90378858271035989, 0.90482089405546151, 0.90616289880409373, 0.90544028086252248, 0.90647259220762422, 0.90667905447664454, 0.90451120065193102, 0.90605966766958357, 0.90368535157584962, 0.90471766292095135, 0.90647259220762422, 0.905130587458992, 0.90533704972801232, 0.90378858271035989, 0.90523381859350216, 0.90451120065193102, 0.90399504497938021, 0.90482089405546151, 0.90564674313154292, 0.90595643653507341, 0.90585320540056324, 0.905130587458992, 0.905130587458992, 0.90492412518997167, 0.90605966766958357, 0.90564674313154292, 0.90533704972801232, 0.90605966766958357, 0.90657582334213438, 0.90482089405546151, 0.90461443178644119, 0.90471766292095135, 0.90688551674566487, 0.90616289880409373, 0.90626612993860389, 0.90492412518997167, 0.90502735632448184, 0.90389181384487005, 0.90533704972801232, 0.905130587458992, 0.90461443178644119, 0.90482089405546151, 0.90409827611389038, 0.90564674313154292, 0.90451120065193102],