{"low_val_loss": 0.21391492268612625, "params": {"verbose": 1, "nb_epoch": 1000, "batch_size": 32, "metrics": ["loss", "acc", "val_loss", "val_acc"], "nb_sample": 29058, "do_validation": true}, "results": {"acc": [0.85281161814302431, 0.89899511322183223, 0.9020579530593984, 0.9026429898823044, 0.90364099387432029, 0.90460458393557708, 0.90340009635900609, 0.90381306352811619, 0.90457017000481799, 0.90467341179709548, 0.90532727648151967, 0.90494872324316888, 0.90463899786633628, 0.90494872324316888, 0.90518962075848308, 0.90563700185835228, 0.90649735012733157, 0.90556817399683387, 0.90484548145089128, 0.90518962075848308, 0.90584348544290727, 0.90494872324316888, 0.90622203868125817, 0.90543051827379728, 0.90574024365062977, 0.90525844862000138, 0.90604996902746227, 0.90601555509670317, 0.90608438295822147, 0.90577465758138898, 0.90684148943492326, 0.90570582971987057, 0.90570582971987057, 0.90728887053479246, 0.90484548145089128, 0.90673824764264577, 0.90622203868125817, 0.90601555509670317, 0.90718562874251496, 0.90611879688898067, 0.90663500585036827, 0.90622203868125817, 0.90615321081973987, 0.90618762475049897, 0.90594672723518477, 0.90594672723518477, 0.90539610434303808, 0.90622203868125817, 0.90680707550416406, 0.90653176405809066, 0.90642852226581316, 0.90560258792759307], "loss": [0.32095553390017656, 0.23849934752948745, 0.23075137612430979, 0.22675107794891566, 0.22424902519000536, 0.22237284896181589, 0.22184708895403665, 0.22048835173650902, 0.22016752588235303, 0.21936712802375402, 0.21865952084664919, 0.21844543690060991, 0.21800061937897702, 0.21814010972376988, 0.21750211508318879, 0.21716922873527789, 0.21717201060077609, 0.21680262266646771, 0.21678838398779601, 0.21658637218181934, 0.21616653628766941, 0.21606575034226122, 0.21613238513637897, 0.21607445453998925, 0.21593485230161905, 0.21558565395595825, 0.21578696721282592, 0.21580459240056568, 0.21512035892296744, 0.21562055323420504, 0.21527652070054465, 0.21557481048177546, 0.21554132016404251, 0.21519832553349549, 0.21529163482129871, 0.21485426649169212, 0.21537589158672321, 0.21526752863276116, 0.21498922180115879, 0.21516314289681379, 0.21510189223460974, 0.21506169742405706, 0.21499793676770873, 0.21492123709126629, 0.2148120659066973, 0.21489138077357095, 0.21482126547387875, 0.2149284440302032, 0.21495255219592227, 0.21486026103633246, 0.21462324433763552, 0.21490340288605403], "val_acc": [0.89129761543462949, 0.89800763917779036, 0.90182719115466659, 0.90110457321309545, 0.90182719115466659, 0.90058841756515684, 0.90234334682721751, 0.90337565817231913, 0.90358212044133945, 0.90285950249976832, 0.90440796951742086, 0.90358212044133945, 0.90451120065193102, 0.90347888930682929, 0.9031691959032988, 0.90471766292095135, 0.90420150724840054, 0.90285950249976832, 0.90492412518997167, 0.90595643653507341, 0.90306596476878864, 0.90544028086252248, 0.9043047383829107, 0.9043047383829107, 0.90492412518997167, 0.90544028086252248, 0.90451120065193102, 0.90492412518997167, 0.90544028086252248, 0.90471766292095135, 0.90523381859350216, 0.90440796951742086, 0.90306596476878864, 0.90440796951742086, 0.90482089405546151, 0.90389181384487005, 0.9043047383829107, 0.90471766292095135, 0.90399504497938021, 0.90461443178644119, 0.90533704972801232, 0.90564674313154292, 0.905130587458992, 0.90471766292095135, 0.90585320540056324, 0.90616289880409373, 0.90389181384487005, 0.90636936107311405, 0.90585320540056324, 0.905130587458992, 0.90688551674566487, 0.90523381859350216], "val_loss": [0.24319109702437633, 0.23222544678251625, 0.22601497370514742, 0.22386294706719104, 0.22260188641988224, 0.22386060979844519, 0.21950116707737927, 0.21827251826620353, 0.21926367674817041, 0.21733925789456207, 0.21654473412045511, 0.21839505567557552, 0.21729994549635112, 0.21625271356793715, 0.21714139443082781, 0.21564092308581276, 0.21573979803574914, 0.21807884155959428, 0.21531340387862596, 0.21483376606509721, 0.21750460349579426, 0.21527508557107386, 0.21620315360717757, 0.2151404030400311, 0.21470494449132488, 0.21391492268612625, 0.215144967662423, 0.21488596146242334, 0.21530540954947311, 0.2154232997501476, 0.21434876954665036, 0.21559985504561907, 0.21654252597972362, 0.21569838413848122, 0.21417924948517378, 0.21436548617905823, 0.21541185487998926, 0.2140774943855164, 0.21505605563470623, 0.21447258998799573, 0.21572434212126032, 0.21467941045404232, 0.21424767151328816, 0.21432964642977978, 0.21464602949327147, 0.21482399885002471, 0.21574082999846214, 0.2141911093819753, 0.2146943417805888, 0.21453368474889051, 0.21399218558994401, 0.21438208337143699]}}