{"low_val_loss": 0.12958711356251687, "params": {"verbose": 1, "nb_epoch": 1000, "batch_size": 32, "metrics": ["loss", "acc", "val_loss", "val_acc"], "nb_sample": 94030, "do_validation": true}, "results": {"acc": [0.94361374029565037, 0.9475592895985715, 0.94933531851536745, 0.95001595236070235, 0.95053706263958315, 0.95070722110472017, 0.95112198234732759, 0.95170690205760755, 0.95151547379510448, 0.95218547272147191, 0.95189833032137838, 0.95170690205760755, 0.95180261619139461, 0.95187706051260235, 0.95225991705282187, 0.95205785388656461, 0.95193023503644403, 0.95219610763029716, 0.9522599170477507, 0.95232372647027541, 0.95232372647534658, 0.95245134532039599, 0.95253642454535792, 0.95176007657257478, 0.95245134531532494, 0.95228118686033003, 0.9523449962879259, 0.95261086887163671, 0.95202594917530226, 0.95205785387642239, 0.95229182175901306, 0.95227055195657595, 0.95267467829416141, 0.95239817080162537, 0.95230245666276725, 0.95239817079782207, 0.95274912262044031, 0.95290864618182325, 0.95255769435793725, 0.95250451983536333, 0.95298309050303098, 0.95291928108557733, 0.95285547166305262, 0.95278102733677372, 0.95286610656173565, 0.95301499521429334, 0.95319578857811338, 0.9531107093480804, 0.95308943954057213, 0.95287674146548973, 0.95297245559927679, 0.95306816973306396, 0.95291928108050628, 0.95303626502687266, 0.95310007444432632, 0.95310007444432632, 0.95304689993062675, 0.95319578857811338, 0.95341912155694986, 0.95342975647084627, 0.95320642348186746, 0.95305753483057754, 0.95296182069552271, 0.95284483675422738, 0.95323832819312981, 0.95312134425183448, 0.95324896309688401, 0.95294055089815666, 0.95295118579176863, 0.95319578858318443, 0.95314261405934275, 0.95317451877060511, 0.95317451877060511, 0.95323832819820098, 0.95320642348693863, 0.95325959800063809, 0.95335531213949631, 0.95304689992555569, 0.95348293098454573, 0.95314261406441392, 0.95296182069552271, 0.95325959800063809, 0.95306816973433173, 0.95298309050303098, 0.95321705839069271, 0.95278102733170267, 0.9531107093480804, 0.95351483569580808, 0.95328086781448518, 0.95301499521429334, 0.95347229607572048, 0.9529405508930856, 0.95314261406441392, 0.95323832819820098, 0.95307880463681804, 0.95313197915558867, 0.95320642348186746, 0.95336594703817934, 0.9529405508930856, 0.95337658194700459, 0.95319578858318443, 0.95299372540678506, 0.95300436031561031, 0.95298309050303098, 0.95310007444939737, 0.95338721685075867, 0.95298309050810204, 0.95320642348693863], "loss": [0.17184228367876098, 0.1415696068471459, 0.1385398036343429, 0.13693303974317791, 0.13594924959301707, 0.13516307876082947, 0.13462712125256254, 0.13422228235231998, 0.13392688259728017, 0.13363451985879032, 0.13344136575245039, 0.13330644165710173, 0.13316468973258297, 0.13307273386324212, 0.13297638252645327, 0.13294933277071252, 0.13279504087517569, 0.13275685729745168, 0.13263354302649102, 0.13242930805750963, 0.13257333508301553, 0.13228019456761728, 0.13239605464893023, 0.13229532274466607, 0.13220011365355189, 0.1321317351602575, 0.13212082376746209, 0.13219564441739276, 0.13193065022948092, 0.13194798641703134, 0.13191830099094906, 0.13170109563170881, 0.13169147397839084, 0.1315103645937932, 0.13133361797443441, 0.13117197729685987, 0.13091824710896824, 0.13061733745877621, 0.13036953530738954, 0.13014740945905443, 0.13010212478323888, 0.12976603208989854, 0.1297711186869264, 0.12952791929314722, 0.1294379229482141, 0.12917968573724795, 0.12899049850812455, 0.12899696733253846, 0.12896669776334693, 0.12881886115592631, 0.12878505501404483, 0.12850363630043546, 0.12865776822397229, 0.1286258024480588, 0.12866695985739995, 0.1284609635237822, 0.1286995535242384, 0.12841059271419325, 0.12833512097321381, 0.12849026696011068, 0.12821618781483396, 0.12826044576308529, 0.12851933373294205, 0.12831593323809967, 0.12830783454807282, 0.12841818933694601, 0.12819727356616445, 0.12828020650561053, 0.12813924869888327, 0.12815459923681827, 0.12825204995784192, 0.12815996457937612, 0.12830382543229224, 0.12807799982926979, 0.12807491603118745, 0.12800125664164033, 0.12811050481359768, 0.12804397274401802, 0.12818408161385902, 0.12804190535171608, 0.12813934964379117, 0.1281549395956309, 0.12809971120716801, 0.12791722376039405, 0.12801306144862584, 0.12800165107036943, 0.12803804742165031, 0.12805651059816153, 0.12800736668407062, 0.12780552634025055, 0.12806895634702808, 0.12788719862705847, 0.12792686360380973, 0.12798779503019722, 0.12796104551185689, 0.1279130364623898, 0.12784610779047342, 0.12791939984369594, 0.12763728820382567, 0.12784840978739884, 0.12781316050868408, 0.1279286242901049, 0.12783162285264066, 0.12778215919287803, 0.12797129151574679, 0.12768729731977765, 0.12791685194021132, 0.12793812395428947], "val_acc": [0.94448698315467072, 0.95016590096988263, 0.94751786625829504, 0.95169729453802965, 0.95214395099540583, 0.95160158244002047, 0.95313297600816749, 0.95271822358346092, 0.95236727922409392, 0.95262251148545174, 0.95179300663603883, 0.95300535987748847, 0.9528139356814701, 0.9536115364982134, 0.95287774374680956, 0.95319678407350694, 0.95294155181214901, 0.95338820826952531, 0.95249489535477283, 0.95255870342011228, 0.95300535987748847, 0.95294155181214901, 0.95332440020418585, 0.95364344053088312, 0.95319678407350694, 0.95262251148545174, 0.95364344053088312, 0.95357963246554367, 0.95268631955079119, 0.95220775906074528, 0.95357963246554367, 0.95313297600816749, 0.95319678407350694, 0.9536115364982134, 0.95370724859622258, 0.95342011230219503, 0.95303726391015819, 0.95259060745278201, 0.95412200102092903, 0.95405819295558958, 0.9536115364982134, 0.95380296069423176, 0.95230347115875447, 0.95345201633486476, 0.95386676875957122, 0.95364344053088312, 0.9532605921388464, 0.95255870342011228, 0.95294155181214901, 0.95409009698825931, 0.95319678407350694, 0.95316488004083721, 0.9536115364982134, 0.95249489535477283, 0.95412200102092903, 0.95367534456355285, 0.95364344053088312, 0.95316488004083721, 0.95271822358346092, 0.95265441551812147, 0.9532605921388464, 0.95265441551812147, 0.95364344053088312, 0.95316488004083721, 0.95342011230219503, 0.95345201633486476, 0.95275012761613065, 0.95185681470137828, 0.95428152118427767, 0.95227156712608474, 0.95351582440020421, 0.95389867279224094, 0.95370724859622258, 0.95373915262889231, 0.95300535987748847, 0.95255870342011228, 0.95354772843287394, 0.95332440020418585, 0.95255870342011228, 0.95271822358346092, 0.95313297600816749, 0.95383486472690149, 0.95373915262889231, 0.95310107197549765, 0.95367534456355285, 0.95338820826952531, 0.9532605921388464, 0.95297345584481874, 0.95243108728943338, 0.95319678407350694, 0.95313297600816749, 0.95271822358346092, 0.95271822358346092, 0.95364344053088312, 0.95342011230219503, 0.95290964777947929, 0.95402628892291985, 0.9524629913221031, 0.95437723328228685, 0.95364344053088312, 0.95290964777947929, 0.95300535987748847, 0.95335630423685558, 0.95322868810617667, 0.95367534456355285, 0.95271822358346092, 0.95389867279224094, 0.95345201633486476],