{"low_val_loss": 0.13293586348265699, "params": {"verbose": 1, "nb_epoch": 1000, "batch_size": 32, "metrics": ["loss", "acc", "val_loss", "val_acc"], "nb_sample": 94030, "do_validation": true}, "results": {"acc": [0.94364564500944825, 0.94674040200950416, 0.94831436776004296, 0.94915452515154741, 0.94954801660059207, 0.94995214293310648, 0.94993087312306268, 0.95033499946825484, 0.95076039562349079, 0.95056896735591656, 0.95077103052217382, 0.95028182495455538, 0.95084547485352378, 0.95082420504094434, 0.95104753801978092, 0.95085610975220669, 0.95133468042748104, 0.95124960119110924, 0.9513453153248963, 0.95112198234732759, 0.9516962671487823, 0.95188769541635643, 0.95182388599509948, 0.95110071253855155, 0.95129214080612567, 0.95139848984366693, 0.95185579071016524, 0.95176007657130701, 0.95174944167262399, 0.95147293417501688, 0.95123896628735505, 0.9516962671487823, 0.95146229926619164, 0.95151547378496226, 0.95127087099861751, 0.9521642029190347, 0.95137722004122982, 0.95158991811124105, 0.95173880676379874, 0.95145166436750861, 0.95144102945868336, 0.95179198128256937, 0.95167499734127403, 0.95185579071016524, 0.95153674359754159, 0.95187706051767351, 0.95140912474742101, 0.95187706051767351, 0.95190896522893587, 0.95179198128256937, 0.95193023503644403, 0.95145166436243755, 0.95189833032518167, 0.9514197596511752, 0.95158991811124105, 0.95190896522893587, 0.95171753695629058, 0.95205785387388686, 0.95220674252898008, 0.95152610869378751, 0.95178134637881529, 0.95211102839519302, 0.952196107625226, 0.95198340955521465, 0.95193023503644403, 0.95191960013268995, 0.9519089652238647, 0.95193023503644403, 0.95178134638388634, 0.95178134637881529, 0.95183452089885368, 0.95215356801020956, 0.95213229820270129, 0.9520259491702312, 0.95196213974263533, 0.95213229820777234, 0.95191960013268995, 0.95206848878017658, 0.95212166330401826, 0.95189833032518167, 0.95224928214399662, 0.95191960013268995, 0.95213229820777234, 0.95220674252898008, 0.95235563118153777, 0.95213229820270129, 0.95204721897900724, 0.95222801233648835, 0.95232372647027541, 0.95215356801020956, 0.95238753589787128, 0.95182388600397394, 0.95243007550781666, 0.95230245667290947, 0.95206848878524764, 0.9525151547429207, 0.95236626608529196, 0.95239817079655431, 0.95238753590294245, 0.95249388493034137, 0.95221737743273427, 0.9525151547429207, 0.95252578964667489, 0.9521216632989471, 0.95241944060533035, 0.95262150377539079, 0.95239817079655431, 0.95241944060406258, 0.95249388493541254, 0.95261086887163671, 0.95239817079655431, 0.95236626609036301, 0.95252578964160373, 0.95240880570537956, 0.95237690099538497, 0.95262150377665866, 0.95239817080162537, 0.95229182175901306, 0.95236626609036301, 0.95239817079655431], "loss": [0.17684840606835553, 0.1427369155713146, 0.13972125167426663, 0.13828301224605993, 0.13731455614525473, 0.13653946061419842, 0.1360646891169861, 0.13573131438748426, 0.13547279373085475, 0.1353616402529344, 0.13513650004183955, 0.13494799962249648, 0.13472520604984792, 0.13470914261995015, 0.13461418468526934, 0.13452384503128223, 0.13429802835516938, 0.13418518065357163, 0.1340807540303188, 0.13407240089401087, 0.13380194745128249, 0.13369916474808566, 0.13391074591350849, 0.13398890276275569, 0.13375450171055622, 0.13367050571027816, 0.13353671038466464, 0.13366781640316494, 0.13352606158097804, 0.13346385327720978, 0.13354916580494422, 0.13343062212275314, 0.13343160143037888, 0.13343469932953481, 0.13342946341579598, 0.1335037471039757, 0.1334192508949088, 0.13333179309356438, 0.13331759261351867, 0.13339605481827069, 0.13344988323558737, 0.13324134112542252, 0.13337122145582611, 0.13342971010029628, 0.13343352766432787, 0.13315341642317993, 0.13328519984533035, 0.13316294578279725, 0.13327949906088349, 0.13324451709534024, 0.13319586483652918, 0.13326808769863221, 0.1331450936913896, 0.13321241840532386, 0.13333173502935072, 0.13314698604187611, 0.1331087551415949, 0.13314963846061251, 0.13311731598500329, 0.13306713345300439, 0.13312347851484446, 0.13299617277495748, 0.13307680301601985, 0.13303346934248053, 0.13318685803003391, 0.13305924515654199, 0.13294050440134381, 0.13294383648477512, 0.13284705151024997, 0.13290857242359502, 0.13278507010601789, 0.13281187235003239, 0.13272314945440475, 0.13271279541067807, 0.13274021475950948, 0.13273989316660406, 0.13263009803150355, 0.13264274985964192, 0.13257535708216192, 0.13248369682948286, 0.13249154869060142, 0.13251586414126404, 0.1325310918976243, 0.13255167923670405, 0.13250787847808201, 0.1324526979331544, 0.1324178511819015, 0.1323000545473913, 0.1322138881049143, 0.13244742673596815, 0.13227141082578425, 0.13228959811424101, 0.1321092124833847, 0.13228207217303792, 0.13215690592235926, 0.13213361560740547, 0.13205709152734491, 0.13218836671490816, 0.13210153023663904, 0.13196420240650072, 0.13196472731769232, 0.13200541577744354, 0.13209301246698393, 0.13198224539568129, 0.13199757138037574, 0.13197843094309708, 0.13183780066668194, 0.13179861852796385, 0.13193041611501261, 0.13188537162872521, 0.13183140399099494, 0.13182860752847947, 0.13178543148539135, 0.13170512500458242, 0.13176018255296748, 0.13178465480210108, 0.13181772199346958, 0.13179568556931429, 0.13175103190549825, 0.13170246806431105], "val_acc": [0.94448698315467072, 0.94971924451250633, 0.95010209290454317, 0.94959162838182742, 0.95070826952526799, 0.95144206227667172, 0.9504849412965799, 0.95185681470137828, 0.95089969372128635, 0.9511868300153139, 0.95115492598264417, 0.95230347115875447, 0.9521120469627361, 0.95204823889739665, 0.95208014293006638, 0.95227156712608474, 0.95208014293006638, 0.95169729453802965, 0.95188871873404801, 0.95300535987748847, 0.95166539050535992, 0.95316488004083721, 0.95230347115875447, 0.95297345584481874, 0.95185681470137828, 0.95271822358346092, 0.95239918325676365, 0.95370724859622258, 0.95265441551812147, 0.95300535987748847, 0.95294155181214901, 0.95172919857069938, 0.95208014293006638, 0.95265441551812147, 0.95217585502807556, 0.95182491066870856, 0.95329249617151612, 0.95255870342011228, 0.95345201633486476, 0.95275012761613065, 0.95227156712608474, 0.95093159775395608, 0.95112302194997445, 0.95259060745278201, 0.95141015824400199, 0.95319678407350694, 0.95294155181214901, 0.95268631955079119, 0.95195252679938747, 0.9532605921388464, 0.95227156712608474, 0.95236727922409392, 0.95310107197549765, 0.95265441551812147, 0.95271822358346092, 0.95268631955079119, 0.95319678407350694, 0.9521120469627361, 0.95271822358346092, 0.95319678407350694, 0.95284583971413983, 0.95338820826952531, 0.95306916794282792, 0.95275012761613065, 0.95236727922409392, 0.95300535987748847, 0.95166539050535992, 0.95217585502807556, 0.95342011230219503, 0.95319678407350694, 0.95249489535477283, 0.9517611026033691, 0.9528139356814701, 0.95230347115875447, 0.95335630423685558, 0.95306916794282792, 0.95275012761613065, 0.95370724859622258, 0.95230347115875447, 0.95271822358346092, 0.95354772843287394, 0.95268631955079119, 0.95367534456355285, 0.95271822358346092, 0.95262251148545174, 0.95377105666156203, 0.95236727922409392, 0.95335630423685558, 0.95252679938744256, 0.95380296069423176, 0.95249489535477283, 0.95348392036753449, 0.95357963246554367, 0.95303726391015819, 0.95386676875957122, 0.95275012761613065, 0.95345201633486476, 0.95354772843287394, 0.95313297600816749, 0.95380296069423176, 0.95345201633486476, 0.95265441551812147, 0.9528139356814701, 0.95287774374680956, 0.95316488004083721, 0.95303726391015819, 0.95316488004083721, 0.95287774374680956, 0.95357963246554367, 0.95357963246554367, 0.95262251148545174, 0.95287774374680956, 0.95297345584481874, 0.95310107197549765, 0.95345201633486476, 0.9532605921388464, 0.95297345584481874, 0.95335630423685558, 0.95338820826952531, 0.95303726391015819],