{"low_val_loss": 0.1285714261631247, "params": {"verbose": 1, "nb_epoch": 1000, "batch_size": 32, "metrics": ["loss", "acc", "val_loss", "val_acc"], "nb_sample": 94030, "do_validation": true}, "results": {"acc": [0.94357120068570499, 0.94777198766351167, 0.9495799213017122, 0.95023928533953883, 0.95023928533446778, 0.95065404658087849, 0.95085610975220669, 0.95139848984366693, 0.95117515686483034, 0.95131341061363395, 0.95148356907369991, 0.95181325109007764, 0.95167499734127403, 0.95164309263508284, 0.95182388599890289, 0.95180261618632356, 0.95178134638388634, 0.95187706051260235, 0.95197277464638941, 0.95236626608275632, 0.95191960012761889, 0.95224928214906768, 0.95234499628285485, 0.95197277465146057, 0.95246198022541795, 0.95272785281293204, 0.95217483781771772, 0.95244071041157075, 0.95243007551288772, 0.95232372647027541, 0.95219610763536822, 0.95241944060913364, 0.95266404339040733, 0.95232372647027541, 0.9523769009941172, 0.95235563118280564, 0.95278102733170267, 0.95227055195277266, 0.95245134531532494, 0.95269594810674074, 0.95283420185554435, 0.95261086887163671, 0.95279166224052791, 0.95254705945418305, 0.952898011272998, 0.95283420185554435, 0.95299372540678506, 0.95287674146548973, 0.95283420186061552, 0.95323832819312981, 0.95319578858318443, 0.95312134425690564, 0.95329150271697161, 0.95333404232691699, 0.95325959800063809, 0.95300436031053914, 0.95328086780814636, 0.9534616611719664, 0.95356801021584647, 0.95328086780941412, 0.95333404232691699, 0.95345102627328338, 0.95327023290439217, 0.95321705838562165, 0.95341912155694986, 0.9529405508930856, 0.95316388386811879, 0.95324896309688401, 0.95341912155694986, 0.95327023290946333, 0.95345102627328338, 0.95349356588322876, 0.9534297564657751, 0.95355737531082463, 0.95313197915558867, 0.9533872168456875, 0.95334467723067107, 0.95321705839576387, 0.95351483569073703, 0.9533872168456875, 0.95352547060463333, 0.95377007338083586, 0.95333404233198804, 0.95334467723067107, 0.95319578858318443, 0.95370626395831115, 0.95349356588322876, 0.95351483569580808, 0.95328086780814636, 0.95334467723574223, 0.95340848665826694, 0.95362118473334934, 0.95377007338083586, 0.95308943954564329, 0.95344039136445813, 0.95356801020950765, 0.95331277252955093, 0.95363181963203236, 0.95366372434329472, 0.95349356588829992, 0.9531957885882556, 0.95338721685582983, 0.95364245454085761, 0.95362118472827817, 0.95323832819820098, 0.95342975646070405, 0.95337658194700459, 0.95348293097947467, 0.95357864511833279, 0.95367435925211996, 0.9533021376169224, 0.95339785174944169, 0.95358928002208698, 0.95361054982959526, 0.95351483569580808, 0.9534616611719664, 0.95350420078698284, 0.95317451877060511, 0.95373816867084127, 0.95328086781321741, 0.95316388386685102, 0.95361054982579185, 0.95368499415587404, 0.95352547059956227, 0.95334467724081329, 0.95363181963203236, 0.95362118473334934, 0.95365308943954052, 0.95341912156202102, 0.95359991492584106], "loss": [0.17085186741040967, 0.14170507816993011, 0.13860969038952173, 0.13726433749390601, 0.13642748036762253, 0.13593342080973797, 0.13528189841552096, 0.13512176572731771, 0.13492572754526422, 0.13444583909222577, 0.13434504276543846, 0.13411937026277471, 0.13383987891539975, 0.1339562630431203, 0.13360459962817162, 0.13355868290036149, 0.13352669960161823, 0.13331433902943779, 0.13328915735579711, 0.13317672009323805, 0.13304212319081379, 0.13295242930443049, 0.13303751678025863, 0.13282615932317335, 0.13267829765553907, 0.13264642279350694, 0.13260597235241975, 0.13236503416754952, 0.13233577563390445, 0.13231320829562249, 0.13236156764622384, 0.13228184076401067, 0.13216450480714728, 0.1320887688381373, 0.13201688198565067, 0.13202031428533376, 0.1319952700292254, 0.13187262379817605, 0.1318955459344055, 0.13176617512934438, 0.13171039928001607, 0.13156136328709656, 0.13134059807293391, 0.13106314111669357, 0.13074558345979514, 0.1304034967365689, 0.1299341412577677, 0.12960109469680586, 0.12923858839438898, 0.1289000812489676, 0.12854221289723677, 0.12837122525704056, 0.12843032221863604, 0.12812016706204149, 0.12814784819315903, 0.12818419169149259, 0.12800489624000086, 0.12796545970733719, 0.12795071907957145, 0.12794109593962374, 0.12797752859224021, 0.12795848957952585, 0.12794873486793473, 0.12788227212758035, 0.12779151209243103, 0.12772459487585164, 0.12777781985223921, 0.12764032543330314, 0.12760942229510025, 0.12752233833901797, 0.12758524766738372, 0.12739758973383186, 0.1274781540319867, 0.12738657258605496, 0.12718432915061126, 0.12719853086828692, 0.12725699558088682, 0.12720228196946304, 0.12704735386486346, 0.12697401850111009, 0.12692733027035411, 0.12684869271286381, 0.12681985679939808, 0.1268149245815221, 0.12665615456209883, 0.12648716624142781, 0.12652047869627442, 0.12645951926876203, 0.12647731281816166, 0.12639520347663522, 0.12634603690875409, 0.12641374333151018, 0.12629854644750846, 0.12640945847638171, 0.12611513888089185, 0.12649451419956745, 0.12621955370365476, 0.12627403678268109, 0.12627753642541506, 0.12630256414635313, 0.12617523948410705, 0.12612455794180655, 0.12629900219214668, 0.12605287808987115, 0.12624142357425261, 0.12608190071300079, 0.12625426390247624, 0.12609904547165801, 0.12607661902058268, 0.1260942733098912, 0.12610932736875757, 0.12599929267280877, 0.12619417105252395, 0.12608849310905365, 0.12618442108662703, 0.12605452222604391, 0.12608850143503589, 0.12618349486123839, 0.12601432772591992, 0.12598053753711969, 0.12598128847513987, 0.12611464927751284, 0.12602391958230355, 0.12595461530738292, 0.12586210623144228, 0.12601356906680672, 0.12605641111390814, 0.12591666879880578, 0.12597450486579551, 0.12596647042432871],