{"low_val_loss": 0.1276983113368976, "params": {"verbose": 1, "nb_epoch": 1000, "batch_size": 32, "metrics": ["loss", "acc", "val_loss", "val_acc"], "nb_sample": 94030, "do_validation": true}, "results": {"acc": [0.94349675635942609, 0.9469743698819526, 0.94918642986027413, 0.94982452408805695, 0.95029245985830946, 0.95094118898223967, 0.95152610868871634, 0.95183452089758591, 0.95184515580133999, 0.9519834095501436, 0.95251515473784965, 0.95262150378046195, 0.95238753590294245, 0.95234499628285485, 0.9522386472453136, 0.9524726151228331, 0.95249388493541254, 0.9522599170477507, 0.9529086461868943, 0.95223864724024243, 0.95249388494048359, 0.9529405508930856, 0.95235563118660893, 0.95268531319791561, 0.95241944060533035, 0.95260023396788263, 0.95246198022415018, 0.95289801127806906, 0.95267467829416141, 0.95255769435793725, 0.95297245560434796, 0.95270658301049493, 0.95282356695179027, 0.95264277358797023, 0.95277039243301964, 0.95257896416544552, 0.95295118579683968, 0.95286610656173565, 0.95312134425690564, 0.95260023396788263, 0.95294055088801444, 0.9528661065668067, 0.9529405508930856, 0.95297245559927679, 0.95324896309688401, 0.95262150377539079, 0.95248325002658729, 0.95284483675929854, 0.95251515473784965, 0.9527597575241944, 0.95287674146548973, 0.95275975752926556, 0.95301499521936439, 0.95338721685075867, 0.95286610656427118, 0.95282356695179027, 0.952547059449112, 0.95288737637431498, 0.95313197915558867, 0.95323832819312981, 0.95283420185047329, 0.95304689993062675, 0.95321705839576387, 0.95316388387699325, 0.9529405508930856, 0.95297245560434796, 0.95288737637431498, 0.95316388386685102, 0.95287674146548973, 0.95328086781321741, 0.95263213868421603, 0.95294055088801444, 0.95331277252447977, 0.95287674146548973, 0.95320642349200968, 0.95281293204296502, 0.9527597575241944, 0.95277039242794848, 0.95284483675422738, 0.95257896417051657, 0.95304689992555569, 0.95340848665319577, 0.95298309050429875, 0.953153248968168, 0.95284483675422738, 0.95302563011804742, 0.95253642454535792, 0.95290864617675208, 0.95289801127806906, 0.95337658194700459, 0.95295118579176863, 0.95319578857811338, 0.95281293204296502, 0.95312134425183448, 0.95301499521429334, 0.95239817080162537, 0.95325959800570925, 0.95287674146548973, 0.95304689993062675, 0.95292991598933141, 0.95279166223545675, 0.95321705839069271, 0.95260023396788263, 0.95291928108050628, 0.95322769328937573, 0.9528767414705609, 0.95305753483057754, 0.95315324896309683, 0.95314261405934275, 0.95323832819312981, 0.95297245560941901, 0.95331277251940871, 0.95299372541692728, 0.95330213762579685], "loss": [0.17399266876972039, 0.14216119056965909, 0.13915687939987073, 0.13742849517633063, 0.13610709240452273, 0.1350333496974172, 0.13399546342036922, 0.13328620701264438, 0.13269666061209426, 0.13229461630142128, 0.13176236795714139, 0.1314010507646145, 0.13118115652276902, 0.13084984894326479, 0.1307610383629482, 0.13032726526262753, 0.13015936687818477, 0.12986516718450891, 0.12953191128364588, 0.12937283826266707, 0.12909526965611287, 0.12874391425116119, 0.12824553453794227, 0.12798284301792803, 0.12783532300208283, 0.12772750037095432, 0.12760345802403608, 0.12757219099483755, 0.1274777335466685, 0.12741509154462743, 0.1272764209777158, 0.12739821417425765, 0.1272835347974578, 0.12720135245743577, 0.12720263256179035, 0.12711451981475375, 0.12702312014904299, 0.1270154253493804, 0.12679830734481029, 0.12692939790159283, 0.12683242446061818, 0.12676364414034963, 0.12682923953193789, 0.12666646205007676, 0.12679822532749108, 0.12654268460117077, 0.12670788314083745, 0.12670600821772091, 0.12670480276092588, 0.12667950213721688, 0.12664058343040352, 0.12659970778287705, 0.12646329040433782, 0.1262353559212521, 0.12649793397913736, 0.12655850413326608, 0.12639663543520069, 0.12643862286964705, 0.12642336203090235, 0.12622762896626868, 0.12630653020759522, 0.12622052246327731, 0.12633365306365013, 0.12642916141133936, 0.126269480872887, 0.12630882203645508, 0.12643144545048765, 0.12618720000517644, 0.12626244525777638, 0.12629752776368708, 0.12631109118743689, 0.12622314365771836, 0.12624422819449219, 0.12636004907123513, 0.12637431967797894, 0.12628124077528743, 0.12619111786065496, 0.12616032718158929, 0.12607997271287674, 0.12619683178266311, 0.12616413623858397, 0.12601804933395333, 0.12624470827795781, 0.12602392238536364, 0.12613731539624684, 0.12610769837082073, 0.12600835748971631, 0.12626764380843428, 0.1260116079201169, 0.12599976327613757, 0.12619069995990298, 0.12623625426571711, 0.12612172583484352, 0.12606877652581772, 0.12604919145261906, 0.12612107304592127, 0.12601957585245424, 0.12601474660101972, 0.12606018649353368, 0.1260689761199229, 0.1260239050687659, 0.12596686751975236, 0.12592271993696011, 0.12561418359965881, 0.12593336811682004, 0.125839395746454, 0.12582194662298229, 0.12579064374558027, 0.12580597778859701, 0.12586717190567412, 0.12569479876365558, 0.12571910630076044, 0.12588811247025883, 0.12567439628518365], "val_acc": [0.94448698315467072, 0.95038922919857072, 0.95115492598264417, 0.95058065339458908, 0.95144206227667172, 0.95185681470137828, 0.95198443083205719, 0.95345201633486476, 0.95169729453802965, 0.95354772843287394, 0.9536115364982134, 0.95303726391015819, 0.95405819295558958, 0.95239918325676365, 0.95303726391015819, 0.95332440020418585, 0.95351582440020421, 0.95348392036753449, 0.95303726391015819, 0.95373915262889231, 0.95335630423685558, 0.95370724859622258, 0.95386676875957122, 0.95399438489025012, 0.95249489535477283, 0.95297345584481874, 0.95370724859622258, 0.95373915262889231, 0.9532605921388464, 0.95249489535477283, 0.95313297600816749, 0.95201633486472692, 0.95393057682491067, 0.95434532924961712, 0.95428152118427767, 0.95335630423685558, 0.95415390505359876, 0.9532605921388464, 0.95233537519142419, 0.95345201633486476, 0.95428152118427767, 0.9536115364982134, 0.95335630423685558, 0.95367534456355285, 0.95303726391015819, 0.95214395099540583, 0.95329249617151612, 0.95402628892291985, 0.95313297600816749, 0.95208014293006638, 0.95357963246554367, 0.95338820826952531, 0.95393057682491067, 0.95316488004083721, 0.95447294538029603, 0.95444104134762631, 0.95393057682491067, 0.95373915262889231, 0.95342011230219503, 0.95348392036753449, 0.95444104134762631, 0.9532605921388464, 0.95437723328228685, 0.95389867279224094, 0.95332440020418585, 0.95380296069423176, 0.95456865747830522, 0.95418580908626849, 0.95389867279224094, 0.95284583971413983, 0.95348392036753449, 0.95399438489025012, 0.95428152118427767, 0.95265441551812147, 0.95418580908626849, 0.95316488004083721, 0.95348392036753449, 0.95428152118427767, 0.95409009698825931, 0.95345201633486476, 0.95364344053088312, 0.95373915262889231, 0.9532605921388464, 0.9532605921388464, 0.95338820826952531, 0.95440913731495658, 0.95275012761613065, 0.95399438489025012, 0.95322868810617667, 0.95310107197549765, 0.95259060745278201, 0.95239918325676365, 0.95290964777947929, 0.95290964777947929, 0.9536115364982134, 0.95338820826952531, 0.95354772843287394, 0.95354772843287394, 0.95329249617151612, 0.95332440020418585, 0.95380296069423176, 0.95428152118427767, 0.9528139356814701, 0.95383486472690149, 0.9532605921388464, 0.9532605921388464, 0.95303726391015819, 0.9546643695763144, 0.95329249617151612, 0.95367534456355285, 0.95437723328228685, 0.95453675344563549, 0.9539624808575804, 0.95373915262889231],