{"low_val_loss": 0.21223138235997793, "params": {"verbose": 1, "nb_epoch": 1000, "batch_size": 32, "metrics": ["loss", "acc", "val_loss", "val_acc"], "nb_sample": 29058, "do_validation": true}, "results": {"acc": [0.84730538922155685, 0.89631082662261685, 0.90092229334434581, 0.9022988505747126, 0.9028838873976186, 0.90291830132837769, 0.90446692821254049, 0.90408837497418959, 0.90364099387432029, 0.90343451028976529, 0.90384747745887539, 0.90457017000481799, 0.90443251428178129, 0.90536169041227887, 0.90484548145089128, 0.90532727648151967, 0.90439810035102208, 0.90563700185835228, 0.90546493220455637, 0.90470782572785469, 0.90536169041227887, 0.90539610434303808, 0.90574024365062977, 0.90663500585036827, 0.90594672723518477, 0.90549934613531557, 0.90574024365062977, 0.90615321081973987, 0.90594672723518477, 0.90539610434303808, 0.90546493220455637, 0.90666941978112736, 0.90563700185835228, 0.90570582971987057, 0.90481106752013218, 0.90591231330442568, 0.90546493220455637, 0.90560258792759307, 0.90598114116594397, 0.90649735012733157, 0.90608438295822147, 0.90697914515795997, 0.90680707550416406, 0.90598114116594397, 0.90622203868125817, 0.90618762475049897, 0.90539610434303808, 0.90539610434303808, 0.90649735012733157, 0.90567141578911148, 0.90632528047353567, 0.90653176405809066, 0.90553376006607478, 0.90625645261201737, 0.90646293619657237, 0.90556817399683387, 0.90529286255076058, 0.90646293619657237, 0.90574024365062977, 0.90663500585036827, 0.90622203868125817, 0.90615321081973987, 0.90618762475049897, 0.90653176405809066, 0.90584348544290727, 0.90625645261201737, 0.90539610434303808, 0.90632528047353567, 0.90687590336568247, 0.90604996902746227, 0.90611879688898067, 0.90735769839631086, 0.90632528047353567, 0.90622203868125817, 0.90759859591162506, 0.90663500585036827, 0.90635969440429487, 0.90773625163466176, 0.90666941978112736, 0.90704797301947826, 0.90608438295822147, 0.90701355908871917, 0.90646293619657237, 0.90642852226581316, 0.90752976805010666, 0.90670383371188656, 0.90704797301947826, 0.90642852226581316, 0.90687590336568247, 0.90635969440429487, 0.90622203868125817, 0.90574024365062977, 0.90742652625782916, 0.90715121481175576, 0.90635969440429487, 0.90570582971987057, 0.90611879688898067, 0.90708238695023746, 0.90560258792759307, 0.90615321081973987, 0.90722004267327416, 0.90666941978112736, 0.90670383371188656, 0.90677266157340486, 0.90722004267327416, 0.90663500585036827, 0.90618762475049897, 0.90718562874251496, 0.90625645261201737, 0.90618762475049897, 0.90639410833505407, 0.90759859591162506, 0.90604996902746227, 0.90635969440429487, 0.90732328446555166, 0.90752976805010666, 0.90608438295822147, 0.90649735012733157, 0.90691031729644156, 0.90715121481175576, 0.90763300984238415, 0.90691031729644156, 0.90694473122720076, 0.90746094018858836, 0.90711680088099667, 0.90691031729644156, 0.90646293619657237, 0.90601555509670317, 0.90680707550416406, 0.90656617798884986, 0.90701355908871917, 0.90666941978112736, 0.90783949342693926, 0.90773625163466176, 0.90704797301947826, 0.90632528047353567, 0.90773625163466176, 0.90560258792759307, 0.90732328446555166, 0.90656617798884986, 0.90677266157340486, 0.90639410833505407], "loss": [0.32889365173300467, 0.23994119408429468, 0.23305670536957235, 0.22889690840102347, 0.22631543422752043, 0.22457048562460144, 0.2236030408855528, 0.22254615777808479, 0.2217741687838197, 0.2211605111265619, 0.22070874312529232, 0.22027859543894718, 0.21971721463205399, 0.21975845407035749, 0.21926542005504701, 0.2187549621718036, 0.21863499147229942, 0.21871338280806787, 0.2181170428016245, 0.21803002193272003, 0.21776139469413061, 0.21742596213122967, 0.21717796584077051, 0.21722985962230806, 0.21713998777361357, 0.21698492288566915, 0.21706001976484665, 0.21669046405360018, 0.21666894833730957, 0.21676348731761724, 0.21615726227631502, 0.21631938468807702, 0.21613780426481846, 0.21601931073560759, 0.21617291938500441, 0.21596587970683626, 0.21574857694132951, 0.21594478178560894, 0.21578998190807036, 0.21579854208299445, 0.21580614864089234, 0.21532263230309079, 0.21565153227574285, 0.21524265027820441, 0.21536041714605728, 0.21532633488107969, 0.21545692357720606, 0.21521654753644959, 0.21495244400295635, 0.21540311071964033, 0.21514641053225481, 0.21495450215285131, 0.21507537764651521, 0.21488990499875515, 0.21476110194828515, 0.21486205358665378, 0.21493572888086146, 0.21444039647467114, 0.21494347055005014, 0.2146431860563407, 0.21473005459238717, 0.21477281173748172, 0.21454303522067811, 0.21481555882041112, 0.2144427123262948, 0.21462040971812038, 0.21473783350070116, 0.21443205885242977, 0.21409587129896424, 0.21422953622143745, 0.21458682567489176, 0.21409157884860205, 0.21461926509889473, 0.21423781376366147, 0.21452219345527315, 0.214319303404096, 0.21440586427408581, 0.2140302976780678, 0.21415249830662744, 0.2143956572832757, 0.21406523811171493, 0.2141045118234165, 0.21406865901863004, 0.21410178413278869, 0.21427083794063206, 0.21390016296666539, 0.21406010814896714, 0.21405702876622587, 0.21410761275239917, 0.21389247731131497, 0.21394192443857896, 0.21430937109607504, 0.21390962507199157, 0.21400664797229596, 0.21393305129092166, 0.21411838340252828, 0.21402173418662515, 0.21386510365045122, 0.21408642417295431, 0.21390038444044915, 0.21380089120925913, 0.21389959637588213, 0.21378511516098492, 0.21363782922509936, 0.21382385270548393, 0.21419297153487471, 0.21375309140330107, 0.21359105803373984, 0.21373015566475748, 0.21382961375590767, 0.21365450380267587, 0.21356014504665144, 0.21376493690160178, 0.21370364994198335, 0.21363596891912165, 0.21334129508531663, 0.21376950842228229, 0.213537932113013, 0.2137735031313886, 0.21379524342736789, 0.21361973610548876, 0.21335852132992764, 0.21360168090722575, 0.21342903617157957, 0.21333102237719598, 0.2138555347439989, 0.21340479961795719, 0.21350149046333522, 0.21378785959336033, 0.2137167678380695, 0.21355726272087619, 0.21332091835198411, 0.21342177472516849, 0.21365244232579786, 0.21344563702050995, 0.21363815385867513, 0.21333951516781649, 0.21339870921837192, 0.21342018718382341, 0.21342734385647688, 0.21336449557843923, 0.21341884698442126],