{"low_val_loss": 0.13045670220339245, "params": {"verbose": 1, "nb_epoch": 1000, "batch_size": 32, "metrics": ["loss", "acc", "val_loss", "val_acc"], "nb_sample": 95954, "do_validation": true}, "results": {"acc": [0.94235779643916007, 0.94709965192896695, 0.94837109448898482, 0.94865247931548891, 0.94867332264121618, 0.9487358526034898, 0.94902765908664566, 0.94967380203759355, 0.94953832044272857, 0.95002813848302314, 0.94990307855350653, 0.94984054859620237, 0.9499030785646877, 0.95005940347037166, 0.95042416157866483, 0.9501740417283282, 0.95039289660249748, 0.95074723304419995, 0.95076807637613903, 0.95060132980386436, 0.95062217312462216, 0.95123705108200973, 0.95144548428958842, 0.95121620776622129, 0.95153927924418003, 0.95201867561664144, 0.95166433916251536, 0.95177897742171413, 0.951924880673231, 0.95193530233236756, 0.95197698897388328, 0.9519040373524732, 0.95189361569085185, 0.95215415719535568, 0.95221668716881058, 0.95209162723308216, 0.95184150738895723, 0.95156012255872602, 0.95217500051611359, 0.95212289221421897, 0.95237301206331326, 0.95195614565436781, 0.95186235071095748, 0.95227921712487229, 0.95270650519543909, 0.95227921711990293, 0.95237301206331326], "loss": [0.16663552889975083, 0.14629508724098125, 0.14207918414655477, 0.14033046826351567, 0.13899725610607525, 0.13807133303665067, 0.13670941963956459, 0.136507637815558, 0.13573964433717178, 0.13508386244026363, 0.13484479015467155, 0.13483930387771162, 0.13397657571061411, 0.1337267256457744, 0.13342807598782105, 0.13294564128347722, 0.13258367943486563, 0.13207283855064739, 0.13189458916307398, 0.13105883521916364, 0.1308777670817603, 0.13054238961414422, 0.1302496860855569, 0.12957900943088235, 0.12928644058376493, 0.12897215817636667, 0.12881565539449627, 0.12828922035851181, 0.12841397487929249, 0.12804468488212972, 0.12775135409931512, 0.12751876746563112, 0.12739067591518219, 0.12701506559474637, 0.12724540766155343, 0.1267269155499022, 0.12694311499176966, 0.12675141322384742, 0.12636081303196148, 0.1262898310159542, 0.12583849172891123, 0.1260480940786714, 0.12610190965726431, 0.12594753477907905, 0.12563449680084018, 0.12527832645921891, 0.12535071074742096], "val_acc": [0.94478661872752856, 0.9479756135688604, 0.94763170236048144, 0.94675629201188061, 0.94972643426606218, 0.94850711270908239, 0.9490698765046115, 0.94978896357667653, 0.9475691730498671, 0.94703767390964511, 0.94953884633421914, 0.94891355322807569, 0.95003908081913402, 0.94982022823198375, 0.94960137564483349, 0.95050805064874155, 0.95013287481859887, 0.9506956385805847, 0.95044552133812721, 0.94894481788338281, 0.95125840237611381, 0.9498827575425981, 0.95082069720181339, 0.95085196185712051, 0.94850711270908239, 0.94985149288729087, 0.94850711270908239, 0.9494763170236048, 0.95113334375488512, 0.95082069720181339, 0.95113334375488512, 0.94957011098952637, 0.95085196185712051, 0.94888228857276846, 0.95110207909957789, 0.95041425668282009, 0.95116460841019224, 0.95113334375488512, 0.95082069720181339, 0.94819446615601066, 0.95125840237611381, 0.95053931530404878, 0.95082069720181339, 0.95113334375488512, 0.95082069720181339, 0.95038299202751286, 0.95082069720181339], "val_loss": [0.15446502851269592, 0.14131690381487608, 0.14284798338699475, 0.13975246079616646, 0.13921829678103087, 0.13695100975016589, 0.13768520002972992, 0.13523370971775378, 0.13688661787744535, 0.13883460456234917, 0.13937734687840339, 0.13525285982579688, 0.13580661740958253, 0.13401180514184985, 0.13914207279220939, 0.13371437213253898, 0.13278973261131724, 0.13304567465409275, 0.13263146036166371, 0.13434987611135729, 0.1338417618586269, 0.13380068217974744, 0.13354389602846889, 0.13324358847428433, 0.13284670289827732, 0.13273531456202925, 0.13352694310526261, 0.1321616734352562, 0.13246367891328267, 0.13142789286413248, 0.13045670220339245, 0.13251256144603976, 0.13107379080542217, 0.13325749338325418, 0.13116827753347887, 0.1331076420406839, 0.13051107148043678, 0.1316936292829263, 0.13302863293002876, 0.13422453291824837, 0.1306476248830338, 0.13173127531835263, 0.13094797628138688, 0.13065058203501143, 0.13077755517767278, 0.1316785403815437, 0.13084250426728483]}}