{"low_val_loss": 0.22112759968441878, "params": {"verbose": 1, "nb_epoch": 1000, "batch_size": 32, "metrics": ["loss", "acc", "val_loss", "val_acc"], "nb_sample": 30068, "do_validation": true}, "results": {"acc": [0.87947319407752966, 0.90119063456166026, 0.90129040839968011, 0.90341891713705058, 0.90335240121596316, 0.90494878277493807, 0.90408407607832786, 0.90361846482894892, 0.90358520686444055, 0.90418384994013568, 0.90511507250232803, 0.90464946121330259, 0.90431688171887603, 0.90448317147798318, 0.90454968736735342, 0.90524810429692693, 0.90511507248646939, 0.90451642941870369, 0.90431688174266389, 0.90498204069187049, 0.9059465212106419, 0.90478249299997215, 0.90654516429426635, 0.90604629504866174, 0.90770919248114812, 0.90597977915929162, 0.90744312892366763, 0.90770919250493609, 0.90721032328311946, 0.90701077557536247, 0.90757616071826652, 0.90737661299465089, 0.90760941865898692, 0.90804177197557479, 0.90800851405071292, 0.90804177199143332, 0.90854064120532063, 0.9092058001783152, 0.90857389916189968, 0.90844086735937146, 0.9086071571105494, 0.90837435146207202, 0.9092058001783152, 0.90933883199670207, 0.9102367966102447, 0.90887322071560583, 0.90950512171616271, 0.90963815350283239, 0.90973792735671088, 0.90913928427308643, 0.90920580020210318, 0.90987095914338045, 0.90960489555418267, 0.90990421710788882, 0.91086869760287226, 0.91053611812430424, 0.90987095917509764, 0.90987095914338045, 0.90973792734878156, 0.91007050684320812], "loss": [0.27587224267352778, 0.2247482869589251, 0.22148342535456747, 0.22041377971523443, 0.2195710657845632, 0.21868631196922803, 0.21763244995224645, 0.218003147746934, 0.21781443988165197, 0.2167623643101142, 0.21657891404411492, 0.21646940168967127, 0.21650086153777845, 0.21573514749617023, 0.21493942259124607, 0.21479731897090176, 0.21495681738455402, 0.21509931883834787, 0.21428742065968245, 0.21416576370622656, 0.213817342435868, 0.21335313657988286, 0.21293621103196159, 0.21299136136937874, 0.21211894856610006, 0.21264099593062311, 0.21189069188908247, 0.21160249129974479, 0.21182088285696479, 0.21133609562299505, 0.21074060191971136, 0.21093625490955967, 0.2107467678881903, 0.21121798868634148, 0.21015311796820288, 0.21015748220253169, 0.21005572160579303, 0.21000172921566787, 0.20916112633767686, 0.20952046508740377, 0.20898567679890359, 0.20878735347022176, 0.20889807511029351, 0.20845246610765811, 0.20792655424582002, 0.20829464846648829, 0.20811387154155864, 0.20749788674741124, 0.20689539185238121, 0.20690441453125433, 0.20744853046991191, 0.20628822484960957, 0.20669230152686194, 0.20635049228748617, 0.20617048898695695, 0.20558521484970269, 0.20580868856520257, 0.20574267880981933, 0.20545507306365618, 0.20527026762753958], "val_acc": [0.89923176698362139, 0.89873291434469094, 0.90262396492834851, 0.90222488281720414, 0.90322258809506506, 0.90322258809506506, 0.90062855437262668, 0.90302304703949288, 0.90072832490041277, 0.89883268487247703, 0.9027237354561346, 0.90362167015863515, 0.90481891653964253, 0.90312281751970469, 0.90302304703949288, 0.90062855437262668, 0.9027237354561346, 0.90312281756727897, 0.90192557123384587, 0.90242442387277633, 0.90302304703949288, 0.9027237354561346, 0.90352189967842333, 0.90102763648377104, 0.8967375037889691, 0.90192557123384587, 0.90541753970635908, 0.90451960495628425, 0.90242442387277633, 0.90422029337292598, 0.90082809542819886, 0.90182580070605978, 0.90012970173369622, 0.90332235862285115, 0.90382121126178161, 0.90262396492834851, 0.90202534176163196, 0.90322258809506506, 0.90042901331705449, 0.89983039015033794, 0.9027237354561346, 0.90222488281720414, 0.90082809542819886, 0.9030230469919186, 0.9030230469919186, 0.90292327646413251, 0.90372144073399552, 0.90222488281720414, 0.90132694806712932, 0.90122717749176895, 0.9015264891227015, 0.90212511224184377, 0.90192557123384587, 0.9015264891227015, 0.90362167020620943, 0.90172603017827369, 0.90362167020620943, 0.90362167015863515, 0.90232465329741596, 0.90162625960291332], "val_loss": [0.23353041461083057, 0.23308874690626644, 0.22671071920110164, 0.22477457627682323, 0.22834826940894543, 0.22546578134817716, 0.22541294840475667, 0.22408251764233642, 0.22714618982299886, 0.22879490984790901, 0.22366934366822303, 0.22713451589383635, 0.22386761147807271, 0.22669836995630913, 0.22370862188327817, 0.22692776625769873, 0.22465136849117839, 0.22496728474932326, 0.2271256652403934, 0.2287654608330493, 0.23373113625969916, 0.22445338601113601, 0.22197327418300214, 0.22499882878002905, 0.22796676817333272, 0.22580465111239614, 0.22213401001905309, 0.22348647916625031, 0.22271372823881483, 0.22205379142930595, 0.22733461845840486, 0.22405558231198525, 0.22682522209796985, 0.2219297904166278, 0.22267720064312402, 0.22330745600612176, 0.23113235666534684, 0.22310330979150653, 0.22767762645482897, 0.22696105039703696, 0.22468511090775301, 0.22325901911636437, 0.23017961956998445, 0.22112759968441878, 0.22271116376279965, 0.22287549967955153, 0.22223316855854253, 0.22279865040692767, 0.22996605824778374, 0.22318450360226558, 0.22360727891948876, 0.22470581331712619, 0.2249866354183607, 0.22449572202831783, 0.22138112194700107, 0.22410901005748834, 0.2249540214670355, 0.22390600695951868, 0.22451335631491573, 0.22468172863852795]}}