{"low_val_loss": 0.2210241892488134, "params": {"verbose": 1, "nb_epoch": 1000, "batch_size": 32, "metrics": ["loss", "acc", "val_loss", "val_acc"], "nb_sample": 30068, "do_validation": true}, "results": {"acc": [0.88230011972068578, 0.90049221762415732, 0.90208859915934425, 0.90388452838642952, 0.90308633762676538, 0.90418384994013568, 0.90494878274322077, 0.90451642941870369, 0.9053811360835966, 0.9048490089289889, 0.90528136223764732, 0.90538113610738447, 0.90591326326199217, 0.90561394173207399, 0.90641213251552599, 0.90601303710001202, 0.90578023148325193, 0.90807502991629518, 0.90731009711321009, 0.90721032329104878, 0.90637887453515908, 0.90647864841282555, 0.90814154582152395, 0.90671145402165632, 0.90744312890780898, 0.90714380735410283, 0.90770919248114812, 0.90744312889195033, 0.90854064119739131, 0.90977118530536061, 0.90850738325667091, 0.9088067047865892], "loss": [0.26494706990721378, 0.22562848431158211, 0.22009040827413054, 0.21844654870949892, 0.21846114752202872, 0.2166035853170708, 0.21633659179689277, 0.21533821503762729, 0.21468501887919184, 0.21397320704366896, 0.21383440079239593, 0.21320621193335446, 0.21293971911657517, 0.21227493280146181, 0.2125857872413926, 0.21155820320907609, 0.21091479633548119, 0.21115535477247424, 0.21049048501918396, 0.21007410129112211, 0.20995365749676367, 0.2104127285002203, 0.2089120036104313, 0.20901418123946824, 0.20933155199861977, 0.20868835739273014, 0.20798548705379299, 0.20802650129967934, 0.20798061594805123, 0.207800111652721, 0.20759851009038213, 0.20675450120975128], "val_acc": [0.90002993120591013, 0.90052878384484059, 0.90222488281720414, 0.9039209817895677, 0.90082809542819886, 0.90332235862285115, 0.90432006390071207, 0.90252419440056242, 0.90362167020620943, 0.90082809542819886, 0.90471914601185643, 0.90112740701155714, 0.90242442387277633, 0.90222488281720414, 0.90402075231735379, 0.9039209817895677, 0.90182580070605978, 0.90481891653964253, 0.90222488281720414, 0.90422029337292598, 0.90082809542819886, 0.90461937548407034, 0.90112740701155714, 0.90412052284513988, 0.89963084909476576, 0.90142671859491541, 0.90362167020620943, 0.90312281756727897, 0.90182580070605978, 0.90342212915063724, 0.90372144073399552, 0.90412052284513988], "val_loss": [0.23809254966630891, 0.22970963081330653, 0.22623370952512481, 0.22539607119616142, 0.22692240290414378, 0.22435028383763478, 0.22283385884472798, 0.2230078850774414, 0.22228150136168937, 0.22335690558462173, 0.22243968145904172, 0.22371552996824307, 0.22263657567857401, 0.2259796270603526, 0.22260390052737844, 0.2210241892488134, 0.2231078578361218, 0.22317243523462368, 0.22201483536061561, 0.22225127752658838, 0.22532267788683216, 0.22106369306266183, 0.22437753017453224, 0.22284223699324696, 0.22436668769537563, 0.22366178089851846, 0.22340908307319365, 0.22363655849849703, 0.22250930849579081, 0.22111348028633987, 0.22180478598773451, 0.22805773092400916]}}