{"low_val_loss": 0.22102209723163457, "params": {"verbose": 1, "nb_epoch": 1000, "batch_size": 32, "metrics": ["loss", "acc", "val_loss", "val_acc"], "nb_sample": 30068, "do_validation": true}, "results": {"acc": [0.87305440998813233, 0.90015963814558941, 0.90298656377288689, 0.90361846482894892, 0.90371823865903955, 0.90331914326731344, 0.90358520686444055, 0.90478249300790148, 0.90395104429165829, 0.90588000530541313, 0.90538113607566728, 0.90521484636413585, 0.90501529864844954, 0.9059797791513623, 0.90601303713172932, 0.9054809099374751, 0.90584674736469273, 0.90631235864578896, 0.90541439405603419, 0.90454968735942409, 0.90644539044038785, 0.90591326325406285, 0.90617932687497793, 0.90597977915929162, 0.90591326326199217, 0.90597977917515027, 0.90531462021008502, 0.90760941864312827, 0.90631235864578896, 0.90588000530541313, 0.90804177199143332, 0.90634561658650936, 0.90740987095122994, 0.90714380735410283, 0.90774245043772717, 0.90637887454308841, 0.90784222427574712, 0.90671145402165632, 0.90757616069447855, 0.90697751761085421, 0.90664493812435687, 0.90797525607827534, 0.9068777437886929, 0.90701077556743315, 0.90860715712640805, 0.90947186375958367, 0.90774245043772717, 0.90780896633502661, 0.90737661299465089, 0.90757616068654923], "loss": [0.28720601848803001, 0.22528251018774101, 0.22172164943951853, 0.21959441486739631, 0.21889248390622448, 0.21777812983343636, 0.21731064056991753, 0.21651317564567638, 0.21666346140898685, 0.21588352257062482, 0.21574727778971092, 0.21526069162658543, 0.21562376061152855, 0.21453658079742607, 0.21380608509524762, 0.21400351421549485, 0.21359451977146804, 0.21339467934222398, 0.21397830047346705, 0.21279573759310136, 0.21267681426232493, 0.21297820301564652, 0.21241568142514256, 0.21251828699721226, 0.21224945625227087, 0.21176366029671251, 0.21160861849388385, 0.21132337259448589, 0.21133339979934998, 0.21152995008808256, 0.21048654718761894, 0.21112676189033627, 0.21055571388196037, 0.21075803622874995, 0.21110627591982634, 0.21034971651473355, 0.2101449749127845, 0.21049745811638371, 0.20965218291854198, 0.21074443592881845, 0.21005691859305689, 0.20994771851081234, 0.20959222178375433, 0.20957427819279165, 0.20968784997877771, 0.20932413681051079, 0.20890864978663479, 0.20915689612261171, 0.20852666528709901, 0.20877363336035526], "val_acc": [0.89953107856697967, 0.9018258006584855, 0.90002993115833585, 0.90042901331705449, 0.90372144068642124, 0.9027237354561346, 0.90402075231735379, 0.90202534176163196, 0.9027237354561346, 0.89973061962255185, 0.90432006390071207, 0.90232465334499024, 0.90441983442849816, 0.90362167020620943, 0.90262396492834851, 0.90182580070605978, 0.90352189967842333, 0.90212511228941805, 0.90222488281720414, 0.90262396492834851, 0.90422029337292598, 0.90342212915063724, 0.90242442387277633, 0.90432006385313779, 0.90242442387277633, 0.90422029337292598, 0.90202534171405768, 0.9027237354561346, 0.90322258809506506, 0.9015264891227015, 0.90222488281720414, 0.90242442387277633, 0.89943130803919358, 0.90322258809506506, 0.9027237354561346, 0.9039209817895677, 0.90451960495628425, 0.90212511228941805, 0.89993016067812404, 0.90292327651170678, 0.9003292427892684, 0.90222488281720414, 0.90402075231735379, 0.90002993120591013, 0.90352189967842333, 0.90441983442849816, 0.90232465334499024, 0.90372144073399552, 0.90192557123384587, 0.90312281756727897], "val_loss": [0.2333561740321313, 0.22873894594796318, 0.22781328901248599, 0.22573165361971409, 0.22609689313619899, 0.22426764470938851, 0.22455796100155365, 0.22417015636810508, 0.22342270771793224, 0.23378695158363519, 0.22350325116131889, 0.22266158348433118, 0.2232164241032342, 0.22580958947882757, 0.22382042562427557, 0.22865578482414592, 0.22504772903747239, 0.2235941624039009, 0.22209240308834813, 0.22444279880821258, 0.22265154178611393, 0.22200673477540031, 0.22615143727200077, 0.22479868360078586, 0.2313593522667183, 0.22285382257397038, 0.22482519842343071, 0.22461721236853499, 0.22132100774881952, 0.22412069275221472, 0.2216646990503818, 0.22317881697096964, 0.23322564006821073, 0.22102209723163457, 0.22168831594431815, 0.22341158225200233, 0.22479820329070413, 0.22244457001815973, 0.22570561763829461, 0.22391569239465489, 0.22701679858769602, 0.22289063155228872, 0.22225915494524623, 0.22577324087398798, 0.22223167137912703, 0.22161263922047475, 0.23000935357534921, 0.22214670860635347, 0.223844277407373, 0.22171313464671305]}}