{"low_val_loss": 0.12971043739784074, "params": {"verbose": 1, "nb_epoch": 1000, "batch_size": 32, "metrics": ["loss", "acc", "val_loss", "val_acc"], "nb_sample": 95954, "do_validation": true}, "results": {"acc": [0.94176376180253041, 0.94641182233774568, 0.94828772121216509, 0.94882964753944599, 0.94928820059611896, 0.94958000709294088, 0.94965295871683575, 0.94960085040251752, 0.94980928362127737, 0.9499135002188549, 0.94936115221877149, 0.95019488506150962, 0.95034078830060287, 0.9507159680680326, 0.9509035579498839, 0.95014277674222192, 0.95052837817624236, 0.95072638972344214, 0.95027825833211743, 0.95074723306159303, 0.95052837818742364, 0.950934822942202, 0.95067428142775923, 0.95088271463409546, 0.95101819621405215, 0.9511953644516753, 0.95123705108200973, 0.95120578610584239, 0.95136211101152635, 0.95147674927569459, 0.95202909728323215, 0.95199783229588353, 0.9522687954707052, 0.95184150739516904, 0.95212289221918833, 0.95222710882297767, 0.95261271025699812, 0.95262313191240766, 0.95256060195013403, 0.95278987848343999, 0.95268566187965065, 0.95242512037141969, 0.95271692686078746, 0.95265439690472564, 0.95258144528331545, 0.95276903515771272, 0.95278987849089414, 0.95288367342188096, 0.9527169268620298, 0.9530816849740501, 0.95299831169101856, 0.95354023803072308, 0.95285240844695596, 0.9530504199991251, 0.95270650520040856, 0.95307126331491354, 0.95287325177392557, 0.95320674489983959], "loss": [0.16498599150861282, 0.14610315285596517, 0.14287404765119091, 0.14041985709495897, 0.13867555483200431, 0.13747073115247629, 0.13630931593320411, 0.13610934679824813, 0.13529274333429522, 0.13498131180443421, 0.13455860676074591, 0.13441765949390644, 0.13377385014720092, 0.1333137112571908, 0.13322882446194037, 0.13304116700680008, 0.13261006981886664, 0.13226183253321264, 0.13211922929148098, 0.13180200116495772, 0.13136430621171383, 0.1312011267589912, 0.13060134151898417, 0.13029408451897828, 0.13008239635062907, 0.12966691059901064, 0.12936946623991549, 0.1290642075733052, 0.12898517888576128, 0.1284854754483794, 0.12832824868265807, 0.12784232557736777, 0.12790223178872942, 0.12756742794780015, 0.12703105917734545, 0.127085676806273, 0.12689280199654107, 0.12647422805326322, 0.12667566593654492, 0.1264145005825367, 0.12604021503580284, 0.12615508381598395, 0.12583541558308439, 0.12571896255590298, 0.12567254085665455, 0.12529007107495249, 0.12501018224511753, 0.12488394540650322, 0.12498879171006415, 0.12458568432776744, 0.12440232744521074, 0.12420365053415795, 0.12431505200192731, 0.12407637600827108, 0.12373340132189482, 0.12352472060423356, 0.12348675423450819, 0.12363281682241449], "val_acc": [0.94603720493981558, 0.94938252305768334, 0.94994528685321244, 0.95016413944036271, 0.95016413944036271, 0.9494763170236048, 0.94931999374706899, 0.9505705799593559, 0.94931999374706899, 0.94960137564483349, 0.95066437392527747, 0.94919493512584019, 0.9490698765046115, 0.95044552133812721, 0.95035172737220575, 0.95060184461466313, 0.95141472565264973, 0.95082069720181339, 0.94944505236829768, 0.95013287478505548, 0.94975769892136941, 0.95150851961857119, 0.95038299202751286, 0.95007034547444114, 0.95082069720181339, 0.94994528685321244, 0.95125840237611381, 0.95091449116773485, 0.95113334375488512, 0.95088322651242774, 0.95132093168672816, 0.9513834609973425, 0.95135219634203538, 0.95053931530404878, 0.95047678599343444, 0.95038299202751286, 0.95088322651242774, 0.95147725496326407, 0.95075816789119905, 0.95038299202751286, 0.9502891980615914, 0.95082069720181339, 0.94966390495544784, 0.95050805064874155, 0.9506956385805847, 0.9502891980615914, 0.94994528685321244, 0.95103954978896355, 0.95007034547444114, 0.95050805064874155, 0.95119587306549946, 0.94994528685321244, 0.95082069720181339, 0.95038299202751286, 0.9505705799593559, 0.94978896357667653, 0.9506956385805847, 0.95075816789119905], "val_loss": [0.14853104498841269, 0.14291338763405462, 0.13933044276014611, 0.13669688277283143, 0.138294020928623, 0.13615946752802924, 0.13580939947198439, 0.13521008851303334, 0.13507017196692284, 0.13457623309239905, 0.13352121695391606, 0.13387654964343745, 0.1339889012797747, 0.13362311219072387, 0.13374935990831005, 0.13405281089051768, 0.13336149612911907, 0.13417400474965396, 0.13395437060300497, 0.13364357284447989, 0.1365079899402229, 0.13401557209716469, 0.1328919103346114, 0.13347648454176944, 0.1318188066014428, 0.13191038737338801, 0.13099139014505606, 0.13160862724040662, 0.13125055049133613, 0.1321908071516025, 0.13114519071044151, 0.13323632783958347, 0.13114279105616433, 0.13143047983569617, 0.13075098312421013, 0.13128306427252784, 0.13028605514897096, 0.13236550329259192, 0.1307440187393622, 0.13132251817462257, 0.13147184635039807, 0.12971043739784074, 0.13278441383645034, 0.13000516569486759, 0.13315427537337213, 0.1332156284488196, 0.13141479316038399, 0.1310983260413604, 0.1310734366110867, 0.13064532902756201, 0.13089238335508768, 0.13044545329526028, 0.13025943988377142, 0.13167701701419474, 0.13307835381814087, 0.13559316066975274, 0.13015707156840611, 0.13118074592240755]}}