{"low_val_loss": 0.13161200818296931, "params": {"verbose": 1, "nb_epoch": 1000, "batch_size": 32, "metrics": ["loss", "acc", "val_loss", "val_acc"], "nb_sample": 95954, "do_validation": true}, "results": {"acc": [0.94224315818617299, 0.94737061508639553, 0.94779790316814361, 0.94851699772932041, 0.94917356232698125, 0.94915271902361642, 0.94922567064005714, 0.94965295872180522, 0.94954874210559226, 0.94960085041494102, 0.94977801863517108, 0.95015319840260082, 0.95004898180378095, 0.94974675365279193, 0.95009066844653911, 0.95065343810700131, 0.95076807636495786, 0.95048669154715026, 0.95079934135727584, 0.95051795652083293, 0.95092440127561118, 0.95100777455864272, 0.95110156949708369, 0.95084102799257975, 0.95117452113091738, 0.95079934135727584, 0.95164349583678809, 0.95105988286053733, 0.95125789440276765, 0.95104946120140077, 0.95164349584796926, 0.95206036225194535, 0.95174771244678913, 0.95213331387459788, 0.95206036225691482, 0.95207078391853606, 0.95194572399274657, 0.95206036226933832, 0.95196656730853491, 0.95182066406819932, 0.95208120558388443, 0.95212289222043067], "loss": [0.16450228344041951, 0.14640262855761674, 0.14273811778006315, 0.14027507006836298, 0.13800143449263988, 0.13728157013190687, 0.1366274249979002, 0.13594047873305343, 0.13577645663367291, 0.13521746074430671, 0.13468046169622827, 0.13407678989580196, 0.13391014165404658, 0.13373083526153179, 0.13327837406670856, 0.13325159534761347, 0.13266368703966946, 0.13231925853089821, 0.13230730959374204, 0.13194428603083419, 0.13179772952395835, 0.13124104432779837, 0.13114780732350056, 0.1307320581878714, 0.13055090741552069, 0.13050472880239314, 0.13007925457479527, 0.13022205887900962, 0.12986732877055296, 0.12966215343738671, 0.12943570439949498, 0.1290691727470889, 0.12905016025560498, 0.12877375037745248, 0.1287080227999402, 0.12820120165858886, 0.12843394612804829, 0.12810981282332104, 0.12801683554638396, 0.12777839841203359, 0.12789507405367107, 0.12735409267701892], "val_acc": [0.94697514459903076, 0.94819446615601066, 0.94972643426606218, 0.94791308425824605, 0.95019540409566983, 0.94997655150851967, 0.94991402219790522, 0.94972643426606218, 0.94966390495544784, 0.95007034547444114, 0.95091449116773485, 0.94900734719399715, 0.9502891980615914, 0.9472877911521026, 0.9490698765046115, 0.94957011098952637, 0.95025793340628417, 0.95050805064874155, 0.95041425668282009, 0.95047678599343444, 0.9505705799593559, 0.95075816789119905, 0.95060184461466313, 0.95025793340628417, 0.94991402219790522, 0.95100828513365643, 0.95060184461466313, 0.95016413944036271, 0.95060184461466313, 0.95066437392527747, 0.95082069720181339, 0.95110207909957789, 0.95116460841019224, 0.95122713772080658, 0.95091449116773485, 0.9502891980615914, 0.95088322651242774, 0.95035172737220575, 0.95000781619737018, 0.95063310926997024, 0.94991402219790522, 0.95094575585658536], "val_loss": [0.14878345016522279, 0.14190825898376724, 0.1413328617606216, 0.1391825636700017, 0.14092237864010534, 0.13566628505806447, 0.13478151890184986, 0.13608478601367954, 0.13621311536711306, 0.13663745391144311, 0.13400996622418507, 0.13633589361242079, 0.13399208572174731, 0.13691415897995229, 0.1348176055801405, 0.13385080827671755, 0.1342105350306449, 0.13410528636088645, 0.13475151367116314, 0.13262418895209788, 0.13317821268851224, 0.13250615993048487, 0.13200751712042894, 0.13255366147850312, 0.13311852626019163, 0.13161200818296931, 0.13213565486838655, 0.13356001180958726, 0.13221506490145732, 0.13305997709818365, 0.13245166884873535, 0.13203951780050549, 0.13225070327795241, 0.13166391475905623, 0.13275870778923279, 0.13348670320826173, 0.13304106495809756, 0.13432258450511622, 0.13320555794895003, 0.13269767843947403, 0.1328900338908052, 0.1325400258058195]}}