{"low_val_loss": 0.13131245605825764, "params": {"verbose": 1, "nb_epoch": 1000, "batch_size": 32, "metrics": ["loss", "acc", "val_loss", "val_acc"], "nb_sample": 95954, "do_validation": true}, "results": {"acc": [0.94230568813726534, 0.94745398836942707, 0.94797507139085835, 0.94889217750171961, 0.94944452550180292, 0.94947579048915154, 0.9496738020301394, 0.94960085040251752, 0.95013235508805483, 0.95045542656477111, 0.95059090814348546, 0.95031994497363315, 0.9506742814327287, 0.95049711320007502, 0.9506221731196528, 0.95042416157742249, 0.95127873772352545, 0.95090355795485337, 0.9506430164404106, 0.95091397961523227, 0.95129958104925272, 0.95109114783670468, 0.9511328344844322, 0.95098693124533895, 0.951257894407737, 0.95167476082413671, 0.95089313630068628, 0.95141421931342096, 0.95140379765925387, 0.95152885757261985, 0.95146632761655803, 0.95157054422655918, 0.95148717093607349, 0.95167476082289426, 0.95207078391729372, 0.95208120557767262, 0.95208120557767262, 0.95230006044687254, 0.95200825395005073, 0.95138295432731479, 0.9516747608179249, 0.95189361569085185, 0.95191445902403327, 0.95244596369093526, 0.95264397523813493, 0.95224795213876612, 0.95257102361796708, 0.95249807199531467, 0.95274819183695481, 0.95253975863434559, 0.95270650520040856, 0.95286283011230433, 0.95300873334642811, 0.95287325176150195, 0.95298789003685147, 0.95303999833253439, 0.95294620338415448, 0.95297746837026076, 0.95270650520040856, 0.95291493840922947, 0.95308168497529244, 0.95333180482314439, 0.95319632324443015, 0.95325885320670367, 0.95307126330870173, 0.95326927486832502, 0.95381120120057528, 0.95323800987973406, 0.95359234633261769, 0.95333180482314439, 0.95350897304958626], "loss": [0.16722953397196982, 0.14567538127560914, 0.14179504051418479, 0.13972738828256681, 0.13776713416411593, 0.1361098433233757, 0.13534205735042221, 0.1349053566118342, 0.13425588872752145, 0.13376055924007915, 0.13338187795025944, 0.13294973583846914, 0.13279908897790918, 0.13248485046285072, 0.13227997409776099, 0.13221916077149518, 0.13176678061270364, 0.13159049628054953, 0.13133207002549188, 0.13153131227421402, 0.13086479135374943, 0.13059143568035919, 0.13044453448369381, 0.13060074468332802, 0.13005245021823014, 0.12989275256358915, 0.12994519738319291, 0.12987748297004337, 0.12963564941793862, 0.1292785323088943, 0.12950523993785443, 0.12916440384321429, 0.12881962652250722, 0.12879058441627575, 0.12854015580900749, 0.12833055251369588, 0.1283380344818261, 0.12781366986714132, 0.12779400195937066, 0.12779109103677247, 0.12785572491119238, 0.12743578759599036, 0.12746340801887074, 0.12715978596180824, 0.12696922846208517, 0.12681141173405738, 0.12660318086400973, 0.12660678748684234, 0.12630833610266456, 0.12653754353256147, 0.12593854059016174, 0.12591791733756807, 0.12581860299342931, 0.1257137713439555, 0.12575191640695108, 0.12546014539026393, 0.12540476777408477, 0.12552666278837035, 0.12510054785335312, 0.12478780122500818, 0.12478383752249771, 0.12478159387046266, 0.12488437384819828, 0.12455166928091371, 0.1243938557145336, 0.12430789692147898, 0.12398611882491363, 0.12387818720808315, 0.12411569093157035, 0.12384417081338667, 0.12376090923397333], "val_acc": [0.94835078943254647, 0.95000781616382679, 0.94885102391746134, 0.94953884636776253, 0.95022666875097705, 0.94894481788338281, 0.94766296701578867, 0.95022666875097705, 0.94994528685321244, 0.95010161012974836, 0.95116460841019224, 0.94919493512584019, 0.95075816789119905, 0.95141472565264973, 0.9502891980615914, 0.95041425668282009, 0.95153978427387842, 0.95088322651242774, 0.94991402219790522, 0.95022666875097705, 0.95113334375488512, 0.94953884633421914, 0.94881975926215412, 0.95113334375488512, 0.94953884633421914, 0.95103954978896355, 0.94919493512584019, 0.95135219634203538, 0.94963264030014072, 0.95041425668282009, 0.95082069720181339, 0.94994528685321244, 0.95066437392527747, 0.9509770204783492, 0.95085196185712051, 0.95060184461466313, 0.94991402219790522, 0.94950758167891203, 0.95100828513365643, 0.95007034547444114, 0.95063310926997024, 0.95047678599343444, 0.95022666875097705, 0.9509770204783492, 0.95122713772080658, 0.95007034547444114, 0.95019540409566983, 0.95107081444427077, 0.95019540409566983, 0.95003908081913402, 0.95013287478505548, 0.95044552133812721, 0.95003908081913402, 0.94982022823198375, 0.95103954978896355, 0.95035172737220575, 0.94885102391746134, 0.95010161012974836, 0.95038299202751286, 0.9505705799593559, 0.94991402219790522, 0.94928872909176176, 0.95007034547444114, 0.95060184461466313, 0.95044552133812721, 0.9502891980615914, 0.95063310926997024, 0.95075816789119905, 0.94991402219790522, 0.9494763170236048, 0.95003908081913402], "val_loss": [0.1558602994040286, 0.14060606806655032, 0.13943148455874463, 0.13753154371396739, 0.13601047899716717, 0.14023841557948874, 0.13742481529973569, 0.13450326859305775, 0.13407508259301673, 0.13487739956563424, 0.13392382627919408, 0.13614256662867377, 0.13306408074100781, 0.13307699808396362, 0.13218692298189483, 0.13277729641595482, 0.13272298081919645, 0.13279462332220138, 0.13325864219453087, 0.13353615967029517, 0.13716191149641244, 0.13323408869937078, 0.13634843291580556, 0.13208837149286523, 0.13477652267830548, 0.13320989674721562, 0.13456373347450798, 0.1313947100354784, 0.13256557629418519, 0.13447941605194447, 0.13192895250253719, 0.13266795591412064, 0.13244895425875411, 0.13189738506993709, 0.13164161955153028, 0.13192737620019326, 0.13199401835044586, 0.13333923248610535, 0.13198609384117749, 0.13213506629022281, 0.13225364809099055, 0.13259782539842202, 0.13227524270133356, 0.13139450594244739, 0.13338076257442, 0.13200477566526367, 0.1314178182874664, 0.13189929689905114, 0.13345352129925409, 0.13214854622387562, 0.13193417901436164, 0.13341282390166356, 0.13270919566750713, 0.13315021535167662, 0.13131245605825764, 0.13362513613995303, 0.13316652343382923, 0.13239292290288246, 0.13302172554672295, 0.13216189483548396, 0.1319781637781576, 0.13343503092003181, 0.13231389364852222, 0.1319776540790123, 0.13242823582213056, 0.13414391675800649, 0.13388250627232767, 0.13212665302414847, 0.13318148693542975, 0.13314914989885138, 0.13376567803995301]}}