{"low_val_loss": 0.13139356764565413, "params": {"verbose": 1, "nb_epoch": 1000, "batch_size": 32, "metrics": ["loss", "acc", "val_loss", "val_acc"], "nb_sample": 95954, "do_validation": true}, "results": {"acc": [0.94208683327427722, 0.94599495591637661, 0.94774579486127941, 0.94835025116822691, 0.94897555077978157, 0.94907976738978272, 0.94974675365279193, 0.94989265689809699, 0.9498822352501417, 0.95005940346415996, 0.95013235508805483, 0.95075765470954832, 0.95084102799382209, 0.95105988286177967, 0.95110156949708369, 0.95133084603038953, 0.95146632761531569, 0.95154970089834712, 0.95161223086062074, 0.95173729078641023, 0.95157054421910503, 0.95216457886691586, 0.95240427704941955, 0.95160180919527237, 0.95270650520040856, 0.95259186694245213, 0.95209162723805152, 0.9525814452758613, 0.95248765032748151, 0.95240427704941955, 0.95302957667464017, 0.95276903517510569, 0.95307126330870173, 0.95330053983703822, 0.95335264814514464, 0.95319632323821835, 0.95359234633261769, 0.95300873335760938, 0.95343602142817607, 0.95366529796148203, 0.95345686475390334, 0.95374867123830165, 0.9535715030242834, 0.9540404777301541, 0.95395710444091086, 0.95428017591762715, 0.95424891093649045, 0.95439481418179539, 0.95449903078061538, 0.9546657773516477, 0.95470746398819395], "loss": [0.16322944998530103, 0.14569996926992695, 0.14132799965754569, 0.13933641294836885, 0.13755862278146364, 0.13701025331656691, 0.13545733201913918, 0.13464021668630721, 0.13466418027790222, 0.1340071610444995, 0.13354057915772594, 0.13253906951285413, 0.13217061731951849, 0.13141484355627478, 0.13138537036950063, 0.13087554566142415, 0.13052942685930904, 0.1299906927371052, 0.12987805973811187, 0.12954096481787009, 0.12925031887398855, 0.12845007440003725, 0.12834338862613154, 0.12802665307178332, 0.12753419350009404, 0.12736428812017914, 0.12748254179609153, 0.12656629883678608, 0.12648922305198604, 0.12630615962450015, 0.12602561497616485, 0.12570955652425145, 0.12534969376180488, 0.12520223860522428, 0.12477436124516596, 0.12490092154026149, 0.12433644535488324, 0.12436115263320684, 0.12390422931164494, 0.12341303274715335, 0.1237260571480031, 0.12300351467039075, 0.12297862461031081, 0.12205701960805487, 0.12244795953192314, 0.12178179372712253, 0.12164851613425845, 0.12091271705792066, 0.12108082137959213, 0.12053854661448074, 0.12049687091736894], "val_acc": [0.94438017820853526, 0.94659996873534469, 0.94925746443645453, 0.94950758167891203, 0.94831952477723935, 0.95003908081913402, 0.94844458339846804, 0.95066437392527747, 0.9490698765046115, 0.94856964201969673, 0.94869470064092543, 0.95047678599343444, 0.95053931530404878, 0.94866343598561831, 0.95078943254650616, 0.95047678599343444, 0.95113334375488512, 0.94997655150851967, 0.9500390808526773, 0.95019540409566983, 0.95128966703142093, 0.94816320150070343, 0.95019540409566983, 0.94985149288729087, 0.94991402219790522, 0.95088322651242774, 0.94963264030014072, 0.9502891980615914, 0.94835078943254647, 0.94975769892136941, 0.95032046271689852, 0.95050805064874155, 0.94982022823198375, 0.95032046271689852, 0.95088322651242774, 0.95125840237611381, 0.95047678599343444, 0.94957011098952637, 0.94938252309122662, 0.95025793340628417, 0.94938252305768334, 0.94985149288729087, 0.94869470064092543, 0.94881975926215412, 0.95091449116773485, 0.94972643426606218, 0.94972643426606218, 0.95044552133812721, 0.95122713772080658, 0.94997655150851967, 0.94831952477723935], "val_loss": [0.14439551148057561, 0.15248840328096896, 0.14522827861573484, 0.13676274185075749, 0.13760899627196596, 0.13424835986113742, 0.14165712285478804, 0.13595322007608912, 0.13574557461570125, 0.13616840350783038, 0.13480163044588109, 0.13356340572142464, 0.13294000948569784, 0.14030722959390166, 0.13295579702547236, 0.13242518155439134, 0.13232121839641836, 0.13446140760683689, 0.13328291957143026, 0.13343382389033531, 0.13218768531081265, 0.13589512307429213, 0.13283718654585105, 0.13756110187231496, 0.13308068954534172, 0.1352666747786439, 0.13380006973782946, 0.13338299663468078, 0.13506917585399686, 0.1330123635368532, 0.13221286359952542, 0.13278298416914969, 0.13322837001479415, 0.13227664786406246, 0.13139356764565413, 0.13178119117745538, 0.1328538620845357, 0.1330727349772842, 0.13330495833409509, 0.13271599446858803, 0.13329825660288661, 0.13258680004439577, 0.13462762888686924, 0.13388933099064396, 0.13593198396480977, 0.13391398317775299, 0.13294757087635625, 0.13347184431097256, 0.1334634160172507, 0.13404467927677213, 0.13534922142846054]}}