{"low_val_loss": 0.13034441931482141, "params": {"verbose": 1, "nb_epoch": 1000, "batch_size": 32, "metrics": ["loss", "acc", "val_loss", "val_acc"], "nb_sample": 95954, "do_validation": true}, "results": {"acc": [0.94200345998627633, 0.94720386852033267, 0.94776663818079498, 0.94819392625633114, 0.94920482730811806, 0.94971548867289757, 0.94978844030051945, 0.94976759697354984, 0.95041373991704359, 0.95031994497363315, 0.95026783667173853, 0.95103903953977953, 0.95054922149700027, 0.95087229296874709, 0.95127873772352545, 0.95123705108200973, 0.95156012255996847, 0.95173729078516789, 0.9517685557663047, 0.95169560414365217, 0.95181024240782042, 0.95227921712487229, 0.95231048211222091, 0.95262313191737713, 0.95238343373487344, 0.95267524021927175, 0.95261271025699812, 0.95272734852116636, 0.95325885320049186, 0.95337349147087191, 0.95312337161556582, 0.95363403297413341, 0.95327969652373445, 0.95373824957792275, 0.95404047772891176, 0.95369656293640703, 0.95393626113133423, 0.95414469433394344, 0.95428017591762715], "loss": [0.16145129937173169, 0.14386504343496243, 0.13978106070602686, 0.13794915066651856, 0.1363804840064077, 0.13540212985398456, 0.13415856012050309, 0.13413270546511349, 0.13367726164092034, 0.1329353584533863, 0.13190643254065831, 0.13129538412610203, 0.13109780085031661, 0.13041573898528191, 0.13000512177523221, 0.12990356884850321, 0.12910232379587464, 0.12850726303243099, 0.12834250844463285, 0.12805884346854488, 0.12747137769864159, 0.1267118774338773, 0.12655680029413413, 0.12619744939683952, 0.1259041427239761, 0.12541803133029084, 0.12498094418001301, 0.12437249660754547, 0.12392095730117407, 0.12346474644858356, 0.12329685763711445, 0.1232321610595877, 0.12276488549700325, 0.12217552913936174, 0.12187856452539834, 0.12150953093151025, 0.12151335532340575, 0.12104877820575655, 0.12047001632587329], "val_acc": [0.94931999374706899, 0.94881975926215412, 0.94616226356104427, 0.94941378771299045, 0.95007034547444114, 0.9502891980615914, 0.95003908081913402, 0.94925746443645453, 0.94957011098952637, 0.94997655150851967, 0.95082069720181339, 0.95100828513365643, 0.95038299202751286, 0.95157104892918554, 0.95157104892918554, 0.95016413944036271, 0.95003908081913402, 0.9513834609973425, 0.9505705799593559, 0.95035172737220575, 0.95025793340628417, 0.95060184461466313, 0.95135219634203538, 0.9502891980615914, 0.94944505236829768, 0.95213381272471476, 0.95038299202751286, 0.95103954978896355, 0.95116460841019224, 0.9502891980615914, 0.95153978427387842, 0.95116460841019224, 0.94913240581522584, 0.94994528685321244, 0.95041425668282009, 0.95007034547444114, 0.95110207909957789, 0.95082069720181339, 0.95113334375488512], "val_loss": [0.14216215986515632, 0.14022109664351154, 0.14076758689627492, 0.14439903000439258, 0.13402833442366904, 0.1345563700979662, 0.13286234616105846, 0.13665973021543565, 0.1370879424096775, 0.13264404108640979, 0.13471441452174665, 0.13245502890218547, 0.13413599772189247, 0.13480682986493928, 0.1321904185953803, 0.1325570059372137, 0.13298716914617439, 0.13091212357625154, 0.13311328824113938, 0.13220422970204124, 0.13273774608631925, 0.13271633070803759, 0.13034441931482141, 0.13206448076650726, 0.13397565889944596, 0.13120839184376343, 0.13179869313868617, 0.13262584461715979, 0.1314321676723115, 0.13211106007031506, 0.1317266138178195, 0.13428306407307541, 0.13515499109856241, 0.13253553578138297, 0.13290082332802616, 0.13241694487872413, 0.1322822789695508, 0.13264519416933715, 0.133633278509346]}}