{"low_val_loss": 0.22084703141880835, "params": {"verbose": 1, "nb_epoch": 1000, "batch_size": 32, "metrics": ["loss", "acc", "val_loss", "val_acc"], "nb_sample": 30068, "do_validation": true}, "results": {"acc": [0.86766662232273517, 0.90052547558073637, 0.90132366634832983, 0.90262072634566914, 0.90351869095921178, 0.90458294533186179, 0.90408407607832786, 0.9051815884075568, 0.90621258479983979, 0.90591326325406285, 0.90604629504866174, 0.90564719969658236, 0.90498204067601185, 0.90607955301317011, 0.90578023148325193, 0.90561394171621534, 0.90687774378076358, 0.90684448586383115, 0.9058467473567634, 0.90714380736996147, 0.90607955299731158, 0.9070107755832918, 0.90634561660236801, 0.90691100172148398, 0.90654516428633702, 0.90770919248907744, 0.9071105494054531, 0.9072768391804189, 0.90744312891573831, 0.90760941864312827, 0.90797525607827534, 0.90740987094330061, 0.90910602635615401, 0.90744312889987966, 0.90797525607827534, 0.90780896633502661, 0.90777570837844757, 0.90774245046151514, 0.90734335506185981, 0.90770919248907744, 0.90820806174261137, 0.90850738325667091, 0.90760941864312827, 0.90883996273523893, 0.90834109350549297, 0.90740987097501791, 0.90787548224025538, 0.90834109353721026], "loss": [0.29277726353499361, 0.23657915609479505, 0.22629674400074201, 0.22183704987372491, 0.21963122734859203, 0.21902798410582863, 0.2187829669270091, 0.2182143111160037, 0.21689873694128634, 0.21647346379339211, 0.21602642242976988, 0.21613882278070276, 0.21599721679412195, 0.21592972129563537, 0.21446623314294438, 0.21395683955032965, 0.21402567442572465, 0.21433900078433743, 0.21394206068292806, 0.2136153998773942, 0.21384432149469432, 0.2134847602296164, 0.21425235559981728, 0.21325010113894852, 0.2127087030803109, 0.21254868043996211, 0.21258869494024199, 0.21218466231032257, 0.21206475512230033, 0.21181151811249066, 0.21084773967490325, 0.21148903078778844, 0.2115586702456036, 0.21154134186822016, 0.21080800810241787, 0.21132840159167884, 0.21094676859362638, 0.21048647940785259, 0.21069893754500332, 0.21088901574075325, 0.21041883339316694, 0.21031186095324542, 0.21089043603382149, 0.21006180547813127, 0.20941180862199915, 0.20962207165030194, 0.20915078674762097, 0.20883380239974378], "val_acc": [0.89743589748347175, 0.89973061962255185, 0.90122717753934323, 0.90302304703949288, 0.90282350593634642, 0.90272373540856032, 0.90242442387277633, 0.90332235862285115, 0.90382121126178161, 0.90372144068642124, 0.90422029337292598, 0.8968372743167552, 0.90212511224184377, 0.90082809542819886, 0.90432006390071207, 0.90242442387277633, 0.90102763643619677, 0.90102763648377104, 0.90002993120591013, 0.90262396492834851, 0.90372144073399552, 0.90182580070605978, 0.90312281756727897, 0.90412052284513988, 0.90222488281720414, 0.90252419440056242, 0.90451960495628425, 0.90282350598392069, 0.90372144073399552, 0.90402075231735379, 0.89963084909476576, 0.90412052284513988, 0.90471914601185643, 0.9015264891227015, 0.90262396492834851, 0.90322258809506506, 0.90322258809506506, 0.90451960495628425, 0.90252419440056242, 0.90422029337292598, 0.90422029337292598, 0.9015264891227015, 0.90252419440056242, 0.90252419440056242, 0.90232465334499024, 0.90172603017827369, 0.90142671859491541, 0.90342212915063724], "val_loss": [0.25017829546073972, 0.23727267470341248, 0.22518924385633318, 0.22519082988520459, 0.22588152053570731, 0.22461990957683306, 0.22585185255569504, 0.22405630532679272, 0.22331516102594159, 0.22315109412993403, 0.22331603414805648, 0.24540463557806388, 0.22405717395908353, 0.22389794302583751, 0.22159771460218011, 0.22374113805456028, 0.22621728205417999, 0.22579407095195506, 0.22648260049402244, 0.22408382553701259, 0.22669958148033073, 0.22892070318944177, 0.22347951652992276, 0.22359898380149473, 0.22442762300953423, 0.22557899317085583, 0.22790490744398892, 0.22366467021627959, 0.22473179901697601, 0.22130560050268297, 0.22913431320839342, 0.22084703141880835, 0.22369585742639303, 0.22342727286699324, 0.22876715684031032, 0.2218567361246977, 0.22380552371081319, 0.22363012803715288, 0.22144381031297369, 0.22195714058293728, 0.22173790016550629, 0.22486542558064662, 0.22205354606785319, 0.22160911606889541, 0.22519188989401695, 0.22291660760496354, 0.22332908252536043, 0.22957659121236676]}}