{"low_val_loss": 0.13116056179257693, "params": {"verbose": 1, "nb_epoch": 1000, "batch_size": 32, "metrics": ["loss", "acc", "val_loss", "val_acc"], "nb_sample": 95954, "do_validation": true}, "results": {"acc": [0.94195135168438171, 0.94714133856427085, 0.94877753923879371, 0.94938199554077174, 0.94939241721233192, 0.94978844029430765, 0.94987181357733919, 0.9498092836163079, 0.94989265689933933, 0.95031994496866379, 0.95034078830060287, 0.95098693125030842, 0.95086187130836819, 0.95089313630068628, 0.95146632761531569, 0.95140379765304206, 0.9512266294266003, 0.9520082539612319, 0.95162265252099965, 0.95182066406819932, 0.95197698898630689, 0.95192488068441228, 0.95211247056005177, 0.95184150738895723, 0.9520395189361569, 0.95192488067198866, 0.95225837379914502, 0.95218542218146196, 0.95201867561664144, 0.9524668070067237], "loss": [0.15996766172171331, 0.14327166903264194, 0.13952872735026614, 0.13751183389812321, 0.13611602363037403, 0.13531111998535833, 0.13479229654173924, 0.13367729863789743, 0.13330066039210042, 0.13231971544776594, 0.1323279203236703, 0.13124362303746046, 0.13107525347289903, 0.13064231630090548, 0.130009947410234, 0.12964968744698852, 0.12944360364435883, 0.12861795464748116, 0.12855134911504881, 0.1281404804317145, 0.12808669792276978, 0.12736059949064443, 0.12721186799581347, 0.12706244446710396, 0.12664670487496399, 0.12618813637344256, 0.12571315492732812, 0.12583032876366804, 0.12545519630230811, 0.12500381643268549], "val_acc": [0.94744411442863841, 0.94982022823198375, 0.94844458339846804, 0.95072690323589182, 0.95013287478505548, 0.9498827575425981, 0.95132093168672816, 0.95060184461466313, 0.9513834609973425, 0.94900734719399715, 0.94963264030014072, 0.95147725496326407, 0.95032046271689852, 0.95072690323589182, 0.94925746443645453, 0.95110207909957789, 0.95010161012974836, 0.94972643426606218, 0.94863217133031108, 0.95016413944036271, 0.95088322651242774, 0.94978896357667653, 0.9498827575425981, 0.94994528685321244, 0.95022666875097705, 0.95119587309904274, 0.95125840237611381, 0.95000781616382679, 0.95025793340628417, 0.95060184461466313], "val_loss": [0.14886402087820422, 0.14116232748169144, 0.13858561116595819, 0.1343343791069557, 0.13678048550220734, 0.13354545811507709, 0.13415910596817346, 0.13492040208783843, 0.1323097112925328, 0.13479786104353328, 0.13427945922152296, 0.13324757683262223, 0.13415009390439897, 0.13116056179257693, 0.13329735979558957, 0.13199391495450988, 0.1332060657139959, 0.13423296791679395, 0.1325013280376077, 0.13306955683225763, 0.13230624904791155, 0.13344738900228201, 0.1333526000333928, 0.13391052284102542, 0.13214324748043682, 0.1336394854680773, 0.13303248358050956, 0.1325515206503145, 0.13171745076582211, 0.13647511738766091]}}