{"low_val_loss": 0.22158112792385726, "params": {"verbose": 1, "nb_epoch": 1000, "batch_size": 32, "metrics": ["loss", "acc", "val_loss", "val_acc"], "nb_sample": 30068, "do_validation": true}, "results": {"acc": [0.88170147665292009, 0.90049221764001597, 0.90365172275381078, 0.90361846479723174, 0.90391778636679654, 0.90401756018102841, 0.90584674737262205, 0.90534787812701756, 0.90511507250232803, 0.90538113610738447, 0.90531462018629716, 0.90624584277227738, 0.90578023145946396, 0.90621258479983979, 0.90664493813228619, 0.9065119063376873, 0.90774245045358581, 0.90691100171355465, 0.90784222427574712, 0.90817480377017368, 0.9069110017294133, 0.90870693094063992, 0.90804177196764546, 0.90804177196764546, 0.90880670479451853, 0.90844086735937146, 0.90913928428101576, 0.90957163763725013, 0.9099042170999595, 0.91046960224286344, 0.91007050683527879, 0.91027005453510645, 0.91153385658379615, 0.91076892375692309, 0.91073566580827336], "loss": [0.26017109042503611, 0.22433214345336103, 0.22044052346178997, 0.21871486923091032, 0.21703375754433141, 0.21678152341418908, 0.2159068730817254, 0.21470839611009443, 0.21475924029341717, 0.21419501485414799, 0.21342891911028611, 0.21306333060005775, 0.21206305061540215, 0.21142041704606165, 0.21102336625937407, 0.2108672569450489, 0.21041327017140513, 0.20996114596956442, 0.20924728719481164, 0.20947163250434583, 0.20877753509372349, 0.20788750575390272, 0.20780853277922978, 0.20857687223515833, 0.20756996359968022, 0.20691905817413672, 0.20645727220567375, 0.20606210896019544, 0.20516234585162696, 0.20531091377093497, 0.2050255831686347, 0.20462929122709952, 0.20480974476293345, 0.2038460679355257, 0.20374128518625351], "val_acc": [0.89743589743589747, 0.9003292427892684, 0.9027237354561346, 0.90232465334499024, 0.90312281756727897, 0.90232465334499024, 0.90451960495628425, 0.9027237354561346, 0.90222488281720414, 0.90441983442849816, 0.90242442387277633, 0.90292327651170678, 0.90332235862285115, 0.90451960495628425, 0.90062855437262668, 0.9039209817895677, 0.90432006390071207, 0.90112740701155714, 0.90382121126178161, 0.90262396492834851, 0.90471914601185643, 0.90382121126178161, 0.90352189967842333, 0.90461937543649606, 0.90332235862285115, 0.90362167015863515, 0.90112740701155714, 0.90222488281720414, 0.90142671859491541, 0.90132694806712932, 0.90422029337292598, 0.90092786590841067, 0.90132694806712932, 0.89933153746383321, 0.90162625960291332], "val_loss": [0.23276835113873826, 0.22724840691688353, 0.22627343169904024, 0.22615542002694997, 0.22636232105638765, 0.22810964013518514, 0.2238588608852656, 0.2252229269893895, 0.22287352131736335, 0.22381458274710148, 0.22407920951616334, 0.22425293564279078, 0.2219849547606724, 0.22369679748405422, 0.22953040206532249, 0.22275303441120173, 0.22291276419363751, 0.22968411317315748, 0.22158112792385726, 0.22476327886549785, 0.223583167762822, 0.22186698133236846, 0.232106513351092, 0.22376046162855004, 0.22564569716412877, 0.22189764850489052, 0.23098113367232356, 0.22677015454680172, 0.22659468676983732, 0.22561944298469222, 0.2233420396938208, 0.22520039500643557, 0.22570620541127515, 0.22841752684545721, 0.22445900825805726]}}