{"low_val_loss": 0.22345501937326717, "params": {"verbose": 1, "nb_epoch": 1000, "batch_size": 32, "metrics": ["loss", "acc", "val_loss", "val_acc"], "nb_sample": 30068, "do_validation": true}, "results": {"acc": [0.87817613412776618, 0.90125715046688903, 0.90341891710533329, 0.90365172275381078, 0.90381801252084737, 0.90368498069453118, 0.90395104428372897, 0.90428362379401417, 0.90448317147005397, 0.90375149659183063, 0.90508181454574899, 0.90508181453781966, 0.90521484633241867, 0.90461620326465286, 0.90464946120537326, 0.90548090994540442, 0.90534787814287609, 0.90588000531334245, 0.90624584274848952, 0.90614606890254024, 0.90554742582684522, 0.90581348943190165, 0.90607955302902876, 0.9058467473567634, 0.90617932685119007, 0.90621258480776901, 0.90621258479191047, 0.90697751761085421, 0.90667819608093592, 0.90750964478924978, 0.90704403351608298, 0.90764267658384867, 0.90800851401899574, 0.90784222430746431], "loss": [0.27754969876450364, 0.22457534516049585, 0.22177609850850624, 0.22061585412628715, 0.21963921528286293, 0.21907078102181468, 0.21984411907890652, 0.21786837256603361, 0.21783457890904234, 0.21711866804992674, 0.2178980344196528, 0.21631874523891387, 0.21630402604950319, 0.21692385764075703, 0.21660950657010505, 0.21592420230159834, 0.21590235721019096, 0.21540153219659577, 0.21576843366425327, 0.21547420051117852, 0.21499115025365195, 0.21465596048791025, 0.21479554666044928, 0.21404508371151429, 0.21363987631226564, 0.21407163931430773, 0.21311345525374356, 0.21318619188133892, 0.21274498164518979, 0.21295873871727544, 0.21232949779105659, 0.21249124070177755, 0.2122015076755954, 0.21202167103435507], "val_acc": [0.89983039015033794, 0.89963084904719148, 0.89943130803919358, 0.90142671859491541, 0.90292327651170678, 0.90042901331705449, 0.89883268487247703, 0.90212511228941805, 0.90012970173369622, 0.90112740701155714, 0.9015264891227015, 0.90122717753934323, 0.90232465334499024, 0.9003292427892684, 0.90412052284513988, 0.90212511224184377, 0.90222488281720414, 0.90192557123384587, 0.90052878384484059, 0.90222488281720414, 0.9015264891227015, 0.90322258809506506, 0.90441983442849816, 0.89843360276133266, 0.90312281756727897, 0.90292327651170678, 0.90042901331705449, 0.90142671859491541, 0.90302304703949288, 0.90212511228941805, 0.9015264891227015, 0.90342212915063724, 0.90082809542819886, 0.90142671859491541], "val_loss": [0.23323632631040936, 0.22887505053474816, 0.22802741892927958, 0.22897051108415095, 0.2264826761371514, 0.22949521015661628, 0.22789479525702022, 0.22506679225667298, 0.23049778742882041, 0.22616581148543688, 0.22775822903009085, 0.22676607305140334, 0.22470178352011946, 0.22617460729166453, 0.22556865599909953, 0.22696455655269943, 0.22688075001666994, 0.22345501937326717, 0.22644094589833405, 0.22407642906325598, 0.22698758584759876, 0.22710871937168367, 0.22467568140002314, 0.23560763490089431, 0.22512138254548766, 0.2257928400711422, 0.22674239671338547, 0.22511444223934479, 0.22578013902633215, 0.22450908419229093, 0.22490607597365728, 0.22406257809718949, 0.22709116543955662, 0.22943994137064064]}}