{"low_val_loss": 0.22131178658082079, "params": {"verbose": 1, "nb_epoch": 1000, "batch_size": 32, "metrics": ["loss", "acc", "val_loss", "val_acc"], "nb_sample": 30068, "do_validation": true}, "results": {"acc": [0.87325395768003067, 0.9003924437940668, 0.90119063457751891, 0.90278701612856438, 0.90255421047215767, 0.90421710790464405, 0.90385127045363844, 0.90438339761617548, 0.90431688171887603, 0.90421710790464405, 0.90425036583743512, 0.90534787815873474, 0.90534787812701756, 0.90454968736735342, 0.9051483304668364, 0.90524810428106839, 0.90561394172414467, 0.90584674736469273, 0.90647864838903758, 0.90624584277227738, 0.90588000531334245, 0.90757616071826652, 0.90707729148059124, 0.90731009712113941, 0.90667819607300659, 0.90701077556743315, 0.90740987095915926, 0.90724358120798132, 0.90731009709735144, 0.90794199812962562, 0.90704403351608298, 0.90750964482096708, 0.90797525607827534, 0.90747638685645871, 0.90770919249700677, 0.90797525607034602, 0.90750964481303775, 0.9068777437886929, 0.90840760941072174, 0.90770919249700677, 0.907642676591778, 0.90814154581359463, 0.90910602632443671, 0.90807502994801237], "loss": [0.2851606621432371, 0.22652925996366802, 0.22271813904214638, 0.22136901925817615, 0.22086424495416768, 0.21905925118837552, 0.21985977593929792, 0.21896062896212667, 0.21853589711670421, 0.21831008676948485, 0.21775293494929687, 0.21723845328313485, 0.21795669397260178, 0.21716789522830104, 0.21639577823384926, 0.21597510380790608, 0.21702856166781112, 0.21533323677911614, 0.21562801212869268, 0.21459065760499829, 0.21423587722594042, 0.21404126043473215, 0.21383252743078035, 0.21324778530086089, 0.21272599257630873, 0.21266746100742512, 0.2130552333790412, 0.21171739746419868, 0.21212997877948284, 0.21216765909919211, 0.21143892808640527, 0.21158523130079082, 0.21137899527908782, 0.21112977883182452, 0.2108942395334106, 0.21035654460462433, 0.21042890581691998, 0.21019224394140082, 0.21001476637183533, 0.20949395333371043, 0.20866122377771987, 0.20925718400410806, 0.20920271835889179, 0.20914298559227917], "val_acc": [0.89863314381690484, 0.90042901331705449, 0.90072832490041277, 0.90222488281720414, 0.89993016067812404, 0.90072832490041277, 0.90252419440056242, 0.90222488281720414, 0.90282350598392069, 0.90362167020620943, 0.90262396492834851, 0.90182580070605978, 0.90282350598392069, 0.89993016067812404, 0.90471914601185643, 0.90332235862285115, 0.90162625965048759, 0.90402075231735379, 0.90142671859491541, 0.9039209817895677, 0.90342212915063724, 0.90302304703949288, 0.90461937548407034, 0.89943130803919358, 0.90292327651170678, 0.90352189967842333, 0.9039209817895677, 0.90322258809506506, 0.90092786595598495, 0.90302304703949288, 0.90332235862285115, 0.90242442387277633, 0.90302304703949288, 0.90202534176163196, 0.90042901331705449, 0.90541753970635908, 0.90372144073399552, 0.90352189967842333, 0.90402075231735379, 0.90451960495628425, 0.90362167020620943, 0.89963084909476576, 0.90332235862285115, 0.90432006390071207], "val_loss": [0.23346859251478766, 0.2278123424401198, 0.23028390083521841, 0.22916402020824772, 0.2388191902981206, 0.23426401977004804, 0.22749960609542316, 0.22838640883810254, 0.226174035778686, 0.22680942602266063, 0.22605685388258115, 0.22783392136424979, 0.22552899040440105, 0.2350189097268037, 0.22433085751654822, 0.22815042303896088, 0.22894124495974799, 0.22491120346723817, 0.22700983037922917, 0.22343217994291886, 0.22479827202069336, 0.22808749242467841, 0.2262494006322123, 0.23157019633697581, 0.22451538677095689, 0.22405315915541318, 0.22715434083250674, 0.22131178658082079, 0.22307099664352806, 0.22350882814575856, 0.22337179461139697, 0.22465617680435443, 0.228041926588613, 0.22372059703206251, 0.226808297200604, 0.22474259312942835, 0.22308699336342619, 0.22547176607257174, 0.22144322314805212, 0.22388642810483567, 0.22469870385611757, 0.22413007402704299, 0.22487132493742901, 0.22543948273434916]}}