{"low_val_loss": 0.13012315721677786, "params": {"verbose": 1, "nb_epoch": 1000, "batch_size": 32, "metrics": ["loss", "acc", "val_loss", "val_acc"], "nb_sample": 95954, "do_validation": true}, "results": {"acc": [0.94351460074743321, 0.94700585698058715, 0.94847531108159289, 0.94879838255830917, 0.94880880422489988, 0.94953832044521336, 0.94991350022009724, 0.94975717531317094, 0.94979886195468666, 0.95013235509923599, 0.95060132981007617, 0.95091397962765589, 0.95109114784788595, 0.95137253267190525, 0.95080976300647357, 0.95116409946432667, 0.95197698898009508, 0.95152885757758932, 0.95163307418759036, 0.95172686912478899, 0.95197698897388328, 0.95263355357278656, 0.95233132543297883, 0.95271692686078746, 0.95248765032748151, 0.95317547992367224, 0.95280030013884953, 0.9530816849740501, 0.95329011817665921, 0.95300873335139757, 0.95340475644579692, 0.95311294995518681, 0.95358192467223879, 0.95370698459678593, 0.95380077954019638, 0.95413427266735273, 0.9541342726723222, 0.95420722429497462, 0.9540508993843213, 0.95418638098042863, 0.95434270588611259, 0.95460324739558589, 0.95464493403088979, 0.95467619901326894, 0.95475957230251218], "loss": [0.15853101051429935, 0.14316700604252805, 0.13946414987505021, 0.13776964745415671, 0.136333036466709, 0.13543132598606547, 0.13419578377867381, 0.13367675815252739, 0.13281671365934097, 0.13224422126094684, 0.13154378948916809, 0.13111619603673139, 0.13033615503668497, 0.13006716945334224, 0.12941193025665798, 0.12934391971084394, 0.12844941582334521, 0.1283491914863783, 0.12775524999978735, 0.12736659521434979, 0.12696393005336998, 0.12646795782620357, 0.12621587548762653, 0.12578937375015883, 0.12499721608342416, 0.12446078806099926, 0.12402747997628456, 0.12400948288182816, 0.12374293606152249, 0.12328084834184158, 0.12309397394961857, 0.12301759983818028, 0.12222334918541725, 0.12217722666626163, 0.12191653730608298, 0.12113821656499531, 0.12143161676739923, 0.12090303734388104, 0.12049015384407907, 0.11990902805890163, 0.11935777796663494, 0.11916830868425277, 0.11953035571856832, 0.11868154314529142, 0.11833712866841849], "val_acc": [0.94685008597780207, 0.94819446615601066, 0.94953884633421914, 0.94722526184148825, 0.94957011098952637, 0.95019540409566983, 0.95022666875097705, 0.94957011098952637, 0.94935125840237611, 0.9502891980615914, 0.9498827575425981, 0.94978896357667653, 0.95010161012974836, 0.95013287478505548, 0.95072690323589182, 0.95100828513365643, 0.94994528685321244, 0.95085196185712051, 0.94800687822416763, 0.95038299202751286, 0.9494763170236048, 0.95066437392527747, 0.95060184461466313, 0.95060184461466313, 0.95050805064874155, 0.95113334375488512, 0.95013287478505548, 0.94985149288729087, 0.95128966703142093, 0.95025793340628417, 0.95060184461466313, 0.95025793340628417, 0.95044552133812721, 0.94978896357667653, 0.95066437392527747, 0.95116460841019224, 0.95041425668282009, 0.94985149288729087, 0.94922619978114742, 0.95066437392527747, 0.94985149288729087, 0.94997655150851967, 0.95132093168672816, 0.95103954978896355, 0.94978896357667653], "val_loss": [0.14559446559607173, 0.14162960283473375, 0.13676076547226831, 0.13676115746668246, 0.13429049547631813, 0.1328818935010514, 0.1328830247598457, 0.13318451509632057, 0.13516450458943927, 0.13144780002232734, 0.13290111608028748, 0.13189628611919899, 0.1325123499521608, 0.13269661135700173, 0.13178385153974204, 0.13206323330474493, 0.13149953722506552, 0.131890484666324, 0.13243673534081729, 0.13304822609278119, 0.13230491679162371, 0.1311611839369049, 0.13150553036494536, 0.13163361776866483, 0.13282251445198312, 0.13173738772261231, 0.13272493916627895, 0.13228771666777364, 0.13012315721677786, 0.13253753083687156, 0.13357715092148653, 0.13189725998112964, 0.13115004849038833, 0.13343113809544463, 0.1310514792686974, 0.13290725309825119, 0.13391670716569185, 0.13205808904747005, 0.13439373519071865, 0.13213493613683749, 0.13352870265030947, 0.13296454443500361, 0.1322581299435483, 0.13163230998748185, 0.13298650745064258]}}