{"low_val_loss": 0.13078735792648052, "params": {"verbose": 1, "nb_epoch": 1000, "batch_size": 32, "metrics": ["loss", "acc", "val_loss", "val_acc"], "nb_sample": 95954, "do_validation": true}, "results": {"acc": [0.94288930113090919, 0.94699543530778463, 0.948068866331784, 0.94839193780974262, 0.94822519124492211, 0.9485169977231086, 0.94922567064129959, 0.94934030889801369, 0.94942368218104511, 0.95005940346664464, 0.94943410384142402, 0.9498405485912329, 0.95024699335098073, 0.9498822352439299, 0.95021572836984391, 0.95030952331325425, 0.94994476521241522, 0.95058048648931825, 0.95040331825666469, 0.95108072618129524, 0.95068470308192632, 0.95059090813851599, 0.95103903953977953, 0.95101819623144523, 0.95083060633841265, 0.95173729078641023, 0.95134126768579907, 0.9511745211197361, 0.9517789774266836, 0.95147674927072512, 0.95146632761531569, 0.9512370510869792, 0.95129958104925272, 0.95126831607060069, 0.950966087917127, 0.95165391750213646, 0.95145590595493679, 0.95148717093731594, 0.95181024240782042, 0.95167476083531788, 0.95179982074247205, 0.95203951894236871, 0.95182066407565347, 0.95164349583678809], "loss": [0.16386778897661142, 0.14320966767304302, 0.14055026317556144, 0.13840378409799645, 0.13761401230433123, 0.13684280057625373, 0.13596524089055509, 0.13536285157941369, 0.13488335326555612, 0.13409625329237973, 0.13342522465856993, 0.13352669422034935, 0.13250423424492697, 0.13242395739784749, 0.13207300465789193, 0.13172385638191217, 0.13156752401365107, 0.1313539983338462, 0.13091585306780298, 0.1305416696683474, 0.13052916479227625, 0.13016240363816556, 0.12978719695021979, 0.13015675502498572, 0.12941308583569863, 0.12916311747796425, 0.12925972634634911, 0.12892570534345321, 0.12847726981106444, 0.12841792791335796, 0.12827816449368498, 0.12812402369118095, 0.12792068523322742, 0.12787410242427774, 0.12780744232154878, 0.12758991877366954, 0.12737134260699642, 0.12731873897527857, 0.12675163321147184, 0.12681950835051145, 0.12666260460116574, 0.12642222001919101, 0.12641506279629505, 0.12621150422514182], "val_acc": [0.94841331874316082, 0.94663123339065192, 0.9479756135688604, 0.94903861184930438, 0.95010161012974836, 0.94925746443645453, 0.94997655150851967, 0.95007034547444114, 0.94916367047053307, 0.94944505236829768, 0.95082069720181339, 0.94922619978114742, 0.94891355322807569, 0.94778802567056064, 0.94950758167891203, 0.95053931530404878, 0.94991402219790522, 0.95066437392527747, 0.95078943254650616, 0.95047678599343444, 0.9502891980615914, 0.9505705799593559, 0.95063310926997024, 0.95088322651242774, 0.95003908081913402, 0.94944505236829768, 0.94966390495544784, 0.95103954978896355, 0.95035172737220575, 0.95003908081913402, 0.95144599030795685, 0.95060184461466313, 0.95116460841019224, 0.95035172737220575, 0.95122713772080658, 0.95113334375488512, 0.95110207909957789, 0.9509770204783492, 0.94935125840237611, 0.95091449116773485, 0.95113334375488512, 0.95078943254650616, 0.95113334375488512, 0.95107081444427077], "val_loss": [0.14453335770857004, 0.14389510132128958, 0.14017967175362128, 0.13759124329872982, 0.13775984183855311, 0.1359657959524255, 0.13600283271973909, 0.13661613715138493, 0.13413515547900456, 0.1356614622309727, 0.13726929852543016, 0.13459153698793105, 0.13487767585498925, 0.13388949949209888, 0.13287328877229326, 0.13256515157661605, 0.13301933216470022, 0.13277460106726977, 0.13227901827344227, 0.13182829341511812, 0.1324734216654079, 0.13091768612125729, 0.13221376730079332, 0.13116327529076918, 0.13176484098001368, 0.13336072366825022, 0.13365064575180366, 0.13078735792648052, 0.13625923537844156, 0.13337908025370346, 0.13176232016569231, 0.1330245665974108, 0.1312947081773192, 0.13416146739201562, 0.13412695856686588, 0.13151655610774818, 0.13206210604110175, 0.13136064476085041, 0.13435259610461092, 0.13180217312318993, 0.13212109900986532, 0.13288204271392337, 0.13269180943369771, 0.13227500812661114]}}