{"low_val_loss": 0.13126994587838584, "params": {"verbose": 1, "nb_epoch": 1000, "batch_size": 32, "metrics": ["loss", "acc", "val_loss", "val_acc"], "nb_sample": 95954, "do_validation": true}, "results": {"acc": [0.94218062821768767, 0.94775621652662778, 0.94831898617590893, 0.94813139628908816, 0.94829814285515102, 0.94872543093068729, 0.94962169372948713, 0.94947579048293973, 0.95002813849544665, 0.94987181358355088, 0.94985097025658127, 0.94999687349691686, 0.95029910165908715, 0.95033036663401216, 0.95078891968571566, 0.95069512474727469, 0.9509035579498839, 0.95091397962144408, 0.95117452112470557, 0.95085144966538226, 0.95098693124409661, 0.95110156950329539, 0.95157054421910503, 0.95143506263417887, 0.95167476082289426, 0.9514871709422853, 0.9516434958429999, 0.95179982075365333, 0.95154970089337765, 0.95162265252099965, 0.95197698896891392, 0.95181024240782042, 0.9521645788619465, 0.95215415720032515, 0.9519040373524732, 0.95178939909327431, 0.95194572399274657, 0.95198741062929282, 0.95233132543297883, 0.95210204889346106, 0.95239385538904053, 0.95238343372369216, 0.9525606019551035, 0.9525293369801785, 0.95260228859164975, 0.9524668070067237, 0.95252933697396669, 0.95250849364823942, 0.95270650520040856, 0.95295662504950285, 0.95301915501177648, 0.95280030014381889, 0.9528211434645768, 0.95312337161556582, 0.95319632323324888, 0.95288367342685032], "loss": [0.16509634600348752, 0.14483323459028713, 0.14170522168786509, 0.13992184903729288, 0.13810200579314577, 0.13697318165943384, 0.13647757007518541, 0.13628377330840016, 0.13538336069321083, 0.13509801417277978, 0.13430467151928621, 0.13379556259634715, 0.13325852194089838, 0.13338198637447757, 0.1326893349472322, 0.13243165812659816, 0.13230890446244362, 0.13182160030009735, 0.1313057007724211, 0.131319477456598, 0.13118121462896262, 0.13101045885915608, 0.13084133495067993, 0.13053147741339027, 0.13046490984581011, 0.13003411208263649, 0.12947244220020662, 0.12930437790352872, 0.12927676480481895, 0.12899378402518941, 0.12868191942848708, 0.12855824519786688, 0.12854694619470131, 0.12866912960470708, 0.12837139691030144, 0.12821950092015669, 0.12780188206317475, 0.12788965061288629, 0.12747626129938402, 0.12720055041961781, 0.12733270160945953, 0.12720640460946842, 0.12695893669497027, 0.12685635753411853, 0.12679211959414577, 0.12666038641173874, 0.12648875941566581, 0.12621295948735292, 0.12585636010780146, 0.12613822558439855, 0.12574714806673862, 0.12562328576034151, 0.12539964373375614, 0.12564709874698007, 0.12520608791444882, 0.1250846536695854], "val_acc": [0.9472877911521026, 0.94581835235266531, 0.94710020322025945, 0.94957011098952637, 0.94825699546662501, 0.95007034547444114, 0.94975769892136941, 0.95003908081913402, 0.94978896357667653, 0.94544317652252252, 0.95066437392527747, 0.95050805064874155, 0.95013287478505548, 0.95132093168672816, 0.95122713772080658, 0.95053931530404878, 0.95063310926997024, 0.9517899015163358, 0.95078943254650616, 0.95038299202751286, 0.95128966703142093, 0.95075816789119905, 0.95110207909957789, 0.95044552133812721, 0.95116460841019224, 0.95082069720181339, 0.95013287478505548, 0.9513834609973425, 0.95091449116773485, 0.94941378771299045, 0.94894481788338281, 0.95107081444427077, 0.95135219634203538, 0.95110207909957789, 0.95082069720181339, 0.95066437392527747, 0.95144599030795685, 0.95032046271689852, 0.95053931530404878, 0.9513834609973425, 0.95122713772080658, 0.94997655150851967, 0.95157104892918554, 0.95075816789119905, 0.95135219634203538, 0.95016413944036271, 0.94975769892136941, 0.95113334375488512, 0.9506956385805847, 0.95053931530404878, 0.95000781616382679, 0.95122713772080658, 0.95110207909957789, 0.9502891980615914, 0.94966390495544784, 0.95107081444427077], "val_loss": [0.15110626007819411, 0.14570465860458878, 0.1430368591788897, 0.13682513695145579, 0.13713370239047942, 0.14240879807292214, 0.13560227138098468, 0.13565266578574284, 0.13517690329325185, 0.13836627421023903, 0.13398505998473997, 0.13918437495809038, 0.13434913659283979, 0.13379739030673854, 0.13292582814015502, 0.13305677608603592, 0.13252616655165952, 0.13154499520193474, 0.13156874781034505, 0.13205162579493912, 0.13309620165705624, 0.13208933078557397, 0.13282571248343275, 0.13266954476947576, 0.1328114746810776, 0.13257625182778721, 0.13274769122274532, 0.13191433158986024, 0.13201420769731348, 0.1327783876103788, 0.13223971712851554, 0.1318977345318669, 0.13134000094394041, 0.13344595537849827, 0.13279518091866835, 0.13223883518301288, 0.13215640366929982, 0.13154894858680238, 0.13351716351603202, 0.13126994587838584, 0.13169237304934864, 0.13421552348867402, 0.13255566526084966, 0.13251515369834949, 0.13139449245732743, 0.13491179532202144, 0.13245414766237404, 0.13493542823592852, 0.13255403550778197, 0.1323960580194958, 0.1362741621427514, 0.13437092343794568, 0.1340402319998234, 0.13378367880503422, 0.13313787890173354, 0.13156223334680689]}}