{"low_val_loss": 0.2208601908731708, "params": {"verbose": 1, "nb_epoch": 1000, "batch_size": 32, "metrics": ["loss", "acc", "val_loss", "val_acc"], "nb_sample": 30068, "do_validation": true}, "results": {"acc": [0.88479446586148602, 0.899394705334575, 0.90195556739646254, 0.90391778633507924, 0.90335240123182181, 0.90435013969924294, 0.90581348942397233, 0.90375149659183063, 0.90501529864052022, 0.90504855661295791, 0.9059797791513623, 0.90614606890254024, 0.9052813622614353, 0.90711054942131164, 0.90617932685911928, 0.90621258480776901, 0.90617932687497793, 0.90837435147000134, 0.90810828787287423, 0.90657842225084539, 0.90731009710528077, 0.9082080617188234, 0.90807502992422451, 0.9092390581190356, 0.90877344683793948, 0.90847412533180916, 0.90790874020476375, 0.90923905812696493, 0.90890647864839702, 0.90867367300784885, 0.90903951042713727, 0.90920580020210318, 0.90973792733292291, 0.91083543968593983, 0.91017028068122796, 0.91040308635349332, 0.91213249965156185, 0.91153385660758401, 0.91123453505387786, 0.91226553144616085, 0.91206598376219172, 0.91246507914598851, 0.91332978581088142], "loss": [0.26285167237664692, 0.22681768887162257, 0.22199095854008152, 0.2207578691266486, 0.21933750541615837, 0.2182204185453393, 0.21732778468196404, 0.21681883867130772, 0.21592518345891312, 0.21552382173477311, 0.21419121932401386, 0.2141859589861447, 0.21373326046813815, 0.21280810097374941, 0.2135175601702525, 0.2124042311583933, 0.21102362997642585, 0.21091599474209205, 0.21033144179170113, 0.21039122120249662, 0.20991091496991687, 0.20903679277528325, 0.20920913972657332, 0.20852542804866073, 0.20830973956644241, 0.20833273560851437, 0.20799792860160723, 0.20750272805281295, 0.20704776352154727, 0.20609689782524387, 0.20635434323856136, 0.20533981722641675, 0.20460096329105681, 0.20457543433307254, 0.20396952644075758, 0.20364056828333785, 0.20272075977174941, 0.20265147064584391, 0.20290215203464942, 0.20191502309835099, 0.20041618271284445, 0.20086965136734494, 0.19963855242354925], "val_acc": [0.89843360276133266, 0.90142671859491541, 0.8931457647886698, 0.90312281756727897, 0.89534071639996382, 0.90441983442849816, 0.90282350598392069, 0.90152648907512722, 0.90062855437262668, 0.90192557123384587, 0.90302304703949288, 0.90102763648377104, 0.90312281756727897, 0.90172603017827369, 0.90042901331705449, 0.9027237354561346, 0.90112740701155714, 0.90262396492834851, 0.90052878384484059, 0.90282350598392069, 0.90302304703949288, 0.90362167020620943, 0.90242442387277633, 0.90362167020620943, 0.90042901331705449, 0.90461937548407034, 0.90252419440056242, 0.90172603017827369, 0.90222488276962987, 0.90182580070605978, 0.90012970173369622, 0.90142671854734113, 0.90262396492834851, 0.90192557118627159, 0.90292327646413251, 0.90152648907512722, 0.90082809538062458, 0.89973061962255185, 0.90212511224184377, 0.9015264891227015, 0.90152648907512722, 0.90222488276962987, 0.90122717753934323], "val_loss": [0.2308686598919828, 0.22879947745150631, 0.25099818496055665, 0.22810394639301881, 0.2298284876665336, 0.22468358038619024, 0.22468440771209947, 0.23344144069612069, 0.24081002027584289, 0.22425384079429972, 0.22160111371419225, 0.2219110625307919, 0.23067058808228147, 0.22143509604016737, 0.22721482974070223, 0.222171125796566, 0.22894276261543736, 0.22191405241763915, 0.22956390395666873, 0.22503942345462016, 0.22197692040482242, 0.22380164851391135, 0.22129746752085949, 0.22352682183534101, 0.22260242765694099, 0.22212976496025533, 0.2208601908731708, 0.22456390205720556, 0.22940503285606262, 0.22241559227129234, 0.2262159793659157, 0.22315702560828568, 0.22350100686030866, 0.2230382372769103, 0.22464830048585216, 0.22787193826581029, 0.23138019974201035, 0.22757908000175817, 0.22639713629115357, 0.22609560082656449, 0.2267812986692887, 0.22664106297157582, 0.23555484336495078]}}