{"low_val_loss": 0.22192464344434654, "params": {"verbose": 1, "nb_epoch": 1000, "batch_size": 32, "metrics": ["loss", "acc", "val_loss", "val_acc"], "nb_sample": 30068, "do_validation": true}, "results": {"acc": [0.8775442330558455, 0.90045895970722489, 0.90172276173212651, 0.90305307968604498, 0.90398430225616666, 0.90458294530807382, 0.9048490088972716, 0.90471597713439, 0.90481575094862188, 0.90561394172414467, 0.90494878274322077, 0.90451642941077437, 0.9048490088972716, 0.90568045762937344, 0.90601303710001202, 0.90707729145680338, 0.90631235866957682, 0.90604629508037904, 0.90544765198089605, 0.90488226686177997, 0.90514833044304843, 0.9055474258189159, 0.90484900890520092, 0.90624584275641873, 0.90624584277227738, 0.90631235863785964, 0.90534787813494688, 0.90671145405337361, 0.90601303710001202, 0.90644539043245853, 0.90571371557009384, 0.90661168019949512, 0.9064786483969669, 0.90631235863785964, 0.90674471197823536], "loss": [0.27760339385099009, 0.2263422623243011, 0.22159658382512065, 0.22031427393952979, 0.218897206258057, 0.21804869877097929, 0.21742282387375181, 0.21715544308692483, 0.21634794502867588, 0.21563794448113399, 0.21540862979193673, 0.21569489361885555, 0.21451283551458192, 0.21508638742749672, 0.21438213752688476, 0.21353422627457599, 0.21361119378924576, 0.21394273600862812, 0.21333674885291948, 0.21379897167101589, 0.21381570560961974, 0.21297344968200635, 0.21321879810192365, 0.21316231559038765, 0.21274201565003226, 0.21293125805011753, 0.21293770379647148, 0.21232220496017437, 0.21226473862707448, 0.2121745872342144, 0.212008773289384, 0.21237416382449348, 0.21232365912478926, 0.21170314283340524, 0.21193386881738738], "val_acc": [0.89623865115003865, 0.90002993120591013, 0.90132694806712932, 0.90142671859491541, 0.90322258809506506, 0.90322258809506506, 0.90202534176163196, 0.90262396492834851, 0.90132694806712932, 0.90531776917857298, 0.90322258809506506, 0.90441983442849816, 0.90322258809506506, 0.90302304703949288, 0.89953107856697967, 0.90372144073399552, 0.90292327646413251, 0.90262396492834851, 0.90471914601185643, 0.90182580070605978, 0.90402075231735379, 0.90262396492834851, 0.90441983442849816, 0.90382121126178161, 0.90531776917857298, 0.90372144068642124, 0.90112740696398286, 0.90312281756727897, 0.90461937548407034, 0.90382121126178161, 0.90202534176163196, 0.90412052284513988, 0.9027237354561346, 0.90222488281720414, 0.9015264891227015], "val_loss": [0.23956829919009154, 0.23291574314029989, 0.229621819761548, 0.22846203720118843, 0.22498215258175011, 0.22904233868329288, 0.22717008955652551, 0.22709587054178645, 0.22556473697883858, 0.22301053980040739, 0.22728907769696627, 0.22236045586376577, 0.22443170819491384, 0.22426752414125817, 0.22579454708739238, 0.22766934679104731, 0.22359737012898459, 0.2264211506430503, 0.22192464344434654, 0.2263080116179631, 0.22272903516860371, 0.22392422139977644, 0.22477296887073975, 0.22363468948731247, 0.22230657519610786, 0.22332644158109963, 0.22436980619338248, 0.22309466169157108, 0.22250479186210378, 0.22365799386867871, 0.22440398692531666, 0.22264734605293984, 0.22446076466385909, 0.22279287528595643, 0.22392700261238579]}}