{"low_val_loss": 0.13142793958091506, "params": {"verbose": 1, "nb_epoch": 1000, "batch_size": 32, "metrics": ["loss", "acc", "val_loss", "val_acc"], "nb_sample": 95954, "do_validation": true}, "results": {"acc": [0.94187840006172918, 0.94672447213793243, 0.9480792879921629, 0.94895470746399313, 0.94874627426262637, 0.94949663380493998, 0.95015319840881263, 0.95031994496866379, 0.95021572836487445, 0.9504450048981804, 0.95026783667173853, 0.95066385976613799, 0.95083060633220085, 0.9506742814327287, 0.95126831606811602, 0.95120578610584239, 0.95120578610584239, 0.95143506263417887, 0.95147674927072512, 0.95143506263417887, 0.95195614565933728, 0.95161223086062074, 0.95165391750213646, 0.95208120558388443, 0.95146632762773931, 0.9520082539612319, 0.95219584384184086, 0.95186235070474567, 0.95217500052108306, 0.95231048210103975], "loss": [0.16078980025036402, 0.14452032734526324, 0.14058748687830178, 0.13878530910796946, 0.13707373002312462, 0.13577128636595243, 0.13479046966440841, 0.13446823839039745, 0.13360609727429401, 0.13286956182398407, 0.13233500238751256, 0.13195854156669282, 0.13157506516344175, 0.13111721106920426, 0.13075823026762468, 0.13030826956790614, 0.13013118647937627, 0.12929260350907756, 0.12927338991636486, 0.129023368027334, 0.12845194484005576, 0.12845045660642043, 0.12796035804090358, 0.12762104745330066, 0.12769848478669824, 0.12728360180098003, 0.12650662641854668, 0.12613197598088208, 0.12618598751050564, 0.12577445490988967], "val_acc": [0.94831952477723935, 0.94881975926215412, 0.9494763170236048, 0.94938252305768334, 0.94997655150851967, 0.94935125840237611, 0.94747537908394563, 0.95091449116773485, 0.95016413944036271, 0.95003908081913402, 0.94966390495544784, 0.95016413944036271, 0.94963264030014072, 0.95010161012974836, 0.9498827575425981, 0.95066437392527747, 0.94888228857276846, 0.95110207909957789, 0.95078943254650616, 0.94922619978114742, 0.95047678599343444, 0.95107081444427077, 0.95100828513365643, 0.9509770204783492, 0.94966390495544784, 0.94972643426606218, 0.95082069720181339, 0.94938252305768334, 0.94978896361021992, 0.95050805064874155], "val_loss": [0.14763411195907664, 0.14155260161373678, 0.13756648456284418, 0.13731880093274945, 0.13447102844815281, 0.13528676657205599, 0.13736772559849902, 0.13300570667544734, 0.13360535201254217, 0.14050177215518889, 0.13704690075356718, 0.13481668402100608, 0.13475066821021139, 0.13142793958091506, 0.13342367054250195, 0.13282946751886687, 0.13559435286921823, 0.13168834653313652, 0.13239566282297421, 0.13349245746764277, 0.13276642646354606, 0.13264113935256575, 0.13172907733919101, 0.13239140262268512, 0.13298804402777659, 0.13522601129511325, 0.13274899068052218, 0.13292730528105978, 0.13360911913499135, 0.13209202316951729]}}