{"low_val_loss": 0.13145573362882795, "params": {"verbose": 1, "nb_epoch": 1000, "batch_size": 32, "metrics": ["loss", "acc", "val_loss", "val_acc"], "nb_sample": 95954, "do_validation": true}, "results": {"acc": [0.9413990036842983, 0.94608875085978694, 0.94803760135064719, 0.94820434792292185, 0.94916314066660235, 0.94891302082247742, 0.94994476520620341, 0.94963211538862369, 0.94949663380990945, 0.95042416157866483, 0.9504345832440132, 0.9504554265585593, 0.9503303666352545, 0.95091397961523227, 0.95071596807424441, 0.95108072617632577, 0.950934822942202, 0.95140379765304206, 0.95105988286053733, 0.95141421931466341, 0.95108072618874939, 0.95160180920645354, 0.95153927923796822, 0.95174771244057743, 0.95172686911981952, 0.95182066408062294, 0.95133084602790485, 0.95169560414365217, 0.95200825396744371, 0.95173729078641023, 0.95197698897388328, 0.95170602581024288, 0.95165391750834827, 0.9516643391637577, 0.95201867561042963, 0.95184150739516904, 0.95240427704445008, 0.95224795215118974, 0.9520395189361569, 0.95218542218891611, 0.95223753047838722, 0.9523000604456302], "loss": [0.16491972919074666, 0.14707892271207201, 0.14318342233442372, 0.141194230826101, 0.13940641009645086, 0.13785564316987983, 0.13669334225326918, 0.13602473352255914, 0.13531457775697917, 0.13440066602310974, 0.13359922801912569, 0.13333971279246004, 0.13280344126181134, 0.13241902024437788, 0.13203132794235656, 0.13145515311457426, 0.1316189710017821, 0.13108982622883097, 0.13077621740970058, 0.13033741934206988, 0.13041289024118519, 0.13008062865973402, 0.12989383714578842, 0.12960456155600353, 0.12924023043444807, 0.12931644133227244, 0.12897480074513099, 0.12864103114493822, 0.12860118776785318, 0.1284492546375495, 0.12820710095374846, 0.12822462094976309, 0.12808714366073837, 0.1279887517177962, 0.12765053528655249, 0.12763754489016735, 0.12733997541234809, 0.12714726446352081, 0.12722818880207482, 0.12680348516887094, 0.12688506954680026, 0.12666875068521874], "val_acc": [0.94594341097389401, 0.94763170236048144, 0.94991402219790522, 0.95038299202751286, 0.94994528685321244, 0.95050805064874155, 0.94957011098952637, 0.95000781616382679, 0.94985149288729087, 0.94935125840237611, 0.94894481788338281, 0.9506956385805847, 0.94935125840237611, 0.94978896357667653, 0.95060184461466313, 0.95060184461466313, 0.95100828513365643, 0.95032046271689852, 0.94978896357667653, 0.95000781616382679, 0.95078943254650616, 0.95116460841019224, 0.94966390495544784, 0.95013287478505548, 0.95160231358449276, 0.9513834609973425, 0.95113334375488512, 0.95060184461466313, 0.95032046271689852, 0.95119587306549946, 0.95075816789119905, 0.95032046271689852, 0.95060184461466313, 0.94944505236829768, 0.95116460841019224, 0.95053931530404878, 0.9502891980615914, 0.94941378771299045, 0.95072690323589182, 0.95019540409566983, 0.95060184461466313, 0.95025793340628417], "val_loss": [0.14864669237911879, 0.14485185643402099, 0.1408363406082718, 0.13852192889936868, 0.1370472299355221, 0.13704450279287905, 0.13605900647604077, 0.13679834419332371, 0.13526909008461441, 0.13540718967893711, 0.13564951009320453, 0.1343558392551088, 0.1351851282230444, 0.13433237135741083, 0.13355601784485344, 0.13496504847542073, 0.13299093886718388, 0.13284604892901039, 0.13304434155316508, 0.1332406315003892, 0.13250549184529692, 0.13227090503864966, 0.1336120842482702, 0.13592428205820459, 0.13210426008671508, 0.13145573362882795, 0.13202702235957506, 0.13222743399943226, 0.13210989499028741, 0.13172009733317885, 0.13207339536639159, 0.13323686263706416, 0.13183632329891337, 0.13364876901798739, 0.1351399515805411, 0.13262816149230691, 0.13290425697974867, 0.13241869909760168, 0.13262836082346535, 0.13244123289410223, 0.13271766077049807, 0.13336262563038231]}}