{"low_val_loss": 0.22022090052566426, "params": {"verbose": 1, "nb_epoch": 1000, "batch_size": 32, "metrics": ["loss", "acc", "val_loss", "val_acc"], "nb_sample": 30068, "do_validation": true}, "results": {"acc": [0.87897432485571314, 0.90115737662886919, 0.90185579351879619, 0.90411733405869488, 0.9037182386431809, 0.90494878277493807, 0.9052481042889976, 0.90425036580571794, 0.90458294530807382, 0.90544765199675459, 0.90544765197296673, 0.90568045763730276, 0.90458294532393246, 0.9048157509565512, 0.90454968737528274, 0.90514833043511911, 0.90597977915929162, 0.90637887455101773, 0.90687774376490493, 0.90657842223498675, 0.90601303712379999, 0.90597977915929162, 0.90508181454574899, 0.90597977915929162, 0.90574697354253153, 0.90634561661822655, 0.90624584275641873, 0.90588000531334245, 0.90544765198882537, 0.90644539046417583, 0.90634561659443869, 0.90654516429426635, 0.90667819608886524, 0.9072103232593316, 0.90657842222705742, 0.90681122789139346, 0.90667819607300659, 0.90677796991895576, 0.90711054941338243, 0.90644539044038785, 0.90731009710528077, 0.90647864840489623, 0.90767593451663986, 0.90657842223498675, 0.90594652121857122, 0.90651190635354595, 0.90750964480510843, 0.907642676591778, 0.90624584275641873, 0.90727683915663104, 0.90800851402692506, 0.90707729147266192, 0.90721032325140227, 0.90870693094856925, 0.90790874020476375, 0.90731009712113941, 0.90817480376224435, 0.90777570837844757, 0.90701077556743315, 0.90844086738315943, 0.90790874020476375, 0.90837435147000134, 0.90810828787287423, 0.90810828787287423, 0.90854064119739131, 0.90903951045885445, 0.9099042170999595], "loss": [0.27762077767607601, 0.2267488807150384, 0.22248004208786842, 0.22023733069846901, 0.21932880726919318, 0.21851761427405542, 0.21824442315636058, 0.2177395234482869, 0.21729721860617926, 0.21710817320788972, 0.21626598281604711, 0.21611711885782575, 0.21564816259411687, 0.21563582919420071, 0.2156522001625614, 0.2145940218459296, 0.21427884325632884, 0.21404411021342012, 0.21328443901738986, 0.21264505760417873, 0.21324818217089889, 0.21300970754146703, 0.21299679849524281, 0.21240652180009817, 0.21257651867155417, 0.21215254717388893, 0.21194217359510623, 0.21183455702835724, 0.21160182139769473, 0.21149415441042757, 0.21101977673675273, 0.21097958820986115, 0.2113132047602847, 0.2111254197589828, 0.21082445160416793, 0.2103040002913841, 0.21040245916784103, 0.21019568852609469, 0.20974094897916981, 0.21016959656509168, 0.2101664809814647, 0.21028158356490978, 0.20947734069773472, 0.20973173790676125, 0.20924927865759527, 0.20899398849693024, 0.20919464497338969, 0.20804114363323395, 0.20917978199183726, 0.20846582173377382, 0.2086854495273652, 0.20827921030645724, 0.20841147611357516, 0.20856956670151694, 0.20818133259709248, 0.20813790766366924, 0.20746994718713013, 0.20763180119941824, 0.20766617317786951, 0.20731772525411693, 0.20702587799064431, 0.20721898346473297, 0.20688067119307416, 0.20677556470383415, 0.20638143536542441, 0.20628181152621594, 0.20592307919546915], "val_acc": [0.89893245535268884, 0.90092786595598495, 0.90082809538062458, 0.90082809542819886, 0.90082809542819886, 0.90132694806712932, 0.90102763648377104, 0.90412052279756561, 0.90252419440056242, 0.90132694806712932, 0.90382121126178161, 0.89983039015033794, 0.90132694806712932, 0.90222488281720414, 0.90262396492834851, 0.90262396492834851, 0.9015264891227015, 0.90052878384484059, 0.90112740701155714, 0.90202534176163196, 0.90342212915063724, 0.9027237354561346, 0.90352189967842333, 0.90402075231735379, 0.9027237354561346, 0.90352189967842333, 0.90342212915063724, 0.90412052284513988, 0.90122717753934323, 0.9027237354561346, 0.9039209817895677, 0.90012970173369622, 0.90362167020620943, 0.90332235862285115, 0.90422029337292598, 0.90402075231735379, 0.90362167020620943, 0.90262396492834851, 0.90222488281720414, 0.90202534176163196, 0.9015264891227015, 0.90342212915063724, 0.90372144073399552, 0.90402075231735379, 0.90192557123384587, 0.90292327651170678, 0.90162625965048759, 0.90292327651170678, 0.90092786595598495, 0.90352189967842333, 0.90132694806712932, 0.90402075231735379, 0.90242442387277633, 0.90282350598392069, 0.90342212915063724, 0.90382121126178161, 0.90362167020620943, 0.90322258809506506, 0.90372144073399552, 0.90092786595598495, 0.90192557123384587, 0.90192557123384587, 0.90372144073399552, 0.90282350598392069, 0.90342212915063724, 0.90302304703949288, 0.90312281751970469], "val_loss": [0.24196258354770392, 0.23025546740964656, 0.227473825825839, 0.22799755226711807, 0.23156521617206619, 0.22562223446145571, 0.22647428814521345, 0.22509976963695741, 0.22605385352046883, 0.22724820939287102, 0.2249884178725757, 0.22686117116050022, 0.22491399450096602, 0.22491196829687748, 0.22529976145600078, 0.22479580801118221, 0.22630156354223624, 0.22409717149153138, 0.22609248554576933, 0.22479618515045857, 0.22248283199275384, 0.22204968346921933, 0.22250377994049669, 0.22260838477635092, 0.22225379588229802, 0.22388676573217337, 0.2230018362020835, 0.22270396752925045, 0.22264056870957091, 0.22974051426749356, 0.22262204849445261, 0.22464867537278299, 0.22137323527662955, 0.22142590128184911, 0.22133800609197657, 0.22185286340463259, 0.22176213840352171, 0.22251095815676838, 0.22507453890994769, 0.22383480332252878, 0.22344805823701663, 0.22271718572002677, 0.22291857917443442, 0.22054434835072301, 0.22187281695000249, 0.22513415433327427, 0.22167084563888143, 0.22081523760818714, 0.22647114117845119, 0.221432675738053, 0.22022090052566426, 0.22132894886351151, 0.22079645829751179, 0.22264127407580164, 0.22652688010996311, 0.22117868043830935, 0.22255623725958479, 0.22184301942667181, 0.22055634424487333, 0.2223805966452069, 0.22170918127037767, 0.22350030378656427, 0.22360073847678158, 0.22279887265916667, 0.2224306711195044, 0.22237872136016218, 0.22034243415700311]}}