{"low_val_loss": 0.13173287193607833, "params": {"verbose": 1, "nb_epoch": 1000, "batch_size": 32, "metrics": ["loss", "acc", "val_loss", "val_acc"], "nb_sample": 95954, "do_validation": true}, "results": {"acc": [0.94248285636867668, 0.94633887070888134, 0.94741230173412305, 0.94843362444628898, 0.94917356233816252, 0.94928820059611896, 0.94944452551422653, 0.95015319840881263, 0.94992392188668795, 0.95013235509923599, 0.95023657169681353, 0.9502261500327075, 0.95057006482272755, 0.95092440127064182, 0.95067428142154742, 0.95101819621902162, 0.95127873774091853, 0.95160180920024173, 0.95091397962144408, 0.95101819622523343, 0.95132042437001063, 0.95186235070971503, 0.95166433915754589, 0.95171644746565243, 0.95188319403047295, 0.95191445901782157, 0.95189361569706366, 0.95198741064171644, 0.95148717093731594, 0.95217500052108306, 0.95227921712487229, 0.95245638535131416, 0.95267524021927175, 0.95248765033866278, 0.95249807199904168, 0.9525501802947246], "loss": [0.16230902073539036, 0.14403904945171994, 0.14071157456132602, 0.13861723140220319, 0.13709888331133807, 0.13610909250729389, 0.13521705382042012, 0.13407066348853713, 0.1339669564502938, 0.13261592856429141, 0.13271801149724988, 0.13213265325110737, 0.13106151679946737, 0.13095845013930188, 0.1310755168029448, 0.13048298534280831, 0.1301409704431534, 0.12925886786334448, 0.12927463670845171, 0.12927432196137109, 0.12863370402335181, 0.12829005097222659, 0.12806324241513034, 0.12781223533461739, 0.12757741359752992, 0.12732940630774806, 0.12680957843202367, 0.12683851064751023, 0.12654115763097715, 0.12614246598636533, 0.12585552663454569, 0.12595436364761101, 0.12533286654322046, 0.12529441600440155, 0.12482723910249328, 0.12470387949200015], "val_acc": [0.94713146787556668, 0.94903861184930438, 0.94994528685321244, 0.9494763170236048, 0.94806940753478197, 0.95022666875097705, 0.95100828513365643, 0.94653743942473034, 0.95157104892918554, 0.95091449116773485, 0.95035172737220575, 0.95044552133812721, 0.94663123339065192, 0.95100828513365643, 0.95007034547444114, 0.94994528685321244, 0.94931999374706899, 0.94666249804595903, 0.94982022823198375, 0.95032046271689852, 0.94853837736438951, 0.94891355322807569, 0.95053931530404878, 0.9511333437884284, 0.94822573081131778, 0.9509770204783492, 0.95122713772080658, 0.95041425671636337, 0.94963264030014072, 0.95025793343982756, 0.95078943254650616, 0.95078943254650616, 0.95085196185712051, 0.95122713772080658, 0.95082069720181339, 0.94975769892136941], "val_loss": [0.14450988959237451, 0.1398396344287928, 0.1387804962469858, 0.13763801104352588, 0.13856334137216814, 0.13625866289968153, 0.1341549434873095, 0.13995489792649926, 0.13242885620706396, 0.13324043599177343, 0.13843788722399269, 0.13289397015005272, 0.1373024520952105, 0.13833106448916097, 0.13331056464523455, 0.13262555775594689, 0.13357843613254664, 0.13610223185609369, 0.1334196734222487, 0.13173287193607833, 0.13358068068465051, 0.13602144649848913, 0.13245673093951194, 0.13259034802601713, 0.13371942558381006, 0.13183241240937615, 0.13402635902830246, 0.1323785040592223, 0.13303012894802826, 0.13465115218394919, 0.13483600907606577, 0.1354017234792444, 0.13444911715167937, 0.1323042625957063, 0.13947794822912227, 0.13434053815601951]}}