{"low_val_loss": 0.13157825450240698, "params": {"verbose": 1, "nb_epoch": 1000, "batch_size": 32, "metrics": ["loss", "acc", "val_loss", "val_acc"], "nb_sample": 95954, "do_validation": true}, "results": {"acc": [0.94261833795360273, 0.94770410821852136, 0.94787085479079602, 0.94935073055342312, 0.94906934572319201, 0.94950705547028835, 0.94959042874710797, 0.95010109010567567, 0.95076807636495786, 0.95090355795485337, 0.95027825833832924, 0.95048669153472665, 0.95100777455864272, 0.95110156950205305, 0.95068470308689579, 0.95110156950205305, 0.95189361569085185, 0.95120578610584239, 0.9511745211197361, 0.95197698897388328, 0.95187277237630574, 0.9517372907913797, 0.95156012255872602, 0.95224795213876612, 0.95214373554615805, 0.9522062654972504, 0.95232090376638812, 0.95278987847847052, 0.95252933697520903, 0.95257102361672474, 0.95274819184192427, 0.95269608354002955, 0.95303999832756492, 0.95308168496908063], "loss": [0.16019220269154946, 0.14318984051625566, 0.13883757939589417, 0.13703288304885763, 0.13556427678873398, 0.13493473700714539, 0.13402484349491342, 0.13363361287913542, 0.13304880815684023, 0.13218867942816018, 0.13204633862026774, 0.13196312326556742, 0.13117320043609967, 0.13060381386736478, 0.13065949054980563, 0.13040028082802285, 0.12953764265341228, 0.12951852758450275, 0.12900220508238339, 0.12852456555956768, 0.12828640114605858, 0.12794499318111627, 0.12760995599625508, 0.12710635103579596, 0.12703438659635952, 0.12708253977345424, 0.12646691239561964, 0.12601570564325065, 0.12621764990868942, 0.12565147940798624, 0.12547103343925356, 0.12608167160280892, 0.12490478994570441, 0.12442863112111362], "val_acc": [0.94853837736438951, 0.94738158511802406, 0.94760043770517433, 0.94938252305768334, 0.95066437392527747, 0.9494763170236048, 0.94888228857276846, 0.95135219634203538, 0.94841331874316082, 0.94913240581522584, 0.94941378771299045, 0.95032046271689852, 0.9502891980615914, 0.95032046271689852, 0.95044552133812721, 0.9502891980615914, 0.95107081444427077, 0.9506956385805847, 0.94960137564483349, 0.9506956385805847, 0.94997655150851967, 0.95078943254650616, 0.95094575582304208, 0.95044552133812721, 0.95125840237611381, 0.95022666875097705, 0.94966390495544784, 0.95032046271689852, 0.95125840237611381, 0.95007034547444114, 0.95094575582304208, 0.95041425668282009, 0.95050805064874155, 0.9498827575425981], "val_loss": [0.15176463761326575, 0.14501641279289421, 0.14257390802076539, 0.13666122373340836, 0.13407550989668388, 0.14043489393194486, 0.13511015132130152, 0.13434259216287311, 0.13511102745029654, 0.13737686016614761, 0.1343434448817642, 0.13414992514566199, 0.13335425392694727, 0.13380834603004013, 0.13230039581099728, 0.13257517231797472, 0.13263065000963672, 0.13157825450240698, 0.13745039250362157, 0.13226419934140754, 0.13404889758539437, 0.13278212980710102, 0.1321506084610759, 0.13239101992664681, 0.13335734878433614, 0.13544545043990708, 0.13358047394821826, 0.13463330476886781, 0.13180395956579943, 0.1341377302508103, 0.13310108978696703, 0.13434100908337765, 0.13326367293509986, 0.13588008268274646]}}