{"low_val_loss": 0.22089602903853298, "params": {"verbose": 1, "nb_epoch": 1000, "batch_size": 32, "metrics": ["loss", "acc", "val_loss", "val_acc"], "nb_sample": 30068, "do_validation": true}, "results": {"acc": [0.88459491817751701, 0.9014566981349994, 0.90265398429431898, 0.9031195955754151, 0.90498204072358779, 0.90441665557275452, 0.90531462017836783, 0.90498204069979982, 0.90558068377549494, 0.90544765197296673, 0.90594652123442987, 0.90588000532127178, 0.90694425966220438, 0.90724358121591064, 0.90727683915663104, 0.90614606890254024, 0.90800851406657157, 0.90747638685645871, 0.90707729148852057, 0.90877344683793948, 0.90807502991629518, 0.908174803778103, 0.90947186377544231, 0.90877344684586869, 0.90947186375958367, 0.90950512170823339, 0.90977118534500712, 0.90917254222173616, 0.9099374750406799, 0.91113476122378734, 0.91010376479185784, 0.91113476119999937, 0.9109019555594513, 0.91086869763458955, 0.91223227351336966, 0.912032725813542, 0.91253159503535863], "loss": [0.26045558276020403, 0.22461808454138779, 0.2213267593826562, 0.2204837063370795, 0.21817152598396775, 0.21800027054223955, 0.21709171966366492, 0.21595237026177172, 0.21525108047474947, 0.21542977206374286, 0.21348002076434441, 0.21381120182929622, 0.21295340977102672, 0.21256151583872848, 0.21186820330519268, 0.21154652338871952, 0.21170111424557878, 0.21122279743101111, 0.21031444578930722, 0.20974222987045771, 0.21011290901341906, 0.20922195955216924, 0.20896114238886118, 0.20880774943411026, 0.20806413494646192, 0.20771536027257614, 0.20764278439792275, 0.20680971510061102, 0.2060414563611227, 0.20578008211799262, 0.20512613535989896, 0.20509661239513266, 0.20534134900314591, 0.20434097517705493, 0.20363649482087631, 0.20334117067166271, 0.20282130046055422], "val_acc": [0.90082809542819886, 0.9015264891227015, 0.90122717753934323, 0.90112740696398286, 0.90432006390071207, 0.90382121126178161, 0.90422029337292598, 0.90232465334499024, 0.90491868706742862, 0.90322258809506506, 0.90342212915063724, 0.90242442387277633, 0.90461937548407034, 0.90162625965048759, 0.90352189967842333, 0.90441983442849816, 0.90302304703949288, 0.90322258809506506, 0.90142671859491541, 0.90212511228941805, 0.90302304703949288, 0.90102763648377104, 0.90282350598392069, 0.90082809542819886, 0.90222488281720414, 0.90122717753934323, 0.90282350598392069, 0.90212511228941805, 0.90182580070605978, 0.90142671859491541, 0.90082809542819886, 0.90322258809506506, 0.90202534176163196, 0.90162625965048759, 0.90212511228941805, 0.90082809542819886, 0.90182580070605978], "val_loss": [0.24124759874526558, 0.22697107382969836, 0.23141753964054004, 0.24029096121335117, 0.22821740001948498, 0.22457072910084572, 0.2233064989094295, 0.22652266259073534, 0.22363427765448152, 0.22289356342674335, 0.22357640098540663, 0.22342333779189444, 0.22204401785238148, 0.22183474590889438, 0.22280001972745211, 0.22268134331906567, 0.22172180929013169, 0.22184305928947087, 0.22927458636491679, 0.22555047155889485, 0.22089602903853298, 0.23011351551681797, 0.22370224348456633, 0.22276382161200101, 0.221314534754569, 0.22722200009680837, 0.22245388128443963, 0.22583471967689198, 0.22209333190658212, 0.22283786128502839, 0.22529281241254132, 0.22504945678124821, 0.22483265868242328, 0.22617032546388358, 0.22638361597684381, 0.22474908712326999, 0.22490327688351988]}}