{"low_val_loss": 0.12744096057599869, "params": {"verbose": 1, "nb_epoch": 1000, "batch_size": 32, "metrics": ["loss", "acc", "val_loss", "val_acc"], "nb_sample": 95954, "do_validation": true}, "results": {"acc": [0.94242032640640305, 0.94614085916168167, 0.94796464972302519, 0.94844404610045607, 0.94881922589149059, 0.94916314067902596, 0.94949663379872817, 0.9496216937406684, 0.9498405485912329, 0.94923609229422434, 0.94972591032706466, 0.94996560852074952, 0.94945494716466661, 0.94977801862895928, 0.95024699335719243, 0.94979886196711016, 0.95024699335098073, 0.95024699335843488, 0.95015319840757029, 0.95050753487287754, 0.95049711320007502, 0.95047626987931721, 0.95061175146424326, 0.95113283448940167, 0.95059090813851599, 0.95079934135106403, 0.95087229297371656, 0.95132042438243425, 0.95120578611826601, 0.95143506264660249, 0.95128915939632797, 0.95104946120015843, 0.95110156950826485, 0.95140379765925387, 0.95141421931342096, 0.9516956041386827, 0.95194572399274657, 0.95222710881800821, 0.95139337599887497, 0.95167476082910607, 0.95195614566057962, 0.95173729078019842, 0.95214373553497678, 0.95208120557767262, 0.95153927924542236, 0.95200825396247424, 0.95196656731350437, 0.95191445901906391, 0.95192488067198866, 0.95208120557767262, 0.95247722867207207, 0.95201867561539899, 0.95207078391853606, 0.95200825395005073, 0.95210204890464234, 0.952029097275778, 0.95195614565312547, 0.95226879546449339, 0.95209162724426333, 0.95231048210103975, 0.95219584384184086, 0.95196656732592799, 0.95258144527089195, 0.95220626550221976, 0.9523000604456302, 0.9525397586405574, 0.95242512037017735, 0.95252933697396669, 0.9528211434645768, 0.9522166871576293, 0.95250849366563239, 0.95275861349733371, 0.95258144527710376, 0.95213331387956734, 0.9528003001500307, 0.95259186694369447, 0.9528107218104096, 0.95237301206331326, 0.95252933696899722, 0.95256060196131531, 0.9522687954707052, 0.952727348516197], "loss": [0.16907330700165557, 0.14486481259760475, 0.14143879009974808, 0.13981592063073714, 0.1389275760522001, 0.13807313409854355, 0.13750129252623122, 0.13671584236934187, 0.13615977413908711, 0.13583778876218894, 0.13528887042056542, 0.13503058881154875, 0.13470270677204912, 0.13426350745174415, 0.13406209936643657, 0.13381651724580254, 0.13346741348365254, 0.1333351451252508, 0.13307138211894873, 0.13278451430765773, 0.13276512429643364, 0.13245055097800465, 0.13212165350828323, 0.13207636202473966, 0.13170247786539832, 0.13138869370472625, 0.13115037650535824, 0.13068748005153036, 0.13059415044321046, 0.13028327113807775, 0.1300552084687617, 0.12992389414798863, 0.12974767889121286, 0.12960994000600928, 0.12923905597568944, 0.12910374839636171, 0.12898507577736321, 0.12870291351444624, 0.12873336243392661, 0.12852910368965928, 0.12841855495215249, 0.12823760090785016, 0.12804726370030406, 0.12812464179054439, 0.12808374339990256, 0.12779186216433244, 0.12777205027494976, 0.12766234981493652, 0.12720142386846395, 0.12747347951523932, 0.1273559634112435, 0.12720706411117419, 0.12720492050310411, 0.12715459180570354, 0.12724939262843121, 0.12687970776868571, 0.12686905177889321, 0.12699396693743412, 0.12675384934223277, 0.12672693735236615, 0.1267623860265302, 0.12664197436837954, 0.12658971755414586, 0.12639766391519297, 0.12664180587502979, 0.12652921595758188, 0.12633128280974043, 0.12624207399848414, 0.12602772468950524, 0.12618369900932044, 0.12618372971980707, 0.12598192199083505, 0.12599454581095218, 0.1260723094777067, 0.12597065800036675, 0.12559183740734739, 0.12579735815242418, 0.12590200387344114, 0.12593119530987193, 0.12578312127951136, 0.12588337623223503, 0.12570029274647923], "val_acc": [0.94666249804595903, 0.94894481788338281, 0.94866343598561831, 0.94916367047053307, 0.94953884633421914, 0.94978896357667653, 0.95044552133812721, 0.95044552133812721, 0.94969516961075506, 0.95066437392527747, 0.95003908081913402, 0.94957011098952637, 0.95010161012974836, 0.95047678599343444, 0.95060184461466313, 0.95053931530404878, 0.94991402219790522, 0.95044552133812721, 0.9502891980615914, 0.95072690323589182, 0.95078943254650616, 0.95019540409566983, 0.9506956385805847, 0.95094575582304208, 0.95063310926997024, 0.95072690323589182, 0.95107081444427077, 0.95132093168672816, 0.95185243082695015, 0.95113334375488512, 0.95022666875097705, 0.95150851961857119, 0.95144599030795685, 0.95163357823979988, 0.95172737220572146, 0.95128966703142093, 0.95075816789119905, 0.9513834609973425, 0.95153978427387842, 0.95122713772080658, 0.95182116617164292, 0.95100828513365643, 0.95116460841019224, 0.95135219634203538, 0.95091449116773485, 0.95200875410348595, 0.95132093168672816, 0.95157104892918554, 0.95094575582304208, 0.95132093168672816, 0.95107081444427077, 0.95197748944817884, 0.95044552133812721, 0.95166484289510711, 0.95185243082695015, 0.95185243082695015, 0.95175863686102857, 0.95153978427387842, 0.9509770204783492, 0.95175863686102857, 0.95160231358449276, 0.95128966703142093, 0.95128966703142093, 0.95144599030795685, 0.95191496013756449, 0.95144599030795685, 0.95072690323589182, 0.95119587306549946, 0.95166484289510711, 0.95157104892918554, 0.95191496013756449, 0.95169610755041423, 0.95153978427387842, 0.9517899015163358, 0.95235266531186491, 0.95082069720181339, 0.95213381272471476, 0.95160231358449276, 0.95191496013756449, 0.95157104892918554, 0.95229013600125056, 0.95094575582304208], "val_loss": [0.14734518055419576, 0.14252805722161385, 0.14008675768764126, 0.13902873299784152, 0.13798290521898773, 0.13662257183710635, 0.13654569339007722, 0.1363530916260689, 0.13621159525754414, 0.1351036461448416, 0.1348074068928978, 0.13487344844284535, 0.13442305022871306, 0.13433683561765347, 0.13564039620478974, 0.13295004062980009, 0.13378802527016506, 0.13422613349665008, 0.13396048570727023, 0.13320270238447995, 0.1328417952740977, 0.13339701247880081, 0.13238793525676512, 0.13314650052410373, 0.13298932776164873, 0.13171969494964808, 0.1320957114023493, 0.13173320138568112, 0.13143524782176277, 0.13137038211156674, 0.13266195911475601, 0.13113956297081727, 0.13076528132879606, 0.13024433152981618, 0.13078896026136502, 0.1301331436238532, 0.13036204581943101, 0.12937110953006181, 0.12891912852225126, 0.12974540709363719, 0.13011818256276333, 0.12970566881824344, 0.13023347768286755, 0.12882565612953789, 0.12929346567162206, 0.12924114280433158, 0.12900144709042688, 0.12881029677801958, 0.12898994436021968, 0.1294749543388756, 0.1296647739392697, 0.12909949717681277, 0.13007664885945538, 0.12807420478056086, 0.12800221227776803, 0.12858261515922018, 0.12968082419639271, 0.1301266270476672, 0.12947982363152433, 0.12840112207787324, 0.12930954029122349, 0.12976698662636707, 0.12909449845720161, 0.12930165194889259, 0.12858685778815876, 0.12744096057599869, 0.12949806354335458, 0.12915751488833607, 0.12982055017861777, 0.128867999278271, 0.12820514930152738, 0.12843672978946971, 0.12814220000248841, 0.12819903855218875, 0.12820016089963673, 0.12993586397723553, 0.12849327917977274, 0.1287942164390464, 0.12945379958392977, 0.12889956496149296, 0.1282034762979383, 0.12882553791420262]}}