{"low_val_loss": 0.22088884167907649, "params": {"verbose": 1, "nb_epoch": 1000, "batch_size": 32, "metrics": ["loss", "acc", "val_loss", "val_acc"], "nb_sample": 30068, "do_validation": true}, "results": {"acc": [0.87192363974990028, 0.89876280432608879, 0.90218837301322274, 0.90148995608364912, 0.90338565916461289, 0.90331914326731344, 0.90341891710533329, 0.90421710788085607, 0.9053811360835966, 0.90471597710267271, 0.90468271915402299, 0.90534787814287609, 0.90558068377549494, 0.90534787813494688, 0.9048490089289889, 0.90458294531600314, 0.90581348941604301, 0.90558068376756562, 0.90591326325406285, 0.9059797791513623, 0.9059465212106419, 0.90574697354253153, 0.90637887456687627, 0.90721032328311946, 0.90601303713172932, 0.9059465212106419, 0.90614606891046956, 0.90641213248380881, 0.90674471198616469, 0.90714380736996147, 0.90594652120271257, 0.90647864838110825, 0.90691100172148398, 0.90787548224818471, 0.90647864838903758, 0.90734335505393049, 0.90671145402958564, 0.90747638684852938, 0.90731009712906874, 0.90631235866957682, 0.90714380738582001, 0.90614606890254024, 0.90674471197030604, 0.90760941863519895, 0.90711054943717029, 0.90790874020476375, 0.90770919248907744, 0.90671145402165632, 0.90740987095122994, 0.90747638687231735, 0.90804177196764546, 0.90760941863519895, 0.90734335505393049, 0.90807502991629518, 0.9071105494054531, 0.90810828787287423, 0.90830783556477257, 0.90774245042979784], "loss": [0.29376677997401379, 0.22622235446625191, 0.2227360872221989, 0.22076758381945188, 0.2195579481874991, 0.21845406646723442, 0.217775650761523, 0.2170421741134676, 0.21665330636575847, 0.21644800939077199, 0.21556946623748774, 0.21553324552884012, 0.21495879129580364, 0.21482394413061878, 0.21420535186717718, 0.21388565761715994, 0.21386212714733049, 0.2137936931294267, 0.21387742289492023, 0.2134119754017105, 0.21343864409335517, 0.21297424414563215, 0.21282341968859386, 0.21261609061507766, 0.21245170791716561, 0.21247611421131779, 0.21213546885531587, 0.21194476426416878, 0.21193997712985019, 0.21186180244581157, 0.21158095653884601, 0.21170723526278312, 0.21148733112768273, 0.21106866642374839, 0.21125354544884412, 0.21110010347805458, 0.21122497708315036, 0.21078189335653436, 0.21123719771634364, 0.21096809299778427, 0.2107916142778129, 0.21044468404535635, 0.21068090429383105, 0.21056702992328385, 0.21063338493284303, 0.20998610111291188, 0.2103953301188983, 0.21037764002608542, 0.20991159546751123, 0.21024308918328682, 0.21015227553025195, 0.20998555793713997, 0.20986016212434896, 0.20985210325642756, 0.20967350013676009, 0.20953230106070969, 0.20949494569910893, 0.20957181413304984], "val_acc": [0.89414347006653072, 0.89863314381690484, 0.90092786595598495, 0.89993016067812404, 0.90232465334499024, 0.9015264891227015, 0.90212511228941805, 0.90182580070605978, 0.90212511228941805, 0.90402075231735379, 0.90172603017827369, 0.90252419440056242, 0.90282350598392069, 0.90302304703949288, 0.90312281756727897, 0.90382121126178161, 0.90461937548407034, 0.9039209817895677, 0.90342212915063724, 0.90302304703949288, 0.90382121126178161, 0.90292327651170678, 0.90312281756727897, 0.90282350598392069, 0.90441983442849816, 0.90292327651170678, 0.9039209817895677, 0.90322258809506506, 0.90322258809506506, 0.90142671859491541, 0.90312281756727897, 0.90352189967842333, 0.90132694806712932, 0.90252419440056242, 0.90362167020620943, 0.90222488281720414, 0.90232465334499024, 0.90302304703949288, 0.90302304703949288, 0.90372144073399552, 0.90352189967842333, 0.90232465334499024, 0.90352189967842333, 0.90172603017827369, 0.90342212915063724, 0.90232465334499024, 0.90252419440056242, 0.90322258809506506, 0.90132694801955504, 0.90252419440056242, 0.90172603017827369, 0.90212511228941805, 0.90362167020620943, 0.90252419440056242, 0.90242442387277633, 0.9027237354561346, 0.90262396492834851, 0.90212511228941805], "val_loss": [0.23763212831888825, 0.22882951363574766, 0.22826778358397673, 0.22797436859511835, 0.22530160200586341, 0.2256220659651966, 0.22619936594935242, 0.22378026748844146, 0.22503133486704735, 0.22291577260323917, 0.22263023179352645, 0.22381486039514684, 0.22249842877488143, 0.22332764155348772, 0.22212440293432056, 0.22266396747685163, 0.223653545062556, 0.22289942567854909, 0.22296679039403705, 0.22388070313609146, 0.22282322597791487, 0.22288472457915903, 0.22264252166708559, 0.22307018384561916, 0.22202681698247748, 0.22281416002254006, 0.22265626169881647, 0.2230264316457457, 0.22165838836327198, 0.22351834572540194, 0.22137166292982807, 0.22153561067452726, 0.2235196924392161, 0.22274637719144083, 0.22232288165291328, 0.22179429220437266, 0.22186187781771893, 0.22167224660969229, 0.2219390672599319, 0.22138474559481838, 0.22197213719006037, 0.22088884167907649, 0.22216692266707577, 0.22430531141210386, 0.22117945721058341, 0.22332419950567439, 0.22243518637651027, 0.22224778277240304, 0.22707746348658878, 0.22255814058521628, 0.22171964632481214, 0.22288434257838441, 0.22120986976845231, 0.2219722793569206, 0.22148366667464811, 0.2233093907783622, 0.22244208455858835, 0.22099889452545679]}}