{"low_val_loss": 0.13020480829667389, "params": {"verbose": 1, "nb_epoch": 1000, "batch_size": 32, "metrics": ["loss", "acc", "val_loss", "val_acc"], "nb_sample": 95954, "do_validation": true}, "results": {"acc": [0.94050274089667962, 0.9456927277653876, 0.9475582049732163, 0.94873585259603566, 0.9493611522311951, 0.94919440565270863, 0.94966338037597231, 0.9495383204464557, 0.9501531984137821, 0.94986139191199082, 0.95008024678491776, 0.95011151176729691, 0.9504554265585593, 0.95039289660249748, 0.95047626987931721, 0.9506430164404106, 0.95095566625674799, 0.95116409947053848, 0.95058048648310645, 0.95086187131954947, 0.9511536777989783, 0.95077849803651793, 0.95111199116243195, 0.95120578610087292, 0.95132042437001063, 0.95143506263542121, 0.95154970089834712, 0.95134126770319205, 0.95159138753986283, 0.95153927923796822, 0.95164349583678809, 0.95165391750213646, 0.95202909728198981, 0.95135168935735925, 0.9515184359172103, 0.95163307418137855, 0.95182066406819932, 0.95168518248327327, 0.95166433915754589, 0.95186235070971503, 0.95136211101773815, 0.95197698898009508, 0.95192488066701919, 0.95191445901782157, 0.95197698896891392, 0.95261271025699812, 0.95187277237133638, 0.95221668716259877, 0.95210204889346106, 0.95209162723805152, 0.95244596369093526, 0.9522062654972504], "loss": [0.1682140787802395, 0.14705976884323171, 0.14264030485133525, 0.14023464132779526, 0.13789661937080774, 0.13654832645570844, 0.13520318429931771, 0.13463914023379286, 0.13391477702211951, 0.13381085559375727, 0.13330241116905783, 0.13277648099885392, 0.13253522075220861, 0.13248938680379047, 0.13211352756451486, 0.13178406016812269, 0.13141726091490741, 0.1311813880591354, 0.13100848761550909, 0.13065359603097182, 0.13021915354120217, 0.1303957554554995, 0.13008928518711807, 0.13006850928680022, 0.12982320820859802, 0.1297022822627735, 0.12962308118751226, 0.12929752815230536, 0.12929182358204599, 0.12913536411804094, 0.12881447299192123, 0.12887815534130531, 0.12889217678176026, 0.12877923111457953, 0.12858874990461189, 0.12869151779217824, 0.12841397806237084, 0.12840336906567082, 0.12828413266424196, 0.12811998665200172, 0.1280105106979357, 0.12796229529730399, 0.12803740499599284, 0.12775046133194604, 0.12775644445782328, 0.12746261967897407, 0.12748590004128688, 0.1273551310530241, 0.12738043683859751, 0.12700093838035445, 0.12688142724955906, 0.1269483712241142], "val_acc": [0.94622479287165862, 0.94800687822416763, 0.94875722995153977, 0.94957011098952637, 0.95000781616382679, 0.95050805064874155, 0.95032046271689852, 0.95041425668282009, 0.94985149288729087, 0.95000781616382679, 0.94938252305768334, 0.94922619978114742, 0.95041425668282009, 0.94953884633421914, 0.95103954978896355, 0.95113334375488512, 0.94950758167891203, 0.94935125840237611, 0.95050805064874155, 0.95047678599343444, 0.94916367047053307, 0.95003908081913402, 0.95010161012974836, 0.95091449116773485, 0.95003908081913402, 0.95135219634203538, 0.95103954978896355, 0.95185243082695015, 0.95075816789119905, 0.95000781616382679, 0.95072690323589182, 0.95122713772080658, 0.95119587306549946, 0.95125840237611381, 0.94978896357667653, 0.95141472565264973, 0.9509770204783492, 0.95107081444427077, 0.95110207909957789, 0.95088322651242774, 0.95082069720181339, 0.95135219634203538, 0.95044552133812721, 0.9509770204783492, 0.95010161012974836, 0.95078943254650616, 0.95103954978896355, 0.95072690323589182, 0.95022666875097705, 0.95053931530404878, 0.95091449116773485, 0.95072690323589182], "val_loss": [0.15002727541296262, 0.14491042766824297, 0.14127997390265501, 0.13828159144856658, 0.13944898087642557, 0.13537285427073864, 0.13444872555361234, 0.13380904605966518, 0.1346186834754507, 0.13509451181269519, 0.13469758969378579, 0.13570023880342924, 0.13269150517083098, 0.13332443828063401, 0.13293421663063215, 0.13397265908418829, 0.13336542425538872, 0.13351173894664767, 0.13199176376422569, 0.13225051786739492, 0.13396798392487855, 0.13210514624132408, 0.13284939432844847, 0.13102348575358916, 0.13237687223764888, 0.13071352349830379, 0.13189459574889703, 0.13136404654919887, 0.13127750979120031, 0.1322715837440305, 0.13147347663526743, 0.1314957231038601, 0.13104569737717792, 0.13063150552850189, 0.13171024480745794, 0.13020480829667389, 0.13100214823789291, 0.13165918813215599, 0.13262183933667471, 0.13057674526823523, 0.13021397391182474, 0.13091708819731449, 0.13162389631201574, 0.13060103154390215, 0.13080734614936826, 0.1311417540880373, 0.13147584401048942, 0.13206333797963704, 0.1313374450745034, 0.13222921968859788, 0.13176240079106066, 0.13246869220595928]}}