{"low_val_loss": 0.22050404068739318, "params": {"verbose": 1, "nb_epoch": 1000, "batch_size": 32, "metrics": ["loss", "acc", "val_loss", "val_acc"], "nb_sample": 30068, "do_validation": true}, "results": {"acc": [0.87917387254761148, 0.90059199148596514, 0.90345217506984166, 0.90168950377554757, 0.90311959558334443, 0.90351869095128257, 0.90375149662354781, 0.90398430224823734, 0.90481575094862188, 0.90491552480250037, 0.90438339763996334, 0.903784754556339, 0.90544765198882537, 0.90564719967279439, 0.90494878275907942, 0.90474923505925176, 0.9061128109459613, 0.90681122787553481, 0.90561394171621534, 0.90554742585063319, 0.9055141678781955, 0.90627910070506856, 0.90511507249439871, 0.90631235864578896, 0.90651190632975798, 0.90554742585063319, 0.9068444858479725, 0.90588000532127178, 0.90568045762937344, 0.90531462019422637, 0.90657842223498675, 0.90624584274848952, 0.90691100171355465, 0.90647864840489623, 0.90734335506185981, 0.90621258479191047, 0.90617932686704861, 0.90770919251286541, 0.90707729145680338, 0.90747638686438803, 0.90611281096181984, 0.9065451642784077, 0.90737661299465089, 0.90637887455101773, 0.90701077557536247, 0.90760941864312827, 0.9069442596701337, 0.90704403351608298, 0.90757616068654923, 0.90661168020742444, 0.90714380735410283], "loss": [0.27749158284028858, 0.22554722081612633, 0.22236760364055189, 0.22131883948188966, 0.2197624576821065, 0.21955596542515399, 0.21998420224888171, 0.21865924718461804, 0.21785296747916649, 0.21717782605434965, 0.21677498857011118, 0.21628924097320185, 0.21704100945698576, 0.21607240322455457, 0.21506943989401883, 0.21585090520836436, 0.21552792783825103, 0.21559641764283544, 0.21470117819139548, 0.21449016240170554, 0.214685302916099, 0.21359476897193028, 0.21411794061290942, 0.21359222596101152, 0.21324511913681055, 0.21262031736106843, 0.21308712990729275, 0.21308907451874021, 0.21369320405078479, 0.21316264599296059, 0.21241768127317456, 0.21215607554168481, 0.21271067091770687, 0.21213437927654169, 0.21159033602391275, 0.21077077427141303, 0.21084318843764227, 0.21178155146698788, 0.21142782512157698, 0.21180474853299947, 0.21115399276035113, 0.21094610718188805, 0.21069472560749991, 0.21160472224363547, 0.21124578026483012, 0.20970264968837815, 0.20935671841850842, 0.20913424441888007, 0.21003388632790149, 0.20919231586163231, 0.20888089377805244], "val_acc": [0.89404369953874463, 0.89853337328911875, 0.90232465329741596, 0.90072832490041277, 0.89873291434469094, 0.90441983442849816, 0.89973061957497757, 0.89933153751140749, 0.90312281756727897, 0.90182580070605978, 0.90332235862285115, 0.90461937548407034, 0.90402075231735379, 0.9027237354561346, 0.90252419440056242, 0.90252419440056242, 0.90122717753934323, 0.90441983442849816, 0.90292327651170678, 0.90441983442849816, 0.90471914601185643, 0.90282350598392069, 0.90481891653964253, 0.90212511228941805, 0.90362167020620943, 0.90402075231735379, 0.90332235862285115, 0.90352189967842333, 0.90441983442849816, 0.90432006390071207, 0.90451960495628425, 0.90412052284513988, 0.90422029337292598, 0.90252419440056242, 0.90571685128971735, 0.90611593340086172, 0.90372144073399552, 0.90382121126178161, 0.90322258809506506, 0.90372144073399552, 0.90312281756727897, 0.90422029337292598, 0.90471914601185643, 0.90172603017827369, 0.90382121126178161, 0.90342212915063724, 0.90561708076193126, 0.90372144073399552, 0.90192557123384587, 0.90022947226148231, 0.90581662181750344], "val_loss": [0.23812606972360234, 0.22735534505930702, 0.22812117378261884, 0.22924329963383841, 0.23037913063739715, 0.22935811473701714, 0.22758926370775914, 0.22796831368971857, 0.22740005147911457, 0.23443984198591661, 0.22396234062323847, 0.22998155751896038, 0.22432121675962174, 0.22419259075833975, 0.22503808084408894, 0.22871812763720065, 0.22727879837109255, 0.22208640017570594, 0.22373607602172255, 0.22450526956043998, 0.22309303997305829, 0.22287437455936973, 0.22321640905637674, 0.22458770136734235, 0.22317015121205058, 0.22406416118091468, 0.22348559646088836, 0.22241197372730484, 0.22631918028432618, 0.22245596175741841, 0.22180731115846189, 0.23212908656460599, 0.22083741078283525, 0.23041090738222675, 0.22050404068739318, 0.22093099540196695, 0.22082404926260182, 0.22307613436409568, 0.22302582472559818, 0.2285696836862095, 0.22553130518226916, 0.2223244993246376, 0.22282583446758636, 0.22195847894597598, 0.2230016277151694, 0.22065342312758046, 0.22181069035914491, 0.2235053166900223, 0.22262303965136662, 0.22669805108662389, 0.22084216654425573]}}