{"low_val_loss": 0.12992038977799311, "params": {"verbose": 1, "nb_epoch": 1000, "batch_size": 32, "metrics": ["loss", "acc", "val_loss", "val_acc"], "nb_sample": 95954, "do_validation": true}, "results": {"acc": [0.94112804052562737, 0.94493194655772561, 0.94640140067115497, 0.94761031327511103, 0.94820434791671004, 0.94837109448898482, 0.94896512913058384, 0.94919440565270863, 0.94956958543256187, 0.94972591033203413, 0.94939241719493883, 0.94961127206786589, 0.95006982512453886, 0.94973633199241303, 0.95013235508681249, 0.94976759696858037, 0.95017404173578235, 0.95024699335222307, 0.95010109011188748, 0.9498926569043088, 0.95002813848426548, 0.94990307855599121, 0.94995518686161295, 0.94988223523771809, 0.95043458324028618, 0.95005940346415996, 0.95006982513075067, 0.95063259478500117, 0.9498822352439299, 0.95051795652083293, 0.95025741500639016, 0.95044500490439221, 0.95022615003146516, 0.95076807637116967, 0.95079934135106403, 0.95020530670449554, 0.95076807636495786, 0.95049711321249863, 0.9506221731196528, 0.95024699335346541, 0.95003856014340204, 0.95075765471576013, 0.950194885049086, 0.95027825833211743, 0.95041373991207412, 0.9507159680680326, 0.95042416157742249, 0.95046584821396884, 0.9503199449748756, 0.95064301645159188, 0.95027825833335988, 0.95063259479742468, 0.95049711320007502, 0.95055964317477226, 0.95078891969689694, 0.95038247493714911, 0.95060132980386436, 0.95067428142154742, 0.95029910165411768, 0.9503512099498006, 0.95040331825790703, 0.95046584822018065, 0.9506221731196528, 0.95063259479742468, 0.95054922150196974, 0.95066385976613799, 0.9506847030931076, 0.95054922149700027, 0.95080976301765474, 0.95048669154590792, 0.95079934135106403, 0.95050753486045392, 0.95062217312462216, 0.95038247493590677, 0.95052837818245417, 0.95024699335222307, 0.95040331825666469, 0.95053879984159073, 0.95066385977359213, 0.9504033182628765, 0.9506013298051067, 0.95028867999870825, 0.9507159680680326, 0.95048669153969612, 0.95076807636495786, 0.95066385976116852, 0.95064301645283422, 0.9501844633887071, 0.95039289660870929, 0.9504658482189382, 0.95085144965295876, 0.95062217312462216, 0.95079934135106403, 0.95077849803154857, 0.95046584821396884, 0.95102861787940052, 0.95041373991704359, 0.95123705108200973, 0.95091397961523227, 0.95114325614978057, 0.95090355795609571, 0.95120578610584239, 0.95109114784788595, 0.95100777456485452, 0.95129958104925272, 0.95127873772849492, 0.95162265252721145, 0.95117452112470557, 0.95132042437746478, 0.95147674927569459, 0.95129958104925272, 0.95129958104925272, 0.95131000270963173, 0.95162265252099965, 0.95139337600011731, 0.95153927923796822, 0.95123705109940282, 0.95119536444546349, 0.95145590596114848, 0.95134126769076854, 0.95121620776622129, 0.95145590595493679, 0.95102861788561233, 0.9514246409688305, 0.95143506263542121, 0.95143506264039068, 0.95127873772849492, 0.9511953644516753, 0.95148717093110413, 0.95137253267811706, 0.95134126768579907, 0.95125789442016062, 0.95111199116243195, 0.95127873772849492, 0.95101819621902162, 0.9514663276215275, 0.95156012256493783, 0.95134126768579907, 0.9516851824783038, 0.95137253268432886, 0.95151843591845264, 0.95165391750959061, 0.95156012256493783, 0.95148717093607349, 0.95134126769076854, 0.95149759260266431, 0.95133084603038953, 0.95137253267190525, 0.95184150738398776, 0.95167476082289426, 0.9514975925964525, 0.95164349584175756, 0.95186235070971503, 0.95157054422034737, 0.95137253266693589, 0.9517372907913797, 0.95143506263417887, 0.95187277236512458], "loss": [0.17837493412056404, 0.14767498928984205, 0.14402242499205906, 0.14181877000400905, 0.14050317953298411, 0.13954501143811054, 0.13882715151518038, 0.13808001335881501, 0.13761777210238577, 0.13732880035076245, 0.13671279135418035, 0.13661264383947488, 0.13650261694046537, 0.13612447920122528, 0.13595622639400315, 0.13587259567327808, 0.13568177505711729, 0.13547662878256644, 0.13532297839119328, 0.13515854494901147, 0.13509194516248824, 0.1350135997362949, 0.13474026449054338, 0.13489655113592675, 0.13483528034972711, 0.13459773446318579, 0.13451268486831566, 0.13452884652240607, 0.1343657476103246, 0.13432615139538412, 0.13427284745047621, 0.1343200804837402, 0.13410801553578605, 0.1342419690499124, 0.13413170949182118, 0.13390802796081, 0.1339945254263227, 0.13404450468097981, 0.13378804020726034, 0.13382200912486858, 0.13388105651103341, 0.13382858751699228, 0.13385136169798309, 0.13373852044379356, 0.13359490915715805, 0.13362129612746784, 0.13359898692598118, 0.13347817600471612, 0.13358206724282945, 0.13356680879821092, 0.13373776051718458, 0.13340968347496227, 0.13336275808524345, 0.13330754238330927, 0.13343833733609303, 0.13341338167159095, 0.13329446006837353, 0.13325551032279573, 0.13317500741208413, 0.13328113652837031, 0.13312710704691555, 0.1332623044133974, 0.13315089684223019, 0.13318420172794918, 0.13317865831456188, 0.13307019856664831, 0.13313238819864678, 0.13315645183933147, 0.13311685651430807, 0.13312376963607611, 0.13300526677530386, 0.13305995829398276, 0.13301334414824237, 0.13298764098597923, 0.1328635608434707, 0.1330008749055043, 0.13297668478369382, 0.13307393292422431, 0.13282260127283438, 0.13296930283099312, 0.13271160660642398, 0.13265248359803855, 0.13269310397127562, 0.1328635680466666, 0.13280436234439943, 0.13272673366306562, 0.13277789880053284, 0.13266389316445337, 0.1326891124828686, 0.13262665379324004, 0.13267003931970905, 0.13255704343367081, 0.13265486988213462, 0.13247774882529728, 0.13261669216098335, 0.13246612220895115, 0.13247877172465741, 0.13220756784636484, 0.13175251124745116, 0.13155479209869619, 0.13132084671699193, 0.13099208003491636, 0.13081120812279437, 0.13070064104255974, 0.13057686310301631, 0.13037993843552542, 0.13038408328247991, 0.13037648759834339, 0.13014587794074367, 0.13030254612746003, 0.13016062401608433, 0.13006872877618053, 0.12993495910117428, 0.12995136110594455, 0.12979343440276908, 0.12991460491933313, 0.12978208109462813, 0.12975701069674442, 0.12990287129016603, 0.12994610702024062, 0.12980570124838176, 0.12947807507852491, 0.12967834151450613, 0.12965146285386303, 0.12953501615797461, 0.12954238383535233, 0.12960981177843772, 0.12961656353815038, 0.12942462201516222, 0.12941606749991114, 0.129277076973384, 0.12933686045895973, 0.12923866215393154, 0.12923122701197126, 0.12943753054635768, 0.12938192901477874, 0.129199723520942, 0.12921767375098711, 0.12917141177667585, 0.1291730510688644, 0.12921193540208095, 0.12906167770852953, 0.12906411690332509, 0.12905718145652598, 0.12890499025399399, 0.12898595994605694, 0.12907876638828336, 0.12886077939406773, 0.12898416686818243, 0.12878618879579518, 0.12880324028746221, 0.12901718716973781, 0.1288714530707197, 0.12887072494220478, 0.12882252750514853, 0.12887901070699895, 0.12901204397549879, 0.12895001036123901],