{"low_val_loss": 0.13201588514784043, "params": {"verbose": 1, "nb_epoch": 1000, "batch_size": 32, "metrics": ["loss", "acc", "val_loss", "val_acc"], "nb_sample": 95954, "do_validation": true}, "results": {"acc": [0.94264960294716316, 0.94750609667132168, 0.94817308293060387, 0.94868374429414093, 0.94880880421371872, 0.94945494716839363, 0.949830126930854, 0.9498822352501417, 0.94989265689809699, 0.9503512099560123, 0.95012193342643347, 0.95052837818121183, 0.95078891970310875, 0.95099735290074849, 0.95067428142775923, 0.95074723304916942, 0.95137253267811706, 0.95084102799879155, 0.95075765470954832, 0.95100777455864272, 0.95068470309434994, 0.95154970089834712, 0.95084102799382209, 0.95115367781637128, 0.95093482293723253, 0.95131000270963173, 0.95160180920024173, 0.95194572399274657, 0.95182066407441113, 0.95142464097628465, 0.95206036225691482, 0.95186235070971503, 0.95215415720156749, 0.95222710881800821, 0.95164349583678809, 0.95153927923299875, 0.95167476082289426, 0.9522062654972504, 0.95246680701790487, 0.95237301206828273, 0.95223753048459892, 0.95188319403047295, 0.95221668716881058, 0.95206036226312651, 0.95221668716259877, 0.95241469870979845, 0.95243554202558689, 0.95259186693624032, 0.95287325176647142, 0.9524772286671026, 0.95262313191240766, 0.95231048211222091, 0.95255018028975513, 0.95297746837026076, 0.95266481855392338, 0.95318590157783933, 0.95268566188586246, 0.9528315651249557, 0.95263355357775603, 0.95300873335263991, 0.95264397523937727, 0.95244596369093526, 0.95330053984200758], "loss": [0.16694772827765536, 0.14383249814429791, 0.1402173312120597, 0.13836274321789305, 0.13746272009913146, 0.13640930306366819, 0.13563726722717678, 0.13575562323710952, 0.13487229635477971, 0.1345272383886521, 0.13382351965294187, 0.13403108413356932, 0.13301102233988552, 0.13298082488576973, 0.13258476896530208, 0.13263690551074717, 0.13206523695824099, 0.13197018251768455, 0.13180942211572599, 0.1316062724961829, 0.13153049139546696, 0.13134658384299391, 0.13089815190878662, 0.13031657236598204, 0.13010345721756292, 0.13018166152399521, 0.13010654369678612, 0.13014669282938049, 0.12939958955472117, 0.12928922363131085, 0.1292742758434621, 0.1288575792972563, 0.12876427155165474, 0.12872069288755408, 0.12863563212962487, 0.12839225960362485, 0.12834148191102404, 0.12823773426853741, 0.12782809364997444, 0.12762836061287142, 0.12756120564084614, 0.12745162631096432, 0.12731463199603935, 0.12745365353090859, 0.12730756840335375, 0.12716307548360103, 0.12703038047615023, 0.12699748663603699, 0.1266384156991186, 0.12656703470030412, 0.12635987908055579, 0.12634306132773548, 0.12601298766486441, 0.12593226926237228, 0.1256168805620124, 0.12571770752208597, 0.12567199687342348, 0.12547580637145683, 0.1254290337311415, 0.12537099247311514, 0.12538026069969632, 0.12513960123948556, 0.12478476459247839], "val_acc": [0.94772549632640302, 0.94931999374706899, 0.94828826012193213, 0.95010161012974836, 0.94860090667500396, 0.95010161012974836, 0.94791308425824605, 0.94850711274262567, 0.95038299202751286, 0.95025793340628417, 0.95016413944036271, 0.95007034547444114, 0.95003908081913402, 0.94953884633421914, 0.95110207909957789, 0.94869470064092543, 0.95103954978896355, 0.95025793340628417, 0.94888228857276846, 0.95075816789119905, 0.95041425668282009, 0.94938252305768334, 0.94900734719399715, 0.95063310926997024, 0.95032046271689852, 0.95091449116773485, 0.95050805064874155, 0.95085196185712051, 0.94997655150851967, 0.95016413944036271, 0.9505705799593559, 0.94969516961075506, 0.95038299202751286, 0.95038299202751286, 0.95078943254650616, 0.95063310926997024, 0.94935125840237611, 0.94891355322807569, 0.94900734719399715, 0.95078943254650616, 0.94978896357667653, 0.95044552133812721, 0.94872596532977593, 0.95013287478505548, 0.94982022823198375, 0.95094575582304208, 0.95044552133812721, 0.94969516961075506, 0.94913240581522584, 0.9498827575425981, 0.95032046271689852, 0.94944505236829768, 0.95025793340628417, 0.95047678599343444, 0.95016413944036271, 0.94963264030014072, 0.95100828513365643, 0.95075816789119905, 0.95016413944036271, 0.95016413944036271, 0.94982022823198375, 0.9502891980615914, 0.9506956385805847], "val_loss": [0.14396570162445527, 0.14148616749564427, 0.13724482989700693, 0.13621284671934933, 0.13815751736874465, 0.13477507477286405, 0.13857848385320673, 0.13629518864731388, 0.13528696600465975, 0.13404527544958975, 0.13472849766637771, 0.13373475066021176, 0.13336494588350642, 0.13417301523731112, 0.13243617356203208, 0.13485260887389744, 0.1326013842929252, 0.13269304093698495, 0.13422140860503515, 0.13353897436756779, 0.13440776182088476, 0.13409782312886126, 0.13461618108492318, 0.1324804140825849, 0.134239837887633, 0.13304129951558244, 0.13327208396926118, 0.13261284530919865, 0.13311828745330184, 0.1323689617662667, 0.13275884515629888, 0.13283178389319333, 0.13248255042074172, 0.13208187978929592, 0.13319866275911277, 0.1323390911184327, 0.13408404407658503, 0.13795225637786851, 0.13415735697856224, 0.13266303018609005, 0.13316124411885377, 0.13283146360907422, 0.13333762106889671, 0.13320312689415026, 0.13424771968819804, 0.13280955196225924, 0.13201588514784043, 0.13542543318526193, 0.13484035403163, 0.13272351543708055, 0.13459188169998471, 0.1334165978705639, 0.13431079569148219, 0.13425798935826466, 0.13616586153174035, 0.13534722311041664, 0.13429268081267029, 0.13392555632893324, 0.13623790526301094, 0.13391773221906283, 0.13405076068477628, 0.13627304928352521, 0.13447081010968626]}}