{"low_val_loss": 0.22092990129873874, "params": {"verbose": 1, "nb_epoch": 1000, "batch_size": 32, "metrics": ["loss", "acc", "val_loss", "val_acc"], "nb_sample": 30068, "do_validation": true}, "results": {"acc": [0.88549288281484761, 0.90178927762149674, 0.90298656378874553, 0.90308633761883605, 0.90478249299997215, 0.90418384993220635, 0.90448317146212465, 0.90564719966486507, 0.90701077559122112, 0.90488226684592132, 0.90641213250759678, 0.90548090992954577, 0.90651190634561662, 0.90754290274582883, 0.90631235864578896, 0.90667819608886524, 0.90681122788346413, 0.90834109351342229, 0.90661168019949512, 0.90711054941338243, 0.90860715712640805, 0.90787548223232606, 0.90704403350815366, 0.9069110017294133, 0.90850738325667091, 0.90777570838637689, 0.90847412530802119, 0.90883996276695611, 0.90847412530009186, 0.90847412532387983, 0.90987095915130978, 0.9106026340216038, 0.90980444326986887, 0.91003724890248772, 0.90990421710788882, 0.91093521351603035, 0.91056937608088329, 0.91076892377278174, 0.91136756684847675], "loss": [0.26182056483918559, 0.22455723969062877, 0.22121806670804439, 0.2194382171808793, 0.21735443701543627, 0.21638949665004178, 0.21618033190095173, 0.21596179940812493, 0.21461346174976967, 0.21485303436502967, 0.21331499020787206, 0.21352188169631106, 0.21365094755290431, 0.21227540665918071, 0.21196385366363665, 0.21195225720216385, 0.21126684964246314, 0.21093274778042825, 0.21058248351177541, 0.21010651819539763, 0.20914784029029032, 0.209073162937602, 0.20950112493332831, 0.20840823601000136, 0.20848963812570456, 0.20808189096952889, 0.20736867426890268, 0.20746257054341097, 0.20648358080938045, 0.20618462459083503, 0.20555809108289899, 0.204848952487347, 0.20541183880641928, 0.20423877040300659, 0.20377157334358717, 0.20286439806996023, 0.20336583128663094, 0.20259562957904528, 0.20230012905316988], "val_acc": [0.89973061957497757, 0.90012970173369622, 0.90402075231735379, 0.90232465334499024, 0.9027237354561346, 0.90312281756727897, 0.89873291434469094, 0.90042901331705449, 0.9027237354561346, 0.9015264891227015, 0.90192557118627159, 0.90441983442849816, 0.90072832490041277, 0.90002993120591013, 0.90062855437262668, 0.90172603017827369, 0.90252419440056242, 0.90212511228941805, 0.90332235862285115, 0.90182580070605978, 0.9027237354561346, 0.90342212915063724, 0.90432006390071207, 0.90202534176163196, 0.90192557123384587, 0.9015264891227015, 0.90142671859491541, 0.90212511228941805, 0.90422029337292598, 0.90312281756727897, 0.90162625965048759, 0.90102763648377104, 0.90182580070605978, 0.90292327651170678, 0.90282350598392069, 0.90172603017827369, 0.90092786595598495, 0.90232465334499024, 0.90092786595598495], "val_loss": [0.23677231388351083, 0.23072586675330359, 0.22617695646277447, 0.22503901037296398, 0.22504345506688359, 0.22414701145874888, 0.23067164675901361, 0.22439630470696437, 0.22855938892991057, 0.22435240264806183, 0.2241353078432263, 0.22114421031639911, 0.23102506046093926, 0.22845472849457252, 0.2284173137066691, 0.22294827688986774, 0.22715730220599767, 0.22233770740736294, 0.22314431134376841, 0.2224905881311536, 0.22960950046477413, 0.22430907722826812, 0.22092990129873874, 0.22405442636514702, 0.2256291279767928, 0.22410467818898258, 0.22497874667553397, 0.22354663588098456, 0.22544010238508069, 0.22377713725742412, 0.22675883933822991, 0.22537958332964919, 0.22653270574740209, 0.22477051434635367, 0.22520880121486839, 0.23255248679546708, 0.22563381954562245, 0.23087864452929335, 0.22849551434498114]}}