{"low_val_loss": 0.22092508549707135, "params": {"verbose": 1, "nb_epoch": 1000, "batch_size": 32, "metrics": ["loss", "acc", "val_loss", "val_acc"], "nb_sample": 30068, "do_validation": true}, "results": {"acc": [0.88279898895836106, 0.900325927912626, 0.90331914325938412, 0.90405081816139543, 0.90418384993220635, 0.90361846482894892, 0.90584674737262205, 0.90441665559654238, 0.90564719966486507, 0.90564719967279439, 0.907243581200052, 0.90667819609679456, 0.90667819607300659, 0.90611281097767848, 0.90717706530275255, 0.90684448582418453, 0.90737661301050954, 0.9076759345324984, 0.90701077555950393, 0.90817480376224435, 0.90880670479451853, 0.90707729145680338, 0.90827457760819352, 0.90917254225345345, 0.90790874015718792, 0.90887322068388865, 0.90913928429687441, 0.90960489555418267, 0.91007050684320812, 0.90920580020210318, 0.90947186375958367, 0.91056937607295407, 0.91017028069708661, 0.91003724890248772, 0.91113476119999937, 0.91090195556738063, 0.9106691499426911], "loss": [0.26748936493591502, 0.22584445974175657, 0.22297893026074275, 0.22092819514388146, 0.21995407183333346, 0.21937924193720623, 0.21877939653385506, 0.21790587783129398, 0.21742799150407735, 0.21687802552653546, 0.21510847674669603, 0.21439846804187354, 0.21450028011372896, 0.21443601691042535, 0.21458325237610626, 0.21468333274054688, 0.21181321113179682, 0.21249272989214965, 0.21150077630646671, 0.21135503729044383, 0.21155520977056674, 0.21079198586523684, 0.2102732839908025, 0.2093949350600898, 0.21008175174987298, 0.2082387982363775, 0.2084539919770492, 0.20881168236040412, 0.20797625210424109, 0.20753026371372021, 0.20787638878392559, 0.20699955479997548, 0.20658068903641957, 0.20562507071614947, 0.20557432174405091, 0.20543508368024044, 0.20503958511799752], "val_acc": [0.89514117534439164, 0.90172603017827369, 0.90162625965048759, 0.90262396492834851, 0.90362167015863515, 0.90252419440056242, 0.90312281756727897, 0.90441983442849816, 0.90292327651170678, 0.9039209817895677, 0.90651501551200608, 0.90252419440056242, 0.90202534176163196, 0.90202534176163196, 0.89853337328911875, 0.90461937548407034, 0.90342212915063724, 0.90232465334499024, 0.9027237354561346, 0.89863314381690484, 0.90292327651170678, 0.90202534176163196, 0.90242442387277633, 0.90242442387277633, 0.90282350598392069, 0.90302304703949288, 0.90172603017827369, 0.90092786595598495, 0.90292327651170678, 0.90372144073399552, 0.90252419440056242, 0.90382121126178161, 0.90202534171405768, 0.90461937548407034, 0.90312281756727897, 0.90122717753934323, 0.90202534171405768], "val_loss": [0.23865102480524233, 0.23003327329156642, 0.22656911471510177, 0.22546802075944189, 0.22538939492438209, 0.22519499474712132, 0.22471687328811893, 0.2219933866443575, 0.2281537345042548, 0.22285304032173223, 0.22205224241472274, 0.22341523241951569, 0.22541515486190197, 0.23081499589550439, 0.22634320849223633, 0.22213137712674169, 0.22476806743980154, 0.22541661961794876, 0.22280770318273607, 0.23479656741776819, 0.22092508549707135, 0.2275092976334494, 0.22780217854435258, 0.22387015369229124, 0.22106279066897527, 0.22424316043793341, 0.22308367136637275, 0.2268387214959435, 0.22343611036614364, 0.22594208014822525, 0.22680212480899614, 0.22281165105383352, 0.22268581860177022, 0.22260121673354485, 0.22300360569527652, 0.22793420074818127, 0.22554176216096705]}}