{"low_val_loss": 0.12901155415532811, "params": {"verbose": 1, "nb_epoch": 1000, "batch_size": 32, "metrics": ["loss", "acc", "val_loss", "val_acc"], "nb_sample": 95954, "do_validation": true}, "results": {"acc": [0.94286845780890893, 0.94700585697934481, 0.94802717969026828, 0.94842320279709125, 0.94869416596073164, 0.94948621214953044, 0.94951747712445544, 0.94999687350188633, 0.94973633199365537, 0.95048669153472665, 0.95055964316234864, 0.95085144965295876, 0.95096608791215753, 0.95108072618129524, 0.95126831606811602, 0.95125789440897945, 0.95161223085565128, 0.9516851824783038, 0.95153927923796822, 0.95209162723805152, 0.95161223086062074, 0.95193530233236756, 0.95241469870979845, 0.9522792171310841, 0.95230006045184201, 0.95217500052729487, 0.95204994059156645, 0.95270650520040856, 0.95245638535752597, 0.95267524022051409, 0.95298789002567019, 0.95235216875994844, 0.95284198678036525, 0.9533318048293562, 0.9528315651249557, 0.95296704671609356, 0.95347770806844945, 0.95300873335139757, 0.95333180482314439, 0.95306084166074634, 0.95323800987476459, 0.95384246617674262, 0.95354023802575361, 0.95372782792375566], "loss": [0.16003167785965497, 0.1431423481738982, 0.14005994380919934, 0.1375489370878738, 0.13598218475831594, 0.13501246948677462, 0.13415329276990204, 0.13365509836821005, 0.13316667449837849, 0.13244604019568398, 0.13194858329128939, 0.1311587288089448, 0.13062768379963163, 0.13047945907678657, 0.12986188645989202, 0.12968596854700284, 0.12899843780703754, 0.12857144497665579, 0.12877293896283892, 0.12807551425386041, 0.12788119671052281, 0.12753327344889667, 0.12705960338377942, 0.12691144906326826, 0.12641259417483533, 0.12629322896336279, 0.12632180096190507, 0.12582515236467429, 0.12549951510395144, 0.12506465143329701, 0.12477662438258827, 0.12482161524253467, 0.12424442561840528, 0.12420464292052767, 0.12399715793746476, 0.12373918412651165, 0.12348628715083662, 0.12328183103167907, 0.12319303002591817, 0.12287381868682508, 0.12268188739310812, 0.12226125837138911, 0.12227400796324518, 0.12182089492042245], "val_acc": [0.94747537908394563, 0.94850711270908239, 0.94925746443645453, 0.94791308425824605, 0.94894481788338281, 0.94950758167891203, 0.94925746443645453, 0.95041425668282009, 0.95091449116773485, 0.94778802563701736, 0.95022666875097705, 0.95007034547444114, 0.94963264030014072, 0.95113334375488512, 0.94919493512584019, 0.95222760669063622, 0.95116460841019224, 0.95007034547444114, 0.9509770204783492, 0.95122713772080658, 0.95116460841019224, 0.95072690323589182, 0.95044552133812721, 0.95175863686102857, 0.95160231358449276, 0.95110207909957789, 0.95082069720181339, 0.95103954978896355, 0.95053931530404878, 0.95078943254650616, 0.95147725499680735, 0.95110207909957789, 0.95113334375488512, 0.95125840237611381, 0.9506956385805847, 0.95085196185712051, 0.94941378771299045, 0.95116460841019224, 0.95135219634203538, 0.95032046271689852, 0.95157104892918554, 0.95022666875097705, 0.95063310926997024, 0.95147725496326407], "val_loss": [0.1468891278396123, 0.14122592881088966, 0.13889271131442527, 0.13908166509667319, 0.13496809607490778, 0.13416759780042803, 0.13448412719277156, 0.13373430538511991, 0.13262123983968921, 0.14129107796681828, 0.13301588066582645, 0.1327257753038138, 0.13286521257703074, 0.13065694623442017, 0.13248107998174896, 0.12911820313975517, 0.13108887304658906, 0.13029535318098348, 0.13009687562076974, 0.13063381342859368, 0.13005911936927853, 0.13231831744828038, 0.13057119657965549, 0.12906021323286221, 0.12915157924616022, 0.13080688693713671, 0.12987260943383785, 0.12901155415532811, 0.13118330360458236, 0.13069325144218805, 0.12997587032759397, 0.12910403016513822, 0.12932773006927675, 0.12961111382914833, 0.12902093137721726, 0.13036334920771814, 0.13136789338424165, 0.13094787919928511, 0.13175440171845018, 0.13053027721695812, 0.13000559127151881, 0.13089013677221434, 0.13088775865264249, 0.13036996818192587]}}