{"low_val_loss": 0.22101278919148656, "params": {"verbose": 1, "nb_epoch": 1000, "batch_size": 32, "metrics": ["loss", "acc", "val_loss", "val_acc"], "nb_sample": 30068, "do_validation": true}, "results": {"acc": [0.88442862842633907, 0.901822535586005, 0.90165624583482706, 0.90371823867489809, 0.90258746838909021, 0.90355194893164947, 0.90481575094862188, 0.90541439405603419, 0.90431688175059322, 0.90544765197296673, 0.90528136222971811, 0.90627910069713924, 0.90661168018363647, 0.90644539044831718, 0.90677796995067306, 0.90671145402165632, 0.90637887456687627, 0.90757616071826652, 0.90627910071299778, 0.90770919248114812, 0.90800851405071292, 0.90874018890514829, 0.90727683915663104, 0.90877344688551531, 0.90933883199670207, 0.90897299452983782], "loss": [0.26277521133295983, 0.22540107993063369, 0.2225148458283078, 0.22128923316418656, 0.22009154882649246, 0.21932554360763085, 0.21741133444016167, 0.21645420341315985, 0.21673336075399569, 0.21632299736068814, 0.21575290593073948, 0.21420023301401972, 0.21388166864152694, 0.2138025095569607, 0.21354620719274753, 0.21308520656127125, 0.21192040695532913, 0.21300360010519329, 0.21070812735545505, 0.21086372798057224, 0.20991111135322615, 0.20988012515568458, 0.20995485682317483, 0.20956844794547222, 0.208372311237186, 0.20840365726991872], "val_acc": [0.89773520906683002, 0.89534071639996382, 0.9015264891227015, 0.90451960495628425, 0.90262396492834851, 0.88985333737172878, 0.90202534176163196, 0.90002993120591013, 0.90262396492834851, 0.90352189967842333, 0.90262396492834851, 0.90252419440056242, 0.9015264891227015, 0.9003292427892684, 0.89404369953874463, 0.90282350598392069, 0.90202534176163196, 0.90412052284513988, 0.90052878384484059, 0.89653796273339692, 0.9015264891227015, 0.89843360276133266, 0.90112740701155714, 0.90102763648377104, 0.90162625965048759, 0.90292327651170678], "val_loss": [0.23455513173932266, 0.24427439815642699, 0.23137455124299849, 0.2283986007606485, 0.22351146713352651, 0.23816984994770893, 0.22271701182408521, 0.23058760429908209, 0.22873476599012796, 0.22101278919148656, 0.22445185429426912, 0.2228493305852548, 0.22416540228962528, 0.22437991087550616, 0.23158424663041793, 0.22330222525699378, 0.23772557542006031, 0.22186904990880013, 0.22819437923146427, 0.24685007943003809, 0.22222012055737286, 0.22556642858696402, 0.22535959437116349, 0.22390810688592402, 0.22270674021119405, 0.2226494759035767]}}