{"low_val_loss": 0.13233196169012168, "params": {"verbose": 1, "nb_epoch": 1000, "batch_size": 32, "metrics": ["loss", "acc", "val_loss", "val_acc"], "nb_sample": 95954, "do_validation": true}, "results": {"acc": [0.93960647809912212, 0.94607832920686219, 0.94765199991662674, 0.94819392625136167, 0.94836067282860581, 0.9485899493569423, 0.94891302081750806, 0.94941326052687791, 0.94931946557725577, 0.94980928361506556, 0.95030952331325425, 0.9506325947800317, 0.95076807637116967, 0.95049711320131736, 0.95080976301144293, 0.95080976301144293, 0.95084102800500336, 0.95099735291068732, 0.95138295434470777, 0.95161223086062074, 0.95148717093110413, 0.95160180920645354, 0.95159138754110517, 0.9517789774266836, 0.95197698897388328, 0.95213331388702149, 0.95191445900664029, 0.95206036226933832, 0.9522062654972504, 0.9520395189361569, 0.95239385539028298, 0.95263355358396784, 0.95234174708714592, 0.95265439689851383, 0.95267524021927175, 0.95255018029596694, 0.9524251203776315, 0.95272734852737817, 0.95300873335139757, 0.95318590157286998, 0.95273777018154537, 0.95327969652124978, 0.9525501803009363], "loss": [0.16240044529227637, 0.14511733956029815, 0.14176471566627544, 0.13956367547530268, 0.13829221570007519, 0.1373915369818178, 0.13636896864872114, 0.13595479307472016, 0.13532355589326286, 0.13430887707798239, 0.13346710468343256, 0.13253235267910654, 0.13273408909870629, 0.1318717692496548, 0.13160503190944497, 0.13112075553279198, 0.13086914846328349, 0.13050434115742932, 0.12991277910010371, 0.12963442090762636, 0.12932230686415944, 0.12890660608423793, 0.12886287134773478, 0.1281931923797982, 0.12797313155919113, 0.12790375168775933, 0.12740407893019334, 0.1272192274771177, 0.12682399114870171, 0.12664866626697802, 0.12641856394349271, 0.12650719968324123, 0.12601930573733286, 0.1256471433272372, 0.1253320489498134, 0.12490916965079317, 0.12490112782996854, 0.12456238690515163, 0.12416491003944924, 0.12408397455472449, 0.12340917104881696, 0.12339329395645007, 0.1237744264082411], "val_acc": [0.93990933253315256, 0.94772549632640302, 0.94991402219790522, 0.95007034547444114, 0.94982022823198375, 0.9479756135688604, 0.94991402219790522, 0.94931999374706899, 0.95041425668282009, 0.94875722995153977, 0.95050805064874155, 0.94794434891355328, 0.94781929029232448, 0.94941378771299045, 0.95063310926997024, 0.94969516961075506, 0.95075816789119905, 0.95088322651242774, 0.94897608253869004, 0.94935125840237611, 0.9498827575425981, 0.9509770204783492, 0.95016413944036271, 0.94969516961075506, 0.95103954978896355, 0.94841331874316082, 0.95063310926997024, 0.95100828513365643, 0.95091449116773485, 0.94985149288729087, 0.9506956385805847, 0.95038299202751286, 0.9502891980615914, 0.95010161012974836, 0.94916367047053307, 0.95035172737220575, 0.94960137564483349, 0.94994528685321244, 0.9506956385805847, 0.94991402219790522, 0.95075816789119905, 0.94941378771299045, 0.94900734719399715], "val_loss": [0.15316191618938604, 0.14273995167788481, 0.13753859383371894, 0.13723561054345162, 0.13602181073416206, 0.13819832379859984, 0.13461538539727405, 0.13980645153584734, 0.14838556043479906, 0.13488651059308202, 0.1337849081188035, 0.13763509609582034, 0.13585814430375612, 0.13532920479227067, 0.13409502013611649, 0.13401230738016523, 0.13244947201412358, 0.13431510153959295, 0.13397674115678379, 0.13422843126118025, 0.13444148446372828, 0.13366578379743488, 0.13326089768350935, 0.13509476240692295, 0.1337662357152701, 0.13653334675775164, 0.13233196169012168, 0.13530630885480865, 0.13368233068088675, 0.13270427502140844, 0.13484855306957763, 0.13342915774742775, 0.1328439247522929, 0.13293026341685882, 0.13405362213237482, 0.13262343094118575, 0.13527567560749723, 0.13349265327733328, 0.13396325231539527, 0.13355823499682695, 0.13390542565786281, 0.13505452505723561, 0.13446635519685327]}}