{"low_val_loss": 0.13144403266495833, "params": {"verbose": 1, "nb_epoch": 1000, "batch_size": 32, "metrics": ["loss", "acc", "val_loss", "val_acc"], "nb_sample": 95954, "do_validation": true}, "results": {"acc": [0.94184713508556184, 0.94667236384100717, 0.94749567501094278, 0.94832940783628783, 0.94864205766504883, 0.94913187569167734, 0.9492986222515285, 0.94976759697354984, 0.94967380202517004, 0.94999687350188633, 0.95000729516226523, 0.95021572837605572, 0.95047626987931721, 0.95039289659628567, 0.95065343811321312, 0.95078891969068513, 0.9507055464076537, 0.95103903953481006, 0.9509869312378848, 0.95086187131333766, 0.95102861788561233, 0.9512474727473581, 0.95107030452091623, 0.95107030452091623, 0.95140379765304206, 0.95137253266693589, 0.95085144965295876, 0.95212289221918833, 0.95160180920148418, 0.95118494279129628, 0.95173729078516789, 0.95112241282902277, 0.95174771244057743, 0.95167476082910607, 0.95149759259148303, 0.95196656731971618, 0.95137253266693589, 0.95159138754234762, 0.95214373553994625, 0.95158096588569574, 0.95214373553994625, 0.95191445901160976, 0.95165391749716699, 0.95193530233236756, 0.95197698896891392, 0.95204994060274761, 0.95190403735123075, 0.95203951894236871, 0.95181024240285095, 0.95176855576133523, 0.95215415720653696, 0.95196656732095852, 0.95204994059156645, 0.95176855576133523, 0.95201867561042963, 0.95218542219388558, 0.95248765034487459, 0.95274819184937842, 0.95260228859661922], "loss": [0.16373232887525127, 0.14427185146894397, 0.14047294603586744, 0.13896673037559226, 0.13785380835488617, 0.13678992600364523, 0.13585952220502356, 0.13540721728751437, 0.13533734678998482, 0.13432097136878052, 0.13389838005053267, 0.13365428769590582, 0.13319469282049631, 0.13317037243892599, 0.13298314284250393, 0.13273486351572161, 0.13206803855032034, 0.13138852376387328, 0.13166356817300007, 0.13154761006566346, 0.13089265663730479, 0.13139001813169365, 0.13102963111828322, 0.13089324715533385, 0.13057335777862039, 0.13027039880024741, 0.13016213080904493, 0.13012467219241949, 0.12982209407347986, 0.12966040115717525, 0.1298101923380354, 0.12956971152419583, 0.12932054476085042, 0.12925536559344278, 0.12905085712831543, 0.12890304719220652, 0.128834405534059, 0.1286070540587437, 0.12850285082420962, 0.128371236859711, 0.12834635278791662, 0.12816524380781477, 0.12814338888722118, 0.12784686524251007, 0.12770012800241096, 0.12739309925274386, 0.12723561144295567, 0.1277020327461281, 0.12716291820183998, 0.12712363682335229, 0.12678459924920496, 0.12671478929771754, 0.1271647200268517, 0.12669257544361393, 0.12642536031568616, 0.12643193438269326, 0.12629752373257816, 0.12639928720277285, 0.12606225737630494], "val_acc": [0.94785055494763171, 0.94378614975769892, 0.94822573081131778, 0.94763170236048144, 0.94903861184930438, 0.94910114115991873, 0.94888228857276846, 0.94978896357667653, 0.94978896357667653, 0.94853837736438951, 0.94841331874316082, 0.95063310926997024, 0.94925746443645453, 0.95060184461466313, 0.95019540409566983, 0.95063310926997024, 0.95153978427387842, 0.94794434891355328, 0.94872596529623265, 0.95053931530404878, 0.94885102391746134, 0.95019540409566983, 0.94935125840237611, 0.9505705799593559, 0.94978896357667653, 0.95035172737220575, 0.95013287478505548, 0.95022666875097705, 0.95082069720181339, 0.95053931530404878, 0.95025793340628417, 0.94900734719399715, 0.94941378771299045, 0.95007034547444114, 0.95038299202751286, 0.9502891980615914, 0.95050805064874155, 0.95053931530404878, 0.95044552133812721, 0.95100828513365643, 0.95050805064874155, 0.95088322651242774, 0.95078943254650616, 0.95032046271689852, 0.94953884633421914, 0.95110207909957789, 0.94881975929569751, 0.95047678599343444, 0.95082069720181339, 0.9509770204783492, 0.95016413944036271, 0.95035172737220575, 0.94835078943254647, 0.94991402219790522, 0.9506956385805847, 0.94985149288729087, 0.95035172737220575, 0.95047678599343444, 0.95032046271689852], "val_loss": [0.15158757968178685, 0.14368199158156497, 0.13778892887026253, 0.13759354538732216, 0.13648560503036208, 0.13530951283402753, 0.13536581588078891, 0.13394146118198352, 0.13395367554000659, 0.13716602685191734, 0.13665642142237602, 0.1343981078330457, 0.13332163553340781, 0.1331006998417246, 0.13421361430540707, 0.13289839149276148, 0.13211202327746124, 0.13564081941803341, 0.13508274965949107, 0.13345074379781419, 0.13877296698490343, 0.13199879965088751, 0.13282644019376416, 0.13504993508192678, 0.13466143157075156, 0.13206272461492791, 0.1356409047844262, 0.13195978284618232, 0.13176230482357601, 0.13489586754582797, 0.13286992595046968, 0.13515148691126047, 0.13263505339058784, 0.1323432922414528, 0.1323123271878863, 0.1328241407465931, 0.13305253498098973, 0.13144897824668392, 0.13165383808604811, 0.13300026994427425, 0.13314355683010856, 0.13321060850268251, 0.13144403266495833, 0.13200010720320712, 0.13470092594381308, 0.13488994353806505, 0.13767746185579019, 0.13212598975103163, 0.13236192800063853, 0.13155684168017412, 0.13178872674125908, 0.13211325595592993, 0.13544370872966568, 0.13235057466651046, 0.13214103896598881, 0.13274067651951557, 0.13343226794425408, 0.13322372757747469, 0.13263324823196146]}}