{"low_val_loss": 0.22071864910049852, "params": {"verbose": 1, "nb_epoch": 1000, "batch_size": 32, "metrics": ["loss", "acc", "val_loss", "val_acc"], "nb_sample": 30068, "do_validation": true}, "results": {"acc": [0.87185712386845937, 0.90079153916993415, 0.90132366634040051, 0.90305307967018633, 0.90282027404549692, 0.90331914326731344, 0.90425036582157647, 0.90458294530807382, 0.90501529864844954, 0.90491552479457105, 0.90578023147532261, 0.9047492350751104, 0.90521484633241867, 0.90521484633241867, 0.90551416790198336, 0.90631235863785964, 0.90614606890254024, 0.90614606890254024, 0.90591326328578015, 0.90667819607300659, 0.90578023146739328, 0.90687774376490493, 0.90494878275115009, 0.90694425966220438, 0.90701077559122112, 0.90601303713172932, 0.90687774379662223, 0.90714380736996147, 0.90740987095122994, 0.90734335504600117, 0.90711054941338243, 0.90691100171355465, 0.90784222428367634, 0.90764267659970732, 0.90721032327519013, 0.90737661302636818, 0.90784222427574712, 0.90704403353987084, 0.90597977915929162, 0.90734335507771846, 0.90717706531068187, 0.9071105494054531, 0.90687774377283425, 0.90784222427574712, 0.9069442596701337, 0.90727683915663104, 0.90790874018097578, 0.90767593454042772, 0.90817480377017368, 0.90814154581359463, 0.90780896633502661, 0.90794199813755483, 0.90824131966747312, 0.90757616068654923, 0.90893973658911742], "loss": [0.2857600599547182, 0.22609205221866568, 0.22165894083350646, 0.21950411951984355, 0.21835862195870812, 0.21703990922815325, 0.21701390436668733, 0.21646846701597081, 0.21577888291472369, 0.21539489375208071, 0.21526224846787254, 0.21482710429878965, 0.21487738829697323, 0.21437589726669129, 0.21431397254660167, 0.2140196579416429, 0.21323372480739886, 0.21294324602636866, 0.21284367268994497, 0.21249134386015553, 0.21229844242116311, 0.21200331234584641, 0.21189547262246325, 0.21176847105245411, 0.2117439466531692, 0.21172005749889014, 0.21126790436496914, 0.21116108348494247, 0.21099029205371778, 0.21098271155826775, 0.21048482651285183, 0.21022042311758726, 0.21030452978314437, 0.21013812090593464, 0.20988489288003645, 0.20959759332627173, 0.20956164731479188, 0.20940730702025437, 0.2093342780170882, 0.2090479801218767, 0.20893408648904627, 0.20893359726431904, 0.20883332931315057, 0.20907254316665017, 0.20881647838942941, 0.20836239019789182, 0.20853487663967141, 0.2085033426822239, 0.20834846661987497, 0.20815052676663939, 0.20793205438989804, 0.20783938823528741, 0.20779994250263673, 0.20793396966784372, 0.20754616303267562], "val_acc": [0.89693704484454129, 0.89983039015033794, 0.90162625965048759, 0.9027237354561346, 0.90082809542819886, 0.90092786595598495, 0.90262396492834851, 0.90172603017827369, 0.90222488281720414, 0.90202534176163196, 0.90252419440056242, 0.90322258809506506, 0.90172603017827369, 0.9030230469919186, 0.90382121126178161, 0.90352189967842333, 0.90352189967842333, 0.90212511228941805, 0.90322258809506506, 0.90242442387277633, 0.90302304703949288, 0.90262396492834851, 0.90422029337292598, 0.90382121126178161, 0.90212511228941805, 0.90491868706742862, 0.90461937548407034, 0.90422029337292598, 0.90432006390071207, 0.90282350598392069, 0.90402075231735379, 0.90461937548407034, 0.90471914601185643, 0.90471914601185643, 0.90432006385313779, 0.90352189967842333, 0.90551731023414517, 0.90491868706742862, 0.90461937548407034, 0.9051182281230008, 0.90591639234528953, 0.90551731023414517, 0.90252419440056242, 0.9051182281230008, 0.90521799865078689, 0.9051182281230008, 0.90491868706742862, 0.9039209817895677, 0.90481891653964253, 0.90422029337292598, 0.90611593340086172, 0.90481891653964253, 0.90322258804749078, 0.90501845759521471, 0.90481891653964253], "val_loss": [0.24042714961712366, 0.2302721861824594, 0.22954628212412923, 0.22593189867375604, 0.22635717635726568, 0.22888889169456311, 0.22573774806232638, 0.22490928886203868, 0.22593120718137907, 0.2249977383340748, 0.22502448437076647, 0.22494569405650208, 0.22579413921809488, 0.22414766043011305, 0.22408554887570606, 0.22429503986462734, 0.22683272828251066, 0.22450796922178762, 0.22360799972506493, 0.22426756972040612, 0.22425445110560249, 0.22335331727409868, 0.22634590639184837, 0.22435573970535302, 0.22603901124435855, 0.22347685434968603, 0.22292347043190699, 0.22415491659389361, 0.22599225462666411, 0.22298903104092896, 0.22251418413848775, 0.22554704823453994, 0.22166834240733752, 0.22261873981522834, 0.22139246208450342, 0.22350846017642756, 0.22163032552956416, 0.22115152287207285, 0.22071864910049852, 0.22278210076222005, 0.22273168444431293, 0.22134535432391142, 0.22142759236517059, 0.22086470604989505, 0.22402569704530101, 0.22406269463785844, 0.2231434132763693, 0.22083378799878872, 0.2209763784947586, 0.22460723078638614, 0.22156012025550728, 0.22396285754174014, 0.22198413183538546, 0.22239244353071869, 0.22356712669773421]}}