{"low_val_loss": 0.22051841446820056, "params": {"verbose": 1, "nb_epoch": 1000, "batch_size": 32, "metrics": ["loss", "acc", "val_loss", "val_acc"], "nb_sample": 30068, "do_validation": true}, "results": {"acc": [0.88319808434215774, 0.90195556737267468, 0.90158972993752762, 0.90318611147271455, 0.90361846480516106, 0.9044166555648252, 0.90468271916195231, 0.90581348941604301, 0.9048490088972716, 0.90581348941604301, 0.90524810428106839, 0.90634561658650936, 0.90601303711587067, 0.90667819607300659, 0.90724358123176918, 0.9062791007209271, 0.90704403353987084, 0.90744312889195033, 0.9082413196912611, 0.90691100172148398, 0.90844086735937146, 0.90820806171089408, 0.90900625247848754, 0.90804177199936265, 0.90887322068388865, 0.90907276840750428, 0.90927231609940262, 0.90933883199670207, 0.90950512170823339, 0.90990421712374736, 0.9096381535107616, 0.910935213531889, 0.91106824532648789, 0.91003724891041704, 0.91040308634556399, 0.9105028601677253, 0.91156711452451655, 0.91219901555679062, 0.91136756684847675, 0.9116003724810956], "loss": [0.26319275372889001, 0.22576504059852526, 0.22287836278969261, 0.22077020010118617, 0.21979953363404972, 0.21824081516240496, 0.2173339093882812, 0.21564543682938642, 0.2160833982357529, 0.21465403952266493, 0.21460495496884105, 0.21387029250195896, 0.21405122073007199, 0.21216536199014144, 0.21257614056028806, 0.2124874963236407, 0.21213979227548904, 0.21052863428341165, 0.21082677764430774, 0.20976963442612379, 0.20977369431558404, 0.20900423172601157, 0.20965111139084852, 0.20848209167971515, 0.20779575442592244, 0.2080649484840498, 0.20740548627235733, 0.20705103453160031, 0.20622795621606918, 0.20572293001563211, 0.20613486418797644, 0.20521088318969399, 0.2046255835953808, 0.20509405901564615, 0.20404818464153321, 0.2036081568027123, 0.20285168622376454, 0.20222105321746819, 0.2022484045585245, 0.20090722148249057], "val_acc": [0.89823406170576048, 0.89933153751140749, 0.90002993120591013, 0.90402075231735379, 0.90262396492834851, 0.90332235862285115, 0.90352189967842333, 0.90102763648377104, 0.90172603017827369, 0.90362167020620943, 0.90252419440056242, 0.90302304703949288, 0.90322258809506506, 0.90222488281720414, 0.90312281756727897, 0.90262396492834851, 0.90192557123384587, 0.90342212910306297, 0.90332235862285115, 0.90352189967842333, 0.90342212915063724, 0.9015264891227015, 0.90242442387277633, 0.90412052284513988, 0.9015264891227015, 0.90282350598392069, 0.90162625965048759, 0.90252419440056242, 0.9030230469919186, 0.90242442387277633, 0.90222488281720414, 0.9027237354561346, 0.90292327651170678, 0.90352189967842333, 0.90252419440056242, 0.90372144073399552, 0.90382121126178161, 0.90332235862285115, 0.90242442387277633, 0.90302304703949288], "val_loss": [0.23594040220028553, 0.22928321749569591, 0.22542274165959889, 0.22440491340051663, 0.22664124749442555, 0.2266077240430035, 0.22388431617186763, 0.22431883645708256, 0.22302767073758453, 0.22300041122260736, 0.22079708117586189, 0.23237196349739658, 0.22211713750990614, 0.22796229899203149, 0.22132958607213127, 0.22219485424776389, 0.22588675425971541, 0.22227019657634825, 0.22128155465065619, 0.22173750313125445, 0.22270875037828511, 0.22590378634494115, 0.22215724355337399, 0.22051841446820056, 0.22233630899218376, 0.2230056290776147, 0.22338029696747985, 0.22130412693944482, 0.22248895096288854, 0.22393979705297029, 0.22425229439035596, 0.22580598604711219, 0.22756885099610824, 0.22443466209626706, 0.22573413694884908, 0.22269843324868727, 0.22564584859459627, 0.22392701179571142, 0.22746152517670204, 0.22617225887282313]}}