{"low_val_loss": 0.2210615807624797, "params": {"verbose": 1, "nb_epoch": 1000, "batch_size": 32, "metrics": ["loss", "acc", "val_loss", "val_acc"], "nb_sample": 30068, "do_validation": true}, "results": {"acc": [0.87704536383402887, 0.90162298789410666, 0.90298656377288689, 0.90278701609684719, 0.90405081815346611, 0.90395104428372897, 0.90544765200468391, 0.90554742582684522, 0.90551416789405414, 0.90571371558595248, 0.90524810429692693, 0.90624584274848952, 0.90621258482362765, 0.90687774378076358, 0.90624584277227738, 0.90664493812435687, 0.90731009710528077, 0.90800851400313709, 0.90824131967540245, 0.90770919250493609, 0.90661168020742444, 0.90760941863519895, 0.90854064119739131, 0.90787548222439685, 0.90784222429160566, 0.90827457760819352, 0.90874018888928976, 0.90784222429160566, 0.90837435145414269, 0.9086071571105494, 0.90774245043772717, 0.91027005452717713, 0.9089397365811881, 0.9086404150512698, 0.90917254222173616, 0.90950512171616271, 0.90990421709203018], "loss": [0.2709875776283408, 0.22672984293837076, 0.22099114221208382, 0.21837825916565778, 0.2168483103116142, 0.21586542145295934, 0.21513458115870257, 0.21440278447235742, 0.21421477990342658, 0.21346755501626732, 0.2134298766015755, 0.21232514001515312, 0.21209332373875864, 0.21161115517820214, 0.21122364095428672, 0.21135236830554047, 0.21064606969250602, 0.20992214131683559, 0.20939584979008166, 0.20973985314416776, 0.20947835239876264, 0.20909522837172864, 0.20863614653980414, 0.20846960062325373, 0.20826180222709001, 0.20805513925203162, 0.20819701742218802, 0.20801329938378901, 0.20772931434078326, 0.20740622238020512, 0.20673623163086058, 0.20635379685340005, 0.20694562766214816, 0.20655277497185281, 0.20632925066238106, 0.20564566552837241, 0.20581693743928342], "val_acc": [0.9015264891227015, 0.90092786595598495, 0.90342212910306297, 0.90252419440056242, 0.90282350593634642, 0.9039209817895677, 0.90222488276962987, 0.9003292427892684, 0.90292327651170678, 0.90222488281720414, 0.90242442387277633, 0.90282350598392069, 0.90372144073399552, 0.90082809542819886, 0.9027237354561346, 0.90262396492834851, 0.90432006390071207, 0.90182580070605978, 0.90322258809506506, 0.90282350598392069, 0.90332235862285115, 0.9027237354561346, 0.90372144073399552, 0.90432006390071207, 0.90352189967842333, 0.90342212915063724, 0.90402075231735379, 0.90362167020620943, 0.9039209817895677, 0.90412052284513988, 0.90232465334499024, 0.90212511228941805, 0.90432006390071207, 0.90262396492834851, 0.9027237354561346, 0.90362167020620943, 0.90282350598392069], "val_loss": [0.23968339879350084, 0.23124702895495225, 0.22859456637454439, 0.22545159743192084, 0.22572829804115521, 0.22353419168681951, 0.22534193162919042, 0.22822278067818971, 0.22380042868520189, 0.22521117592148113, 0.22229405874848235, 0.22213853298458144, 0.22378153274019572, 0.22490235768867373, 0.22631761711639023, 0.22308852281010724, 0.22197788512826883, 0.22222242546803483, 0.22175196834242322, 0.22259344351894661, 0.2210615807624797, 0.22353046936396767, 0.22271347518519324, 0.22252291952090075, 0.2215873523974245, 0.22367794593924548, 0.22140132843300359, 0.22208087643433577, 0.22277617268691718, 0.22288878397629741, 0.22309608501635375, 0.22536318551533049, 0.22411308380273673, 0.22537359050424421, 0.22593129233936701, 0.22382257723717897, 0.22519913843996353]}}