{"low_val_loss": 0.22455907564944377, "params": {"verbose": 1, "nb_epoch": 1000, "batch_size": 32, "metrics": ["loss", "acc", "val_loss", "val_acc"], "nb_sample": 30068, "do_validation": true}, "results": {"acc": [0.85396434747111816, 0.89217773049344273, 0.89653452175862769, 0.89962751096719373, 0.901024344802553, 0.90148995609950777, 0.90198882532925373, 0.90195556739646254, 0.90268724225089791, 0.90105760276706137, 0.90255421044044037, 0.90198882536097091, 0.90215511506457302, 0.90228814688295988, 0.90301982172153661, 0.90365172276174011, 0.9030863376346947, 0.90198882531339508, 0.90255421044044037, 0.90325262737794332, 0.90345217505398312, 0.90278701608098855, 0.90252095249971998, 0.90315285353199415, 0.90335240121596316, 0.90308633761883605, 0.90388452838642952, 0.90321936941343495, 0.90328588534245169, 0.90345217506191233, 0.90395104430751694, 0.90355194890786161, 0.90361846479723174, 0.90358520685651134, 0.90411733402697758, 0.90431688172680524, 0.90425036584536445, 0.90464946120537326, 0.90391778634300857, 0.90375149659183063, 0.90388452839435884, 0.90444991353726278, 0.90375149659975995, 0.90395104431544626, 0.90425036582157647, 0.90371823867489809, 0.90444991352933346], "loss": [0.36242328637320581, 0.23766578011362416, 0.22819268134928961, 0.2247003014732806, 0.22310672056346684, 0.2220328135448868, 0.22164177632924961, 0.22129543521896836, 0.22068684718818032, 0.22016420568222694, 0.22011953177597351, 0.21996505039318995, 0.21981174666204081, 0.21965355348663157, 0.21939452368955878, 0.21912798273986811, 0.21879943284889128, 0.21914595358784375, 0.21888406508318109, 0.21891030412897303, 0.21870675737337339, 0.21838813923221009, 0.2184802008817785, 0.21836813753110243, 0.21831546619274808, 0.21839559582520851, 0.21830363747872808, 0.21816268532148017, 0.21792180516451173, 0.21790320930827309, 0.21805561326262765, 0.2177698797005771, 0.21783947960896205, 0.21774693250208121, 0.21769799990263553, 0.21723851067153668, 0.21751836310188488, 0.21725548221398275, 0.21733176802183793, 0.2174043969455767, 0.21702025956425305, 0.21722534470764646, 0.21720150702253718, 0.216893706087643, 0.21711442676554085, 0.21699464893632864, 0.21702116573802077], "val_acc": [0.88107353092655261, 0.89504140481660555, 0.89713658590011347, 0.89873291434469094, 0.89933153751140749, 0.90002993120591013, 0.89953107856697967, 0.89973061962255185, 0.89743589748347175, 0.9015264891227015, 0.90002993120591013, 0.90202534176163196, 0.90162625965048759, 0.90122717753934323, 0.90172603017827369, 0.90042901331705449, 0.90162625965048759, 0.90092786595598495, 0.90182580070605978, 0.90102763648377104, 0.90082809538062458, 0.90142671854734113, 0.90142671854734113, 0.9003292427892684, 0.90112740696398286, 0.90072832485283849, 0.90092786595598495, 0.90092786590841067, 0.9003292427892684, 0.90072832485283849, 0.90052878379726631, 0.90002993120591013, 0.90142671854734113, 0.90132694801955504, 0.90142671854734113, 0.90172603013069941, 0.90072832490041277, 0.8994313079916193, 0.90052878379726631, 0.9006285543250524, 0.89893245540026312, 0.90042901326948022, 0.90012970168612194, 0.90052878379726631, 0.90152648907512722, 0.90162625960291332, 0.90042901326948022], "val_loss": [0.25901841068891046, 0.23862575523976756, 0.23293405402554707, 0.23007494032644624, 0.23008255797458674, 0.22869929997320126, 0.22803425971891761, 0.22725797135126063, 0.23119163457581138, 0.22725487005284811, 0.22742197200898268, 0.22571906359546809, 0.22649928797484276, 0.22655906884670018, 0.22572996476495097, 0.22688622848069157, 0.22664237209277679, 0.22625095873348586, 0.22576963089932037, 0.22679556283743382, 0.22573802988352942, 0.22649270755188747, 0.22587904770339451, 0.22719236044728874, 0.22530902132866185, 0.22573506770276219, 0.2246771344884741, 0.22552811629957964, 0.22534113916185913, 0.22657676402839563, 0.22455907564944377, 0.22692119429999455, 0.22575491271481166, 0.22502015006705148, 0.22510983434626647, 0.22585535016731148, 0.22631896402942175, 0.22650436388004758, 0.22542848317676423, 0.22540126799954324, 0.22772833130934822, 0.22512486232566367, 0.22552937664672143, 0.22619547159339001, 0.22493143035517973, 0.22594275226076718, 0.22519341927230996]}}