{"low_val_loss": 0.14019543903613252, "params": {"verbose": 1, "nb_epoch": 1000, "batch_size": 32, "metrics": ["loss", "acc", "val_loss", "val_acc"], "nb_sample": 95954, "do_validation": true}, "results": {"acc": [0.93959605643874322, 0.94336869750088581, 0.94556766784084045, 0.94624507577789452, 0.9466827854964166, 0.94740188006256287, 0.94757904829397421, 0.94798549306117608, 0.94800633636951037, 0.94798549304875257, 0.94820434791174069, 0.94823561290530101, 0.94838151614439425, 0.94838151613818245, 0.94812097464113276, 0.94850657606769906, 0.94820434791174069, 0.94845446777201625, 0.94848573274694126, 0.9480792879921629, 0.94831898618087829, 0.94829814285515102, 0.94835025116449989, 0.94824603455822587, 0.94831898618833244, 0.94882964754690013, 0.94816266127519433, 0.94838151614315191, 0.94845446776828912, 0.94815223961605777, 0.94860037100614003, 0.94870458762111065, 0.9485795276965634, 0.9486003710111095, 0.94846488942121399, 0.94869416596197398, 0.94839193780477327, 0.94857952768538223, 0.94849615440235069, 0.9488713341809617, 0.94860037100614003, 0.94875669591679346, 0.94844404610542554, 0.9483502511620151, 0.94847531108656236, 0.94886091251561333, 0.94892344248285632, 0.94917356232698125, 0.94866290098580663, 0.94868374429414093, 0.94875669591679346, 0.94888175583637124, 0.94866290097959483, 0.94896512912437214, 0.94915271902361642, 0.94875669591679346, 0.94862121433807911, 0.94920482732054168, 0.94898597244512994, 0.94881922587906709, 0.94895470746399313, 0.94866290097338313, 0.94894428580485657, 0.94913187569664681, 0.94891302082371976], "loss": [0.1869610780570328, 0.15118626528492835, 0.14759963885138211, 0.14604960124785393, 0.14513494171318497, 0.14440507868121097, 0.14389774440847231, 0.14353436998117436, 0.14347949163573556, 0.14312242072853709, 0.14298023036811272, 0.14278340668124764, 0.14273196533854995, 0.14246280471878109, 0.14233736744485218, 0.14218903870237776, 0.14220480035523739, 0.14201503556354422, 0.14178673546130544, 0.14170973740297108, 0.14170598282204674, 0.14154962008172531, 0.14152850483737106, 0.14152296987641019, 0.14149095478081367, 0.14135165713202733, 0.14127347196079243, 0.14122445094235414, 0.14116829266735528, 0.14114310868635882, 0.14100897372480822, 0.14093539104712602, 0.14081882518946828, 0.14099469397809564, 0.14094872098434491, 0.14087937725033325, 0.1410253453585664, 0.14079526044790341, 0.14087439220517697, 0.14091857755016082, 0.14067892688213268, 0.14072435436097933, 0.14081794451452023, 0.14087210815241252, 0.14080491414609711, 0.14074939311893681, 0.1408034283651885, 0.14072080229415621, 0.14086053344119293, 0.14063953518684866, 0.1409070631153915, 0.14070806669001706, 0.14062709195397766, 0.1406159653186905, 0.1405761009032698, 0.14055784280306552, 0.14053819442517407, 0.14033077450680609, 0.1404832378266648, 0.14047281064966957, 0.14034726677763459, 0.14038068488237757, 0.14036908612771185, 0.14022908557223396, 0.14037036978555162], "val_acc": [0.93990933253315256, 0.94603720493981558, 0.94735032046271694, 0.9479756135688604, 0.94831952477723935, 0.94800687822416763, 0.94941378771299045, 0.94875722995153977, 0.9479756135688604, 0.9490698765046115, 0.94922619978114742, 0.94850711270908239, 0.94916367047053307, 0.94856964201969673, 0.94931999374706899, 0.95010161012974836, 0.95000781616382679, 0.94963264030014072, 0.94928872909176176, 0.94903861184930438, 0.95022666875097705, 0.94950758167891203, 0.94950758167891203, 0.9494763170236048, 0.94872596529623265, 0.94872596529623265, 0.94997655150851967, 0.94938252305768334, 0.94928872909176176, 0.94938252305768334, 0.94960137564483349, 0.94903861184930438, 0.94931999374706899, 0.94982022823198375, 0.94969516961075506, 0.94960137564483349, 0.94975769892136941, 0.94866343598561831, 0.94910114115991873, 0.94978896357667653, 0.94931999374706899, 0.94985149288729087, 0.94925746443645453, 0.94922619978114742, 0.9494763170236048, 0.94913240581522584, 0.94982022823198375, 0.94941378771299045, 0.94963264030014072, 0.94978896357667653, 0.94931999374706899, 0.94994528685321244, 0.94925746443645453, 0.95013287478505548, 0.94913240581522584, 0.94925746443645453, 0.94944505236829768, 0.94975769892136941, 0.94888228857276846, 0.94919493512584019, 0.94860090667500396, 0.94869470064092543, 0.94994528685321244, 0.94928872909176176, 0.94931999374706899], "val_loss": [0.15477116853814024, 0.14867316987857571, 0.14682540812794448, 0.14496904359220508, 0.14446403389286769, 0.14403525319673111, 0.14306560385694481, 0.14247717172354668, 0.14233669515827849, 0.14253411853343262, 0.14259893876049543, 0.14237722696662788, 0.14183846264751476, 0.14247799885399698, 0.14242745439743407, 0.14190491420546322, 0.14154451859310416, 0.14248229818910998, 0.14188875544007373, 0.14129338388855203, 0.14225047643885905, 0.14200469613638972, 0.14124917723512173, 0.14169051069588667, 0.14192575766380752, 0.14119468545035979, 0.1409957729058702, 0.14121538089139585, 0.14057841442580127, 0.14140203300119844, 0.14058264137730667, 0.14106294936046984, 0.1418956545525013, 0.14102382701328811, 0.14092152480485012, 0.14114568256749033, 0.14069887125223748, 0.14138181956578963, 0.14100001650209146, 0.14043501577426981, 0.14053188107182166, 0.14105537514239713, 0.14039261954413906, 0.14074967216193088, 0.1413132942450108, 0.14151499717787072, 0.14062834296591564, 0.14029279000194106, 0.14019543903613252, 0.1409461520329218, 0.14040717949052145, 0.14026532972210251, 0.14047202279400189, 0.14058159369895545, 0.14036619685600749, 0.140735082738876, 0.14023429996751707, 0.14026209158563457, 0.14073832927701788, 0.14071000211880749, 0.1421116468516275, 0.1407426360959054, 0.14093570632964014, 0.14030584982953465, 0.14044651528187091]}}