{"nsamples_3jet": 125374, "err_2jet_background_varied": [0.10328635446334677, 0.0953927075301297, 0.11376473760643518, 0.12158121691649039, 0.10470727159348754, 0.11317526631693053, 0.12308242242469807, 0.10415204428616597, 0.09956757233703326, 0.10833172979872634, 0.10848121700590779, 0.10789303793935609, 0.11386680520027681, 0.10819101085025758, 0.1086314261342295, 0.11151987404188464, 0.11512172188915398, 0.1087168015554687, 0.11653969826193901], "sens_3jet_signal_varied": [1.5078158828700703, 1.513177999615171, 1.5443169179052552, 1.6294495072978163, 1.5902122170935877, 1.5772230905532594, 1.5916754682809562, 1.6118198160375539, 1.606553687282285, 1.628721809596925, 1.631434096568513, 1.5966865432998216, 1.612795486195118, 1.6520385322487856, 1.6125407368070315, 1.622631193186354, 1.6355237762908734, 1.6171111662351192, 1.6270340795330471], "sens_2jet_signal_varied": [2.644960558329381, 2.7746619317598635, 2.7638954214132814, 2.6607303721305136, 2.7622193756962923, 2.7783310462499173, 2.900613967683564, 2.782420558592142, 2.8857343570798095, 2.9385395405752974, 2.869833316695094, 2.7669202150932235, 2.846694113316608, 2.880768480226835, 2.8752487511041918, 2.8716341517772124, 2.8554441507467723, 2.888633880205101, 2.8932559104309252], "nsamples_2jet": 38745, "err_3jet_background_varied": [0.06246860238768494, 0.058918929282497444, 0.054753050728656015, 0.05791271572168047, 0.057228476418715514, 0.06656927937394876, 0.06093015102940496, 0.05914619561695479, 0.060104996482126895, 0.06102083592187312, 0.06214351979365609, 0.058268425372706344, 0.05779417938548557, 0.05449231997439125, 0.05778066556072539, 0.05472091295933141, 0.057350680109312734, 0.05784679683994083, 0.05693623105423488], "sample_fracs": [0.1, 0.15000000000000002, 0.2, 0.25, 0.30000000000000004, 0.35, 0.4, 0.45000000000000007, 0.5, 0.55, 0.6, 0.65, 0.7000000000000001, 0.75, 0.8, 0.85, 0.9, 0.9500000000000001, 1.0], "err_2jet_signal_varied": [0.10154145639851733, 0.10620934882878987, 0.10024346696362336, 0.09198692888515402, 0.09952078664883005, 0.10677376275556957, 0.11537622149944118, 0.10096669979463621, 0.1118241123893091, 0.12600698693863469, 0.1335542318042944, 0.0987183305604894, 0.11295212655345457, 0.11330461463540567, 0.10971213688271003, 0.11392085140415223, 0.11062535642943386, 0.11254277134095626, 0.11653969826193901], "sens_2jet_background_varied": [2.7596220625993197, 2.68709714048524, 2.8683040139264295, 2.8361383761427192, 2.8132030625508224, 2.8138462989894006, 2.8126196157326024, 2.785348335120429, 2.770111172936004, 2.8780409820558113, 2.863222094872575, 2.853488207677542, 2.8636511445486956, 2.846017208068183, 2.838815961947628, 2.8605159740037274, 2.8734146021053877, 2.865804976294291, 2.8932559104309252], "sens_3jet_background_varied": [1.6697360737288605, 1.6379416180486286, 1.635556013989728, 1.6510376057471416, 1.6378147928956088, 1.6787168243046096, 1.6586132199005195, 1.634333887969179, 1.6392665925803955, 1.6297850213546274, 1.6488037535902136, 1.6243303089937735, 1.6385839529316717, 1.6155492050485059, 1.6238112578909059, 1.6101780810149917, 1.631596413545729, 1.6370203067214832, 1.6270340795330471], "err_3jet_signal_varied": [0.04927256474664558, 0.04863457518228484, 0.048910270554432665, 0.058131717811843085, 0.05413776633415904, 0.053870128850471384, 0.048910694534613754, 0.05677925624603117, 0.05605025294581824, 0.05568340771652367, 0.05815668634053816, 0.052182569229142536, 0.05287706231473188, 0.06172590003268056, 0.05162544687088283, 0.056862890510719834, 0.0579139835303952, 0.05561601632713412, 0.05693623105423488]}