{"nsamples_3jet": 127939, "err_2jet_background_varied": 0.10332466464454304, "sens_3jet_signal_varied": 1.6257702377225323, "sens_2jet_signal_varied": 2.706715207993691, "nsamples_2jet": 40091, "err_3jet_background_varied": 0.05369557318621929, "sample_fracs": [0.1, 0.15000000000000002, 0.2, 0.25, 0.30000000000000004, 0.35, 0.4, 0.45000000000000007, 0.5, 0.55, 0.6, 0.65, 0.7000000000000001, 0.75, 0.8, 0.85, 0.9, 0.9500000000000001, 1.0], "err_2jet_signal_varied": 0.10332466464454304, "sens_2jet_background_varied": 2.706715207993691, "sens_3jet_background_varied": 1.6257702377225824, "err_3jet_signal_varied": 0.05369557318621487}