{"nsamples_3jet": 125374, "err_2jet_background_varied": [0.4290899690693809, 0.4072062682480392, 0.3844713717420214, 0.36291362560484763, 0.21030188256546084, 0.2578489861318005, 0.2063136296689875, 0.18376492298972677, 0.16089120930893194, 0.19261367730210602, 0.14544554160383288, 0.14988253506203802, 0.18273331902728862, 0.14840292395771099, 0.12254400419868237, 0.1343381713001248, 0.11623510789916759, 0.11829805414581877, 0.11653969826193901], "sens_3jet_signal_varied": [0.15540993811436377, 0.23333643160198653, 0.3185463269741697, 0.3859016790277059, 0.49391856976015047, 0.5836480329262976, 0.6534718769806597, 0.7201072909150023, 0.8052749735899905, 0.8838089651911544, 1.0128537980763324, 1.0727000958566268, 1.140842199529898, 1.1971281716692863, 1.296708105960205, 1.378405524007169, 1.4819593125800945, 1.5430949409724606, 1.6279422223622304], "sens_2jet_signal_varied": [0.3235487181510024, 0.430873147851635, 0.5462809307023997, 0.7364110102281688, 0.8323396162754666, 1.0531303803854082, 1.1385020761820404, 1.257154405316097, 1.4206998291042268, 1.5976499773806057, 1.7915760656024386, 1.8316868335992245, 2.032369709145909, 2.188007548079031, 2.293689610054631, 2.515272016659632, 2.599588307617498, 2.7822789239578167, 2.8932559104309252], "nsamples_2jet": 38745, "err_3jet_background_varied": [0.24602258231939383, 0.17105336202160049, 0.17113656032274613, 0.2028062619083372, 0.14932063793380215, 0.13832202558795412, 0.12680430816636437, 0.08974625526750853, 0.0958694093053516, 0.10576651143498667, 0.09025123113174102, 0.0977840357520005, 0.08073749838199434, 0.07315968994024656, 0.07249037234927598, 0.06588343612142757, 0.06427674015018721, 0.05962683066278693, 0.05839627126275148], "sample_fracs": [0.1, 0.15000000000000002, 0.2, 0.25, 0.30000000000000004, 0.35, 0.4, 0.45000000000000007, 0.5, 0.55, 0.6, 0.65, 0.7000000000000001, 0.75, 0.8, 0.85, 0.9, 0.9500000000000001, 1.0], "err_2jet_signal_varied": [0.025440453867177835, 0.028588607808946252, 0.029712431503606005, 0.04344820288732236, 0.04392474524166704, 0.05892696341192045, 0.056183170161438804, 0.05732789186644907, 0.06591983451099072, 0.06859933880039996, 0.08041639871416352, 0.07943716901378164, 0.08797347793902567, 0.09470144316665868, 0.09153943966363486, 0.10828362415614237, 0.10303556577326828, 0.11343903185059913, 0.11653969826193901], "sens_2jet_background_varied": [7.1623178055902565, 6.4467014119617225, 5.765199627205025, 5.207285971762104, 4.5697231835158965, 4.773391208080844, 4.257873761005553, 3.9315150057313337, 3.762150159282156, 3.8692944521831505, 3.5493745080685297, 3.526088675746531, 3.458271102708857, 3.288319486891602, 3.132779017746456, 3.0865069819650923, 2.979143478409401, 2.956812668052045, 2.8932559104309252], "sens_3jet_background_varied": [4.92599407812082, 3.811320680429991, 3.5022893809601254, 3.3992826616684177, 2.9853668991531204, 2.73806750038434, 2.6921284151583618, 2.417355488738325, 2.3233083550322466, 2.1858866894082123, 2.072114873794401, 2.0720113942452696, 1.9214240670435538, 1.8468878759503546, 1.8133425101431369, 1.7586423158981204, 1.7081538941458376, 1.6489687199621283, 1.6279422223622297], "err_3jet_signal_varied": [0.011748908579647605, 0.012883232357786727, 0.017292451683697443, 0.018937704363107283, 0.026236630921911638, 0.029876789310528905, 0.0301171548483886, 0.03157950272626863, 0.03464689721710414, 0.037090496184067186, 0.043425269244238576, 0.044409785110708346, 0.0446921044628557, 0.04397743931910701, 0.0480850741918561, 0.050770827311551255, 0.056029484458778825, 0.055759192479802454, 0.05839627126275146]}