{"nsamples_3jet": 127939,
"err_2jet_background_varied": [0.09563852781771831, 0.09514615863799393, 0.083087379147284, 0.09286788406282066, 0.12194534175086573, 0.10126229388685389, 0.09839265937170866, 0.1001378607225794, 0.09396498803005995, 0.1228299331494382, 0.09935134889569829, 0.10064846962908923, 0.10981899118440983, 0.1035000425699286, 0.10224960259885192, 0.09883176466163474, 0.0967443761564054, 0.10417636360823042, 0.10332466464454304],
"sens_2jet_signal_varied": [2.574929200979609, 2.6124111335981275, 2.6295709241625755, 2.6741569355876296, 2.6778568701479832, 2.7323763855159195, 2.6973587282674374, 2.712667313302479, 2.6892150116382236, 2.6704422245947566, 2.75165804503304, 2.692104379037693, 2.690855357643291, 2.673616983300071, 2.761138997670646, 2.703025268375385, 2.6757862319817702, 2.765153625836628, 2.706715207993691],
"nsamples_2jet": 40091, "sample_fracs": [0.1, 0.15000000000000002, 0.2, 0.25, 0.30000000000000004, 0.35, 0.4, 0.45000000000000007, 0.5, 0.55, 0.6, 0.65, 0.7000000000000001, 0.75, 0.8, 0.85, 0.9, 0.9500000000000001, 1.0],
"err_2jet_signal_varied": [0.09151354519328542, 0.08985530714539472, 0.09953105519280758, 0.09654974016499053, 0.09833783977148043, 0.11209907976902628, 0.10520028959226486, 0.10971623175503548, 0.09755329440495257, 0.09262229541627577, 0.11117075612448375, 0.10016723503982856, 0.09637605510290721, 0.09525203312546957, 0.11159628719418568, 0.0971972773624075, 0.09505695849388457, 0.11274773541250153, 0.10332466464454304],
"sens_2jet_background_varied": [2.58072880906784, 2.6397020807679765, 2.550279435593181, 2.6263110134508576, 2.7505109577378244, 2.6851508144342544, 2.7186324739992345, 2.694411785775256, 2.6732028246622788, 2.7588135585678137, 2.6853949117695213, 2.716930860643625, 2.750142099199925, 2.7236936561294804, 2.7390337923382457, 2.7137636059689116, 2.6893994863617023, 2.729403368358088, 2.706715207993691]}