{"nsamples_3jet": 127939, "err_2jet_background_varied": [0.39114293636419095, 0.3197873549671186, 0.32508717520746017, 0.2865188011069555, 0.4015684778866221, 0.24443225114698308, 0.18779052656573564, 0.15128267151036678, 0.16298502798114226, 0.14971238397654751, 0.13855440004985656, 0.13564567159521188, 0.14033082529597948, 0.14537760302424785, 0.12184808314644228, 0.10915123467260361, 0.1199794912375401, 0.1009657753881497, 0.10638696384681459], "sens_3jet_signal_varied": [0.1830885369239403, 0.20905311443016905, 0.328901453741188, 0.3889347546941185, 0.45781559092021695, 0.5717595305751423, 0.6549990234348211, 0.7052689505725582, 0.8252804898424844, 0.8719673229906143, 0.9417685847112718, 1.0212814537879022, 1.0968664492456983, 1.183227146294587, 1.2524666576281163, 1.3279669402274952, 1.414223560977636, 1.4842953922419038, 1.5792294650193657], "sens_2jet_signal_varied": [0.2655184892694466, 0.36978134195669266, 0.5550034723538082, 0.6756557138133338, 0.829780359306866, 0.9314893578412616, 1.1311808514763195, 1.2141683303563713, 1.39704671503068, 1.4639576710609958, 1.671378183635116, 1.78076600797678, 1.9064188065541434, 2.078487961572896, 2.1647008049733536, 2.332983193290847, 2.4440730771055796, 2.6179420532048456, 2.7291514916185022], "nsamples_2jet": 40091, "err_3jet_background_varied": [0.28005971754408765, 0.18812811774753288, 0.18106054661035378, 0.12955737512763477, 0.12551370165269185, 0.1348117446561242, 0.1164888871599386, 0.10051782170042078, 0.11510568433438047, 0.08601915441238964, 0.09017510465190953, 0.06957780431787013, 0.0665031277571667, 0.06392998869241018, 0.057207124466371044, 0.0592494560208077, 0.05396636828888611, 0.05328674039055756, 0.05115464020830633], "sample_fracs": [0.1, 0.15000000000000002, 0.2, 0.25, 0.30000000000000004, 0.35, 0.4, 0.45000000000000007, 0.5, 0.55, 0.6, 0.65, 0.7000000000000001, 0.75, 0.8, 0.85, 0.9, 0.9500000000000001, 1.0], "err_2jet_signal_varied": [0.02064228506392001, 0.019828809685845876, 0.03244641632337774, 0.032959401857809656, 0.0475116000240746, 0.045464111861801104, 0.05462412343084891, 0.05368766389958963, 0.06793392629088107, 0.06069649277570026, 0.0734461101297274, 0.07503490503191808, 0.07631951380306726, 0.08280166172923917, 0.08282669028980964, 0.10103249436632696, 0.09178310865202365, 0.10348635079958626, 0.10638696384681459], "sens_2jet_background_varied": [6.566725522533467, 5.771412213259656, 5.073423617687765, 4.83691367887113, 4.950706028638404, 4.468327038207644, 3.9490719017940212, 3.7093813948010457, 3.7358361702295317, 3.4682894618387152, 3.3023641573662377, 3.303993876835745, 3.173928797591812, 3.1480718172709388, 3.026166204262734, 2.87955996346486, 2.894954399038639, 2.7641453993236396, 2.7291514916185022], "sens_3jet_background_varied": [4.718785342428537, 4.001619869951573, 3.2294817505226403, 3.0448237669432414, 2.677789363244, 2.7455543278695766, 2.638000672329121, 2.304580415911546, 2.273901260305213, 2.0981350287373544, 2.0731339962659496, 1.9140699399360663, 1.9114391542850078, 1.7922344968848265, 1.721461596593344, 1.7057340034426474, 1.667761400359406, 1.6071320579515576, 1.5792294650193233], "err_3jet_signal_varied": [0.01664334419662671, 0.012724271788221525, 0.01859848749364083, 0.0192468380034812, 0.02217850472085021, 0.026456837152219186, 0.02865382611119237, 0.029788764487924342, 0.03242010068957687, 0.032356690719007646, 0.03410354399612283, 0.036757061239516955, 0.035438989349426124, 0.04000158427525593, 0.04203728360722355, 0.044514590829036145, 0.04574076995600465, 0.04844008518340641, 0.05115464020830496]}