{"nsamples_3jet": 125374, "nsamples_2jet": 38745, "sample_fracs": [0.1, 0.15000000000000002, 0.2, 0.25, 0.30000000000000004, 0.35, 0.4, 0.45000000000000007, 0.5, 0.55, 0.6, 0.65, 0.7000000000000001, 0.75, 0.8, 0.85, 0.9, 0.9500000000000001, 1.0], "sens_3jet": [0.510820703220854, 0.583238095855382, 0.6879938261595814, 0.7895143045197139, 0.9708052666139849, 0.927646777786159, 1.0784009974682307, 1.1873391547815808, 1.1884522997197686, 1.1418929291954631, 1.2544652818126196, 1.3015783474862996, 1.3077350533922125, 1.4898279870074786, 1.4729061837524418, 1.5404284535607302, 1.5226907920335686, 1.5654768821118517, 1.634416802196364], "sens_2jet": [0.7704371794507713, 0.9528428495024703, 1.1962041762358893, 1.3455460417790266, 1.413768511450076, 1.5956772481390795, 1.6528026047202462, 1.9765102807506, 1.9340182411786702, 1.9793243031868386, 2.0235520465290895, 2.226592536816805, 2.3282009836924997, 2.321863700357458, 2.361811062419286, 2.416261694261757, 2.5438669267420098, 2.5354862288241, 2.6986546394322226], "err_3jet": [0.07385865668020475, 0.08536042148342222, 0.10672133305331118, 0.15372417764925855, 0.15539983999670376, 0.36182462378520436, 0.20788089067529952, 0.26850481944278526, 0.19164083745620158, 0.23755714148529633, 0.2588194742530405, 0.4249338829028542, 0.3587197607240862, 0.28482474718686424, 0.4273158909814384, 0.2706087886090446, 0.40084866002921077, 0.4420031276048637, 0.4720978204245995], "err_2jet": [0.1013044479016858, 0.18884023869581187, 0.1566137307211225, 0.17965091618375514, 0.1756210015588986, 0.19812264150545575, 0.29753306115363803, 0.33017013998824274, 0.2357624899432268, 0.22509199312642597, 0.23896718539324788, 0.3737818407733786, 0.30956144802096164, 0.39195720334421447, 0.34910396871016663, 0.3303141136192107, 0.3720608697294717, 0.35556007042822646, 0.3925421818022654]}