{"nsamples_3jet": 125374, "nsamples_2jet": 38745, "sample_fracs": [0.1, 0.15000000000000002, 0.2, 0.25, 0.30000000000000004, 0.35, 0.4, 0.45000000000000007, 0.5, 0.55, 0.6, 0.65, 0.7000000000000001, 0.75, 0.8, 0.85, 0.9, 0.9500000000000001, 1.0], "sens_3jet": [0.48479231562214803, 0.5532865404757635, 0.6884912275144095, 0.8426334518068977, 0.8469100083864406, 0.9759287588049474, 1.0841144252309602, 1.0778634896934154, 1.1300632627507279, 1.184795741325948, 1.2261866909971653, 1.274836210555929, 1.3358052048836222, 1.421312447542738, 1.4632249036774363, 1.5480329685209027, 1.5368437464662683, 1.619381876192722, 1.6341647824874492], "sens_2jet": [0.8767372060842086, 1.3496612324598023, 1.1150148891136393, 1.2937371509824713, 1.5376504202904384, 1.53486592580029, 1.7367713338565012, 1.860148981957033, 1.8310553704165764, 1.9945607647674992, 2.1048924650461993, 2.0646987044881002, 2.2039060436429385, 2.34641719542939, 2.4123327569076127, 2.4807411907396375, 2.5354832461183903, 2.6462902860248327, 2.691197598265341], "err_3jet": [0.041504771554627555, 0.036960422258281146, 0.0454098685301033, 0.04559263115549502, 0.04545321138551292, 0.05186192760796934, 0.05282074972132217, 0.04729444815769811, 0.04441758149044473, 0.04358276948481326, 0.05240703224869011, 0.044409481420904826, 0.05253434628021588, 0.05028985244576159, 0.057879243700225964, 0.0543007959604912, 0.05594467427125142, 0.06596670807968565, 0.05762294508458112], "err_2jet": [0.07888492515932546, 1.2283030249374425, 0.07915383322334704, 0.08313489571528532, 0.10472775052572067, 0.1123994677359377, 0.124486316153439, 0.12124991362196755, 0.08327455550923653, 0.08821462313081647, 0.10107229184111581, 0.07763176806061114, 0.08166772382498248, 0.09605398362112777, 0.096268090179243, 0.09114293581360973, 0.08856894301253329, 0.09717416593596359, 0.10087316116976347]}