{ "nsamples_3jet": 125374,
"err_2jet_background_varied": [0.08221626361658321, 0.09435642383510273, 0.10033667046350966, 0.08893725320562491, 0.08687022619021291, 0.1045799267872893, 0.08801425857151718, 0.09127662300232527, 0.0911622070151147, 0.10650633807098754, 0.08662804441835541, 0.09621261970603266, 0.09557594582197027, 0.09275205066619166, 0.10890578195596518, 0.10200611454381109, 0.09848442465720451, 0.10188712680961916, 0.10652879964728629],
"sens_3jet_signal_varied": [1.609592111967463, 1.6339620697979422, 1.6394274750916276, 1.6545222867898117, 1.6271349950284066, 1.6240447562463438, 1.6284111490347841, 1.620408599181438, 1.6224015655359754, 1.6556681676354565, 1.6549987831760329, 1.6323716543172813, 1.6535149301320826, 1.6407002412603011, 1.6644182012136832, 1.6717733704161561, 1.6229741200895327, 1.6751197890126361, 1.6670313245156052],
"nsamples_2jet": 38745,
"sample_fracs": [0.1, 0.15000000000000002, 0.2, 0.25, 0.30000000000000004, 0.35, 0.4, 0.45000000000000007, 0.5, 0.55, 0.6, 0.65, 0.7000000000000001, 0.75, 0.8, 0.85, 0.9, 0.9500000000000001, 1.0],
"sens_2jet_signal_varied": [2.5572033446302034, 2.6706701482705593, 2.5639024245283415, 2.676747509065317, 2.731626765364697, 2.739217556999445, 2.667472518266814, 2.762210996283469, 2.7158359096228373, 2.7251719994997687, 2.7621673606744777, 2.7768952333979637, 2.7386639734862293, 2.750026258606774, 2.7794613297316646, 2.7381822030823275, 2.7450603004416174, 2.7781533208041553, 2.7769725744826865],
"err_3jet": [0.04588157428063, 0.04883453886667438, 0.05794429447742225, 0.05632973743300893, 0.052229894459745824, 0.0475801665652687, 0.048153567019247626, 0.04936466058511928, 0.05657822783254955, 0.06198876562352895, 0.05528311869055373, 0.05486786396622145, 0.05728072464481777, 0.06424428225470664, 0.0506280735945221, 0.05196865759549854, 0.05186885781490234, 0.05139105263072895, 0.06181487576643874],
"err_2jet_signal_varied": [0.07842036180273718, 0.0860690354746175, 0.08022397234787698, 0.09415993730480282, 0.09658432016483738, 0.09912210299595015, 0.0845232057825548, 0.08903974647719262, 0.08597105807467763, 0.08980488231829649, 0.09643878313240903, 0.09999414950025133, 0.09275113305498142, 0.0949342795926363, 0.09690309209318604, 0.09188222125202788, 0.09061494329298056, 0.09970364177415952, 0.09666805763512082],
"sens_2jet_background_varied": [2.569637830568672, 2.6822135736749364, 2.755565941815993, 2.67694393394018, 2.649905603210447, 2.7827229122094557, 2.7016081022046716, 2.7523264572819137, 2.7576299081647186, 2.8314196809411207, 2.6957179577114876, 2.738484000154654, 2.755648112138144, 2.7659103646928718, 2.8405928862536283, 2.7864722724411446, 2.7916715527951683, 2.818603542295758, 2.8281380317403415],
"sens_3jet_background_varied": [1.4788572309884993, 1.5485314224787992, 1.6673035034540766, 1.6075781325017, 1.5678576124988015, 1.6165955382074297, 1.5624363534316699, 1.6293752919960394, 1.6140478479170743, 1.631611699870562, 1.6856835388720681, 1.6022840115038637, 1.6876212461744322, 1.6623054658731684, 1.6471823421811542, 1.6528828475676813, 1.6601277920370752, 1.6760619405708235, 1.6697232072164379],
"err_3jet_signal_varied": [0.054102393750294665, 0.05432060733858575, 0.05493473153691551, 0.057981192463736925, 0.04867718941689196, 0.05405934950123808, 0.05371826456979211, 0.05527430969984102, 0.046286601723855805, 0.06133144834973509, 0.06161317798192981, 0.056470525043124886, 0.050864107153656, 0.05662594361142869, 0.059691896650171765, 0.06006776860009681, 0.053100033254207236, 0.06180248466458417, 0.052520744078399746]
}
