{"nsamples_3jet": 125374, "nsamples_2jet": 38745, "sample_fracs": [0.1, 0.15000000000000002, 0.20000000000000004, 0.25000000000000006, 0.30000000000000004, 0.3500000000000001, 0.40000000000000013, 0.45000000000000007, 0.5000000000000001, 0.5500000000000002, 0.6000000000000002, 0.6500000000000001, 0.7000000000000002, 0.7500000000000002, 0.8000000000000002, 0.8500000000000002, 0.9000000000000002, 0.9500000000000003, 1.0000000000000004], "sens_3jet": [0.1276147407826144, 0.14692003632762163, 0.18751346799144333, 0.192246629665858, 0.2234677595889214, 0.23796809657367257, 0.2431379201462382, 0.26359529082690364, 0.26970473033732995, 0.2811681858756526, 0.2894396770497634, 0.30680960214429154, 0.318050444517254, 0.3379564569000358, 0.33828650312659325, 0.3561858096473287, 0.36907034388046017, 0.3754194631132351, 0.3876989996440281], "sens_2jet": [0.2500592697156973, 0.312492592383011, 0.3692029972670701, 0.3995435540144107, 0.45122021684650626, 0.4717428301005314, 0.5092132225817355, 0.5295462632434215, 0.553760771269597, 0.5829939092762507, 0.5948998074363324, 0.6297407962562268, 0.6400338628982722, 0.676574772920172, 0.6834564168833129, 0.7052511111295438, 0.7274098506577339, 0.7228382857223471, 0.7617073291954511], "err_3jet": [0.012535506886538981, 0.013986091025737786, 0.018374496920189137, 0.018814164138481734, 0.02161300749785985, 0.024225937558133574, 0.022877826707367595, 0.02570730140897553, 0.026891665728688063, 0.025750730792285292, 0.027019566204019706, 0.0292431153366508, 0.03148273751570921, 0.03269799824627579, 0.03322892501934665, 0.03458313415526813, 0.034684055955200944, 0.0357767285207996, 0.03777694257442769], "err_2jet": [0.023856308696899756, 0.03290885092340471, 0.04387222529188366, 0.050487421729281154, 0.06684390297377742, 0.04756577831393485, 0.10253290337117578, 0.05651173174229217, 0.05425196535381249, 0.06586722749279104, 0.0710385059303017, 0.07566434690682136, 0.08830710746103793, 0.08392285327004728, 0.06659057240707623, 0.10548317121642943, 0.07613787398101476, 0.09401575490792596, 0.08561911282640203]}