{"low_val_loss": 0.13386522761378256, "params": {"verbose": 1, "nb_epoch": 1000, "batch_size": 32, "metrics": ["loss", "acc", "val_loss", "val_acc"], "nb_sample": 94030, "do_validation": true}, "results": {"acc": [0.94365627991573797, 0.94560246730274211, 0.94742103584469672, 0.94770817824605802, 0.94851643092630011, 0.9487078591989454, 0.94934595342926376, 0.9493459534241927, 0.94947357226924212, 0.94996277784193173, 0.95012230139317244, 0.95031372966074656, 0.95042007870335887, 0.95048388812208029, 0.9504732532221295, 0.95029245985323829, 0.95055833244709131, 0.95065404658087849, 0.95073912581091136, 0.95042007870335887, 0.95062214186961613, 0.95070722110979133, 0.95104753802485209, 0.95082420504094434, 0.95088801446854021, 0.95124960119110924, 0.95052642774090013, 0.95128150590237159, 0.95102626821734382, 0.95102626821227265, 0.95116452196107626, 0.95089864936722324, 0.95113261725488496, 0.95101563331358963, 0.95111134744230563, 0.95140912474742101, 0.95154737849622462, 0.95153674359247054, 0.95158991811124105, 0.9514622992712628, 0.95149420398252516, 0.95165372753376587, 0.95163245773132865, 0.9518132510951488, 0.95164309263001168, 0.95133468042621327, 0.95168563225009928, 0.95153674359247054, 0.95139848984366693, 0.95200467936272293, 0.95171753696136163, 0.95163245772879312, 0.95167499734127403, 0.95184515580260776, 0.95148356907369991, 0.95148356907369991, 0.95154737849622462, 0.95177071148013226, 0.95156864830500065, 0.95154737850129578, 0.95170690205253639, 0.95163245773132865, 0.95155801340504986, 0.95149420398252516, 0.95129214080612567, 0.95181325110021986, 0.95176007658144923, 0.95185579071016524, 0.95148356907496767, 0.95185579071016524, 0.95160055301499524, 0.95147293417501688, 0.95162182282757457, 0.95172817186004466, 0.95179198128764053, 0.95156864830880394, 0.95174944166755293, 0.95188769542142759, 0.95172817187018688, 0.95195150484014901, 0.95179198128764053, 0.95165372754390809, 0.95165372753503363, 0.95146229926619164, 0.95184515580641116, 0.95182388599890289, 0.95189833032011062, 0.95143039455492928, 0.95188769541635643, 0.95177071148013226, 0.95157928320748697, 0.95171753695629058, 0.95179198128256937, 0.9515580133999787, 0.9517388067688699, 0.95194086993512705, 0.95176007657257478, 0.9516962671487823, 0.95178134637881529, 0.95185579071016524, 0.95185579070509407, 0.95185579070509407, 0.95151547379003332, 0.95182388599890289, 0.95147293417121359, 0.95152610868871634, 0.95185579070509407, 0.95162182282757457, 0.95168563225009928], "loss": [0.18230492833363532, 0.14476891346057907, 0.1420225817689956, 0.14059533621324677, 0.13936530951060705, 0.13826887556799902, 0.13787571875818053, 0.137330330988644, 0.13695322752544045, 0.13662324532395814, 0.13638776686194284, 0.13614997339154525, 0.13607284265189909, 0.13585453738554429, 0.13573529944259613, 0.13555895787484784, 0.13561767082026313, 0.13559420697512264, 0.13535707703221356, 0.13543425909346829, 0.13526577780015889, 0.13519944463729047, 0.13516370639653455, 0.13516548906113129, 0.13504439423461551, 0.13501095892862475, 0.13510530304445378, 0.13488268061012812, 0.13491142401666853, 0.13477631010088206, 0.13468165254876244, 0.13474843860857921, 0.13475458521475553, 0.13457421408642306, 0.13458159057609478, 0.13441991938639991, 0.13431890010564337, 0.13416460523680748, 0.13418787880154395, 0.13407045794645167, 0.13391405922687272, 0.13380971577863951, 0.13357729426133788, 0.13341859046698226, 0.13348010403132751, 0.13352076984125033, 0.1334245444770368, 0.1335109575649506, 0.13336902046002672, 0.13331909375908044, 0.13331179931406439, 0.13340406828765652, 0.13338131152285954, 0.13340862399052525, 0.13329270879539842, 0.13330962572282051, 0.13341868662218026, 0.13332667259393849, 0.13329432223954504, 0.13329167727249855, 0.13329362810730908, 0.13329010014567338, 0.13328348266803292, 0.13324211412232745, 0.13330949165111627, 0.13323481226619047, 0.13330150865946225, 0.13340562206309589, 0.1333273014980568, 0.13334987678167021, 0.13327403599013044, 0.13319091455763127, 0.13327913158189411, 0.13326804123816496, 0.13324740369542032, 0.13320410581366832, 0.13326638569451388, 0.13329432236125188, 0.13328696286901442, 0.13312309757009741, 0.13337318294608413, 0.13317617808398219, 0.13326749996144785, 0.13320258662459586, 0.13326528046938202, 0.13319147871103007, 0.13323542372344668, 0.13321771867272955, 0.13311871382841958, 0.13315892347050362, 0.1333350573397882, 0.13321868580705901, 0.13329308870882683, 0.13314715734754587, 0.13321338156607637, 0.13329055124073094, 0.13326344686604605, 0.13332420034958248, 0.1332162729238153, 0.1331537669136095, 0.13319838149273991, 0.1331830578873503, 0.13323364218590578, 0.13318213991956307, 0.13308572441792724, 0.13321948421873983, 0.13317756795686989, 0.13313503736170709, 0.13317384014852399], "val_acc": [0.94448698315467072, 0.94802833078101068, 0.9492087799897907, 0.94987876467585508, 0.95022970903522208, 0.95080398162327717, 0.94930449208779988, 0.95156967840735074, 0.95112302194997445, 0.95112302194997445, 0.95172919857069938, 0.95182491066870856, 0.95089969372128635, 0.95096350178662581, 0.95198443083205719, 0.95188871873404801, 0.95112302194997445, 0.95223966309341501, 0.95214395099540583, 0.95086778968861663, 0.95294155181214901, 0.95208014293006638, 0.95208014293006638, 0.95166539050535992, 0.95134635017866254, 0.95208014293006638, 0.95259060745278201, 0.95303726391015819, 0.9524629913221031, 0.95306916794282792, 0.95297345584481874, 0.95236727922409392, 0.95182491066870856, 0.95137825421133226, 0.95255870342011228, 0.95259060745278201, 0.95217585502807556, 0.95243108728943338, 0.95195252679938747, 0.95259060745278201, 0.9528139356814701, 0.95195252679938747, 0.9532605921388464, 0.95172919857069938, 0.95316488004083721, 0.95275012761613065, 0.95109111791730472, 0.95166539050535992, 0.95169729453802965, 0.95141015824400199, 0.95182491066870856, 0.95243108728943338, 0.95201633486472692, 0.95163348647269019, 0.95195252679938747, 0.95255870342011228, 0.95131444614599281, 0.95265441551812147, 0.95204823889739665, 0.95297345584481874, 0.95255870342011228, 0.95335630423685558, 0.95220775906074528, 0.95319678407350694, 0.95188871873404801, 0.95239918325676365, 0.95233537519142419, 0.95319678407350694, 0.9521120469627361, 0.95093159775395608, 0.95223966309341501, 0.95262251148545174, 0.95236727922409392, 0.95220775906074528, 0.95239918325676365, 0.95201633486472692, 0.95239918325676365, 0.95201633486472692, 0.95290964777947929, 0.95220775906074528, 0.95262251148545174, 0.9511868300153139, 0.95275012761613065, 0.95217585502807556, 0.95306916794282792, 0.95297345584481874, 0.95294155181214901, 0.95217585502807556, 0.95303726391015819, 0.95287774374680956, 0.95278203164880038, 0.95319678407350694, 0.95233537519142419, 0.95310107197549765, 0.95297345584481874, 0.95214395099540583, 0.95329249617151612, 0.9528139356814701, 0.95268631955079119, 0.9532605921388464, 0.95265441551812147, 0.95233537519142419, 0.95233537519142419, 0.95236727922409392, 0.95182491066870856, 0.95322868810617667, 0.95160158244002047, 0.95297345584481874, 0.95271822358346092],