{"low_val_loss": 0.21931719832884536, "params": {"verbose": 1, "nb_epoch": 1000, "batch_size": 32, "metrics": ["loss", "acc", "val_loss", "val_acc"], "nb_sample": 29058, "do_validation": true}, "results": {"acc": [0.83997522196985341, 0.88206345928831986, 0.89538165049211926, 0.89710234703007774, 0.89865097391424054, 0.89902952715259132, 0.89978663362929312, 0.89985546149081153, 0.89999311721384812, 0.90030284259068072, 0.90016518686764402, 0.90044049831371742, 0.9013352605134558, 0.90057815403675412, 0.90085346548282741, 0.90092229334434581, 0.90030284259068072, 0.90023401472916231, 0.90044049831371742, 0.90109436299814161, 0.90078463762130911, 0.90016518686764402, 0.90092229334434581, 0.90154174409801091, 0.90040608438295822, 0.90119760479041922, 0.90085346548282741, 0.90136967444421501, 0.90085346548282741, 0.90140408837497421, 0.90123201872117831, 0.90092229334434581, 0.90037167045219901, 0.90075022369054991, 0.90071580975979071, 0.90109436299814161, 0.90116319085966001, 0.89951132218321972, 0.90136967444421501, 0.90078463762130911, 0.90026842865992152, 0.90092229334434581, 0.90092229334434581, 0.90078463762130911, 0.89944249432170142, 0.90095670727510502, 0.90033725652143992, 0.90030284259068072, 0.90085346548282741, 0.90099112120586411, 0.90040608438295822, 0.90044049831371742, 0.90047491224447651, 0.90078463762130911, 0.90030284259068072, 0.89988987542157062, 0.90009635900612572, 0.90013077293688482, 0.90006194507536652, 0.90092229334434581, 0.9013352605134558, 0.90088787941358661, 0.90068139582903162, 0.90050932617523571, 0.89988987542157062, 0.90157615802877, 0.90064698189827241, 0.90050932617523571, 0.90095670727510502], "loss": [0.36788381717268881, 0.25055444987217829, 0.23771068775105142, 0.23215061374202497, 0.22906520623236565, 0.22765635453507901, 0.22646697130369228, 0.22569593732322893, 0.22551194101578118, 0.2248375911382724, 0.22450949787945879, 0.22431357307373037, 0.22416662694991452, 0.22396011613721073, 0.22375491374812703, 0.22383324177444064, 0.22387590515973751, 0.22361857805641336, 0.22367971368794004, 0.22365441484537937, 0.22348747990884232, 0.22339040281002234, 0.22343002106653437, 0.223312244013078, 0.22356042794750433, 0.22337103247941484, 0.2232096827735382, 0.22338679904857009, 0.22322770856770591, 0.22322061388795406, 0.22307784208510337, 0.22321603108402158, 0.22318295199726329, 0.22312099846118791, 0.22297064115819143, 0.2233277888256682, 0.2231839450849408, 0.22312423451566771, 0.22315236834747776, 0.2232157097996959, 0.22323126865006371, 0.22323869044556408, 0.22308347914610216, 0.22288404769518066, 0.22297537569710441, 0.22305985580637749, 0.22300816447413743, 0.22305869472372253, 0.22305814467611018, 0.22311396208138629, 0.22306560049548471, 0.22307993964680498, 0.22310272121111094, 0.22303145670025804, 0.22292835589389823, 0.22293961589240727, 0.22297890067830764, 0.22301394689664827, 0.22338166826934458, 0.22297901441901768, 0.22303420630987417, 0.22325272074213981, 0.22312429857763555, 0.22315547960460436, 0.2230193100234287, 0.22307975793526771, 0.22297088616121921, 0.22300221553823019, 0.22295363559803319], "val_acc": [0.83606895842861806, 0.89243315791424138, 0.89573655421856668, 0.89687209669817858, 0.89769794577425988, 0.89934964392642258, 0.90027872413701415, 0.89749148350523955, 0.89934964392642258, 0.89934964392642258, 0.89955610619544291, 0.89986579959897339, 0.89945287506093274, 0.8990399505228921, 0.89976256846446323, 0.90120780434760561, 0.90007226186799383, 0.90120780434760561, 0.89965933732995307, 0.90017549300250399, 0.90089811094407513, 0.89934964392642258, 0.89934964392642258, 0.89976256846446323, 0.90110457321309545, 0.90120780434760561, 0.89893671938838193, 0.90038195527152431, 0.90027872413701415, 0.90089811094407513, 0.8979044080432802, 0.89934964392642258, 0.90089811094407513, 0.89914318165740226, 0.90110457321309545, 0.8990399505228921, 0.90038195527152431, 0.90058841754054464, 0.89914318165740226, 0.90110457321309545, 0.89965933732995307, 0.89955610619544291, 0.90048518640603448, 0.89945287506093274, 0.90079487980956496, 0.89965933732995307, 0.90027872413701415, 0.90027872413701415, 0.90079487980956496, 0.90110457321309545, 0.89873025711936161, 0.89976256846446323, 0.90027872413701415, 0.90079487980956496, 0.90058841754054464, 0.89934964392642258, 0.89996903073348367, 0.89955610619544291, 0.9006916486750548, 0.89996903073348367, 0.89976256846446323, 0.89893671938838193, 0.90110457321309545, 0.89976256846446323, 0.90038195527152431, 0.90048518640603448, 0.90100134207858529, 0.90048518640603448, 0.9006916486750548], "val_loss": [0.26373934152941714, 0.2398621335085718, 0.23179575293268645, 0.22766597226417457, 0.22554606290022089, 0.22374505241478118, 0.22271101832500587, 0.22289599781436573, 0.22162792853579577, 0.22149184443417305, 0.22173057425018433, 0.22153365003185227, 0.22086051950344449, 0.22239555814286632, 0.22081631077164107, 0.22027569842483774, 0.22060890053218643, 0.22036820790082712, 0.22036407957003681, 0.22002543963563445, 0.22198778269669214, 0.22004297008341628, 0.22000241119622618, 0.2214916925952323, 0.22036022843130235, 0.22121331048316972, 0.22025762290251666, 0.2214512878728378, 0.22154855912433413, 0.21953611498439202, 0.22033208902743354, 0.22054943582941974, 0.22014817267831688, 0.21952706454178492, 0.22009220521824394, 0.22125506365989597, 0.22050165852563133, 0.21994605622289595, 0.22011068700525774, 0.22014181151766152, 0.21978475005926701, 0.21989647069311591, 0.21931719832884536, 0.22031995638415849, 0.21974245669660375, 0.2198738225063599, 0.22071193389212296, 0.22064098004796648, 0.21973534500166964, 0.22109249169284792, 0.21972773833344739, 0.22039935118620199, 0.22017880330652329, 0.22019402442658245, 0.22010415378672255, 0.22061456879115368, 0.21974028630486531, 0.22085688044513677, 0.22117730183252871, 0.2196392086473451, 0.22159446509024475, 0.22011546993804468, 0.22024086885030417, 0.21968387645243664, 0.22094816289733682, 0.22176703093860914, 0.22115336135037483, 0.22022403310090258, 0.22011565077325759]}}