{"low_val_loss": 0.13676920438098811, "params": {"verbose": 1, "nb_epoch": 1000, "batch_size": 32, "metrics": ["loss", "acc", "val_loss", "val_acc"], "nb_sample": 94030, "do_validation": true}, "results": {"acc": [0.94353929596937147, 0.94365627991573797, 0.94571945124403745, 0.94679357652827478, 0.94748484526215038, 0.94791024141231517, 0.94801659045492759, 0.94848452621503776, 0.94842071679758411, 0.94854833564263363, 0.9488780176539402, 0.94870785919387435, 0.94889928746651964, 0.94913325534911031, 0.94932468361668443, 0.94933531851536745, 0.94939912794296333, 0.94961182601297456, 0.94970754014676162, 0.94990960331808993, 0.95004785707196471, 0.94998404764943989, 0.94996277783686056, 0.95017547591701412, 0.95011166648941825, 0.95001595236070235, 0.95009039668190998, 0.95033499947332589, 0.95031372966074656, 0.95046261831330425, 0.95037753908327127, 0.95053706264465421, 0.95048388812081253, 0.95057960225459959, 0.95051579283207488, 0.95065404658594954, 0.95049452302456661, 0.95059023715835367, 0.95062214187975835, 0.95022865043071358, 0.95062214187468719, 0.95067531638838665, 0.95081357013719026, 0.95057960225967075, 0.95053706263958315, 0.95061150697600416, 0.95037753908834244, 0.95055833245216248, 0.95053706264972537, 0.95082420504094434, 0.950590237168496, 0.95054769755347945, 0.95064341168219546], "loss": [0.20369633237843082, 0.14852578932841154, 0.14460822573706381, 0.14296054161540703, 0.14185635820514506, 0.1412562325909, 0.14074223074972103, 0.14026619534126167, 0.14003244292307543, 0.13978217107798588, 0.13951442738240033, 0.13928065522593994, 0.13906302596281453, 0.13888520552137615, 0.13870249804532059, 0.13846913147359172, 0.13824920469090163, 0.13813712356934379, 0.13793290647506035, 0.13769236234764806, 0.13753162411778552, 0.1374943812239979, 0.13734907923447742, 0.13719516318538247, 0.13702557139335561, 0.13695997876505084, 0.13687806873245847, 0.13672357109915789, 0.13669124022942331, 0.13657298143348909, 0.13654395830578325, 0.1365926459468097, 0.13655118366657237, 0.13655965764649583, 0.13658174308074145, 0.13652129955593734, 0.13656759948044694, 0.13641624610701114, 0.13659551435251333, 0.13653328773808945, 0.13641111310775467, 0.13644773590856951, 0.13651941076236418, 0.13645754551349973, 0.13654281179819108, 0.13635043036151057, 0.1363772338652223, 0.13644320439572261, 0.13643992586737044, 0.13638326724808761, 0.13649629804221644, 0.13644130412383396, 0.13642184797479892], "val_acc": [0.94448698315467072, 0.94448698315467072, 0.94869831546707506, 0.94901735579377233, 0.9492087799897907, 0.94914497192445124, 0.94997447677386426, 0.94981495661051552, 0.95016590096988263, 0.9504849412965799, 0.94981495661051552, 0.95051684532924963, 0.95007018887187344, 0.95058065339458908, 0.95007018887187344, 0.95086778968861663, 0.95125063808065335, 0.95112302194997445, 0.95147396630934145, 0.95026161306789181, 0.95089969372128635, 0.95147396630934145, 0.95131444614599281, 0.95204823889739665, 0.95125063808065335, 0.95137825421133226, 0.95160158244002047, 0.95147396630934145, 0.95185681470137828, 0.95131444614599281, 0.95038922919857072, 0.95172919857069938, 0.95093159775395608, 0.95259060745278201, 0.95086778968861663, 0.95204823889739665, 0.95102730985196526, 0.95019780500255235, 0.95137825421133226, 0.95262251148545174, 0.95233537519142419, 0.95198443083205719, 0.95141015824400199, 0.95128254211332308, 0.95150587034201128, 0.95074017355793772, 0.95192062276671774, 0.95022970903522208, 0.95074017355793772, 0.95172919857069938, 0.9517611026033691, 0.95070826952526799, 0.95182491066870856], "val_loss": [0.15196101514849814, 0.14567158101559172, 0.14309544451705894, 0.14204505073964871, 0.14145162296369709, 0.14091402612105505, 0.14088987850409615, 0.14036580394038806, 0.13978633087940395, 0.14045006485923084, 0.13962185807096344, 0.13898941249628954, 0.13948548085618653, 0.13871683391983439, 0.13868868908254908, 0.13834515890660884, 0.13819291781597962, 0.13806325041476472, 0.13784165308449936, 0.13805174916476817, 0.13772310559495698, 0.13747010745903007, 0.13740736958268895, 0.13771401616521731, 0.13716637681087648, 0.1377989359194296, 0.13676920438098811, 0.13726699111137905, 0.13777733898344638, 0.13761714208660045, 0.13799549030323549, 0.13750906580048383, 0.13735326678283424, 0.13718727126531208, 0.13703049736828632, 0.13701251690476113, 0.13718128069139915, 0.1384367339318735, 0.13766683350759784, 0.13811381374005155, 0.13709164801804372, 0.13723765649452935, 0.13694340847489661, 0.13722107688372934, 0.13716708372416941, 0.13723677822929248, 0.13730577337058786, 0.13823285759647719, 0.13740132751933101, 0.13761379331685014, 0.13704378741844203, 0.13725654110255414, 0.13734581137400248]}}