{"low_val_loss": 0.21705201414331166, "params": {"verbose": 1, "nb_epoch": 1000, "batch_size": 32, "metrics": ["loss", "acc", "val_loss", "val_acc"], "nb_sample": 29058, "do_validation": true}, "results": {"acc": [0.83928694335467002, 0.8538096221350403, 0.89104549521646359, 0.89576020373047005, 0.89737765847615114, 0.89923601073714643, 0.89995870328308902, 0.90216119485167601, 0.90112877692890081, 0.90150733016725171, 0.9023332645054718, 0.9025053341592677, 0.90174822768256591, 0.9023332645054718, 0.902574162020786, 0.9028838873976186, 0.9022988505747126, 0.9021267809209168, 0.902367678436231, 0.9027462316745819, 0.9030903709821736, 0.9024709202285085, 0.9028838873976186, 0.9026429898823044, 0.9029871291898961, 0.9028494734668594, 0.9022300227131943, 0.90346892422052449, 0.9030903709821736, 0.9028494734668594, 0.902574162020786, 0.902574162020786, 0.90340009635900609, 0.902574162020786, 0.9027118177438227, 0.90302154312065519, 0.90384747745887539, 0.90367540780507949, 0.90346892422052449, 0.9032280267052103, 0.90319361277445109, 0.9023332645054718, 0.90240209236699021, 0.90267740381306349, 0.9032280267052103, 0.90333126849748779, 0.90353775208204279, 0.90374423566659778, 0.90333126849748779, 0.90305595705141439, 0.9026429898823044, 0.90315919884369189, 0.90319361277445109, 0.9026429898823044, 0.90415720283570788, 0.90315919884369189, 0.9029871291898961, 0.90340009635900609, 0.9029527152591369, 0.9029871291898961, 0.90326244063596939, 0.90302154312065519, 0.9031247849129328, 0.903365682428247, 0.90353775208204279, 0.90353775208204279, 0.9030903709821736, 0.90381306352811619], "loss": [0.41115792282220542, 0.2664257983674333, 0.24399115268337948, 0.23537937922402127, 0.23108767912892286, 0.22855797296578265, 0.22685955716423309, 0.22577004847560025, 0.22488979644862137, 0.22429003423584065, 0.22392691306216528, 0.22344231347485036, 0.22312083997449533, 0.2229212669897854, 0.22270111314107779, 0.22257317494021794, 0.2225736334742498, 0.22241868840032322, 0.22210209124250252, 0.2221291211420055, 0.22220885580350722, 0.22209616018340231, 0.22190524483837637, 0.22194076736613219, 0.22193896851657932, 0.22186969723535799, 0.22190909456199881, 0.2219536223019529, 0.2217723652994483, 0.22175105097230571, 0.22178834260547964, 0.22165620331611116, 0.22159419422099372, 0.2215835263223016, 0.22138567725229494, 0.22168522950891814, 0.22150802598510164, 0.22164366941293179, 0.2215237584139674, 0.22150977077214506, 0.22132248583491601, 0.2214311214194796, 0.22149896875192876, 0.2214417469408472, 0.22152983145610752, 0.22130964705740416, 0.22158122659334667, 0.22121841980927567, 0.22147413326697973, 0.22141334793645595, 0.22139448883338594, 0.22137468755840065, 0.22123924842334694, 0.22138571978780455, 0.22130235177749072, 0.22119756378025746, 0.22120157314976585, 0.22136670005498729, 0.22102487259750198, 0.2213228188449464, 0.22113918170593927, 0.2211542817012016, 0.22119773403645973, 0.22132167445863152, 0.22124867176015145, 0.22120817128188897, 0.22113560212028519, 0.22110851061336761], "val_acc": [0.83606895842861806, 0.88541344079216211, 0.89212346451071078, 0.89449778060444474, 0.89852379485034128, 0.89945287506093274, 0.89965933732995307, 0.90017549300250399, 0.89976256846446323, 0.90100134207858529, 0.9015174977511361, 0.90162072888564626, 0.90213688455819718, 0.90193042228917686, 0.90162072888564626, 0.90275627136525816, 0.90110457321309545, 0.90213688455819718, 0.90368535157584962, 0.90203365342368702, 0.90285950249976832, 0.90285950249976832, 0.90358212044133945, 0.90265304023074799, 0.90275627136525816, 0.90265304023074799, 0.9031691959032988, 0.90172396002015642, 0.9031691959032988, 0.90120780434760561, 0.90358212044133945, 0.90234334682721751, 0.90193042228917686, 0.90234334682721751, 0.90275627136525816, 0.90399504497938021, 0.90254980909623783, 0.9031691959032988, 0.90265304023074799, 0.90327242703780897, 0.90213688455819718, 0.90378858271035989, 0.90224011569270735, 0.90234334682721751, 0.90368535157584962, 0.90296273363427848, 0.90234334682721751, 0.90244657796172767, 0.9031691959032988, 0.90244657796172767, 0.90265304023074799, 0.90285950249976832, 0.90265304023074799, 0.90296273363427848, 0.90399504497938021, 0.90275627136525816, 0.90265304023074799, 0.90296273363427848, 0.90378858271035989, 0.90296273363427848, 0.90337565817231913, 0.90234334682721751, 0.90141426661662594, 0.90244657796172767, 0.90234334682721751, 0.90275627136525816, 0.90254980909623783, 0.90306596476878864], "val_loss": [0.29294755052853211, 0.24964035377544774, 0.23660002569917482, 0.23123920280103702, 0.22674791426730989, 0.22470183391941212, 0.22375770134860373, 0.22237791419583011, 0.22216848701875475, 0.22107838507873595, 0.22018437033235147, 0.21957115435964542, 0.21994448510488268, 0.21883738129528066, 0.2191283866583138, 0.21895278712304442, 0.21826285801891745, 0.21830593811735916, 0.21716850288723771, 0.21864852426442691, 0.21750661425882417, 0.21788354130786577, 0.21747165379342592, 0.21771666298983722, 0.21770202756063406, 0.21736687928195142, 0.21870241167806947, 0.21812394776678534, 0.21800149070708341, 0.21780386534196938, 0.21764636383382013, 0.2180396544437383, 0.21737336509735011, 0.21848094091088555, 0.21791428715202896, 0.21768614136300196, 0.21859125392570133, 0.21725233345131664, 0.21821044597559772, 0.21778820096197371, 0.21837056062779486, 0.21705201414331166, 0.2174610413054853, 0.21848325929282877, 0.21725224416125752, 0.21774075964268264, 0.21790362670717686, 0.21847019455707811, 0.21739532404040926, 0.21858361256040137, 0.21909141235335811, 0.21823552481909342, 0.21827797681367028, 0.21845477570551669, 0.21725171235578156, 0.21807374374728902, 0.21722744873978594, 0.2175024623925981, 0.21801961260805733, 0.21716163012158629, 0.21749981159185297, 0.2176387197457933, 0.21900293673722751, 0.21823878831952992, 0.21807480704135862, 0.21857736012115314, 0.21862651981337219, 0.21866786625469703]}}