{"low_val_loss": 0.13658176862452637, "params": {"verbose": 1, "nb_epoch": 1000, "batch_size": 32, "metrics": ["loss", "acc", "val_loss", "val_acc"], "nb_sample": 94030, "do_validation": true}, "results": {"acc": [0.94365627991700574, 0.94541103903009682, 0.94751674997341273, 0.94789960650856109, 0.94836754227374243, 0.94875039881396195, 0.94822928853000998, 0.94860151016140415, 0.94888865255769439, 0.94911198554667309, 0.9492076996715858, 0.94935658832794678, 0.9495161118791875, 0.94997341275075697, 0.94986706370814455, 0.95003722216440722, 0.95010103158566417, 0.95001595235563119, 0.95005849197064762, 0.95011166648941825, 0.95020738062320531, 0.95011166649448942, 0.95005849197064762, 0.95038817398702546, 0.95016484100818888, 0.95028182495962643, 0.95029245985323829, 0.95011166648941825, 0.95031372966581773, 0.95035626928083416, 0.95049452302456661, 0.95051579283714593, 0.95065404658214625, 0.95064341167712429, 0.95043071361218412, 0.95042007870335887, 0.95024992023822186, 0.9504732532221295, 0.95017547591194296, 0.95030309476206354, 0.95017547591194296, 0.95038817398702546, 0.95069658620096609, 0.95067531638965441, 0.95057960225967075, 0.95040944379960479, 0.95016484100818888, 0.95032436456957181, 0.95027119004573013, 0.95013293629692652, 0.95024992023948962, 0.95065404658594954, 0.95015420610950585, 0.95045198340955017, 0.95027119004573013, 0.95037753908327127, 0.94997341274568581, 0.95028182494948421, 0.95040944380087256, 0.95018611082203597, 0.95032436456576852, 0.95022865043578475, 0.95013293630199758, 0.95029245985323829, 0.95045198340955017, 0.95038817399209652, 0.9501967457245224, 0.95037753908327127, 0.95011166649448942, 0.95029245985323829, 0.95013293630199758, 0.9501542061044348, 0.94997341274568581, 0.95038817399209652, 0.95040944379453363], "loss": [0.18440024635518698, 0.14525684946717118, 0.14269357958716825, 0.14148299918735546, 0.14081202952030186, 0.14026762121765585, 0.14008297095473213, 0.13959240084469451, 0.13931875894965168, 0.13904181926139908, 0.13869824873809039, 0.13854336958165805, 0.13815458912323553, 0.13800180490525571, 0.13776203138415236, 0.13756339432083139, 0.13715666343617361, 0.13730924253045046, 0.13724611317599236, 0.13720996373022135, 0.13714436336133146, 0.13691512146433985, 0.13702022615540069, 0.13707196541363498, 0.13694433664167535, 0.13687441268842498, 0.1369080204778525, 0.13693033428356569, 0.13677323387713303, 0.13693340626483544, 0.1368261656079231, 0.13675195458885406, 0.13686760657615615, 0.13689876341694887, 0.13678499657930521, 0.13683694940887206, 0.13692870031815252, 0.13688364415476578, 0.13682601431074276, 0.13677287552789794, 0.13657229689826333, 0.1368069395684415, 0.13666601798755748, 0.13673362671206965, 0.1367350134471243, 0.13675319249739257, 0.13664715680751624, 0.13661810574532315, 0.13666264819097965, 0.13655817994320379, 0.13654271807522769, 0.13649719532792726, 0.13646828481127427, 0.13630909150228415, 0.13644801123410633, 0.1363199943453739, 0.13640225042177873, 0.13641862462791352, 0.1364029251691142, 0.13633330626337753, 0.13629721241258225, 0.13632370234930324, 0.13625942278809083, 0.13633230854688294, 0.13625400843128274, 0.1361441644394536, 0.13614195008759902, 0.13619386529319974, 0.13616068044945392, 0.13614754254077832, 0.13615333773532498, 0.13620630937426298, 0.13620950254204298, 0.13611885391292225, 0.13606785874765065], "val_acc": [0.94448698315467072, 0.94898545176110261, 0.94847498723838697, 0.94959162838182742, 0.95003828483920372, 0.94962353241449715, 0.95003828483920372, 0.95035732516590099, 0.94991066870852481, 0.95099540581929554, 0.95141015824400199, 0.95099540581929554, 0.95032542113323126, 0.95080398162327717, 0.95188871873404801, 0.95160158244002047, 0.95064446145992854, 0.95131444614599281, 0.95137825421133226, 0.95192062276671774, 0.95089969372128635, 0.95169729453802965, 0.95160158244002047, 0.95137825421133226, 0.95128254211332308, 0.95099540581929554, 0.95185681470137828, 0.95051684532924963, 0.95070826952526799, 0.95109111791730472, 0.95058065339458908, 0.95080398162327717, 0.95259060745278201, 0.95239918325676365, 0.95163348647269019, 0.95233537519142419, 0.9521120469627361, 0.95236727922409392, 0.9508358856559469, 0.95220775906074528, 0.95188871873404801, 0.9521120469627361, 0.95064446145992854, 0.95131444614599281, 0.95035732516590099, 0.95144206227667172, 0.95163348647269019, 0.95137825421133226, 0.95160158244002047, 0.95160158244002047, 0.95169729453802965, 0.95166539050535992, 0.95230347115875447, 0.94968734047983661, 0.95192062276671774, 0.95121873404798363, 0.95147396630934145, 0.95163348647269019, 0.95204823889739665, 0.95137825421133226, 0.95160158244002047, 0.95016590096988263, 0.9504849412965799, 0.95144206227667172, 0.95032542113323126, 0.95080398162327717, 0.95163348647269019, 0.95147396630934145, 0.9508358856559469, 0.95064446145992854, 0.95150587034201128, 0.95077207759060745, 0.9511868300153139, 0.95128254211332308, 0.95102730985196526], "val_loss": [0.14747986014344791, 0.14365987882071335, 0.14226958881103305, 0.14210148954658469, 0.14088475644101653, 0.1401997151755599, 0.13957771720510165, 0.13965940355661269, 0.1403579066301667, 0.1393003991351954, 0.13965706568118139, 0.13791955151082211, 0.13855385284009425, 0.13808096105146311, 0.13763995105595597, 0.13793523873394092, 0.13775021035363019, 0.13756605955016679, 0.13716043408859319, 0.1371019421170992, 0.13728161510831241, 0.1379796320457447, 0.13751902043317399, 0.13763949655532653, 0.13694912335355711, 0.13743701263227714, 0.13857850084207751, 0.13743647058827649, 0.13858112322871116, 0.1374535818563821, 0.13762198640922613, 0.13746821780409996, 0.13747400573477142, 0.13707391141460767, 0.13703055798459746, 0.13709835511893262, 0.13693196615161429, 0.13765844385148676, 0.13723276895073952, 0.13763346007895325, 0.13729812038635464, 0.13716079670063022, 0.1382061299697257, 0.13709023162616096, 0.13745694888937285, 0.13690021923910056, 0.13810432478481255, 0.13713595108045887, 0.13658176862452637, 0.13726297357120096, 0.13738901653878996, 0.13717666880387838, 0.13753437852908179, 0.13770752855124463, 0.1372138299789582, 0.13681312729549872, 0.13702001414751902, 0.13772278256151463, 0.13798959785050249, 0.13752173344476787, 0.13723133544990485, 0.13747179707119572, 0.13807143597954416, 0.13750134295992641, 0.13704377348330812, 0.13714515854998655, 0.13757367013569022, 0.13743956257351933, 0.13678655619369348, 0.13731318221138927, 0.13736753764544718, 0.13740074564001584, 0.13702856491340279, 0.13708380403519133, 0.13814140765178015]}}