{"low_val_loss": 0.13663984192872819, "params": {"verbose": 1, "nb_epoch": 1000, "batch_size": 32, "metrics": ["loss", "acc", "val_loss", "val_acc"], "nb_sample": 94030, "do_validation": true}, "results": {"acc": [0.94353929597444264, 0.94365627991573797, 0.94471977029115006, 0.94672976710067891, 0.94732532170583861, 0.94769754334230394, 0.94811230458871465, 0.94800595554610234, 0.94832500266379705, 0.94846325641260065, 0.94868658938636607, 0.94852706583005419, 0.94871849409889619, 0.94880357332766141, 0.94895246198148686, 0.94908008083033968, 0.94916516006037266, 0.94927150910298497, 0.94938849303413808, 0.94951611188932972, 0.94960119111048824, 0.94961182601804572, 0.94998404764436883, 0.94975007976177817, 0.94980325429069101, 0.94994150802935229, 0.95011166648941825, 0.95004785706689354, 0.95031372966581773, 0.95038817399209652, 0.9502605551470471, 0.95034563437708008, 0.9506859512934086, 0.95056896735084551, 0.95026055514197594, 0.95009039668698114, 0.95026055514197594, 0.95044134851086715, 0.95053706263958315, 0.95047325321705833, 0.95091991917473151, 0.95071785600340319, 0.95071785600340319, 0.95064341168219546, 0.95047325321705833, 0.95072849090715728, 0.95084547484845261, 0.95068595129214084, 0.95052642773582896, 0.95061150696586194, 0.95059023715835367, 0.95059023715835367, 0.95067531638838665, 0.95063277677337021, 0.95084547484845261, 0.95094118898223967, 0.95063277678351243, 0.95065404658594954, 0.95066468149477479, 0.95055833245216248, 0.95046261831330425, 0.950707221099649, 0.95047325321705833, 0.95039880890092177, 0.95064341167712429, 0.95069658620096609, 0.950707221099649, 0.95047325321705833, 0.95060087207225008, 0.95039880889077955, 0.95027119004573013, 0.9503349994695226, 0.95013293629692652, 0.95037753908327127, 0.95023928533953883, 0.95039880889077955, 0.95020738062827648, 0.95033499947332589, 0.95033499947332589, 0.95054769755347945, 0.95060087206717891, 0.95064341168219546, 0.95050515792958856, 0.95020738062320531, 0.95039880889077955, 0.95022865043578475, 0.95046261832344647, 0.95048388812081253, 0.95018611081696491, 0.95043071360711306, 0.9502605551432437, 0.95051579283207488, 0.95030309476206354, 0.95020738063334764, 0.95032436456957181, 0.95029245985323829, 0.95036690417951719, 0.95043071360711306, 0.95013293630199758, 0.95016484101326004, 0.95042007869828782, 0.95036690418458825, 0.95032436456450065, 0.95036690418458825, 0.95026055514197594, 0.95006912687440181, 0.95064341168219546, 0.95013293630199758, 0.95050515793339185, 0.95056896736098773, 0.95021801553203056], "loss": [0.2146487952815869, 0.15068386828840433, 0.14595080157245688, 0.14394300706834345, 0.14279142289055885, 0.14189050457226676, 0.14135137536000106, 0.14087073190230251, 0.14049175648908344, 0.14019334712545631, 0.13992924477735072, 0.13968534663432103, 0.13950425774496084, 0.13929610728019479, 0.13904764458345351, 0.13890212291268658, 0.13871358099337983, 0.13854082164687515, 0.13836627853169639, 0.13810490324125002, 0.13808853387639305, 0.13794121380329233, 0.13778776993849651, 0.13762017039582727, 0.13748333648070621, 0.13739482274632195, 0.1372362977367417, 0.1371356965841847, 0.13699482851119468, 0.13685260342655317, 0.13677012913026518, 0.13666948146367724, 0.13666711475105472, 0.13659164598420631, 0.13659409674968662, 0.13651905407122597, 0.13655419451560249, 0.13647387471732644, 0.1364858628324051, 0.13636153876808405, 0.13643801808262154, 0.13634272682724463, 0.13638599216026803, 0.1364175873445562, 0.13634281595427028, 0.13629204415753174, 0.13625933143302227, 0.13631402736688775, 0.13633655266180408, 0.13633297126330962, 0.136250270788218, 0.13631682519234523, 0.136273940127669, 0.13637517795250365, 0.13623555233589349, 0.13619960717893331, 0.13628989093565858, 0.13627680661918432, 0.13620226809214775, 0.1362012640370735, 0.13629158247964668, 0.13618267885813698, 0.13613402650931358, 0.13623037118772541, 0.13621801829989078, 0.13615933359525031, 0.13611257660606688, 0.13617354018420955, 0.13610759565649699, 0.13600487936168076, 0.13607669933437097, 0.13600537214338254, 0.13600792444685375, 0.13606825155029426, 0.13595648841453234, 0.13602888727847673, 0.13603864452261552, 0.13591661943877667, 0.1358856140102945, 0.13596426020001498, 0.13594781329508071, 0.13588995127288456, 0.13600076642154849, 0.13584447248329651, 0.13590168929769267, 0.13589505408322522, 0.13593603955879119, 0.13587365199217585, 0.13582656062797929, 0.13578909886944462, 0.13586884463840021, 0.1358458234319519, 0.13584815075546328, 0.13583502557671831, 0.13578335455325921, 0.13586357788343348, 0.13582185755570866, 0.13590595432130578, 0.13584956766176412, 0.13582648672024822, 0.13580389976957866, 0.13577294973100892, 0.13574237560810376, 0.13581579507465352, 0.13583478732687274, 0.13580387646684389, 0.13567550440573331, 0.13573415810619657, 0.13571422524931684, 0.13575195909579688, 0.13573729419050909], "val_acc": [0.94448698315467072, 0.94448698315467072, 0.9482835630423686, 0.94847498723838697, 0.94917687595712097, 0.94965543644716688, 0.94911306789178151, 0.94997447677386426, 0.94943210821847879, 0.94981495661051552, 0.95003828483920372, 0.95029351710056154, 0.95003828483920372, 0.95045303726391017, 0.95067636549259826, 0.95086778968861663, 0.9508358856559469, 0.95074017355793772, 0.95086778968861663, 0.9508358856559469, 0.95074017355793772, 0.95141015824400199, 0.95134635017866254, 0.95115492598264417, 0.95153777437468101, 0.9504849412965799, 0.95163348647269019, 0.95121873404798363, 0.95182491066870856, 0.95150587034201128, 0.95144206227667172, 0.95169729453802965, 0.9511868300153139, 0.95255870342011228, 0.95102730985196526, 0.95105921388463499, 0.95201633486472692, 0.95096350178662581, 0.9517611026033691, 0.95150587034201128, 0.95150587034201128, 0.9508358856559469, 0.95217585502807556, 0.9517611026033691, 0.95077207759060745, 0.95223966309341501, 0.9517611026033691, 0.95077207759060745, 0.95109111791730472, 0.95112302194997445, 0.95137825421133226, 0.95169729453802965, 0.95144206227667172, 0.95208014293006638, 0.95182491066870856, 0.95160158244002047, 0.95188871873404801, 0.95096350178662581, 0.9511868300153139, 0.9521120469627361, 0.95185681470137828, 0.95128254211332308, 0.95121873404798363, 0.95201633486472692, 0.9508358856559469, 0.95096350178662581, 0.95160158244002047, 0.95160158244002047, 0.95067636549259826, 0.95121873404798363, 0.95185681470137828, 0.95156967840735074, 0.95067636549259826, 0.95131444614599281, 0.95182491066870856, 0.95074017355793772, 0.95105921388463499, 0.95074017355793772, 0.95026161306789181, 0.95080398162327717, 0.95105921388463499, 0.95144206227667172, 0.95074017355793772, 0.95077207759060745, 0.95089969372128635, 0.95105921388463499, 0.95115492598264417, 0.95153777437468101, 0.95134635017866254, 0.95067636549259826, 0.95125063808065335, 0.95156967840735074, 0.95144206227667172, 0.95144206227667172, 0.95160158244002047, 0.95166539050535992, 0.95147396630934145, 0.95058065339458908, 0.95150587034201128, 0.95096350178662581, 0.94978305257784579, 0.95121873404798363, 0.95086778968861663, 0.95058065339458908, 0.95121873404798363, 0.95144206227667172, 0.95112302194997445, 0.95096350178662581, 0.95109111791730472, 0.95086778968861663, 0.95102730985196526],