{"low_val_loss": 0.13402252590579455, "params": {"verbose": 1, "nb_epoch": 1000, "batch_size": 32, "metrics": ["loss", "acc", "val_loss", "val_acc"], "nb_sample": 94030, "do_validation": true}, "results": {"acc": [0.9434648516494315, 0.94607040306285228, 0.94856960544507074, 0.94927150909284275, 0.94954801659044985, 0.9496969052480787, 0.94998404764436883, 0.95028182494948421, 0.95060087206844679, 0.95072849090715728, 0.95024992023822186, 0.95087737955971496, 0.95059023715835367, 0.95072849090715728, 0.95085610975727786, 0.95057960225459959, 0.95104753802485209, 0.95104753802104869, 0.95135595022991826, 0.9509943635010103, 0.95149420397745399, 0.95155801340124646, 0.95137722003615866, 0.95154737849622462, 0.95112198234732759, 0.95190896522893587, 0.9516962671487823, 0.95148356907369991, 0.95166436243751995, 0.95144102946375453, 0.9514622992712628, 0.95166436244259101, 0.95153674359754159, 0.95152610868998411, 0.95144102945868336, 0.95143039456000045, 0.95152610869378751, 0.95152610868871634, 0.95134531532996747, 0.95183452089758591, 0.95161118792382049, 0.95179198128764053, 0.95183452089758591, 0.95187706051260235, 0.95148356907877096, 0.95164309263001168, 0.95144102945868336, 0.95158991811124105, 0.95165372753883692, 0.9516749973425418, 0.95149420397745399, 0.95157928321255814, 0.95172817186004466, 0.9516324577262576, 0.95172817186638359, 0.95182388599890289, 0.95151547378496226, 0.95147293417501688, 0.95173880676379874, 0.95189833033025284], "loss": [0.18336068158148197, 0.14312435523246808, 0.14010954669190509, 0.13894784601063953, 0.13811551067190933, 0.13764514698746305, 0.13723114424121768, 0.13691565208117226, 0.13648786145639485, 0.13622794707148148, 0.13625421511904903, 0.13599968439986843, 0.13595772067479703, 0.1356513227619279, 0.13552398997919871, 0.13553346037630146, 0.13513575987994361, 0.13516335758828971, 0.13487292370884441, 0.13480679544615362, 0.13466053741924544, 0.13453129103567124, 0.134348586087013, 0.13425912393563469, 0.13413385916146703, 0.1339949526651025, 0.1337912052541759, 0.13365440753993868, 0.13367885478925645, 0.13364403203873004, 0.1336963864885834, 0.13361548101548298, 0.13359512742242319, 0.13351766897093473, 0.13354812643349989, 0.1334840781539029, 0.13360516182871482, 0.13347780326557429, 0.13335841395025061, 0.13338007749023936, 0.13346993689377054, 0.13347526744117411, 0.13354354324834494, 0.13346665406820116, 0.13338642042392901, 0.13357521950244575, 0.13346529799605333, 0.13339203597701818, 0.13342044841897091, 0.13326340582533541, 0.13336343041681664, 0.13341702165774028, 0.13338950161783414, 0.13341429490408069, 0.1333083557810642, 0.13337144750674254, 0.13321778575782697, 0.13323223940567755, 0.13322015944632598, 0.13336192947821987], "val_acc": [0.94448698315467072, 0.9488578356304237, 0.94882593159775397, 0.94952782031648797, 0.95029351710056154, 0.94930449208779988, 0.94981495661051552, 0.95147396630934145, 0.95144206227667172, 0.95153777437468101, 0.95061255742725881, 0.95172919857069938, 0.95169729453802965, 0.9517611026033691, 0.95233537519142419, 0.95223966309341501, 0.95141015824400199, 0.95067636549259826, 0.9511868300153139, 0.95300535987748847, 0.95223966309341501, 0.95093159775395608, 0.95185681470137828, 0.95332440020418585, 0.95188871873404801, 0.95259060745278201, 0.95192062276671774, 0.95208014293006638, 0.95259060745278201, 0.95007018887187344, 0.95290964777947929, 0.9521120469627361, 0.95220775906074528, 0.9524629913221031, 0.95300535987748847, 0.95319678407350694, 0.95329249617151612, 0.95271822358346092, 0.95223966309341501, 0.95271822358346092, 0.95233537519142419, 0.9521120469627361, 0.95319678407350694, 0.95220775906074528, 0.95227156712608474, 0.95179300663603883, 0.95233537519142419, 0.95217585502807556, 0.95125063808065335, 0.95223966309341501, 0.95259060745278201, 0.95160158244002047, 0.95271822358346092, 0.95051684532924963, 0.95294155181214901, 0.95239918325676365, 0.95230347115875447, 0.95172919857069938, 0.95300535987748847, 0.95160158244002047], "val_loss": [0.14635110652381331, 0.14098913081450509, 0.14048207763557746, 0.13881806202419197, 0.13825377667700228, 0.13848378137609768, 0.13802956913337835, 0.13802833944243426, 0.13764947646731562, 0.13710558562691172, 0.13691142466130338, 0.13634189942232683, 0.13628552204940225, 0.13665402911873481, 0.13633334811542977, 0.13586102403803041, 0.13603118676055201, 0.13574016372416017, 0.13594054397064365, 0.13623733583679912, 0.13691100789563976, 0.13593604594788544, 0.135333022597137, 0.13531405825668022, 0.13539303004581932, 0.13582685834339775, 0.13703805168271976, 0.13565614115543789, 0.1352585310552834, 0.1374341519088344, 0.13469388232209387, 0.13457385623364529, 0.1342937957719843, 0.13402252590579455, 0.1345744456519668, 0.13435937257625272, 0.13471381793738993, 0.13475546929671517, 0.13559284800641722, 0.13517527188582801, 0.13418569567367519, 0.1345360926207442, 0.13497680548869451, 0.13442874796623902, 0.13439334615220702, 0.13446374557581467, 0.1341333177516873, 0.13432791002186023, 0.13432123712746541, 0.13481911420517884, 0.13410598087167788, 0.13467862681143894, 0.13474745322218531, 0.134646363167502, 0.13457681300454202, 0.13408556953833201, 0.13445226885302294, 0.13523586357279571, 0.13405205500124365, 0.13494988872977226]}}