{"low_val_loss": 0.13377256965100187, "params": {"verbose": 1, "nb_epoch": 1000, "batch_size": 32, "metrics": ["loss", "acc", "val_loss", "val_acc"], "nb_sample": 94030, "do_validation": true}, "results": {"acc": [0.94335850261062248, 0.94477294480484952, 0.94727214719213904, 0.94838881209139292, 0.94915452515661847, 0.94967563544057043, 0.94984579390063639, 0.95033499946825484, 0.95061150697093311, 0.95044134851086715, 0.95034563437200892, 0.95039880889077955, 0.95051579283714593, 0.95100499841490671, 0.95060087206717891, 0.95084547484845261, 0.95079230032968198, 0.95083483994976958, 0.95083483994469853, 0.95094118898223967, 0.95130277571495092, 0.95094118898223967, 0.95114325215863915, 0.95099436350608146, 0.95130277570987987, 0.95140912475249217, 0.95129214080612567, 0.95140912474742101, 0.95123896629749738, 0.95116452196107626, 0.95135595022865038, 0.95161118792382049, 0.95127087099861751, 0.95172817187018688, 0.95139848984493469, 0.95152610868871634, 0.95141975965624626, 0.95173880677013767, 0.95202594916516003, 0.95148356907369991, 0.95145166436243755, 0.95157928321255814, 0.95137722003615866, 0.95144102946375453, 0.95151547379003332, 0.9513453153248963, 0.95137722004122982, 0.95140912474742101, 0.95160055301499524, 0.95136658513747563, 0.95147293416994572, 0.95177071147632897, 0.95133468042114222, 0.95166436243751995, 0.95150483888120807, 0.95167499734127403, 0.95177071148520342, 0.95139848985000586, 0.95176007657764594, 0.95140912474742101, 0.95158991811631222, 0.95148356908384213, 0.95200467935765176, 0.95145166436750861, 0.95170690205253639, 0.9516005530200663, 0.95157928321255814, 0.95173880676379874, 0.95170690205253639, 0.95180261619139461, 0.95164309263508284, 0.95148356907877096, 0.95170690205760755, 0.95153674359247054, 0.95149420398252516, 0.95154737850129578, 0.9515580133999787, 0.9516218228225034, 0.95168563224629599, 0.9516962671487823, 0.9516749973463452, 0.95145166436750861, 0.95133468042240998], "loss": [0.18922415327216974, 0.14574512714765928, 0.14206713682430216, 0.14009043230796689, 0.13862595839613512, 0.13765559467967109, 0.13702229512038286, 0.13658334012370624, 0.13630088728044459, 0.1359687439611614, 0.13582350669354817, 0.13566105890043312, 0.13544778415247263, 0.13526129970636239, 0.13529289851023976, 0.13513726875769144, 0.13500051896781043, 0.13490095791281836, 0.13488856408490307, 0.13465196965023596, 0.13451317409296107, 0.13441346671135518, 0.13443217456347129, 0.13425636219842679, 0.13413268046678031, 0.13385538848000714, 0.13390268585073667, 0.13379476230944534, 0.13374196252461051, 0.13348637486577325, 0.13345974582077771, 0.13339365078586982, 0.13344658648667121, 0.13337597600623646, 0.13329522840953642, 0.133268076172775, 0.13320294215357659, 0.1332057891016398, 0.13318720235184547, 0.1331567645692564, 0.13314114187444054, 0.13317351909608877, 0.13314691845671897, 0.13308911379060251, 0.13315356483370602, 0.1330512377305017, 0.13327481804056446, 0.1331231673617452, 0.13317757849980197, 0.13300208718798509, 0.13305537704971448, 0.13300373951139746, 0.13314070718409082, 0.13293173824372881, 0.13308403064823368, 0.13309974226814172, 0.13316542661093048, 0.1330622568782005, 0.13317800420060585, 0.13298584423736601, 0.13309871436439524, 0.13306632038222899, 0.13289359658005692, 0.13301124859145255, 0.13301567575354203, 0.13312838249551126, 0.1329456362232691, 0.13307296289565854, 0.13292922282819861, 0.13293746585581234, 0.1330205320310405, 0.13303249335651587, 0.13297131729863823, 0.13299264780979747, 0.13306060957360949, 0.13302712250260434, 0.13286327081424917, 0.13298008202568312, 0.13291058065624273, 0.13306697837601922, 0.13299006449897963, 0.13306908697574479, 0.13299135429249614], "val_acc": [0.94448698315467072, 0.94815594691168958, 0.9488578356304237, 0.95035732516590099, 0.94994257274119454, 0.95156967840735074, 0.95185681470137828, 0.9517611026033691, 0.95105921388463499, 0.9504849412965799, 0.95026161306789181, 0.95150587034201128, 0.9521120469627361, 0.95074017355793772, 0.95201633486472692, 0.95137825421133226, 0.95166539050535992, 0.95115492598264417, 0.95217585502807556, 0.95185681470137828, 0.95275012761613065, 0.9528139356814701, 0.9517611026033691, 0.95306916794282792, 0.95255870342011228, 0.95147396630934145, 0.95182491066870856, 0.95259060745278201, 0.95287774374680956, 0.95278203164880038, 0.95278203164880038, 0.95233537519142419, 0.95262251148545174, 0.95252679938744256, 0.95271822358346092, 0.95236727922409392, 0.95236727922409392, 0.95303726391015819, 0.95160158244002047, 0.95265441551812147, 0.95255870342011228, 0.9517611026033691, 0.95255870342011228, 0.95233537519142419, 0.95338820826952531, 0.95239918325676365, 0.95278203164880038, 0.95297345584481874, 0.9521120469627361, 0.95125063808065335, 0.95290964777947929, 0.95102730985196526, 0.9521120469627361, 0.95287774374680956, 0.95275012761613065, 0.95259060745278201, 0.9524629913221031, 0.95322868810617667, 0.95144206227667172, 0.9524629913221031, 0.95259060745278201, 0.95249489535477283, 0.95204823889739665, 0.95089969372128635, 0.95233537519142419, 0.95252679938744256, 0.95179300663603883, 0.95179300663603883, 0.95332440020418585, 0.95306916794282792, 0.95313297600816749, 0.95249489535477283, 0.95201633486472692, 0.9528139356814701, 0.9521120469627361, 0.95300535987748847, 0.95198443083205719, 0.95179300663603883, 0.95275012761613065, 0.9521120469627361, 0.9517611026033691, 0.95188871873404801, 0.95121873404798363], "val_loss": [0.1485905201688234, 0.14311760561868753, 0.14074795978973872, 0.13884907594447904, 0.13867123960790706, 0.13826716397453961, 0.13725707868818668, 0.1367499186824237, 0.1367384779935911, 0.13699078785028307, 0.13667908526534875, 0.13609354381295963, 0.13616460105836878, 0.13614566940975895, 0.13550484917711822, 0.13552254331338581, 0.13586322476135612, 0.13575784850251377, 0.13503390133491183, 0.13583108912269154, 0.13507879607097995, 0.13486532010556393, 0.13482125623949393, 0.13587464523968068, 0.13453554632184972, 0.13508091658836818, 0.13433407639562628, 0.13437881840715274, 0.13459041790733414, 0.13562085655398548, 0.13422989234472793, 0.13433038586329415, 0.13407979561695796, 0.1344365424135697, 0.13456452060196095, 0.13424047561777891, 0.1345170781942443, 0.13417272896597646, 0.13480831522564915, 0.13454075030233253, 0.13437280846800562, 0.1342975866275822, 0.13469960552798571, 0.13419973888853304, 0.13393343235839075, 0.13440701884044987, 0.13441789528757198, 0.134754254088574, 0.13470475297780624, 0.13434543057462278, 0.13432913468584928, 0.13455198602223195, 0.13429480110118741, 0.13440103711766696, 0.13416580155571697, 0.1341299282975453, 0.13377256965100187, 0.13430967866982685, 0.13442491071660978, 0.13446441998171862, 0.13430633380982479, 0.13432253915160483, 0.13401693685314009, 0.1344060652754771, 0.13450724033961162, 0.13490547667837008, 0.13462821464755512, 0.13405094014489266, 0.13428088842076785, 0.13459411659004616, 0.13400484946513128, 0.13437348254778028, 0.13398644791544245, 0.13410947185376731, 0.13432454750618805, 0.13425376833306701, 0.13462129758976138, 0.13436666374903453, 0.13403048418983324, 0.13427244928047904, 0.13420049517095514, 0.13382367475976623, 0.13501739491779413]}}