{"low_val_loss": 0.1366101709670364, "params": {"verbose": 1, "nb_epoch": 1000, "batch_size": 32, "metrics": ["loss", "acc", "val_loss", "val_acc"], "nb_sample": 94030, "do_validation": true}, "results": {"acc": [0.9435180261618632, 0.94365627991700574, 0.94555992768772557, 0.94741040094094264, 0.94745294055595908, 0.94765500372728739, 0.94834627246623415, 0.94821865362118474, 0.94820801871743066, 0.94836754228388465, 0.94860151016140415, 0.94867595448261188, 0.94903754121025208, 0.94916516005530149, 0.94933531851536745, 0.94928214399786459, 0.9493459534241927, 0.94965436563306216, 0.94953738169176682, 0.94982452408805695, 0.95006912687440181, 0.95011166649448942, 0.95024992023822186, 0.94992023822184413, 0.95030309476206354, 0.95044134850579598, 0.95020738062320531, 0.9501435712006806, 0.95046261831837542, 0.95016484101326004, 0.95060087206717891, 0.95054769754333723, 0.950356269275763, 0.9502180155269595, 0.95027119004573013, 0.95047325321705833, 0.95074976071466555, 0.95065404658087849, 0.95061150696586194, 0.95071785600340319, 0.95072849090715728, 0.95056896735211327, 0.95062214187975835, 0.95076039562349079, 0.95077103053231604, 0.95070722110472017, 0.95063277677844127, 0.950356269275763, 0.95064341168726652, 0.95049452302963777, 0.950356269275763, 0.95052642773582896, 0.95065404658087849, 0.95043071360711306, 0.95055833245216248, 0.95046261831330425, 0.95034563437708008, 0.95060087206210786, 0.95029245985830946, 0.95052642773582896], "loss": [0.21625699027992432, 0.15086130671497103, 0.14544577112441798, 0.14336236681784009, 0.14215980173361678, 0.14142218543204502, 0.14095873911966578, 0.14050182342603779, 0.14014370962129583, 0.13991525960826853, 0.13959684292363395, 0.13939578265782102, 0.13921923285026722, 0.13900470080942243, 0.13876746761824849, 0.1386073825469451, 0.13829647009215887, 0.13802081272885558, 0.13793335044404922, 0.13773787922037609, 0.1376473022904158, 0.13747550066777217, 0.13732161930524819, 0.13717689803205918, 0.1370789426917613, 0.13676370110576311, 0.13690468839564932, 0.13672387539891948, 0.13667205177167496, 0.13667459649810459, 0.13660520624270733, 0.13659303393660643, 0.13664781039704113, 0.13654511518111626, 0.13653772053034727, 0.13654813460619808, 0.13652416312236881, 0.13653321369942054, 0.136545405641878, 0.13649413329008842, 0.13656048832070405, 0.13642090953221717, 0.13645668340359396, 0.13635928047729606, 0.13644899864260421, 0.13638988842035396, 0.13650143372591639, 0.13654465461273618, 0.13636410754531744, 0.1363853971991186, 0.13645844588878878, 0.13644941456981996, 0.13637602745573071, 0.13633563575590085, 0.13646305567781736, 0.13631143005499241, 0.13645628774456428, 0.13631515206142547, 0.1362838019562328, 0.13619301791496891], "val_acc": [0.94448698315467072, 0.94448698315467072, 0.94853879530372642, 0.94924068402246042, 0.94904925982644206, 0.94975114854517606, 0.94965543644716688, 0.94991066870852481, 0.95003828483920372, 0.95016590096988263, 0.94981495661051552, 0.95035732516590099, 0.95003828483920372, 0.95038922919857072, 0.95099540581929554, 0.95125063808065335, 0.95134635017866254, 0.95061255742725881, 0.95096350178662581, 0.95121873404798363, 0.95077207759060745, 0.95105921388463499, 0.95128254211332308, 0.95179300663603883, 0.95147396630934145, 0.95153777437468101, 0.95109111791730472, 0.95204823889739665, 0.95243108728943338, 0.95109111791730472, 0.95182491066870856, 0.95156967840735074, 0.95179300663603883, 0.95169729453802965, 0.9521120469627361, 0.9511868300153139, 0.95112302194997445, 0.95201633486472692, 0.95128254211332308, 0.95086778968861663, 0.9521120469627361, 0.95214395099540583, 0.95169729453802965, 0.95134635017866254, 0.95134635017866254, 0.95115492598264417, 0.95198443083205719, 0.95125063808065335, 0.94994257274119454, 0.95201633486472692, 0.95074017355793772, 0.9521120469627361, 0.95096350178662581, 0.95070826952526799, 0.95131444614599281, 0.95131444614599281, 0.95201633486472692, 0.95080398162327717, 0.95121873404798363, 0.95201633486472692], "val_loss": [0.15678096836458486, 0.14683513809423351, 0.14392002538843018, 0.14246013197684665, 0.14182358908867762, 0.14127891957607727, 0.14077045027244572, 0.14033762347133807, 0.14072186367861039, 0.14015976463945135, 0.14020066671244583, 0.13992938963718229, 0.13975336597571572, 0.13911863321161744, 0.13896154513798423, 0.13863970058237551, 0.13872309297992599, 0.13957137812828457, 0.13889760734354617, 0.13765848230241573, 0.1376516234991105, 0.13776331416018889, 0.1374853438374003, 0.1372755790845267, 0.13770428919074121, 0.1369294147974621, 0.13721239057356693, 0.13763642643691021, 0.13741038401001202, 0.13727070505941413, 0.13704350899720508, 0.13709364622363543, 0.13782721396959699, 0.1366101709670364, 0.13740415788327418, 0.13748884870993539, 0.13705244916146539, 0.13742154699452164, 0.13716848725248595, 0.13718548099709568, 0.13719872295506577, 0.1380060785557008, 0.1368427148042223, 0.13668243189196369, 0.13752528368255323, 0.13700389041127509, 0.13679659176349732, 0.13687591792491702, 0.13766713692003699, 0.1367891087344619, 0.1369760171170363, 0.13692090821972058, 0.13700020311361311, 0.13757846290611717, 0.13694825681756503, 0.13759013266702463, 0.13689599855365103, 0.13764802662293452, 0.13717019705329092, 0.13721144814358005]}}