{"low_val_loss": 0.13681452392185448, "params": {"verbose": 1, "nb_epoch": 1000, "batch_size": 32, "metrics": ["loss", "acc", "val_loss", "val_acc"], "nb_sample": 94030, "do_validation": true}, "results": {"acc": [0.94346485164309268, 0.94521961076252259, 0.94719770286078908, 0.94762309901602504, 0.94812293949246873, 0.94829309794746353, 0.94860151015633309, 0.94888865256276544, 0.94890992236520255, 0.94928214399659683, 0.94935658832794678, 0.94966500053681635, 0.94963309582175059, 0.9497926193767946, 0.94980325428054879, 0.95024992023822186, 0.94972880995934106, 0.95037753909341349, 0.95016484101326004, 0.94996277784193173, 0.95020738062827648, 0.95034563437327668, 0.95047325321832621, 0.95018611081569715, 0.95004785707196471, 0.9505051579283208, 0.95020738062827648, 0.95051579283207488, 0.95065404658594954, 0.95022865043578475, 0.95034563437200892, 0.95026055514197594, 0.95026055514197594, 0.95045198341462123, 0.95031372966074656, 0.95038817399209652, 0.95023928533953883, 0.95032436456957181, 0.94997341274568581, 0.95005849197064762, 0.95046261831837542, 0.95031372966074656, 0.95021801553329843, 0.95027119004573013, 0.95000531745694816, 0.9501435712006806, 0.95023928533446778, 0.95061150696586194, 0.95047325322339726, 0.950356269275763, 0.95013293629819429, 0.95022865043578475, 0.95031372966074656], "loss": [0.18669831396396408, 0.14569190593380302, 0.14286651621612984, 0.1416662647567454, 0.14089831844309753, 0.14042106399739104, 0.14013339182448922, 0.13980613442544518, 0.13938218481263448, 0.13905996031861895, 0.13874957302311286, 0.13861539558275043, 0.13824699979588845, 0.13790175524193291, 0.13773603062895678, 0.13747904267822519, 0.13723541493239866, 0.13713503088974438, 0.13704754619931561, 0.13704988662168141, 0.13687811289570959, 0.13702499684305708, 0.1369204841372714, 0.13690372431635109, 0.13688596101133263, 0.13671014492535583, 0.13689297975333056, 0.13670059104617335, 0.136690778889758, 0.13663359489369162, 0.13678941898393393, 0.13667340720066248, 0.13669603524211998, 0.13659225410633133, 0.13642369278550218, 0.13642064548959937, 0.13661388314259656, 0.13630699591187612, 0.13652894854621661, 0.13641828258443511, 0.13625099276445349, 0.1365041582283664, 0.13622381078487608, 0.13637384528221508, 0.13647665070001588, 0.13634355389565075, 0.13638778537207558, 0.13630877679021139, 0.13635239842853228, 0.13609313421766708, 0.13628272857137858, 0.13624654366344285, 0.13619685751554067], "val_acc": [0.94448698315467072, 0.9485068912710567, 0.94818785094435931, 0.94892164369576315, 0.94933639612046961, 0.95010209290454317, 0.95026161306789181, 0.94997447677386426, 0.95058065339458908, 0.95105921388463499, 0.95086778968861663, 0.95137825421133226, 0.95153777437468101, 0.95166539050535992, 0.9517611026033691, 0.95156967840735074, 0.95074017355793772, 0.95163348647269019, 0.95214395099540583, 0.95227156712608474, 0.95115492598264417, 0.95233537519142419, 0.9511868300153139, 0.95150587034201128, 0.95150587034201128, 0.95096350178662581, 0.95185681470137828, 0.95195252679938747, 0.9511868300153139, 0.9504849412965799, 0.9511868300153139, 0.95045303726391017, 0.95160158244002047, 0.95038922919857072, 0.95105921388463499, 0.95144206227667172, 0.95054874936191935, 0.95099540581929554, 0.95109111791730472, 0.95172919857069938, 0.95093159775395608, 0.95029351710056154, 0.95102730985196526, 0.94984686064318535, 0.94981495661051552, 0.95112302194997445, 0.95147396630934145, 0.95141015824400199, 0.95064446145992854, 0.95051684532924963, 0.95109111791730472, 0.95131444614599281, 0.95000638080653399], "val_loss": [0.14786023511197141, 0.14328763516635964, 0.14317330068634321, 0.14170695888853121, 0.14068886501150754, 0.14028213685830068, 0.1398277877068842, 0.13973212362784795, 0.13946439486306927, 0.13917985641706074, 0.13868519024483217, 0.13821871655899509, 0.13809163181368886, 0.13800186385087301, 0.13750154928757319, 0.13773093477268039, 0.13821867868711202, 0.13769322388052879, 0.1376012598200986, 0.1379433008288321, 0.13715674416192974, 0.13731513523999192, 0.13762210565654825, 0.13720388775534506, 0.1373273557857356, 0.13812559109985553, 0.13681452392185448, 0.13709537734645036, 0.13717203892314841, 0.13780712914396878, 0.13784522734080396, 0.13732302105772123, 0.13824806578415519, 0.13744003725042753, 0.13731371576366772, 0.13719786301201981, 0.13741771192035546, 0.13725027941916595, 0.13778944939257023, 0.13726447404834341, 0.13686832319041822, 0.13762644402332883, 0.13781189702968472, 0.13786007746418957, 0.13726256261786496, 0.13746193622492325, 0.13750768042701492, 0.13732083216062335, 0.13770334461096326, 0.13702590547829122, 0.13697554099393963, 0.13723814257360223, 0.13735910753694311]}}