{"low_val_loss": 0.21922494484456045, "params": {"verbose": 1, "nb_epoch": 1000, "batch_size": 32, "metrics": ["loss", "acc", "val_loss", "val_acc"], "nb_sample": 29058, "do_validation": true}, "results": {"acc": [0.83959666873150252, 0.87208341936816025, 0.89369536788491977, 0.89665496593020855, 0.89779062564526124, 0.89854773212196293, 0.90030284259068072, 0.89923601073714643, 0.89964897790625642, 0.90006194507536652, 0.90013077293688482, 0.90040608438295822, 0.90023401472916231, 0.90095670727510502, 0.90050932617523571, 0.90126643265193751, 0.90085346548282741, 0.90140408837497421, 0.90044049831371742, 0.90095670727510502, 0.90040608438295822, 0.90102553513662331, 0.90143850230573341, 0.90105994906738252, 0.90013077293688482, 0.90119760479041922, 0.90109436299814161, 0.9017138137518067, 0.89958015004473812, 0.90081905155206832, 0.90071580975979071, 0.90140408837497421, 0.90068139582903162, 0.90078463762130911, 0.90099112120586411, 0.90078463762130911, 0.90109436299814161, 0.90095670727510502, 0.90071580975979071, 0.90092229334434581, 0.90050932617523571, 0.90009635900612572, 0.90026842865992152, 0.90116319085966001, 0.90050932617523571, 0.90088787941358661, 0.90102553513662331, 0.90105994906738252, 0.90092229334434581, 0.90054374010599492, 0.90105994906738252, 0.90075022369054991, 0.90071580975979071, 0.90047491224447651, 0.90081905155206832, 0.90057815403675412, 0.90050932617523571, 0.90099112120586411, 0.90064698189827241, 0.90109436299814161, 0.90050932617523571, 0.90105994906738252, 0.90061256796751321, 0.89999311721384812, 0.90054374010599492, 0.90126643265193751, 0.90095670727510502, 0.90164498589028841, 0.90023401472916231, 0.90064698189827241, 0.90123201872117831, 0.90143850230573341, 0.90044049831371742, 0.90019960079840322, 0.90088787941358661, 0.90040608438295822, 0.90075022369054991, 0.90033725652143992], "loss": [0.38247671464756944, 0.25519100710943465, 0.23924648470474591, 0.23312755186046377, 0.23009854159075929, 0.22811392575923026, 0.226847764478185, 0.22603591958004324, 0.22549026223205063, 0.22496135866283443, 0.22481817777506852, 0.22449234688189298, 0.22409538055280176, 0.2240329481252612, 0.22374358651827528, 0.22376548397384333, 0.22364937675524146, 0.22360279158827476, 0.22352579199605219, 0.22351358905862803, 0.22363501887067755, 0.22327692887641762, 0.22337225475278022, 0.22337224360471311, 0.22324478713479781, 0.22325728402814499, 0.22336503770260088, 0.22333817130331737, 0.22347510144882679, 0.22321277405966403, 0.22348444955920257, 0.22306528888702787, 0.22320532000223206, 0.22300392831542698, 0.22321519512586746, 0.22309275941614423, 0.2231829287799024, 0.22316787206008287, 0.22325806656628139, 0.22309232126416043, 0.22301349665163733, 0.22300281050680459, 0.22316918453967402, 0.22301135741861897, 0.22301842966879445, 0.22307088922376414, 0.22296318695512213, 0.22285051062016997, 0.22314877750140363, 0.22291748757137017, 0.22296396324372125, 0.22305275884676351, 0.22294519667712254, 0.22292133061086694, 0.22300749079010404, 0.22292175890245935, 0.22293003762228977, 0.22302275412776931, 0.22304833910077804, 0.22304272675133308, 0.2230311176044843, 0.2229084345639076, 0.22298863166065649, 0.22292904786560966, 0.2228538633429139, 0.22297275173449946, 0.22271461982065405, 0.22296296010953529, 0.22288899879034163, 0.22264764648731097, 0.22264257876048751, 0.22294878847556035, 0.22281914730297661, 0.22293903433584905, 0.2230358522161999, 0.22269923824153529, 0.22278646966053373, 0.22281541800095281], "val_acc": [0.83606895842861806, 0.88964591730707898, 0.89501393627699555, 0.89666563442915825, 0.89914318165740226, 0.89945287506093274, 0.89924641279191242, 0.89831733258132096, 0.89986579959897339, 0.89965933732995307, 0.89955610619544291, 0.90027872413701415, 0.89996903073348367, 0.89965933732995307, 0.90089811094407513, 0.8979044080432802, 0.90017549300250399, 0.89986579959897339, 0.90058841754054464, 0.89945287506093274, 0.90038195527152431, 0.90120780434760561, 0.89852379485034128, 0.89976256846446323, 0.89883348825387177, 0.89996903073348367, 0.90007226186799383, 0.89924641279191242, 0.89945287506093274, 0.89924641279191242, 0.89996903073348367, 0.89945287506093274, 0.90058841754054464, 0.90141426661662594, 0.90100134207858529, 0.90048518640603448, 0.89965933732995307, 0.90162072888564626, 0.89924641279191242, 0.90038195527152431, 0.89976256846446323, 0.89883348825387177, 0.90038195527152431, 0.90007226186799383, 0.9006916486750548, 0.89893671938838193, 0.90058841754054464, 0.89924641279191242, 0.90027872413701415, 0.89965933732995307, 0.89955610619544291, 0.90120780434760561, 0.90038195527152431, 0.89955610619544291, 0.90048518640603448, 0.89976256846446323, 0.90027872413701415, 0.89996903073348367, 0.90007226186799383, 0.90027872413701415, 0.89924641279191242, 0.90100134207858529, 0.89976256846446323, 0.90038195527152431, 0.89934964392642258, 0.89965933732995307, 0.90007226186799383, 0.90027872413701415, 0.89945287506093274, 0.90007226186799383, 0.9006916486750548, 0.89965933732995307, 0.90110457321309545, 0.89986579959897339, 0.89955610619544291, 0.89986579959897339, 0.8990399505228921, 0.90089811094407513], "val_loss": [0.27450246751905288, 0.24180324277949675, 0.23288120616881536, 0.22837814269659504, 0.22591740934671822, 0.22420172963864024, 0.22450792427044283, 0.22288469403991393, 0.2223867046441704, 0.22139708977606049, 0.2205912173563474, 0.22078763204326296, 0.22095123083829954, 0.22045590445096247, 0.22156679648738706, 0.22064976718596313, 0.22141883143628482, 0.2206417589539823, 0.22082011305511803, 0.2209959593371266, 0.22172561952102243, 0.22061404439703258, 0.22068291714258628, 0.21984384767076628, 0.21986049985607503, 0.22018423682028535, 0.22008394886739263, 0.22038430476060675, 0.22047797011876236, 0.22083690701296937, 0.22248676649382379, 0.22106555031957278, 0.22096298920969187, 0.21971121620218784, 0.22039987211000001, 0.22042498104501168, 0.22021615321242158, 0.21989619824506557, 0.2199512964076667, 0.21998472582066997, 0.21988193174996981, 0.22067366602424007, 0.21997793866862722, 0.22064432475027118, 0.22036269846451814, 0.22119543726407079, 0.22047939067151728, 0.22027991983289258, 0.21961027589624013, 0.21962943445470812, 0.22051053056655881, 0.21922494484456045, 0.22077621783377821, 0.22073272277022388, 0.21966958390838212, 0.2199596976106647, 0.21946331462070548, 0.22079284764042553, 0.22164171633243412, 0.21958385394234103, 0.22018827309829478, 0.21981803386329779, 0.21953353292250197, 0.2205987366973351, 0.21963338810334057, 0.22048641065516511, 0.21993345170490167, 0.22027278687915308, 0.22132985766573662, 0.22199543746949915, 0.22011272642921834, 0.22019301949731704, 0.22002661797337528, 0.21927549853910169, 0.22003911901851847, 0.22060918424648066, 0.22028570804259251, 0.21998089599304183]}}