{"low_val_loss": 0.21750028143298752, "params": {"verbose": 1, "nb_epoch": 1000, "batch_size": 32, "metrics": ["loss", "acc", "val_loss", "val_acc"], "nb_sample": 29058, "do_validation": true}, "results": {"acc": [0.83994080803909421, 0.85869640030284256, 0.89252529423910798, 0.89572578979971096, 0.89789386743753874, 0.89923601073714643, 0.90075022369054991, 0.90164498589028841, 0.9017138137518067, 0.90216119485167601, 0.9022644366439535, 0.9019547112671209, 0.9025053341592677, 0.90357216601280199, 0.9022988505747126, 0.9022644366439535, 0.9030903709821736, 0.9022300227131943, 0.9026085759515452, 0.90291830132837769, 0.9023332645054718, 0.9021956087824351, 0.9024709202285085, 0.902574162020786, 0.9027118177438227, 0.90240209236699021, 0.90315919884369189, 0.90353775208204279, 0.9028838873976186, 0.9029527152591369, 0.9030903709821736, 0.90329685456672859, 0.90329685456672859, 0.9022300227131943, 0.9029871291898961, 0.9028838873976186, 0.903365682428247, 0.9029871291898961, 0.90353775208204279, 0.90253974809002679, 0.90329685456672859, 0.90333126849748779, 0.902574162020786, 0.90446692821254049, 0.9028838873976186, 0.90381306352811619, 0.90370982173583869, 0.9029527152591369, 0.90388189138963448, 0.90364099387432029, 0.90278064560534099, 0.90340009635900609, 0.90398513318191209, 0.90360657994356119], "loss": [0.39800478610852991, 0.26479169944436759, 0.24225277354125024, 0.23429731344584301, 0.23019250267050595, 0.22782218671629845, 0.22635473146028517, 0.22507756643248028, 0.22432814927802328, 0.2239531524224524, 0.2235509659590422, 0.223233832048569, 0.22297420967810005, 0.22271059533382809, 0.22259547710190181, 0.22235929925551648, 0.2222771766176066, 0.22231837355487075, 0.22210751925276845, 0.22197448682178178, 0.2219788469392128, 0.2218886064616141, 0.22196336977414069, 0.22170878320643164, 0.2217689006580956, 0.22180258768648925, 0.22164959958484295, 0.2215867074619538, 0.22155972141935326, 0.22134604265126079, 0.22155800282696714, 0.22158102417659645, 0.22151464600262422, 0.22144888302325275, 0.22135373808162015, 0.22140829866192172, 0.22125437714922203, 0.22137618118829325, 0.22118559916112648, 0.2213077776354874, 0.22123532250838432, 0.22107510379352066, 0.221185819751439, 0.22114063661846275, 0.22108711092337024, 0.22094971528605639, 0.22106513571117709, 0.22103410200468113, 0.22108391362303745, 0.22106880982158944, 0.22105440084530625, 0.22090331132860438, 0.22092749046925725, 0.22103351390495526], "val_acc": [0.83606895842861806, 0.88551667192667227, 0.89449778060444474, 0.89656240329464809, 0.89852379485034128, 0.89842056371583112, 0.89862702598485145, 0.90007226186799383, 0.90017549300250399, 0.90027872413701415, 0.90007226186799383, 0.90120780434760561, 0.90120780434760561, 0.90058841754054464, 0.90110457321309545, 0.90131103548211577, 0.90141426661662594, 0.90172396002015642, 0.90120780434760561, 0.90306596476878864, 0.90182719115466659, 0.90182719115466659, 0.9015174977511361, 0.90172396002015642, 0.90182719115466659, 0.90224011569270735, 0.90234334682721751, 0.90296273363427848, 0.90213688455819718, 0.9031691959032988, 0.90254980909623783, 0.90265304023074799, 0.90327242703780897, 0.90213688455819718, 0.90306596476878864, 0.9031691959032988, 0.9031691959032988, 0.9015174977511361, 0.90234334682721751, 0.90347888930682929, 0.90203365342368702, 0.90275627136525816, 0.90306596476878864, 0.90296273363427848, 0.90234334682721751, 0.90358212044133945, 0.90347888930682929, 0.90347888930682929, 0.90285950249976832, 0.90296273363427848, 0.90347888930682929, 0.90337565817231913, 0.90224011569270735, 0.90327242703780897], "val_loss": [0.291581648673708, 0.24758834525430562, 0.23483430738725738, 0.22966080006583872, 0.22546004268226455, 0.22355896937191222, 0.2234721932234478, 0.22118249011012661, 0.22090735453760413, 0.2207711722670638, 0.219690007301163, 0.21907410488306361, 0.21851237222384629, 0.2204425610818028, 0.21939593205587823, 0.21899572485825022, 0.21877763675772099, 0.21802980171042946, 0.21790644695998296, 0.21868740758549335, 0.21781745208137923, 0.21846193878461398, 0.21846448466961654, 0.21787763020011974, 0.21819929733812421, 0.21815676942407697, 0.21828816100282789, 0.21750028143298752, 0.21824470010718855, 0.21898174890118682, 0.21753979454077937, 0.21816138907016414, 0.2177164858741461, 0.21827887182783587, 0.21783693689636444, 0.21830018514620578, 0.21875269980059944, 0.21854992832477413, 0.21810246831592767, 0.21886388879510485, 0.21809454319326207, 0.22042932483117941, 0.2189001872700238, 0.21826823119274466, 0.21827809146662253, 0.21763616923984636, 0.2184583061408662, 0.21833474694285782, 0.21863865679147457, 0.21778138464444979, 0.21786362217640967, 0.2184211656111269, 0.21806777383479539, 0.21809672910300548]}}