{"low_val_loss": 0.13371177856116773, "params": {"verbose": 1, "nb_epoch": 1000, "batch_size": 32, "metrics": ["loss", "acc", "val_loss", "val_acc"], "nb_sample": 94030, "do_validation": true}, "results": {"acc": [0.9434223120331473, 0.9453897692276596, 0.94729341699457625, 0.94793151121982344, 0.94795278102733171, 0.94858024034882482, 0.94863341486759545, 0.94905881101776024, 0.94956928640810034, 0.94943103264915452, 0.9496543656279911, 0.9501223013982435, 0.9501435712006806, 0.9501435712006806, 0.95052642774597118, 0.95072849090715728, 0.95068595129214084, 0.95032436456957181, 0.9507923003398242, 0.95095182389106492, 0.95094118899238189, 0.9511113474473768, 0.9508667446661031, 0.95110071253855155, 0.95070722110472017, 0.95077103052217382, 0.95140912474742101, 0.95143039456000045, 0.95113261725488496, 0.95127087099861751, 0.95096245878974794, 0.95129214080612567, 0.95104753802104869, 0.95126023609486332, 0.95122833138867213, 0.95091991917599927, 0.95086674465596088, 0.95113261724981391, 0.95101563331866079, 0.95126023609486332, 0.95112198234605971, 0.95083483994976958, 0.95097309369857319, 0.95104753802104869, 0.95100499840476449, 0.9508242050460155, 0.95114325215990692, 0.95115388706239323, 0.95119642667233861, 0.95118579177872675, 0.95133468042114222, 0.95119642667233861, 0.9514622992712628, 0.95121769647984689, 0.95119642667233861, 0.95122833138360097, 0.95129214081119684, 0.95114325215356799, 0.95156864830880394, 0.95121769648491794, 0.95110071254362261, 0.95111134744230563, 0.95136658513240457, 0.95144102945868336, 0.95123896629242621, 0.95107944273104328, 0.95151547378496226, 0.95140912475249217, 0.95135595023372155, 0.95144102945868336, 0.95110071254362261, 0.95110071253855155, 0.95109007763986853, 0.9513453153248963, 0.9514197596511752, 0.95136658513240457, 0.95119642667233861, 0.95147293416994572, 0.95130277570987987, 0.95131341061363395, 0.95135595022865038, 0.95156864830880394, 0.95104753801978092, 0.95130277570987987, 0.95166436243751995, 0.95128150590237159, 0.95137722003615866, 0.95116452196107626, 0.95124960119110924, 0.95124960119110924, 0.95124960119618029, 0.95126023609486332, 0.9514197596511752, 0.95157928320748697, 0.95126023609993449, 0.95116452196107626, 0.95105817292860617, 0.95127087099861751, 0.95122833138867213, 0.95136658513747563, 0.95107944273611444, 0.95121769648491794, 0.95138785493991285, 0.95136658513747563, 0.95140912474742101, 0.95149420397745399, 0.95102626821227265, 0.95170690205253639, 0.95149420397745399, 0.95133468042114222, 0.9516218228225034, 0.9515580133999787, 0.95128150590744265, 0.95124960119618029, 0.95140912474742101, 0.95164309263001168, 0.95121769648491794, 0.95133468042748104, 0.95115388705732218, 0.95135595023372155, 0.95147293416994572, 0.95139848985380915, 0.95133468042621327, 0.95146229926619164, 0.95160055301626301, 0.95150483888120807, 0.95129214080612567, 0.95126023609486332, 0.95115388706239323, 0.95131341061870511, 0.95136658514254679, 0.95144102946375453, 0.95152610868871634, 0.95150483888627924, 0.95173880676379874, 0.95141975965624626, 0.95110071253855155, 0.95171753695629058, 0.95144102945868336, 0.9516749973425418, 0.9516324577262576], "loss": [0.18916180782383787, 0.14492810703358422, 0.14257679797489503, 0.14138170569742106, 0.1406371272824436, 0.14001077658478078, 0.13925959395212428, 0.13860926827082834, 0.13783675181945562, 0.13716345300897362, 0.13672306577060073, 0.1361400920636639, 0.13562639486541853, 0.13520042648895311, 0.1352174505697569, 0.13519636247226638, 0.13491958962258388, 0.13493679671810876, 0.13479946020843628, 0.13472760459419059, 0.13468247273177983, 0.13457844824812759, 0.13470781678045657, 0.13469307842542297, 0.13444259590536156, 0.13447598387532497, 0.13439893085760321, 0.13441908750257175, 0.13450957074607672, 0.13431938063588236, 0.13454109580226034, 0.13434120882914621, 0.13434563205145297, 0.13428494071473621, 0.13441775474005224, 0.13439037620793071, 0.13443108974110823, 0.13435849867405364, 0.13414823264152995, 0.13428846438834607, 0.13436553199543455, 0.13445483979697836, 0.13442363448311873, 0.13441038672057262, 0.13428261088363658, 0.13444116432007785, 0.1344102627312796, 0.13428995586621892, 0.13443512339648095, 0.13421678017437819, 0.13425171563397262, 0.13416627871600995, 0.1342682044353686, 0.13440469525790899, 0.13431124491307073, 0.13424878292000447, 0.13440482711254453, 0.13405651802278909, 0.13422269677527596, 0.13428218100351894, 0.13414122999700145, 0.13436474442001822, 0.13439805024366588, 0.1342085890250074, 0.13420751792667243, 0.13428685130369411, 0.13434265782080229, 0.13410285642448036, 0.13416526331066592, 0.13427289042926513, 0.13424704588753966, 0.13418482891849973, 0.13419477614483705, 0.13428191681296714, 0.1341440654434537, 0.13407590383435772, 0.13411884685651643, 0.13415135506718423, 0.13407430931934489, 0.13417925056508662, 0.13426916629510219, 0.13414245010702761, 0.13408271040421565, 0.13405983883510761, 0.13417705966207838, 0.13407185603034988, 0.13407765853617987, 0.1341458900352954, 0.13416532286226204, 0.13415626500589878, 0.13412466896926672, 0.13418323341061761, 0.13418106653392917, 0.13414942969486957, 0.13400862810951616, 0.13420006174375868, 0.13416948823533031, 0.13409257741934388, 0.13414791493302114, 0.13410783279998167, 0.13406566504746006, 0.13426316982775208, 0.13412638039668973, 0.13410978475321128, 0.13408803173335807, 0.13401189528965865, 0.13397514710943079, 0.13412747147881224, 0.13392220283178533, 0.13417581498256823, 0.13400852985899589, 0.13410345674627616, 0.13399613524172949, 0.1340680772315235, 0.13397739973435449, 0.13404362350603241, 0.13415897669601248, 0.13393139249147867, 0.13404862058520203, 0.13407592815179134, 0.1339726424728773, 0.1341111311776377, 0.13402681399485816, 0.13404732493216798, 0.13415423134223181, 0.13394176786357193, 0.13389161262095869, 0.13404753969541119, 0.13404624783351271, 0.13408564254158192, 0.13402433230035624, 0.13399944596628832, 0.13407144743351337, 0.13398009861205265, 0.13396053823079757, 0.13402374985559587, 0.13405641937216559, 0.13393553515327086, 0.13406768793785534, 0.13389140009582137, 0.13397382840753477],