{"low_val_loss": 0.21936327548197848, "params": {"verbose": 1, "nb_epoch": 1000, "batch_size": 32, "metrics": ["loss", "acc", "val_loss", "val_acc"], "nb_sample": 29058, "do_validation": true}, "results": {"acc": [0.83990639410833501, 0.86031385504852365, 0.89211232706999799, 0.89548489228439676, 0.89799710922981624, 0.89772179778374284, 0.89875421570651803, 0.89937366646018313, 0.90016518686764402, 0.90030284259068072, 0.90016518686764402, 0.90033725652143992, 0.90054374010599492, 0.90047491224447651, 0.90068139582903162, 0.90061256796751321, 0.90123201872117831, 0.90016518686764402, 0.90078463762130911, 0.90092229334434581, 0.90192029733636181, 0.90102553513662331, 0.90078463762130911, 0.90075022369054991, 0.90078463762130911, 0.9013352605134558, 0.90064698189827241, 0.9018170555440842, 0.90119760479041922, 0.90140408837497421, 0.90030284259068072, 0.90126643265193751, 0.90150733016725171, 0.90068139582903162, 0.90078463762130911, 0.90085346548282741, 0.90068139582903162, 0.90130084658269671, 0.90071580975979071, 0.90085346548282741, 0.90143850230573341, 0.90075022369054991, 0.90092229334434581, 0.90030284259068072, 0.90161057195952921, 0.90078463762130911, 0.9020923669901576, 0.90078463762130911, 0.90095670727510502, 0.90044049831371742, 0.90030284259068072, 0.90136967444421501, 0.90068139582903162, 0.90057815403675412, 0.90061256796751321, 0.90013077293688482, 0.90075022369054991, 0.90081905155206832, 0.90112877692890081, 0.90143850230573341, 0.90068139582903162, 0.90099112120586411, 0.90047491224447651, 0.90164498589028841, 0.90040608438295822, 0.90116319085966001, 0.90068139582903162, 0.90026842865992152, 0.90054374010599492, 0.90109436299814161, 0.90033725652143992, 0.90013077293688482, 0.90050932617523571, 0.90071580975979071, 0.90092229334434581, 0.90040608438295822, 0.90102553513662331, 0.90102553513662331, 0.90085346548282741, 0.90085346548282741, 0.90033725652143992, 0.90044049831371742, 0.90154174409801091, 0.90092229334434581, 0.90119760479041922], "loss": [0.39781722876249254, 0.26461674362704107, 0.24256552648655899, 0.23467206270665686, 0.23075974303468783, 0.22849981439311357, 0.22725739908141257, 0.2263163892464182, 0.22558871038210385, 0.22505132200828293, 0.22468427936818613, 0.22453597471065667, 0.22423213553970098, 0.22415433664584014, 0.22390710544878276, 0.22383174589417235, 0.22361186224900834, 0.22349797634018498, 0.22339619381891834, 0.22341973388677691, 0.22323880039560087, 0.22334510387343956, 0.22311734874641193, 0.22329004709336103, 0.22329805991215909, 0.22300527191608918, 0.22315235440372821, 0.22321111662169116, 0.22302157250871119, 0.22303567523678644, 0.22304056616154772, 0.2230564748578738, 0.22291832913634549, 0.2231441898965911, 0.22299675132174954, 0.22308459781149773, 0.22293027095400247, 0.22308022145032733, 0.22297936246924421, 0.22277825748280866, 0.2229850194535527, 0.2229785486092726, 0.22295505998743523, 0.2229371722404295, 0.2229624915440106, 0.22284017751562971, 0.22274533130874144, 0.22297823952376469, 0.22289807887224691, 0.22298438703699211, 0.22285154961745438, 0.22277971041474129, 0.22280962768989168, 0.22281913194630612, 0.22269590996870919, 0.22299220842651019, 0.22279054221615871, 0.22278700978070512, 0.22277460871416258, 0.22277613041563613, 0.22287924901082443, 0.22264002100686331, 0.22265215203179725, 0.22271212694428155, 0.22278882417374266, 0.22276505552423542, 0.2227290099352994, 0.22269164761559782, 0.22283881234198807, 0.22266939064714475, 0.22257999608034079, 0.222674263980845, 0.22279062864395452, 0.22273430257976173, 0.22264058580017604, 0.22267462342397218, 0.22280164153314294, 0.2227126449616792, 0.2225347976062145, 0.2227592557559458, 0.22269916766520517, 0.22274720837878187, 0.22278075334833627, 0.22283814898032153, 0.22272490901656239], "val_acc": [0.83606895842861806, 0.88541344079216211, 0.89356870039385317, 0.89583978535307685, 0.8982141014468108, 0.89666563442915825, 0.8982141014468108, 0.89811087031230064, 0.89842056371583112, 0.89893671938838193, 0.90100134207858529, 0.89862702598485145, 0.89976256846446323, 0.89965933732995307, 0.89965933732995307, 0.89965933732995307, 0.89976256846446323, 0.89986579959897339, 0.90058841754054464, 0.90079487980956496, 0.89965933732995307, 0.90089811094407513, 0.90213688455819718, 0.89996903073348367, 0.90089811094407513, 0.9015174977511361, 0.90038195527152431, 0.90027872413701415, 0.90089811094407513, 0.89934964392642258, 0.90038195527152431, 0.89883348825387177, 0.89873025711936161, 0.89955610619544291, 0.89883348825387177, 0.90007226186799383, 0.89965933732995307, 0.89965933732995307, 0.90058841754054464, 0.89955610619544291, 0.89934964392642258, 0.90058841754054464, 0.90089811094407513, 0.90089811094407513, 0.89996903073348367, 0.89965933732995307, 0.90079487980956496, 0.90048518640603448, 0.90089811094407513, 0.90007226186799383, 0.89955610619544291, 0.89965933732995307, 0.89965933732995307, 0.90038195527152431, 0.89986579959897339, 0.90089811094407513, 0.90058841754054464, 0.89965933732995307, 0.90038195527152431, 0.89914318165740226, 0.89934964392642258, 0.90079487980956496, 0.89945287506093274, 0.90007226186799383, 0.9006916486750548, 0.9006916486750548, 0.89873025711936161, 0.89955610619544291, 0.89914318165740226, 0.90048518640603448, 0.89945287506093274, 0.90027872413701415, 0.89883348825387177, 0.89914318165740226, 0.90079487980956496, 0.89965933732995307, 0.90110457321309545, 0.90079487980956496, 0.90048518640603448, 0.90038195527152431, 0.90100134207858529, 0.90007226186799383, 0.89965933732995307, 0.89945287506093274, 0.90141426661662594], "val_loss": [0.29240275318437753, 0.24786857974975979, 0.23550572062567487, 0.22936638997744835, 0.22686545904470054, 0.22499258593347796, 0.22396077237361059, 0.22274139614263727, 0.22302039683978847, 0.22208714833431376, 0.22171063238934269, 0.2210295857894134, 0.22031307471195979, 0.22035313015618141, 0.22044627140633299, 0.22043947966411115, 0.22044281564753676, 0.22034535171619643, 0.22065433835520568, 0.2199734852104053, 0.22028865682964319, 0.21991141523334823, 0.22082135594455995, 0.2198098863446086, 0.2205513798533375, 0.22018185156693926, 0.22141762188409544, 0.22100582073701355, 0.21992432133410877, 0.22068400315065878, 0.22122332918591034, 0.22006002024525248, 0.22084461355450549, 0.2203480570268567, 0.22012104224319415, 0.22008696351982165, 0.22066510071926249, 0.22066373956194846, 0.21955071647334323, 0.22090394401299249, 0.21937663842862121, 0.21992951436494174, 0.22053972193672275, 0.22098389257768908, 0.22056929205819353, 0.22010469932889401, 0.22134814888032781, 0.2206435292648484, 0.22046111286443318, 0.21980849624947643, 0.2197340909105909, 0.22050799493869908, 0.22051476499755476, 0.21982960994427966, 0.2199528956789836, 0.21965546677869896, 0.21982891740254529, 0.21953777839515531, 0.21936327548197848, 0.22041195310453052, 0.22009836201132715, 0.21989334465808344, 0.22064512789009452, 0.22020553314699359, 0.21988341008606521, 0.21979840928781902, 0.22020652163837229, 0.22045480811498699, 0.22059905200449073, 0.21966908414801711, 0.2195634320170638, 0.22010010457191476, 0.22167273442467336, 0.2201521875467711, 0.21985815514520901, 0.21995753008624994, 0.21974528371777047, 0.21992462380599148, 0.21976401178696778, 0.21995356432225197, 0.22090229300678829, 0.21940209986908316, 0.22000125507716733, 0.22078582097455987, 0.22010710505960748]}}