{"low_val_loss": 0.13379039130477408, "params": {"verbose": 1, "nb_epoch": 1000, "batch_size": 32, "metrics": ["loss", "acc", "val_loss", "val_acc"], "nb_sample": 94030, "do_validation": true}, "results": {"acc": [0.94353929596937147, 0.94612357758669396, 0.94861214506008718, 0.94930341380917616, 0.94949484207675039, 0.95001595235563119, 0.95063277677844127, 0.95020738063334764, 0.95038817399209652, 0.95082420504221221, 0.95081357014226142, 0.9505476975484084, 0.95060087206210786, 0.95057960225459959, 0.95043071360711306, 0.95085610975220669, 0.95083483994976958, 0.95099436351115252, 0.95066468148970373, 0.95107944273738221, 0.95138785493991285, 0.95129214081119684, 0.95127087100368857, 0.95137722003742642, 0.95100499840476449, 0.95120706157609269, 0.95118579177365559, 0.95171753696136163, 0.95113261725108167, 0.95172817186004466, 0.95132404552753025, 0.95152610868871634, 0.9513878549449839, 0.95176007657637818, 0.95168563225517044, 0.95193023503644403, 0.95139848984366693, 0.95173880676379874, 0.95127087099988528, 0.95144102945868336, 0.95156864830500065, 0.95181325109007764, 0.95161118792382049, 0.95167499734127403, 0.9515580133999787, 0.95164309263508284, 0.95160055301499524, 0.95184515580767892, 0.95145166436243755, 0.95184515580641116, 0.95144102945868336, 0.95172817186004466, 0.95185579071016524, 0.95151547378496226, 0.95166436244259101, 0.95185579071016524, 0.95153674359754159, 0.95154737850129578, 0.95176007657637818, 0.95195150483888125, 0.95156864830373289, 0.9516005530200663, 0.95191960013268995, 0.95172817186004466, 0.95165372753883692, 0.95136658513240457, 0.95154737849622462, 0.95161118792382049, 0.95148356908384213, 0.95166436243751995, 0.95182388599509948, 0.95155801340504986, 0.9519089652238647, 0.95174944166755293, 0.9517707114750612], "loss": [0.18625485039459039, 0.14390171946527652, 0.14028458831479013, 0.13890380577801212, 0.13817402197428996, 0.13744727041333435, 0.13704414562184825, 0.13687845261587839, 0.13657786680050102, 0.13637087581564133, 0.13620427744884028, 0.13595394039900774, 0.13588563943576726, 0.13564525597303786, 0.13556753752837722, 0.13546592751134587, 0.13535444943128741, 0.1352133942527694, 0.13535346516672378, 0.13516805083095224, 0.13506697985427527, 0.13495815094830976, 0.13494615087838904, 0.13472981056982719, 0.13464934238265655, 0.13437974225857671, 0.13443005905593314, 0.13438499356066053, 0.13424273557571936, 0.13415085011392935, 0.1341899850419718, 0.13393373848731932, 0.13380152283339986, 0.13375073605986917, 0.13364010658636127, 0.13358134051263301, 0.13344637473341342, 0.13355346428568943, 0.13339869287829698, 0.13344569245396326, 0.13342780401785806, 0.13336763504171933, 0.13329629828945622, 0.13335029906057924, 0.13335063183506055, 0.13329702207639751, 0.13340661885551802, 0.13323299845558373, 0.13327292957249365, 0.13324532644676804, 0.13338022926640258, 0.13326405833368224, 0.13334029786043899, 0.13328266348949294, 0.13335334124317147, 0.13334940921055261, 0.13345218057152211, 0.13327648792604835, 0.13320465314014915, 0.13328086938865513, 0.13335925161467707, 0.13331854538684015, 0.13326039772397924, 0.1332098395307432, 0.1331876181875038, 0.13327237939552988, 0.13321044479664065, 0.13317122706311643, 0.13332239491951209, 0.1333017177209472, 0.13327396933599875, 0.13316150852911374, 0.13327918880644168, 0.13323968118233945, 0.13331590075171412], "val_acc": [0.94448698315467072, 0.94841117917304751, 0.94809213884635013, 0.95007018887187344, 0.95016590096988263, 0.95032542113323126, 0.94987876467585508, 0.95188871873404801, 0.95182491066870856, 0.95150587034201128, 0.9504849412965799, 0.95185681470137828, 0.95153777437468101, 0.9524629913221031, 0.95208014293006638, 0.95141015824400199, 0.95109111791730472, 0.9524629913221031, 0.95233537519142419, 0.95230347115875447, 0.95230347115875447, 0.95290964777947929, 0.95217585502807556, 0.95192062276671774, 0.95141015824400199, 0.95208014293006638, 0.95156967840735074, 0.95144206227667172, 0.95287774374680956, 0.95198443083205719, 0.95179300663603883, 0.95284583971413983, 0.9517611026033691, 0.95128254211332308, 0.95297345584481874, 0.95230347115875447, 0.95297345584481874, 0.95243108728943338, 0.95284583971413983, 0.9528139356814701, 0.95329249617151612, 0.95262251148545174, 0.95230347115875447, 0.95316488004083721, 0.95265441551812147, 0.95105921388463499, 0.95214395099540583, 0.95268631955079119, 0.95306916794282792, 0.95300535987748847, 0.95188871873404801, 0.9532605921388464, 0.9524629913221031, 0.95275012761613065, 0.95252679938744256, 0.95338820826952531, 0.95243108728943338, 0.95249489535477283, 0.9504849412965799, 0.95265441551812147, 0.95310107197549765, 0.95284583971413983, 0.95259060745278201, 0.95303726391015819, 0.95188871873404801, 0.95112302194997445, 0.95278203164880038, 0.9521120469627361, 0.95243108728943338, 0.95198443083205719, 0.95134635017866254, 0.95169729453802965, 0.95300535987748847, 0.95182491066870856, 0.95252679938744256], "val_loss": [0.14777064108351107, 0.14194027747485394, 0.14113598098600927, 0.13908086167748271, 0.13860147824818045, 0.13840620287405464, 0.13795619895524855, 0.13827487332114094, 0.1370684277302395, 0.13708910961778509, 0.13682700852583476, 0.13672108880532768, 0.13669610691825884, 0.1364481822987367, 0.13602124285589925, 0.13651990455029994, 0.13590396087732681, 0.13710850500988986, 0.13540160474750143, 0.13532123981674085, 0.13513334847952468, 0.13627835877254918, 0.13504657253809368, 0.13530680300946471, 0.13569818216225302, 0.13521042575982684, 0.13599359177361039, 0.13565122917952466, 0.13469750317780566, 0.13496860347577905, 0.13499801594054686, 0.1360497527649781, 0.13465352846673703, 0.13426985956382362, 0.13448442129352647, 0.1348167465863756, 0.13415810859449789, 0.134576962097924, 0.13457201979674052, 0.13439165379694221, 0.13447922238278534, 0.13494628747794901, 0.13453320022472745, 0.13515898516860891, 0.13454596497186933, 0.13490882301593751, 0.13403581147191018, 0.13412341099154468, 0.13379039130477408, 0.13406019311848955, 0.13411052112199934, 0.13454011206635411, 0.13411529023616731, 0.13446167194497957, 0.13442740809874093, 0.13555794578538127, 0.13449365010788364, 0.13433571440805245, 0.1347659499826116, 0.13447304712841407, 0.13396658879885903, 0.1346868781792214, 0.1340583607900532, 0.1344482350757896, 0.13469943725477834, 0.13408272362096904, 0.13455698232776417, 0.13511546382479914, 0.13417602991737565, 0.13441402532137461, 0.1351763582662425, 0.13560252633248135, 0.13421195784261361, 0.1344401169912495, 0.13487009220719035]}}