{"low_val_loss": 0.13627083236546525, "params": {"verbose": 1, "nb_epoch": 1000, "batch_size": 32, "metrics": ["loss", "acc", "val_loss", "val_acc"], "nb_sample": 94030, "do_validation": true}, "results": {"acc": [0.94337977241052406, 0.94395405721578218, 0.94646389450682589, 0.94703817930954837, 0.9475061150747297, 0.94800595554610234, 0.94822928853000998, 0.94851643092630011, 0.94853770073380839, 0.94883547803892376, 0.94877166862147011, 0.94919706476656385, 0.94917579495905557, 0.94909071573409376, 0.949633095825554, 0.9495799213017122, 0.94981388919444509, 0.94977134956928644, 0.94963309582048283, 0.95028182494948421, 0.94993087312559821, 0.94952674678801274, 0.9501223013982435, 0.95013293630199758, 0.9498670637030735, 0.9499096033231611, 0.9501435712006806, 0.94984579390063639, 0.95049452302963777, 0.95027119005080118, 0.95020738062827648, 0.94988833351058177, 0.94975007976177817, 0.95027119004699789, 0.95000531745694816, 0.9502180155269595, 0.9501435712006806, 0.95022865043071358, 0.95035626928083416, 0.95000531745821593, 0.95002658725938527, 0.95031372966074656, 0.95017547592208518, 0.95006912687440181, 0.95027119005080118, 0.95005849197064762, 0.95029245985830946, 0.95028182494948421, 0.95037753908834244, 0.95004785707323247, 0.95051579283207488, 0.94996277783686056, 0.9501861108207682, 0.95001595235563119, 0.95031372966581773, 0.95074976071466555, 0.9503349994695226, 0.95018611081569715, 0.95031372966074656, 0.95056896735591656, 0.95048388812588358, 0.95021801553203056, 0.94994150803442345, 0.95020738062066978, 0.95039880889077955, 0.95011166649448942, 0.95032436456957181, 0.95031372967088878, 0.95023928533953883, 0.95049452302963777, 0.95032436457083957, 0.95013293630199758, 0.95040944379960479, 0.95001595236070235, 0.95024992023822186, 0.95009039668190998, 0.95048388812081253, 0.95035626927703087, 0.95018611081569715, 0.9505476975484084, 0.9501861108207682, 0.95029245985830946, 0.9505476975484084], "loss": [0.20327453857772493, 0.14937187899904442, 0.14473296201579003, 0.14296553073018889, 0.14186074458023823, 0.14097846857343699, 0.1406631713295495, 0.14018077735179893, 0.13989560891160316, 0.13949187479253197, 0.13932182507338478, 0.1390491204067873, 0.13877102176634146, 0.13865556082015063, 0.13835891201707082, 0.13802365162755015, 0.13811727199867077, 0.13799535731902765, 0.13789296774588836, 0.13762762017760438, 0.13766697784666873, 0.13755357159850548, 0.13733549736686607, 0.13746232237826506, 0.13736021010628865, 0.13744056733963173, 0.13722677896371563, 0.13719410683868996, 0.13720286695434605, 0.13725650965783948, 0.13718473148050556, 0.13724028915079695, 0.13727336300624746, 0.13714730775741063, 0.13722850492815, 0.1370785303473295, 0.13710626591360278, 0.13710317063379779, 0.13718287517520375, 0.13702849803212525, 0.13721665253498846, 0.13713932646172841, 0.13712528504634885, 0.13703567431155106, 0.13711911488102937, 0.13711446996635229, 0.1370542263957423, 0.13717815670040481, 0.13707938915989976, 0.13702174075740989, 0.1370545424078039, 0.13713946393203205, 0.13715657253148364, 0.13719238695535718, 0.13708649870088654, 0.13702223132251837, 0.13706163578191033, 0.13698952433074851, 0.13704148818068521, 0.13707759714051787, 0.13696884856723057, 0.13689080202508502, 0.13705158439371468, 0.13697467722291073, 0.13690364946461964, 0.13693381175771238, 0.1369445444189791, 0.13705467872640928, 0.13693077330112355, 0.13695922880670713, 0.13700859360091802, 0.13706764019538428, 0.13705716781713576, 0.13689940091708638, 0.136934133824688, 0.13700231321533982, 0.13691677659041612, 0.13696704673682147, 0.13697773999297136, 0.13688325991684308, 0.13685109852844385, 0.13694752924723486, 0.1368798443688036], "val_acc": [0.94448698315467072, 0.94799642674834095, 0.94809213884635013, 0.94876212353241451, 0.94917687595712097, 0.94924068402246042, 0.95003828483920372, 0.95019780500255235, 0.95077207759060745, 0.94866641143440533, 0.95080398162327717, 0.95061255742725881, 0.9508358856559469, 0.95000638080653399, 0.95121873404798363, 0.95029351710056154, 0.95141015824400199, 0.95070826952526799, 0.95147396630934145, 0.9511868300153139, 0.95112302194997445, 0.95150587034201128, 0.95096350178662581, 0.95099540581929554, 0.95121873404798363, 0.95147396630934145, 0.95172919857069938, 0.95102730985196526, 0.95185681470137828, 0.95010209290454317, 0.95109111791730472, 0.95147396630934145, 0.95121873404798363, 0.95131444614599281, 0.9517611026033691, 0.95029351710056154, 0.95201633486472692, 0.95153777437468101, 0.95290964777947929, 0.95214395099540583, 0.95198443083205719, 0.95172919857069938, 0.95115492598264417, 0.95112302194997445, 0.95192062276671774, 0.95172919857069938, 0.95096350178662581, 0.95223966309341501, 0.95115492598264417, 0.95128254211332308, 0.95147396630934145, 0.95067636549259826, 0.95169729453802965, 0.9511868300153139, 0.95112302194997445, 0.95185681470137828, 0.95208014293006638, 0.95217585502807556, 0.95182491066870856, 0.95249489535477283, 0.95239918325676365, 0.95128254211332308, 0.95099540581929554, 0.9517611026033691, 0.95185681470137828, 0.95153777437468101, 0.95160158244002047, 0.95156967840735074, 0.95223966309341501, 0.95089969372128635, 0.95153777437468101, 0.95112302194997445, 0.95198443083205719, 0.95147396630934145, 0.95058065339458908, 0.95105921388463499, 0.95204823889739665, 0.95198443083205719, 0.95160158244002047, 0.95220775906074528, 0.95134635017866254, 0.95096350178662581, 0.95105921388463499], "val_loss": [0.15403261419619571, 0.14567255784794042, 0.14355529031244207, 0.14266147693660017, 0.1415262419412853, 0.1410627936665777, 0.13987642003108253, 0.14020704772397533, 0.13956034340576715, 0.1402254501892983, 0.13903487813357129, 0.13935256922439754, 0.13862881977957325, 0.13863226997458308, 0.13838382375071462, 0.13891528335824463, 0.13743385624838397, 0.13760304152147845, 0.1374713420114875, 0.13722331816784092, 0.13723949132836127, 0.13749100480299023, 0.13752207941850605, 0.13743077946285803, 0.13707224650649832, 0.13720251521121304, 0.13725958643419334, 0.13755172718983788, 0.13697367069093228, 0.13736425797897617, 0.13719619605490571, 0.13686818347872065, 0.1367084248302359, 0.13775216117349129, 0.13677647991858008, 0.13771630589141415, 0.13653203655146501, 0.13712540791940939, 0.13762525702774858, 0.13699307830575444, 0.13706023885377394, 0.13692968650119625, 0.13708829349967033, 0.13709153195594939, 0.13729180556005546, 0.13669057660215572, 0.13776441626897298, 0.13741684947856961, 0.13661458566613713, 0.13711784330670659, 0.13663930169317628, 0.13759964639763098, 0.13658231135786736, 0.13699492801697721, 0.13787800788445823, 0.13663251421425249, 0.13627083236546525, 0.13743759436992098, 0.13648356003434819, 0.13718159247005302, 0.13697110644183699, 0.13682242328393301, 0.13719592242292022, 0.13709326336495939, 0.13663373575766913, 0.13706337620426709, 0.13662397031134613, 0.13678800381982492, 0.13760048149685095, 0.13738628123820801, 0.13720111209079586, 0.13753504021689411, 0.13659443718159212, 0.13662801969049079, 0.13688524882915282, 0.13713908411615688, 0.13721939727793306, 0.13665690504759931, 0.13711340804719815, 0.13654666512466743, 0.13676339167019522, 0.13702917167457651, 0.13711382050852558]}}