{"low_val_loss": 0.21694189438057399, "params": {"verbose": 1, "nb_epoch": 1000, "batch_size": 32, "metrics": ["loss", "acc", "val_loss", "val_acc"], "nb_sample": 29058, "do_validation": true}, "results": {"acc": [0.83911487370087412, 0.84885401610571964, 0.88681258173308553, 0.89314474499277308, 0.89682703558400445, 0.89868538784499963, 0.89985546149081153, 0.90123201872117831, 0.90136967444421501, 0.9025053341592677, 0.9028150595361002, 0.9019547112671209, 0.9021956087824351, 0.90240209236699021, 0.9026085759515452, 0.90150733016725171, 0.90315919884369189, 0.90340009635900609, 0.903365682428247, 0.90315919884369189, 0.903365682428247, 0.9026085759515452, 0.90329685456672859, 0.90278064560534099, 0.90367540780507949, 0.9023332645054718, 0.9024365062977493, 0.9031247849129328, 0.9022988505747126, 0.9029527152591369, 0.9028838873976186, 0.90377864959735699, 0.90333126849748779, 0.9032280267052103, 0.9028838873976186, 0.90302154312065519, 0.9032280267052103, 0.90278064560534099, 0.9028838873976186, 0.90384747745887539, 0.90326244063596939, 0.9032280267052103, 0.90278064560534099, 0.90353775208204279, 0.90364099387432029, 0.9024709202285085, 0.90370982173583869, 0.90278064560534099, 0.9028494734668594, 0.90240209236699021, 0.9030903709821736, 0.90346892422052449, 0.90326244063596939, 0.90350333815128359, 0.90240209236699021, 0.90267740381306349, 0.90305595705141439, 0.90267740381306349, 0.90302154312065519, 0.9028838873976186, 0.902574162020786, 0.90374423566659778, 0.9031247849129328, 0.9031247849129328, 0.90319361277445109, 0.9032280267052103, 0.90329685456672859, 0.9029871291898961, 0.90391630532039369, 0.9029871291898961, 0.9030903709821736, 0.90326244063596939, 0.9029871291898961, 0.90319361277445109, 0.9026429898823044, 0.90329685456672859, 0.9028494734668594, 0.90405396104343039, 0.9028150595361002, 0.90329685456672859, 0.90326244063596939, 0.9026429898823044, 0.9032280267052103, 0.90360657994356119, 0.90343451028976529, 0.90346892422052449], "loss": [0.41375025207370003, 0.28134750173901446, 0.24865164658069708, 0.23732707126963373, 0.23197046810737634, 0.22873430263069788, 0.22670223341402343, 0.22520066228209265, 0.22437437729633997, 0.22376870699583257, 0.2233250231869707, 0.22304473764119059, 0.22280007652680422, 0.22253529441414913, 0.22241649203676411, 0.22221495506604119, 0.22219522187333859, 0.22190847466782149, 0.22189727059469141, 0.22185690226763441, 0.22176423799524747, 0.2216843895419793, 0.22159279219027239, 0.22162344901358993, 0.22155855463863741, 0.22156790488498473, 0.22133985491151179, 0.2213542335634345, 0.22128945011028905, 0.2213405212357315, 0.22123050847851916, 0.22094303776896396, 0.2211554535653785, 0.22092546172318517, 0.22098766135097872, 0.22072214208365357, 0.22095049280073023, 0.22087100957411271, 0.22085699585301474, 0.22077416520960866, 0.22061408495500551, 0.22079063876355676, 0.22081506108058496, 0.22068401142673807, 0.22055657685554722, 0.22049492516027533, 0.22050775554713425, 0.22041106274315198, 0.22034678471003077, 0.2204099017908783, 0.22020691519483776, 0.22023130687728901, 0.22022276321513595, 0.22023530660269061, 0.22009449474468917, 0.22017811895005512, 0.22010547655895921, 0.22006960376500734, 0.22007903724578581, 0.22002635924820563, 0.22002485021359086, 0.2199975538457061, 0.22008747874693563, 0.21993592064094367, 0.21987202755676225, 0.22008497466879542, 0.21991844315991299, 0.21993119587139873, 0.21987692742331635, 0.2200717342040176, 0.21975140603921625, 0.21993270658956063, 0.21992306437265668, 0.21974990832947502, 0.21993459910372926, 0.21975395622747107, 0.2196263572790477, 0.21975799647287242, 0.21968877431415743, 0.21982969768984828, 0.21983164141909847, 0.21976274915078128, 0.21973448621938724, 0.21956364400532433, 0.21962023120953217, 0.21969937881906992], "val_acc": [0.83606895842861806, 0.87581294516580843, 0.88985237957609931, 0.89253638907336375, 0.89645917216013793, 0.89738825237072939, 0.89873025711936161, 0.89976256846446323, 0.90017549300250399, 0.90027872413701415, 0.90141426661662594, 0.90110457321309545, 0.90038195527152431, 0.90203365342368702, 0.90244657796172767, 0.90162072888564626, 0.90234334682721751, 0.90254980909623783, 0.90131103548211577, 0.90265304023074799, 0.90162072888564626, 0.90193042228917686, 0.90213688455819718, 0.90203365342368702, 0.90285950249976832, 0.90347888930682929, 0.90254980909623783, 0.90131103548211577, 0.90306596476878864, 0.90306596476878864, 0.90162072888564626, 0.90337565817231913, 0.90358212044133945, 0.90378858271035989, 0.90110457321309545, 0.9031691959032988, 0.90285950249976832, 0.90213688455819718, 0.90224011569270735, 0.90193042228917686, 0.90275627136525816, 0.90254980909623783, 0.9015174977511361, 0.90213688455819718, 0.90141426661662594, 0.90100134207858529, 0.90141426661662594, 0.90007226186799383, 0.90110457321309545, 0.90213688455819718, 0.90275627136525816, 0.90254980909623783, 0.90306596476878864, 0.90017549300250399, 0.90058841754054464, 0.90306596476878864, 0.90368535157584962, 0.90213688455819718, 0.90110457321309545, 0.90120780434760561, 0.90110457321309545, 0.90213688455819718, 0.90193042228917686, 0.90172396002015642, 0.90162072888564626, 0.90131103548211577, 0.90254980909623783, 0.90358212044133945, 0.89996903073348367, 0.90162072888564626, 0.90079487980956496, 0.90193042228917686, 0.90120780434760561, 0.9015174977511361, 0.90100134207858529, 0.9015174977511361, 0.90058841754054464, 0.90100134207858529, 0.90089811094407513, 0.90162072888564626, 0.90213688455819718, 0.90285950249976832, 0.90203365342368702, 0.90203365342368702, 0.90306596476878864, 0.90027872413701415], "val_loss": [0.31428099890740724, 0.25704772259855069, 0.23992800325558283, 0.23232279691925553, 0.22801535372223614, 0.22507933398401625, 0.22348786350422334, 0.22160743311535183, 0.22062607576102064, 0.22060917558297907, 0.22022888400033616, 0.2201954222591814, 0.21991700844965545, 0.21905373755692081, 0.21855570953229736, 0.21891456850113805, 0.21838101283480316, 0.21795096631339056, 0.21950017251293516, 0.21814235618169356, 0.21824309327991998, 0.21802218580031846, 0.21763962069765708, 0.21823077519587028, 0.21822820743983334, 0.21822620274371576, 0.21755121159297561, 0.21821714958761135, 0.21816117373169472, 0.21915921545181283, 0.21870355368201991, 0.21890919454587285, 0.21809986293703529, 0.21873533938634232, 0.21879607751001032, 0.21735211332183732, 0.21776313468916961, 0.2175317212125521, 0.21842483159828027, 0.21824157697639807, 0.21763805336069617, 0.21810660623625433, 0.21765771576515769, 0.2190798757872961, 0.21793081260901481, 0.21802579271814285, 0.21845539092180763, 0.21766343375003977, 0.21816449860577936, 0.2172813261331783, 0.21769495710347525, 0.21814714796872678, 0.21743275986449248, 0.21824483516674803, 0.21785831456953766, 0.2182436069246538, 0.21741953701368485, 0.21722357711445453, 0.21698593739522085, 0.21694189438057399, 0.21800523834527799, 0.219031472963926, 0.21830844893302417, 0.21791510061360223, 0.21869087434287557, 0.21858367397404435, 0.21928790831597852, 0.2183715162495532, 0.21794745246975417, 0.21765745474948373, 0.21896898199791534, 0.21730635817346033, 0.2178820080772893, 0.21828397371346359, 0.2186823055983402, 0.21749187108962617, 0.21735874394323479, 0.21840432644062666, 0.21791613744338181, 0.21796679838259694, 0.21770931482991898, 0.21782779812665132, 0.21808835275835009, 0.2177484348436326, 0.21895158930473116, 0.21757418643619741]}}