{"low_val_loss": 0.1336015009279912, "params": {"verbose": 1, "nb_epoch": 1000, "batch_size": 32, "metrics": ["loss", "acc", "val_loss", "val_acc"], "nb_sample": 94030, "do_validation": true}, "results": {"acc": [0.94345421674440966, 0.94551738806763796, 0.94671913219692483, 0.94771881314981221, 0.94786770179729873, 0.94832500266379705, 0.94880357332766141, 0.94867595448261188, 0.9489950016003067, 0.94929277890035091, 0.94917579496032345, 0.94945230245666279, 0.94939912793789216, 0.94953738169176682, 0.94975007976684922, 0.95057960225459959, 0.95020738062447319, 0.95018611081569715, 0.9501542061044348, 0.95011166648941825, 0.95045198340955017, 0.95074976071466555, 0.95065404658594954, 0.95070722110472017, 0.95088801446346916, 0.95114325215863915, 0.95076039561841963, 0.95093055407848559, 0.95116452196614742, 0.95130277571495092, 0.95086674465596088, 0.95109007763986853, 0.9508242050460155, 0.95137722003742642, 0.95128150590744265, 0.95120706158116386, 0.95094118898223967, 0.95081357014226142, 0.95096245879481911, 0.9510794427411855, 0.95122833138360097, 0.95096245878974794, 0.9513878549449839, 0.95104753801978092, 0.9513878549449839, 0.95114325215356799, 0.95121769648111465, 0.95107944273611444, 0.95128150590237159, 0.95135595022865038, 0.95128150590744265, 0.95141975966131742, 0.95151547379003332, 0.95085610975220669, 0.95112198234605971, 0.95120706157609269, 0.95097309369350203, 0.95121769647984689, 0.95121769647984689, 0.9514303945650715, 0.95139848984366693, 0.95081357014226142], "loss": [0.19123676858813055, 0.14685899280150316, 0.14325378565703073, 0.14184211758550247, 0.1410093210982247, 0.1402542244515799, 0.13980037476152329, 0.13948928392107443, 0.13896600034586687, 0.13855790239186802, 0.13830381324414712, 0.13797480297078482, 0.13763227321484453, 0.13734577697007741, 0.13702331953028801, 0.13651437817130915, 0.13620279855985762, 0.13595744685427275, 0.13575218742158482, 0.13554386181298669, 0.13522838188919073, 0.13502154318023701, 0.13490255602487766, 0.13487242221179369, 0.13471406568073535, 0.13463338250703386, 0.13461007185947491, 0.13454312314226388, 0.13450416322624406, 0.13444696600074199, 0.13454595506270489, 0.13451212261675977, 0.13434780251976025, 0.13436511009028271, 0.13439790767506693, 0.13428391007163556, 0.1344121429471371, 0.13435482982402278, 0.13438935802488217, 0.13438921614817378, 0.13447418765349234, 0.13448148814145774, 0.13455511590311986, 0.13444882695625834, 0.13439637387824493, 0.13421157785104676, 0.13441423352355716, 0.13426433070538513, 0.13433463339970478, 0.13431246537601493, 0.13422942056270987, 0.13436297614479603, 0.13424581025228796, 0.13431206342642274, 0.13417603235462397, 0.13437306790700887, 0.13435807220426238, 0.13441060608078365, 0.13428286045621737, 0.1345014655373267, 0.13422911165908691, 0.13423684063609909], "val_acc": [0.94448698315467072, 0.94869831546707506, 0.94882593159775397, 0.94946401225114851, 0.94933639612046961, 0.94962353241449715, 0.9501339969372129, 0.95051684532924963, 0.95022970903522208, 0.95080398162327717, 0.95128254211332308, 0.95086778968861663, 0.95074017355793772, 0.95141015824400199, 0.95188871873404801, 0.95045303726391017, 0.95115492598264417, 0.95080398162327717, 0.9521120469627361, 0.9517611026033691, 0.95287774374680956, 0.95220775906074528, 0.95188871873404801, 0.95255870342011228, 0.95239918325676365, 0.95262251148545174, 0.95294155181214901, 0.95179300663603883, 0.95275012761613065, 0.95252679938744256, 0.95243108728943338, 0.95290964777947929, 0.95259060745278201, 0.95278203164880038, 0.95099540581929554, 0.95252679938744256, 0.95236727922409392, 0.95316488004083721, 0.95223966309341501, 0.9524629913221031, 0.95058065339458908, 0.95198443083205719, 0.95354772843287394, 0.95252679938744256, 0.95239918325676365, 0.95297345584481874, 0.95294155181214901, 0.95313297600816749, 0.95297345584481874, 0.95259060745278201, 0.95319678407350694, 0.95223966309341501, 0.95265441551812147, 0.95338820826952531, 0.95262251148545174, 0.95268631955079119, 0.95294155181214901, 0.95319678407350694, 0.95284583971413983, 0.95316488004083721, 0.95310107197549765, 0.95275012761613065], "val_loss": [0.15035330079925674, 0.14373210344450277, 0.14200804126983763, 0.1409637398120242, 0.14012912595991642, 0.14036148433792706, 0.13918109076319146, 0.1395132057939244, 0.13857089926171601, 0.1384148979241018, 0.13785515423063541, 0.13780468732932505, 0.13708556098877744, 0.13676636322245056, 0.13627969705028581, 0.13642231996050899, 0.13633276473287723, 0.13668964245661355, 0.13467860519467659, 0.13465618523101133, 0.13478673889856518, 0.1343496114057415, 0.13458077465966078, 0.13533885559450309, 0.13386638114450383, 0.13410711843347356, 0.13553678178555995, 0.13418689916683374, 0.13367833010662175, 0.13429513919742939, 0.13441720604896545, 0.13503788862113078, 0.13440908738728108, 0.13366264848950385, 0.13512397600283665, 0.1336015009279912, 0.1344079185883843, 0.13439208996302013, 0.1345525881586451, 0.13409485415027358, 0.13528313545292436, 0.1344011844368295, 0.13463728641021488, 0.13438359212326176, 0.13421844092215307, 0.1337752606065572, 0.13383920571085536, 0.13418613660523421, 0.13365652474834791, 0.13430734371910022, 0.13510901691518523, 0.13390139951701063, 0.13456019307351222, 0.13443261253561459, 0.13380701270481193, 0.13410410904261366, 0.13430452849212016, 0.13401576979613505, 0.1344648323127845, 0.13386120830794238, 0.13397250772226124, 0.13490202513795807]}}