{"low_val_loss": 0.21694421187955382, "params": {"verbose": 1, "nb_epoch": 1000, "batch_size": 32, "metrics": ["loss", "acc", "val_loss", "val_acc"], "nb_sample": 29058, "do_validation": true}, "results": {"acc": [0.83956225480074331, 0.84173033243857109, 0.89066694197811269, 0.89689586344552275, 0.89854773212196293, 0.89958015004473812, 0.90006194507536652, 0.90009635900612572, 0.90054374010599492, 0.90013077293688482, 0.90105994906738252, 0.90061256796751321, 0.90050932617523571, 0.90092229334434581, 0.90154174409801091, 0.90092229334434581, 0.90071580975979071, 0.90078463762130911, 0.90068139582903162, 0.90112877692890081, 0.90126643265193751, 0.90050932617523571, 0.90099112120586411, 0.90143850230573341, 0.90116319085966001, 0.90088787941358661, 0.9021267809209168, 0.90164498589028841, 0.9013352605134558, 0.90143850230573341, 0.90116319085966001, 0.90178264161332511, 0.90150733016725171, 0.90157615802877, 0.9021956087824351, 0.9018514694748434, 0.9018514694748434, 0.90136967444421501, 0.90167939982104761, 0.90088787941358661, 0.9020923669901576, 0.90140408837497421, 0.9023332645054718, 0.9018170555440842, 0.90178264161332511, 0.90216119485167601, 0.9018170555440842, 0.90154174409801091, 0.90240209236699021, 0.9018170555440842, 0.90147291623649251, 0.9019547112671209, 0.9020923669901576, 0.9022644366439535, 0.9029871291898961, 0.902367678436231, 0.9013352605134558, 0.90143850230573341, 0.9019547112671209, 0.90150733016725171, 0.90167939982104761, 0.9028150595361002, 0.90154174409801091, 0.9018170555440842, 0.90192029733636181, 0.9019891251978801, 0.9018514694748434, 0.90157615802877, 0.9022300227131943, 0.9019891251978801, 0.9026429898823044, 0.9020923669901576, 0.90174822768256591, 0.9020579530593984, 0.90240209236699021, 0.9022300227131943, 0.9025053341592677, 0.90167939982104761, 0.90143850230573341, 0.9023332645054718, 0.902367678436231, 0.9021267809209168, 0.9020923669901576, 0.902367678436231, 0.90192029733636181, 0.9027118177438227, 0.9018514694748434, 0.90174822768256591, 0.90253974809002679, 0.9020923669901576, 0.9024365062977493, 0.90253974809002679, 0.9022644366439535, 0.9029871291898961, 0.9023332645054718, 0.9022644366439535, 0.9022300227131943, 0.9028838873976186, 0.902367678436231, 0.90240209236699021, 0.9028494734668594, 0.902574162020786, 0.9025053341592677, 0.9028494734668594, 0.90398513318191209, 0.90329685456672859, 0.90302154312065519, 0.9029527152591369, 0.9028150595361002, 0.90253974809002679, 0.90278064560534099, 0.9032280267052103, 0.90364099387432029, 0.90326244063596939, 0.90333126849748779, 0.90326244063596939, 0.90367540780507949, 0.90350333815128359, 0.90353775208204279, 0.90353775208204279, 0.9028150595361002, 0.90395071925115289, 0.903365682428247, 0.90319361277445109, 0.90357216601280199, 0.90326244063596939, 0.90395071925115289, 0.90340009635900609, 0.90315919884369189, 0.90405396104343039, 0.90319361277445109, 0.90305595705141439, 0.90340009635900609, 0.90319361277445109, 0.90343451028976529, 0.90343451028976529, 0.90350333815128359, 0.90370982173583869, 0.90353775208204279, 0.90360657994356119, 0.90374423566659778, 0.90346892422052449, 0.90384747745887539, 0.90343451028976529, 0.9029527152591369, 0.90350333815128359, 0.90374423566659778, 0.90374423566659778, 0.90319361277445109, 0.90370982173583869, 0.90364099387432029, 0.90357216601280199, 0.90333126849748779, 0.90343451028976529, 0.90357216601280199, 0.90384747745887539, 0.90315919884369189, 0.90405396104343039, 0.90343451028976529, 0.90329685456672859, 0.90315919884369189, 0.90319361277445109, 0.90384747745887539, 0.9030903709821736, 0.90333126849748779, 0.90388189138963448, 0.90412278890494868, 0.90426044462798538, 0.90374423566659778, 0.90364099387432029, 0.903365682428247, 0.90377864959735699, 0.90346892422052449, 0.90405396104343039, 0.90384747745887539, 0.903365682428247, 0.90340009635900609, 0.90350333815128359, 0.90353775208204279, 0.90381306352811619, 0.90329685456672859, 0.90374423566659778, 0.90353775208204279, 0.90401954711267118, 0.903365682428247, 0.90315919884369189, 0.90333126849748779, 0.9032280267052103],