{"low_val_loss": 0.21957752978308251, "params": {"verbose": 1, "nb_epoch": 1000, "batch_size": 32, "metrics": ["loss", "acc", "val_loss", "val_acc"], "nb_sample": 29058, "do_validation": true}, "results": {"acc": [0.83990639410833501, 0.88357767224172346, 0.89713676096083694, 0.89792828136829783, 0.89813476495285294, 0.89916718287562802, 0.89978663362929312, 0.89978663362929312, 0.90033725652143992, 0.90078463762130911, 0.90064698189827241, 0.90054374010599492, 0.90126643265193751, 0.90081905155206832, 0.90037167045219901, 0.90092229334434581, 0.90040608438295822, 0.90050932617523571, 0.90061256796751321, 0.90064698189827241, 0.90071580975979071, 0.90085346548282741, 0.89978663362929312, 0.90075022369054991, 0.90092229334434581, 0.90143850230573341, 0.90112877692890081, 0.90126643265193751, 0.89995870328308902, 0.90078463762130911, 0.90019960079840322, 0.90068139582903162, 0.9017138137518067, 0.90092229334434581, 0.90009635900612572, 0.90050932617523571, 0.90126643265193751, 0.9022644366439535, 0.90047491224447651, 0.90075022369054991, 0.90064698189827241, 0.90061256796751321, 0.90075022369054991, 0.90154174409801091, 0.90109436299814161, 0.90136967444421501, 0.90054374010599492], "loss": [0.38274821105638585, 0.24716139339196214, 0.23597112296845144, 0.23172932802006255, 0.22907367684918856, 0.22762223516666982, 0.22666133821710058, 0.22598727352937259, 0.22541029621970754, 0.22507330877001938, 0.22490704135496345, 0.22436504113357839, 0.22423306314695299, 0.22418293642929871, 0.22401445145606, 0.22379279655484322, 0.22376030663825647, 0.22377656371864679, 0.22370476914179105, 0.2235263150470724, 0.22387172497474614, 0.22352672445363012, 0.22362781238819543, 0.2234845802293558, 0.22365733805752333, 0.2233004226262181, 0.2233471597979261, 0.22338412603150196, 0.22340827497058374, 0.22336542817585592, 0.2236022739459958, 0.22347172742963486, 0.22322083906441648, 0.2233483908271435, 0.2233475726632424, 0.22336461096314866, 0.22324634246106109, 0.22333570413193507, 0.22306190444348445, 0.22347198530758505, 0.22323663134077343, 0.22313715898947145, 0.22310743941601435, 0.22295048334649575, 0.22314773238706256, 0.22335456643181514, 0.22315958427561816], "val_acc": [0.83606895842861806, 0.89491070516709759, 0.89522039857062807, 0.89924641279191242, 0.89883348825387177, 0.89883348825387177, 0.89811087031230064, 0.89976256846446323, 0.89831733258132096, 0.89893671938838193, 0.89811087031230064, 0.8990399505228921, 0.89976256846446323, 0.90007226186799383, 0.89883348825387177, 0.89883348825387177, 0.89965933732995307, 0.90007226186799383, 0.90131103548211577, 0.90038195527152431, 0.89945287506093274, 0.89914318165740226, 0.90007226186799383, 0.90017549300250399, 0.90007226186799383, 0.89996903073348367, 0.90131103548211577, 0.89934964392642258, 0.8990399505228921, 0.90017549300250399, 0.90017549300250399, 0.89934964392642258, 0.89842056371583112, 0.90213688455819718, 0.89924641279191242, 0.90048518640603448, 0.89934964392642258, 0.90007226186799383, 0.89924641279191242, 0.89934964392642258, 0.89862702598485145, 0.90038195527152431, 0.89955610619544291, 0.90007226186799383, 0.90110457321309545, 0.89842056371583112, 0.90027872413701415], "val_loss": [0.26184270487329325, 0.23708455799114991, 0.23223263930705873, 0.22839105655635808, 0.22530006360956004, 0.22445339413635304, 0.22298531573451535, 0.22250836892271725, 0.22365334624474761, 0.22209416843179308, 0.2216738371752088, 0.22094012987777351, 0.22139260343283559, 0.22070687771138853, 0.22188513257056305, 0.22149285641791613, 0.22016399185071978, 0.21981478737298213, 0.2217984921584942, 0.2216880181089968, 0.21957752978308251, 0.22084556314934636, 0.22171309401748521, 0.22007494240067033, 0.22055490366799968, 0.22137867307914008, 0.22192803814990289, 0.22017135670695301, 0.22032861040388454, 0.22093799532758102, 0.2201783715066519, 0.22078765752306415, 0.22083978027126866, 0.22062313694499577, 0.22050371496894233, 0.21968524529183994, 0.22103573525728451, 0.22006418769716712, 0.22153769297362039, 0.22135736052682553, 0.21992878856286799, 0.22002600300935962, 0.22054270893732214, 0.2201005636482794, 0.22062798886275997, 0.22045586402539044, 0.21991249859253048]}}