{"low_val_loss": 0.2194408070035698, "params": {"verbose": 1, "nb_epoch": 1000, "batch_size": 32, "metrics": ["loss", "acc", "val_loss", "val_acc"], "nb_sample": 29058, "do_validation": true}, "results": {"acc": [0.83952784086998422, 0.88522954091816364, 0.89562254800743346, 0.89758414206070614, 0.89906394108335053, 0.89944249432170142, 0.89995870328308902, 0.90026842865992152, 0.89947690825246063, 0.90130084658269671, 0.90068139582903162, 0.90057815403675412, 0.90075022369054991, 0.90050932617523571, 0.90095670727510502, 0.90143850230573341, 0.90068139582903162, 0.90050932617523571, 0.89947690825246063, 0.90054374010599492, 0.90123201872117831, 0.89999311721384812, 0.90006194507536652, 0.90116319085966001, 0.89995870328308902, 0.90054374010599492, 0.90078463762130911, 0.90009635900612572, 0.90030284259068072, 0.90126643265193751, 0.90105994906738252, 0.89961456397549733, 0.90037167045219901, 0.90150733016725171, 0.90078463762130911, 0.90016518686764402, 0.90140408837497421, 0.90047491224447651, 0.90085346548282741, 0.90064698189827241, 0.89999311721384812, 0.90033725652143992, 0.90057815403675412, 0.90071580975979071], "loss": [0.36033527205398008, 0.24858408747269747, 0.23631420854881116, 0.23129381771493693, 0.22870625704844841, 0.22718257403057726, 0.22631816103426838, 0.22551408102285248, 0.22522218841606823, 0.22462989146120513, 0.22470827893697515, 0.22423052862942319, 0.22425219690821341, 0.22388896390834681, 0.22395333393651065, 0.22362014698178245, 0.22376987797951092, 0.22372345554868847, 0.22373589952799072, 0.22360008478295951, 0.22348810424782697, 0.22364209230607945, 0.22358906637147502, 0.22344180352263313, 0.22375148237654097, 0.22339446177200109, 0.22339004604636256, 0.22361038851388446, 0.22332608681747759, 0.22348089849385205, 0.22323924745300022, 0.22338313525942688, 0.22317626907876914, 0.22324332326365498, 0.22318505253285195, 0.22325331867315526, 0.22334486738968326, 0.22329975380686923, 0.2233104140953053, 0.22310890001467593, 0.22309409632545341, 0.22323900590312221, 0.22304635279414428, 0.22318941837559875], "val_acc": [0.83606895842861806, 0.89284608247689423, 0.89666563442915825, 0.89780117690877004, 0.89811087031230064, 0.89976256846446323, 0.89842056371583112, 0.8970785589671989, 0.89986579959897339, 0.89965933732995307, 0.90038195527152431, 0.89965933732995307, 0.89862702598485145, 0.90079487980956496, 0.90048518640603448, 0.89986579959897339, 0.90038195527152431, 0.90089811094407513, 0.9006916486750548, 0.90007226186799383, 0.89883348825387177, 0.89924641279191242, 0.89862702598485145, 0.90017549300250399, 0.90079487980956496, 0.89955610619544291, 0.89955610619544291, 0.90131103548211577, 0.90131103548211577, 0.89996903073348367, 0.89697532783268874, 0.90048518640603448, 0.89976256846446323, 0.90089811094407513, 0.89955610619544291, 0.9006916486750548, 0.90007226186799383, 0.89945287506093274, 0.89976256846446323, 0.89893671938838193, 0.89996903073348367, 0.90172396002015642, 0.89976256846446323, 0.89924641279191242], "val_loss": [0.26123550436414777, 0.23809557313568097, 0.23026753866206115, 0.22694440400919161, 0.22481206309269908, 0.22355165552450579, 0.22223850790285482, 0.22198793319119037, 0.22208672412423586, 0.22254906693048321, 0.22056558204593091, 0.22176199653046019, 0.22118538382425759, 0.22061653747959281, 0.22018164945138527, 0.22006688060019178, 0.22010942777945455, 0.2194408070035698, 0.22282473522221033, 0.22121149321526359, 0.22067554355824437, 0.22124761611890828, 0.22054726002914588, 0.22322748059198635, 0.22031045486108183, 0.2203535206844357, 0.22058987823620022, 0.21994971604468813, 0.22004901964720822, 0.22087781296630904, 0.22175521852801036, 0.22065174861122633, 0.22107926209521536, 0.21981470699869984, 0.22043253791963549, 0.22067674718504168, 0.22139762569177726, 0.21986854389883656, 0.22010934755284559, 0.2214367880231273, 0.22086167738535364, 0.22088882562434131, 0.22070679013495526, 0.21997731778229601]}}