{"low_val_loss": 0.13398877423087391, "params": {"verbose": 1, "nb_epoch": 1000, "batch_size": 32, "metrics": ["loss", "acc", "val_loss", "val_acc"], "nb_sample": 94030, "do_validation": true}, "results": {"acc": [0.94347548654684676, 0.94555992768265451, 0.94764436882353331, 0.94866531958392897, 0.94943103264915452, 0.94988833351058177, 0.95004785707196471, 0.94997341274568581, 0.95042007869828782, 0.95046261831457202, 0.95042007870335887, 0.950707221099649, 0.95090928427097732, 0.95096245879481911, 0.95061150696586194, 0.95098372860232727, 0.95080293523850723, 0.95076039562349079, 0.95103690311602684, 0.95117515686483034, 0.9508242050460155, 0.95086674465596088, 0.95100499840603225, 0.95114325215990692, 0.95158991811124105, 0.95120706158243162, 0.95140912475249217, 0.95139848984366693, 0.95131341061363395, 0.95154737849622462, 0.95134531532996747, 0.95132404551738803, 0.95126023609486332, 0.9516324577262576, 0.9516218228225034, 0.9515580133999787, 0.95169626715512123, 0.95197277464638941, 0.9517175369664328, 0.95161118791874932, 0.95136658513240457, 0.95161118791874932, 0.95155801340504986, 0.9516218228225034, 0.95133468043128444, 0.95149420397745399, 0.95158991811124105, 0.95176007657637818, 0.9516324577262576, 0.95151547379003332, 0.95157928320875473, 0.95162182282757457, 0.95141975965624626, 0.95183452089758591, 0.95179198128764053, 0.95140912474742101, 0.95152610868871634, 0.95176007657637818, 0.95132404551738803, 0.95150483888247595, 0.95139848984366693, 0.9516005530200663, 0.95195150483888125, 0.95134531533123523, 0.95151547378623003, 0.95148356907877096, 0.95194086994019822, 0.95132404551738803, 0.95161118791874932, 0.9514622992712628, 0.95164309263001168, 0.95149420397745399, 0.9516962671487823, 0.95156864830373289, 0.95165372753376587, 0.9516324577262576, 0.95178134638008305, 0.9517388067688699, 0.95177071148520342, 0.95172817186004466, 0.95164309263508284, 0.9517707114750612, 0.9518132510951488, 0.9515580133999787, 0.95145166436243755], "loss": [0.18586601890967455, 0.14472870260721113, 0.14125198608799766, 0.13935137282568483, 0.13824434314498771, 0.13749549298809777, 0.13696213386438635, 0.13659139907919168, 0.13642748212991504, 0.13612522202470917, 0.13606241094876537, 0.13591718691866994, 0.13584155483359728, 0.13553022245301929, 0.13544931790825029, 0.13543254363020849, 0.13525442741347743, 0.13519087292330831, 0.13518332745030079, 0.13509556175349532, 0.1349934252772346, 0.13494148345848961, 0.13506006986761707, 0.13482827382808185, 0.1346183393625193, 0.13457190905427546, 0.13450091901129008, 0.13437433108334007, 0.13421668704529019, 0.13406695022705223, 0.13404423263996418, 0.13387732238861461, 0.13374105006104567, 0.13361984139436497, 0.13363113988899658, 0.13351935181526267, 0.1334428468012536, 0.13342100389489567, 0.13351362700711081, 0.13341445804377586, 0.13323708824618444, 0.13342189328194515, 0.13330437844054796, 0.13334212978903848, 0.13336300654106034, 0.13339333901334149, 0.13334240698676839, 0.13337071205940093, 0.13335442860965069, 0.13347620256312487, 0.13337492135361409, 0.13335582438848836, 0.13329569134517741, 0.13330621799127443, 0.13318626490946237, 0.13334414780498072, 0.1333095248433617, 0.13338307979483308, 0.13340680270778565, 0.13328388887086626, 0.13324095089977805, 0.13330613933547208, 0.13326798071564797, 0.13315564671419003, 0.13336336191893766, 0.13330630636508067, 0.13329820960687219, 0.13329069406264807, 0.13316379604688999, 0.13327739502437114, 0.13318944877320801, 0.13326072484606646, 0.13325310555557793, 0.13324782889980935, 0.13327642771366188, 0.13316949159334812, 0.13318792048837358, 0.13319619634814381, 0.13333211411101684, 0.13329857358124411, 0.13323553361329046, 0.13322621633350298, 0.13319652629088152, 0.13319798044535097, 0.1332272023233162], "val_acc": [0.94448698315467072, 0.94882593159775397, 0.94997447677386426, 0.94968734047983661, 0.95128254211332308, 0.95109111791730472, 0.95144206227667172, 0.95156967840735074, 0.95163348647269019, 0.95169729453802965, 0.95137825421133226, 0.95064446145992854, 0.95182491066870856, 0.95141015824400199, 0.95192062276671774, 0.95252679938744256, 0.95192062276671774, 0.95208014293006638, 0.95252679938744256, 0.95217585502807556, 0.95243108728943338, 0.95150587034201128, 0.95166539050535992, 0.95262251148545174, 0.95252679938744256, 0.95102730985196526, 0.95284583971413983, 0.95144206227667172, 0.95300535987748847, 0.95172919857069938, 0.95265441551812147, 0.95227156712608474, 0.95192062276671774, 0.95249489535477283, 0.95275012761613065, 0.95195252679938747, 0.95239918325676365, 0.95249489535477283, 0.95259060745278201, 0.95080398162327717, 0.95252679938744256, 0.95262251148545174, 0.95160158244002047, 0.95128254211332308, 0.95150587034201128, 0.95252679938744256, 0.95316488004083721, 0.95300535987748847, 0.95255870342011228, 0.95134635017866254, 0.95268631955079119, 0.95166539050535992, 0.9528139356814701, 0.95294155181214901, 0.95290964777947929, 0.95166539050535992, 0.95239918325676365, 0.9532605921388464, 0.95201633486472692, 0.95303726391015819, 0.95217585502807556, 0.95217585502807556, 0.95265441551812147, 0.95045303726391017, 0.95220775906074528, 0.95268631955079119, 0.95268631955079119, 0.95319678407350694, 0.95156967840735074, 0.95287774374680956, 0.95163348647269019, 0.95214395099540583, 0.9524629913221031, 0.95230347115875447, 0.9517611026033691, 0.95198443083205719, 0.95287774374680956, 0.95287774374680956, 0.9524629913221031, 0.95268631955079119, 0.95201633486472692, 0.95297345584481874, 0.9524629913221031, 0.9528139356814701, 0.95243108728943338], "val_loss": [0.14741702845406629, 0.14228234891915212, 0.14011512460180423, 0.13914924830810613, 0.13780944033479769, 0.13720817637171989, 0.13734040386316848, 0.13660411752148086, 0.13715535410474977, 0.13696241680002139, 0.1359560629405222, 0.13734415933326261, 0.13636722523412911, 0.13593740003290927, 0.13574725847392741, 0.13550084550266456, 0.13544519744611869, 0.13545605353820897, 0.13545473660720345, 0.13535414409651142, 0.13543440412298308, 0.13634054925846104, 0.13483518889461962, 0.13528655390595068, 0.13596677698761667, 0.13521677075926597, 0.13479571767919613, 0.13542264605234813, 0.13637353214775194, 0.13459263447027475, 0.1347420002253476, 0.13423569770952978, 0.13444638570495837, 0.13444746586039183, 0.13448501124715639, 0.13441884976722807, 0.13409891811585992, 0.13467974097654795, 0.13425934419602598, 0.13463633433802052, 0.13436263436551391, 0.13464502951832924, 0.13512232560510384, 0.13486004177425789, 0.13539147342975008, 0.13401402698876361, 0.13404044408337873, 0.13413717681014337, 0.13465241036906025, 0.13424387668326473, 0.13402591871155684, 0.13427645277617961, 0.13456002299375774, 0.13437196545135524, 0.13444804426353005, 0.13436377832248633, 0.13419022366229583, 0.13483702239921319, 0.13398877423087391, 0.13481621629063606, 0.13412085036315013, 0.13447038056599875, 0.13407263039949294, 0.13562009959173119, 0.13429466154257091, 0.13416404152054182, 0.1348424551817396, 0.13533471234146582, 0.13419126495890102, 0.13482466778580543, 0.13415075030373699, 0.13423591962672729, 0.1341542789570877, 0.13420855283410102, 0.13488239709871683, 0.13412478669238007, 0.1346335902481115, 0.13508071791762871, 0.13414560591268596, 0.13437587038564888, 0.13428691975799004, 0.13483399811670024, 0.13408123910799813, 0.13482098692325439, 0.13452728291010296]}}