{"low_val_loss": 0.13671624307264443, "params": {"verbose": 1, "nb_epoch": 1000, "batch_size": 32, "metrics": ["loss", "acc", "val_loss", "val_acc"], "nb_sample": 94030, "do_validation": true}, "results": {"acc": [0.94365627991066681, 0.94483675422737423, 0.94715516324577265, 0.94747421036346735, 0.94795278103240277, 0.9482611932425401, 0.94845262150884646, 0.94837817717749651, 0.94887801765901136, 0.94890992237027372, 0.94944166755797976, 0.94940976284671741, 0.94947357226417106, 0.94967563543549927, 0.9496969052480787, 0.94995214293437424, 0.95027119004573013, 0.95016484100818888, 0.94998404764943989, 0.9499840476456366, 0.95049452302456661, 0.94995214293817754, 0.95031372966074656, 0.95037753908327127, 0.95048388812081253, 0.95051579283207488, 0.95021801553203056, 0.95012230140331466, 0.95057960225967075, 0.95037753908327127, 0.9506859512972119, 0.95047325321832621, 0.95054769754333723, 0.95030309475699248, 0.95046261832344647, 0.95038817398829323, 0.95052642773582896, 0.95023928533446778, 0.95022865043071358, 0.95046261831837542, 0.95023928533446778, 0.95067531638838665, 0.95062214187468719, 0.95040944379453363, 0.95048388813095475, 0.95035626928083416, 0.9505051579283208, 0.95007976178322706, 0.95056896735591656, 0.95006912687440181, 0.95011166648941825, 0.95045198340955017, 0.95022865043071358, 0.95013293630199758, 0.95026055514197594, 0.9505476975484084, 0.95034563437708008, 0.95018611081569715, 0.95039880889077955, 0.95017547591701412, 0.95035626928083416, 0.95062214187468719, 0.95053706264972537, 0.9502605551470471, 0.95042007869828782, 0.95003722216440722, 0.95029245985830946, 0.95032436456450065, 0.95023928533446778, 0.95036690418458825, 0.95017547591701412, 0.95027119004573013, 0.95031372966581773, 0.95028182495962643, 0.95027119004573013, 0.95034563437200892, 0.95049452302456661, 0.95030309476206354], "loss": [0.18682177481881851, 0.14615727499100448, 0.14324984349152717, 0.14189600264482216, 0.14104834801020122, 0.14053956827723851, 0.1400698392749733, 0.1397612117352916, 0.13949816384575892, 0.13934962290450004, 0.139005383018907, 0.13878194324630228, 0.13849263430453101, 0.13837590949178236, 0.13802518739917616, 0.13770457213734816, 0.13748388721347235, 0.13758252542360938, 0.13728324223785568, 0.13714560975860335, 0.13709139265092296, 0.13708726376006669, 0.1369494640700718, 0.13678544154243116, 0.13684376654289737, 0.13669978412341452, 0.13676536323893493, 0.13688853778674806, 0.13681363766305968, 0.13662714742906143, 0.13680477226039114, 0.13668796882646636, 0.13661864432460208, 0.13676776129058685, 0.1367613963942052, 0.13676513559663853, 0.13660379414778751, 0.13669592904016703, 0.13665421575047951, 0.13659751239760334, 0.13665100059334451, 0.13646258172675876, 0.13649357001565687, 0.13650059764003369, 0.13647066259208568, 0.13651388818109897, 0.13643092172630197, 0.13631065825534655, 0.13629010693720525, 0.13638866845865802, 0.13633878072465239, 0.13625250598335506, 0.13624237916843063, 0.13626829112138975, 0.13629977302234547, 0.13630600384159519, 0.13628611595633436, 0.13623148154150003, 0.13616481360943822, 0.13624587243736444, 0.13607497621515033, 0.13620804655929708, 0.13616402418730322, 0.13601855805081711, 0.13616267168292412, 0.13613252335820417, 0.13602635635253812, 0.13613348508521711, 0.13610659401947409, 0.13603745236759882, 0.13611464610628965, 0.13618712837165128, 0.13613394794312739, 0.13606581185490454, 0.13601591514169339, 0.13605366639224795, 0.13605878771759436, 0.13608622715854904], "val_acc": [0.94448698315467072, 0.94860260336906588, 0.94927258805513015, 0.94917687595712097, 0.94911306789178151, 0.9495597243491577, 0.94933639612046961, 0.94971924451250633, 0.94962353241449715, 0.95007018887187344, 0.95112302194997445, 0.95032542113323126, 0.95058065339458908, 0.95086778968861663, 0.95169729453802965, 0.95141015824400199, 0.95198443083205719, 0.95029351710056154, 0.95137825421133226, 0.95156967840735074, 0.95150587034201128, 0.95195252679938747, 0.95093159775395608, 0.95223966309341501, 0.95022970903522208, 0.95137825421133226, 0.95134635017866254, 0.95156967840735074, 0.95179300663603883, 0.95195252679938747, 0.95150587034201128, 0.95179300663603883, 0.94936830015313933, 0.95236727922409392, 0.95198443083205719, 0.95204823889739665, 0.95042113323124044, 0.95096350178662581, 0.95192062276671774, 0.95163348647269019, 0.95093159775395608, 0.95080398162327717, 0.9511868300153139, 0.95099540581929554, 0.95172919857069938, 0.95227156712608474, 0.95102730985196526, 0.95153777437468101, 0.95099540581929554, 0.95137825421133226, 0.95077207759060745, 0.95141015824400199, 0.95038922919857072, 0.95179300663603883, 0.95105921388463499, 0.94968734047983661, 0.95096350178662581, 0.95179300663603883, 0.95166539050535992, 0.95064446145992854, 0.95125063808065335, 0.95105921388463499, 0.95128254211332308, 0.94994257274119454, 0.9504849412965799, 0.95067636549259826, 0.94962353241449715, 0.95115492598264417, 0.95010209290454317, 0.95019780500255235, 0.95185681470137828, 0.95003828483920372, 0.95156967840735074, 0.95150587034201128, 0.95109111791730472, 0.95022970903522208, 0.95093159775395608, 0.95080398162327717], "val_loss": [0.14840682839376698, 0.14388293890456511, 0.14235960708711451, 0.14160124717956299, 0.14123472899784234, 0.14045064171159097, 0.14111763165028593, 0.13983752726158388, 0.14009043858341413, 0.13935207224518989, 0.13942549073799584, 0.13902019649067054, 0.13874115438912218, 0.13811948422519391, 0.13800903002390635, 0.13736278549380573, 0.13822074478179322, 0.1378849943868736, 0.13756040928694227, 0.1381934580429742, 0.13703965532701345, 0.13845615089319993, 0.13755728603512307, 0.13773282610865015, 0.13775881668700132, 0.13718590185981797, 0.13771238683087295, 0.13690962226354936, 0.13679169410494532, 0.13814077021353491, 0.13733811139957736, 0.13781853007640443, 0.13935895597694356, 0.13787557524422134, 0.13705447736619808, 0.13706042744302974, 0.1377095022676641, 0.13715609972759313, 0.13679159719795522, 0.13806233508868934, 0.1380451850977219, 0.137459980783154, 0.13764292042609258, 0.13712697068439447, 0.13748526141511475, 0.13746219639528034, 0.13750339694408631, 0.13766504985609793, 0.13837503654204381, 0.13694577788123066, 0.13686163744767021, 0.13671624307264443, 0.13853432285642672, 0.13751548670722916, 0.13763259854804746, 0.13928218683938154, 0.13676793364339213, 0.13789586559691072, 0.13700587888528279, 0.13711020402560858, 0.13704859817542245, 0.1371572643343498, 0.13673565569635615, 0.13745049125172157, 0.13737140833996825, 0.13707550063219651, 0.13801295127036955, 0.13707732091666849, 0.13784688636812706, 0.13881868094723099, 0.13798546977246093, 0.13717853275829886, 0.13684269998578194, 0.13685021879395823, 0.13726733211806352, 0.13795696010964298, 0.13691316104402282, 0.13699949166683775]}}