{"low_val_loss": 0.2168402813211171, "params": {"verbose": 1, "nb_epoch": 1000, "batch_size": 32, "metrics": ["loss", "acc", "val_loss", "val_acc"], "nb_sample": 29058, "do_validation": true}, "results": {"acc": [0.83963108266226172, 0.83990639410833501, 0.83990639410833501, 0.83990639410833501, 0.83990639410833501, 0.87387294376763713, 0.89194025741620209, 0.89569137586895176, 0.89792828136829783, 0.89909835501410973, 0.90112877692890081, 0.90061256796751321, 0.90105994906738252, 0.90154174409801091, 0.90130084658269671, 0.9017138137518067, 0.90143850230573341, 0.90085346548282741, 0.90154174409801091, 0.90140408837497421, 0.90143850230573341, 0.90157615802877, 0.90088787941358661, 0.90202353912863931, 0.9022988505747126, 0.90188588340560261, 0.90140408837497421, 0.90119760479041922, 0.90192029733636181, 0.9022300227131943, 0.90161057195952921, 0.9022988505747126, 0.90188588340560261, 0.9022988505747126, 0.9027462316745819, 0.90240209236699021, 0.90192029733636181, 0.90178264161332511, 0.90305595705141439, 0.9018514694748434, 0.90202353912863931, 0.9021956087824351, 0.902367678436231, 0.9027462316745819, 0.90192029733636181, 0.9023332645054718, 0.9026429898823044, 0.90161057195952921, 0.90278064560534099, 0.9032280267052103, 0.90357216601280199, 0.902367678436231, 0.90202353912863931, 0.902367678436231, 0.9028150595361002, 0.9029527152591369, 0.9028838873976186, 0.90357216601280199, 0.90329685456672859, 0.9024365062977493, 0.90343451028976529, 0.90364099387432029, 0.9030903709821736, 0.90291830132837769, 0.90343451028976529, 0.90340009635900609, 0.9024365062977493, 0.90278064560534099, 0.90315919884369189, 0.9026429898823044, 0.90278064560534099, 0.90326244063596939, 0.90305595705141439, 0.90315919884369189, 0.90302154312065519, 0.9028150595361002, 0.9019891251978801, 0.9032280267052103, 0.90302154312065519, 0.90326244063596939, 0.9027118177438227, 0.9029871291898961, 0.90408837497418959, 0.9030903709821736, 0.9024709202285085, 0.903365682428247, 0.9025053341592677, 0.90302154312065519, 0.9029871291898961, 0.90364099387432029, 0.9031247849129328, 0.9030903709821736, 0.90391630532039369, 0.90350333815128359, 0.90340009635900609, 0.90315919884369189, 0.90343451028976529, 0.90343451028976529, 0.90357216601280199, 0.9029871291898961, 0.9022644366439535, 0.90302154312065519, 0.9023332645054718, 0.9029527152591369, 0.90188588340560261, 0.90395071925115289, 0.9023332645054718, 0.90326244063596939, 0.9026429898823044, 0.90350333815128359, 0.90315919884369189, 0.9027462316745819, 0.9026429898823044, 0.9029871291898961, 0.9028494734668594, 0.90319361277445109, 0.90291830132837769, 0.90391630532039369], "loss": [0.42436623350642194, 0.35048906381726386, 0.34779665521034825, 0.34639323197283534, 0.31886151433811522, 0.25516110799360014, 0.23846521765820314, 0.2324654320941443, 0.22918623603258753, 0.2270096911649985, 0.2257081662413094, 0.22501595990736287, 0.22430522960394475, 0.2238536315400714, 0.22353796942123766, 0.22337781780868152, 0.22315563109102543, 0.22294218884514985, 0.22297152972646389, 0.222739160227545, 0.22246042236173938, 0.22252791066468069, 0.22249094762717778, 0.22225621613626495, 0.222235610782054, 0.22215741430668462, 0.22219003039169963, 0.22195515214296396, 0.22220145880056022, 0.22208769749086593, 0.22205835250629039, 0.22201241918259593, 0.22190256232904859, 0.22186356705171587, 0.221755766564599, 0.22185438056224818, 0.22169600231009859, 0.22172144950145145, 0.22171245392067598, 0.2218458750516773, 0.22170713513181145, 0.22168909770072684, 0.22171928917633887, 0.22160493205535112, 0.22147059263386512, 0.22136547816605129, 0.22148197511440135, 0.22129084951075645, 0.22132436242432757, 0.22117598815932968, 0.2211157836965674, 0.22107912059284895, 0.22101863327452367, 0.22102456301157403, 0.22103371858285015, 0.22099735226216263, 0.2208405015882208, 0.22070230239028196, 0.22066412561507898, 0.22052825176132795, 0.22073663537619947, 0.22057125156133664, 0.22052553578235876, 0.22040699447897283, 0.22028673895950024, 0.220303343076553, 0.2202275574002952, 0.22018169051437383, 0.22008803739868912, 0.22015374494766909, 0.2201387048819792, 0.21988374224770166, 0.22000072484901237, 0.21996439632456344, 0.21975418586217002, 0.21978584562676173, 0.21973011776998766, 0.21978270539857375, 0.21968572636953043, 0.21950140006733052, 0.21980620138875823, 0.21952667596156195, 0.21951006064883111, 0.21951097692024832, 0.21962861336559794, 0.21950715198734441, 0.21937413688835483, 0.21921794671481387, 0.21937329048004062, 0.21936153519432766, 0.21922557321751127, 0.21951422591287811, 0.21940250660034669, 0.2194257213659605, 0.21937190913054247, 0.21935341426736926, 0.21944297998109011, 0.2193538433924021, 0.21933417143654654, 0.21944298407399931, 0.21933201479467404, 0.21931254907327655, 0.21933925477684491, 0.2191435014725196, 0.21921087491310456, 0.21923910177896944, 0.21916794884599675, 0.2191737476961686, 0.21941039597547524, 0.21935310776641129, 0.21939256943725638, 0.21929535803432065, 0.21922722164282771, 0.21923407923946345, 0.21924528003177915, 0.21929159278230959, 0.21929131265811971, 0.21919380083564258], "val_acc": [0.83606895842861806, 0.83606895842861806, 0.83606895842861806, 0.83606895842861806, 0.83606895842861806, 0.88747806348236546, 0.89160730886277217, 0.89583978535307685, 0.89553009194954636, 0.89914318165740226, 0.89800763917779036, 0.90017549300250399, 0.89955610619544291, 0.90038195527152431, 0.90089811094407513, 0.90038195527152431, 0.90131103548211577, 0.90100134207858529, 0.9015174977511361, 0.90141426661662594, 0.90131103548211577, 0.89924641279191242, 0.90058841754054464, 0.90162072888564626, 0.90193042228917686, 0.90141426661662594, 0.90162072888564626, 0.90058841754054464, 0.90182719115466659, 0.90131103548211577, 0.9015174977511361, 0.90131103548211577, 0.90193042228917686, 0.90193042228917686, 0.90131103548211577, 0.90100134207858529, 0.90254980909623783, 0.90234334682721751, 0.90265304023074799, 0.90265304023074799, 0.90213688455819718, 0.90327242703780897, 0.90182719115466659, 0.90203365342368702, 0.90285950249976832, 0.90141426661662594, 0.90337565817231913, 0.90182719115466659, 0.90265304023074799, 0.90275627136525816, 0.90327242703780897, 0.90234334682721751, 0.90244657796172767, 0.90347888930682929, 0.9031691959032988, 0.90327242703780897, 0.90172396002015642, 0.90265304023074799, 0.90089811094407513, 0.90162072888564626, 0.90131103548211577, 0.90182719115466659, 0.90203365342368702, 0.9015174977511361, 0.90141426661662594, 0.90182719115466659, 0.90213688455819718, 0.90100134207858529, 0.90213688455819718, 0.90058841754054464, 0.90131103548211577, 0.90213688455819718, 0.90100134207858529, 0.90162072888564626, 0.9015174977511361, 0.90172396002015642, 0.90182719115466659, 0.90120780434760561, 0.90131103548211577, 0.89934964392642258, 0.90162072888564626, 0.90213688455819718, 0.90203365342368702, 0.90244657796172767, 0.90213688455819718, 0.90193042228917686, 0.90224011569270735, 0.90193042228917686, 0.90203365342368702, 0.90224011569270735, 0.90131103548211577, 0.90203365342368702, 0.90337565817231913, 0.90162072888564626, 0.90182719115466659, 0.90234334682721751, 0.90182719115466659, 0.90358212044133945, 0.9015174977511361, 0.90182719115466659, 0.90337565817231913, 0.90244657796172767, 0.90193042228917686, 0.90162072888564626, 0.90254980909623783, 0.90172396002015642, 0.90347888930682929, 0.90296273363427848, 0.90285950249976832, 0.90193042228917686, 0.9031691959032988, 0.90285950249976832, 0.90358212044133945, 0.90193042228917686, 0.90224011569270735, 0.90420150724840054, 0.90244657796172767, 0.90182719115466659],