{"low_val_loss": 0.21697496060949983, "params": {"verbose": 1, "nb_epoch": 1000, "batch_size": 32, "metrics": ["loss", "acc", "val_loss", "val_acc"], "nb_sample": 29058, "do_validation": true}, "results": {"acc": [0.83952784086998422, 0.87418266914446963, 0.89383302360795647, 0.89658613806869025, 0.89899511322183223, 0.89961456397549733, 0.90161057195952921, 0.90164498589028841, 0.90174822768256591, 0.90136967444421501, 0.9018514694748434, 0.9020923669901576, 0.9029527152591369, 0.9030903709821736, 0.9018170555440842, 0.90192029733636181, 0.90267740381306349, 0.90253974809002679, 0.9025053341592677, 0.9026429898823044, 0.9029527152591369, 0.9022988505747126, 0.9023332645054718, 0.90192029733636181, 0.90326244063596939, 0.9027462316745819, 0.9027118177438227, 0.903365682428247, 0.9029871291898961, 0.90350333815128359, 0.9029527152591369, 0.9031247849129328, 0.90240209236699021, 0.90346892422052449, 0.9025053341592677, 0.9027118177438227, 0.90353775208204279, 0.9030903709821736, 0.9028150595361002, 0.9017138137518067, 0.90278064560534099, 0.90305595705141439, 0.9026085759515452, 0.90291830132837769, 0.9032280267052103, 0.90267740381306349, 0.9028838873976186, 0.9028494734668594, 0.9030903709821736, 0.90353775208204279, 0.9026429898823044, 0.90353775208204279, 0.90278064560534099, 0.902574162020786, 0.90326244063596939, 0.903365682428247, 0.90291830132837769, 0.9031247849129328, 0.90319361277445109], "loss": [0.37051966352959659, 0.25421542694764077, 0.23932204368712776, 0.2332008972090186, 0.22949218569696872, 0.22721669309662235, 0.22594631736051585, 0.2249425376784468, 0.22401922090357632, 0.22345858346292671, 0.22308965382282656, 0.22281972608982931, 0.22266580641651212, 0.22263735705804316, 0.2226116441204978, 0.22256099315427752, 0.22244331933559525, 0.22229655330516851, 0.22229788909862452, 0.22219191933746504, 0.22210389044848869, 0.22218812887870432, 0.22206434533601419, 0.22212712946345647, 0.22202479510453471, 0.22198971306019405, 0.22202287131316112, 0.22172762829443979, 0.22177398173624768, 0.22186202438102962, 0.22183634484656886, 0.22186217323469684, 0.22178295126585582, 0.22158609316680139, 0.22157530392329686, 0.22167635977912306, 0.22163676065400165, 0.22168436941845035, 0.22157791642946109, 0.22152051527556438, 0.22161971722140481, 0.22182878562461994, 0.22159638187067091, 0.22159695032089424, 0.22158970542637182, 0.22150081443819647, 0.22152893782539915, 0.22161419674166913, 0.22149636002260398, 0.22148723876831561, 0.22150149999289087, 0.22155208734504664, 0.22142670330146574, 0.22157051892239227, 0.22154371014882926, 0.22143078409955833, 0.22135874682147552, 0.22131356625676757, 0.22112543491923692], "val_acc": [0.83606895842861806, 0.8893362239035485, 0.89532362968052603, 0.89635594102562777, 0.89914318165740226, 0.89986579959897339, 0.89883348825387177, 0.90089811094407513, 0.90089811094407513, 0.90254980909623783, 0.90089811094407513, 0.90285950249976832, 0.90172396002015642, 0.90224011569270735, 0.90213688455819718, 0.90141426661662594, 0.90358212044133945, 0.90224011569270735, 0.9031691959032988, 0.90131103548211577, 0.90440796951742086, 0.90275627136525816, 0.90389181384487005, 0.90358212044133945, 0.90327242703780897, 0.90203365342368702, 0.9043047383829107, 0.90306596476878864, 0.90440796951742086, 0.90120780434760561, 0.90378858271035989, 0.90254980909623783, 0.90368535157584962, 0.90254980909623783, 0.90358212044133945, 0.90265304023074799, 0.90368535157584962, 0.90234334682721751, 0.90193042228917686, 0.90172396002015642, 0.90399504497938021, 0.90285950249976832, 0.90275627136525816, 0.9031691959032988, 0.90306596476878864, 0.90213688455819718, 0.90482089405546151, 0.9031691959032988, 0.90306596476878864, 0.9031691959032988, 0.90182719115466659, 0.90306596476878864, 0.90254980909623783, 0.90409827611389038, 0.90389181384487005, 0.9031691959032988, 0.90244657796172767, 0.90265304023074799, 0.90275627136525816], "val_loss": [0.27017229930515491, 0.24176730589501394, 0.23245560302692042, 0.22933863703158786, 0.22546066524222674, 0.22345746037292322, 0.22493659651315137, 0.22026599679210304, 0.22077779563400932, 0.21889297944590982, 0.21883666967907545, 0.21784021658856545, 0.21926207740609338, 0.21771337784295286, 0.2182078483957027, 0.21975296164144731, 0.21822732429798758, 0.21743363806851154, 0.21812547925297071, 0.21918402095198866, 0.21749983159235858, 0.21763524659538683, 0.21774739663556866, 0.21776550738105369, 0.21827993868144782, 0.21797381379144828, 0.21725925781341163, 0.21930629110033573, 0.21743027161208053, 0.21839249772750841, 0.21734632281704783, 0.21781087769890539, 0.21697496060949983, 0.21841180672817362, 0.21804556696361047, 0.21807778571072139, 0.21739340092149623, 0.21767764221567285, 0.21799814157457903, 0.21914291371991049, 0.21821047553487444, 0.21734314566858662, 0.2174288133503274, 0.21784501966337824, 0.21785296071630347, 0.21888042026670204, 0.21724363724009177, 0.21757876437687709, 0.2189382406947068, 0.21768779589798326, 0.21832042497489379, 0.21777149666028828, 0.21935568180900861, 0.21807178921087664, 0.21750989499704454, 0.21797130919959851, 0.21869292334406643, 0.2175491159639332, 0.21793306767602103]}}