{"low_val_loss": 0.13617051943410197, "params": {"verbose": 1, "nb_epoch": 1000, "batch_size": 32, "metrics": ["loss", "acc", "val_loss", "val_acc"], "nb_sample": 94030, "do_validation": true}, "results": {"acc": [0.94343294693183022, 0.94362437520447551, 0.94648516430926299, 0.94720833776961433, 0.94763373391470807, 0.94787833670739174, 0.94835690736998834, 0.94839944698500478, 0.94869722429012016, 0.94881420823648666, 0.94880357333273246, 0.94882484313516968, 0.94922896948796842, 0.94925023929040564, 0.94947357226417106, 0.9494842071729962, 0.94913325535418136, 0.94953738168796353, 0.949633095825554, 0.94979261938186577, 0.94987769861189875, 0.94999468255319408, 0.94995214293437424, 0.94992023822691518, 0.9501542061044348, 0.94994150803442345, 0.95044134851593831, 0.94986706371321572, 0.95005849197571879, 0.95010103159073522, 0.95002658725938527, 0.95033499946825484, 0.95065404658087849, 0.9502605551470471, 0.95035626927703087, 0.95031372966581773, 0.94990960331808993, 0.95029245985323829, 0.94978198447304052, 0.95020738062447319, 0.95043071360711306, 0.95004785706689354, 0.95016484101326004, 0.95032436456450065, 0.95010103158566417, 0.95023928533953883, 0.9502180155269595, 0.95006912687440181, 0.95026055514197594, 0.95036690418458825, 0.95027119005080118, 0.95032436456957181, 0.95039880889585071, 0.95017547591194296, 0.95039880889585071, 0.95040944379453363, 0.95028182495455538, 0.95022865043071358, 0.95010103159073522, 0.95042007869828782, 0.95064341167839206, 0.95015420610950585, 0.95037753908327127, 0.95057960225967075, 0.95010103158566417, 0.95042007869828782, 0.95060087206717891, 0.95037753908834244, 0.95060087206210786, 0.95029245985830946, 0.95012230139317244, 0.95020738062320531, 0.95027119004573013, 0.9504307136020419, 0.95011166649448942, 0.95056896735084551, 0.95028182494948421, 0.95027119004573013, 0.95048388812588358, 0.95031372966581773, 0.95038817399209652, 0.95040944379960479, 0.95060087206210786, 0.95026055514197594, 0.95082420504094434, 0.95069658620096609, 0.95055833245216248, 0.95055833245723353, 0.95037753908834244, 0.95010103159580639, 0.95039880889585071, 0.9504307136020419, 0.95057960225967075, 0.95048388812588358, 0.9505476975484084, 0.95086674465596088, 0.95072849090715728, 0.95061150696586194, 0.95056896736098773, 0.9505051579283208, 0.95045198341588899, 0.95033499947332589, 0.95069658619589492, 0.9505051579283208, 0.95040944379960479, 0.95072849090715728, 0.95067531638838665, 0.95059023715835367, 0.95060087206210786, 0.95070722110472017, 0.9505051579283208, 0.95090928427097732, 0.95061150696586194, 0.95051579283207488, 0.95032436456196512, 0.95069658619589492, 0.95077103052724488, 0.95032436456450065, 0.95066468148463257, 0.95067531638838665, 0.95055833244709131, 0.95088801446980797, 0.95068595130228306, 0.95030309475699248], "loss": [0.2130032190176086, 0.15290546337714869, 0.14470115813664283, 0.14288202194309002, 0.14177584549483246, 0.14117553137939282, 0.14073242687150847, 0.14032855324156357, 0.13989135539700956, 0.13965075483578743, 0.13941620551505318, 0.1390806205481161, 0.13889861805577436, 0.13869663123296927, 0.13845410043842982, 0.13831876863238279, 0.13803082346459797, 0.13791887088207619, 0.13786117760233774, 0.1377705098653263, 0.13759463548717329, 0.13758135861847409, 0.13751552368394493, 0.13740028008639552, 0.13732826683044713, 0.13735355928098092, 0.13723107338725005, 0.13738888524909304, 0.13744714351413123, 0.13720046065531424, 0.13725961669796163, 0.13721409071025684, 0.13716357157155706, 0.13707732515716431, 0.1372079874617767, 0.1371673820479099, 0.13733773590997059, 0.13713372649109315, 0.13716777298588784, 0.13711635634599437, 0.13709235327980132, 0.13713391308491374, 0.13714786385819214, 0.13713392975153688, 0.13718046126379099, 0.13715834708435287, 0.13707544496618698, 0.13705060934927424, 0.13703595811005326, 0.13720655438463369, 0.1370662541813791, 0.13712342089745486, 0.13711317448803406, 0.13702920914523514, 0.13710780859098123, 0.13700627199180307, 0.13700806808816515, 0.13702276667458579, 0.13709242711099021, 0.13701297789253472, 0.13701549781284142, 0.13709753641996766, 0.13696621774891823, 0.13698679408779377, 0.13711818249676883, 0.13695690494764046, 0.1370253954718598, 0.13701025238746939, 0.13697744149155697, 0.13704448783954229, 0.13688235530495252, 0.13706252729748203, 0.13704699127154693, 0.13701142723848689, 0.13698692939534513, 0.13693264760413754, 0.13689232771319049, 0.13693421188067226, 0.13684288522993823, 0.13686213248507287, 0.1368482802160291, 0.1368191551900057, 0.13672577249993356, 0.13677670818931922, 0.13681298582940918, 0.13672855352164964, 0.13670655276646554, 0.13677283312701854, 0.13670978071105666, 0.13685555006549244, 0.13678176929649491, 0.1367625594130383, 0.13675225969421018, 0.13673553448889492, 0.13670707186663214, 0.13668520604242934, 0.13653958782753348, 0.13674874452280386, 0.13665086572396937, 0.13669673481122757, 0.13676494288784283, 0.13669321231958423, 0.13673964475252715, 0.13672084177280758, 0.13671179136452896, 0.13668694328106673, 0.13673555550170327, 0.13653853856371606, 0.13668188049234026, 0.13661167727820761, 0.13677944950581131, 0.13659433660549167, 0.13657168159985367, 0.13661086560682287, 0.13670093062252842, 0.13658959246002353, 0.13654727574061881, 0.13664821123265147, 0.13659086704466503, 0.13667298463891983, 0.13650319514867251, 0.13658537853718766, 0.1365505857610847, 0.13670270666701925],