{"low_val_loss": 0.13636874413519962, "params": {"verbose": 1, "nb_epoch": 1000, "batch_size": 32, "metrics": ["loss", "acc", "val_loss", "val_acc"], "nb_sample": 94030, "do_validation": true}, "results": {"acc": [0.94343294693690138, 0.94486865894370775, 0.94713389344333554, 0.94769754333723277, 0.94785706689861571, 0.94808039987238113, 0.9481016696798894, 0.94864404978149175, 0.94864404977642069, 0.94899500160537775, 0.94899500159523553, 0.94923960438158039, 0.94936722322662981, 0.94959055621053745, 0.94953738169176682, 0.94967563544057043, 0.9497926193767946, 0.94977134956928644, 0.94977134956928644, 0.94990960331808993, 0.94982452408932483, 0.94989896841940702, 0.950356269275763, 0.95024992023822186, 0.94988833351565283, 0.94993087312559821, 0.95009039668698114, 0.94987769861189875, 0.9502605551470471, 0.95034563437200892, 0.95006912687440181, 0.94999468254812292, 0.95033499947332589, 0.95049452302456661, 0.95053706263958315, 0.95023928533446778, 0.95021801553203056, 0.95045198340955017, 0.95051579283207488, 0.95055833245723353, 0.9504732532221295, 0.95036690417951719, 0.95027119005080118, 0.95074976071466555, 0.95031372966708549, 0.95026055514197594, 0.9502180155269595, 0.95049452303470883, 0.95036690417951719, 0.95046261831837542, 0.95063277677844127, 0.95042007869828782, 0.95052642774597118, 0.95049452302456661, 0.95083483994976958], "loss": [0.19127099090696054, 0.14642609392824571, 0.14324285711720308, 0.14203703747072791, 0.14128763281885745, 0.14075590234896002, 0.14027835183670836, 0.13986378477302547, 0.13975269569496671, 0.13939954249780001, 0.13913637262555203, 0.13876889022167224, 0.13876962410366295, 0.13853687879906859, 0.13824075286336165, 0.13805792248085511, 0.13791396855899124, 0.13780941442130576, 0.13775733906332385, 0.13773803433333448, 0.13759232436857566, 0.13763318067739636, 0.13760409414210395, 0.1374759806479138, 0.13732582197808768, 0.13745415782524045, 0.13747239356457799, 0.13729404340706441, 0.13739146151137482, 0.13730057219133901, 0.13720808389392508, 0.13720786190947029, 0.1371421447852362, 0.13710321478880835, 0.1369779154029182, 0.13709775112489303, 0.13720316548943584, 0.13698197776649995, 0.13704079962243909, 0.13705670903030259, 0.13703480194657836, 0.13704057295696667, 0.13699374442549064, 0.13697026127258616, 0.13705516057192968, 0.13692746313581389, 0.13691396221881419, 0.13700669538188104, 0.13697245652037318, 0.13710636557745931, 0.13698783620382185, 0.1369069821177791, 0.13688199485817654, 0.13696312361126356, 0.13665164545611044], "val_acc": [0.94448698315467072, 0.94892164369576315, 0.94901735579377233, 0.94930449208779988, 0.94873021949974479, 0.94943210821847879, 0.9495597243491577, 0.9501339969372129, 0.95045303726391017, 0.95089969372128635, 0.95141015824400199, 0.94987876467585508, 0.95035732516590099, 0.95032542113323126, 0.95195252679938747, 0.95115492598264417, 0.95169729453802965, 0.95093159775395608, 0.9511868300153139, 0.95134635017866254, 0.9501339969372129, 0.95182491066870856, 0.95089969372128635, 0.95125063808065335, 0.95128254211332308, 0.95058065339458908, 0.95093159775395608, 0.95214395099540583, 0.95179300663603883, 0.95128254211332308, 0.95195252679938747, 0.9517611026033691, 0.9517611026033691, 0.95141015824400199, 0.9517611026033691, 0.95080398162327717, 0.95259060745278201, 0.95172919857069938, 0.95249489535477283, 0.95115492598264417, 0.95093159775395608, 0.95160158244002047, 0.95233537519142419, 0.95112302194997445, 0.95137825421133226, 0.95035732516590099, 0.9511868300153139, 0.95051684532924963, 0.95192062276671774, 0.95185681470137828, 0.95227156712608474, 0.95198443083205719, 0.95179300663603883, 0.95141015824400199, 0.95128254211332308], "val_loss": [0.14957194289286688, 0.14390521582107632, 0.14235055337281116, 0.14124883169183747, 0.14200429910258591, 0.14085218963375379, 0.14031508198124892, 0.13989314696009425, 0.13996417667847955, 0.14001771609711064, 0.13980046067921223, 0.13888728024267827, 0.13849911877182808, 0.13826814038092353, 0.13864076140395168, 0.13750430258516758, 0.13783230464059276, 0.13733736900094518, 0.13756606649396338, 0.13696703662493967, 0.137766562936606, 0.13646706357510829, 0.13785143916159032, 0.13749289428297051, 0.13685778391724829, 0.13790713046877556, 0.13705249500972935, 0.13696203343836461, 0.13636874413519962, 0.13658574629706227, 0.13723951508635737, 0.13671973503217094, 0.13708422028171036, 0.13699061447120309, 0.13668107161523738, 0.13717487903198702, 0.13725336644115832, 0.13674472236645471, 0.13665418809868354, 0.13692581520385891, 0.13681535634928635, 0.13656247738271479, 0.1371921189623776, 0.13667338261415971, 0.13693249041253569, 0.13743901983447346, 0.13698984707851627, 0.13678419358568145, 0.13789516083055639, 0.13638467365907217, 0.13663199604995219, 0.13726046193065905, 0.13661375448427193, 0.13649248022009913, 0.13802475807974385]}}