{"low_val_loss": 0.13393211932192048, "params": {"verbose": 1, "nb_epoch": 1000, "batch_size": 32, "metrics": ["loss", "acc", "val_loss", "val_acc"], "nb_sample": 94030, "do_validation": true}, "results": {"acc": [0.94352866106561739, 0.94546421354886734, 0.94744230564713394, 0.94823992342869301, 0.94844198660509238, 0.94878230352015314, 0.94905881102283141, 0.94935658832414349, 0.94934595341912154, 0.95032436456450065, 0.95043071360330966, 0.95002658726952749, 0.95029245985830946, 0.95001595235563119, 0.95033499946825484, 0.95052642773582896, 0.95051579283334264, 0.95061150696586194, 0.95039880889204731, 0.95069658619716269, 0.95069658620096609, 0.95107944273611444, 0.95078166543607012, 0.95109007763479736, 0.95086674465722865, 0.95094118899238189, 0.95126023609613108, 0.95145166436243755, 0.95117515687497256, 0.95112198235113088, 0.95163245773259653, 0.95135595023879271, 0.95163245773639982, 0.95131341061363395, 0.95174944167262399, 0.95141975965624626, 0.95150483888120807, 0.95107944273104328, 0.95172817186004466, 0.9516005530200663, 0.95179198128764053, 0.95154737849622462, 0.95139848984366693, 0.95191960013776111, 0.95161118792001709, 0.9517388067688699, 0.9514622992712628, 0.95151547379003332, 0.95153674359247054, 0.95156864830373289, 0.9516324577262576, 0.95168563225009928, 0.95154737850129578, 0.95172817186004466, 0.95176007657130701, 0.95178134638895751, 0.95176007657637818, 0.95149420398252516, 0.95156864830373289, 0.95139848984366693, 0.95198340955521465, 0.95151547378496226, 0.95164309263508284, 0.95148356907369991, 0.95172817186004466, 0.95167499734127403, 0.95164309263508284, 0.95152610869378751, 0.95137722004122982, 0.9515580133999787, 0.95173880676379874, 0.95157928320748697, 0.95158991811631222, 0.95185579070509407, 0.95149420397745399], "loss": [0.17864337477115549, 0.14503285152041112, 0.14216868033973154, 0.14057858197879602, 0.13941897920211122, 0.13859069982800512, 0.13801034490573816, 0.13768620272145732, 0.13715634287011003, 0.13669683822208512, 0.13641733599351871, 0.13628826000427904, 0.13629522016425469, 0.13608163385287023, 0.13587733588040693, 0.1357458686608812, 0.13557936426259654, 0.13554531611323098, 0.13548955163980536, 0.1353199697318615, 0.13516537739465329, 0.13511162434031984, 0.13501680339668248, 0.13497772950928261, 0.13494581050246141, 0.13471724061788834, 0.13476406039027702, 0.13456662676265335, 0.13449104461348665, 0.13446538768067684, 0.13431172443554398, 0.13412718562088177, 0.13389725438758412, 0.13392974343854075, 0.13358160061784519, 0.13359089377813108, 0.13354517870371574, 0.13355060791755044, 0.13350338832543884, 0.13341345862386125, 0.13355719614419406, 0.13342039225773361, 0.1335501795975145, 0.13334243497505704, 0.13355838445530385, 0.1332963728285414, 0.13335517908675384, 0.13329615078729404, 0.13343610622089402, 0.13336875839237139, 0.13347644332519404, 0.13347269465086448, 0.13350801760467282, 0.13333122101349423, 0.13342875093015649, 0.13337270701253565, 0.1334574820092862, 0.13342394409510072, 0.13330858885555727, 0.13343543492869298, 0.13331360254980687, 0.13335668879077686, 0.13332914124362508, 0.13339270838385475, 0.13340537096751595, 0.13339133844687612, 0.133437804277623, 0.13343103654246044, 0.13333872799402752, 0.13333110964268613, 0.13327731271443261, 0.13326952356710836, 0.13337903353862529, 0.13330059791845292, 0.13338509009134628], "val_acc": [0.94448698315467072, 0.94847498723838697, 0.94949591628381824, 0.94978305257784579, 0.94987876467585508, 0.95032542113323126, 0.95121873404798363, 0.9504849412965799, 0.95089969372128635, 0.95188871873404801, 0.95141015824400199, 0.95045303726391017, 0.95236727922409392, 0.95208014293006638, 0.95227156712608474, 0.95134635017866254, 0.9521120469627361, 0.95185681470137828, 0.95271822358346092, 0.95169729453802965, 0.95249489535477283, 0.95204823889739665, 0.95233537519142419, 0.95134635017866254, 0.95271822358346092, 0.95294155181214901, 0.95278203164880038, 0.95287774374680956, 0.95131444614599281, 0.95223966309341501, 0.95268631955079119, 0.95243108728943338, 0.95249489535477283, 0.95220775906074528, 0.95243108728943338, 0.95147396630934145, 0.94987876467585508, 0.9528139356814701, 0.95153777437468101, 0.95300535987748847, 0.95287774374680956, 0.95125063808065335, 0.95268631955079119, 0.95243108728943338, 0.95045303726391017, 0.95297345584481874, 0.95313297600816749, 0.9524629913221031, 0.95201633486472692, 0.95217585502807556, 0.95150587034201128, 0.95262251148545174, 0.95265441551812147, 0.95297345584481874, 0.95236727922409392, 0.95303726391015819, 0.95287774374680956, 0.95255870342011228, 0.95230347115875447, 0.95255870342011228, 0.95275012761613065, 0.9524629913221031, 0.95182491066870856, 0.95294155181214901, 0.95287774374680956, 0.95102730985196526, 0.95109111791730472, 0.95259060745278201, 0.95220775906074528, 0.95239918325676365, 0.95300535987748847, 0.95236727922409392, 0.9521120469627361, 0.95300535987748847, 0.95297345584481874], "val_loss": [0.14612721520389996, 0.14232979878790833, 0.14113618584654963, 0.1397926742196722, 0.13872392687256266, 0.13877554343763268, 0.13849418726523899, 0.13691976930301458, 0.13693270058147211, 0.13671471351770006, 0.13670114737390071, 0.13685000246089293, 0.13563523649971604, 0.13558185146669913, 0.13607276394020057, 0.13552952311065897, 0.13607082304779122, 0.13673820076372442, 0.13533306261976194, 0.13562509004595238, 0.13513885464874867, 0.13535483195643724, 0.1353713251125484, 0.135770578938572, 0.13492879201242089, 0.13664316974823695, 0.13557251900883277, 0.13497853298320217, 0.13596624393831899, 0.13465111046143335, 0.13505844538532208, 0.13473452450617227, 0.13495422452269859, 0.13467454687977945, 0.13501029329459055, 0.13460651999163561, 0.13677809509054595, 0.13483813097923919, 0.13468177263463804, 0.13402931759016984, 0.13440944714307207, 0.13530935785025283, 0.13515180257216072, 0.13467383007706732, 0.13496545970824039, 0.13446881437998393, 0.13478424908966968, 0.13468657269971201, 0.13393211932192048, 0.13575347459049264, 0.13437946917391236, 0.13446786459639951, 0.134281664806256, 0.13450525599118701, 0.13425970678999755, 0.13450587796824146, 0.1343872193589373, 0.13407480420431597, 0.13453407889025712, 0.1341256416360446, 0.13432793013063118, 0.13439311387683889, 0.13440104611427156, 0.13435417700477131, 0.13492296447463034, 0.13473893128023609, 0.13429577661570752, 0.13437872290261368, 0.13441698746722441, 0.13458963255947071, 0.13542786080270414, 0.13459429512253948, 0.13440186268307228, 0.13474928809785308, 0.13400860228435521]}}