{"low_val_loss": 0.21886760362213312, "params": {"verbose": 1, "nb_epoch": 1000, "batch_size": 32, "metrics": ["loss", "acc", "val_loss", "val_acc"], "nb_sample": 29058, "do_validation": true}, "results": {"acc": [0.83939018514694752, 0.86413380136279161, 0.89527840869984165, 0.89765296992222454, 0.89841007639892634, 0.89892628536031383, 0.89999311721384812, 0.90047491224447651, 0.90054374010599492, 0.90033725652143992, 0.90064698189827241, 0.90157615802877, 0.90057815403675412, 0.90061256796751321, 0.90044049831371742, 0.90081905155206832, 0.90037167045219901, 0.90123201872117831, 0.90109436299814161, 0.90202353912863931, 0.90123201872117831, 0.90081905155206832, 0.90088787941358661, 0.90126643265193751, 0.90136967444421501, 0.90030284259068072, 0.90143850230573341, 0.90161057195952921, 0.90075022369054991, 0.90140408837497421, 0.90037167045219901, 0.90105994906738252, 0.90054374010599492, 0.90164498589028841, 0.90023401472916231, 0.90112877692890081, 0.90002753114460732, 0.90068139582903162, 0.90095670727510502, 0.90116319085966001, 0.90085346548282741, 0.90057815403675412, 0.90081905155206832, 0.90030284259068072, 0.90092229334434581, 0.90064698189827241, 0.90123201872117831, 0.90047491224447651, 0.90023401472916231, 0.90102553513662331, 0.90075022369054991, 0.90119760479041922, 0.90064698189827241, 0.90019960079840322, 0.90126643265193751, 0.90119760479041922, 0.90068139582903162, 0.90054374010599492, 0.90119760479041922, 0.90092229334434581, 0.90130084658269671, 0.90075022369054991, 0.90054374010599492, 0.90075022369054991, 0.90040608438295822, 0.90085346548282741, 0.90123201872117831, 0.90109436299814161, 0.90119760479041922, 0.90102553513662331, 0.90105994906738252, 0.90037167045219901, 0.90136967444421501, 0.90105994906738252, 0.90068139582903162, 0.9018514694748434, 0.90057815403675412, 0.90088787941358661, 0.90064698189827241, 0.90109436299814161, 0.9013352605134558, 0.9013352605134558, 0.90140408837497421, 0.90006194507536652, 0.90075022369054991, 0.90105994906738252, 0.90105994906738252, 0.90078463762130911, 0.90047491224447651, 0.90147291623649251, 0.90123201872117831, 0.90095670727510502, 0.90071580975979071, 0.90119760479041922, 0.90068139582903162, 0.90037167045219901, 0.90092229334434581, 0.9013352605134558, 0.90092229334434581, 0.90075022369054991, 0.90102553513662331, 0.90088787941358661, 0.90054374010599492, 0.90071580975979071, 0.90050932617523571, 0.89995870328308902, 0.90130084658269671, 0.90081905155206832, 0.90123201872117831, 0.90081905155206832, 0.90130084658269671, 0.90081905155206832, 0.90192029733636181, 0.90075022369054991, 0.90088787941358661, 0.90057815403675412, 0.90071580975979071, 0.90126643265193751, 0.90126643265193751, 0.90078463762130911, 0.90071580975979071, 0.90105994906738252, 0.90147291623649251, 0.90116319085966001, 0.90123201872117831, 0.90050932617523571, 0.90202353912863931, 0.90105994906738252, 0.90157615802877, 0.90023401472916231, 0.90105994906738252, 0.90105994906738252, 0.90061256796751321, 0.90119760479041922, 0.90130084658269671, 0.90109436299814161, 0.90099112120586411, 0.90078463762130911, 0.90068139582903162, 0.9019547112671209, 0.90147291623649251, 0.90050932617523571, 0.90099112120586411, 0.90057815403675412, 0.90023401472916231, 0.90164498589028841, 0.90136967444421501, 0.90126643265193751, 0.90136967444421501, 0.90081905155206832, 0.90119760479041922, 0.90075022369054991, 0.90013077293688482, 0.90071580975979071, 0.90092229334434581, 0.90167939982104761], "loss": [0.43147103344551491, 0.26588997421503502, 0.23864184809281117, 0.23254708525043893, 0.22952595742116677, 0.22761723396085448, 0.2266597546936025, 0.22593415586534374, 0.22560266822923181, 0.2248780020537704, 0.22465720512310716, 0.22416790214080232, 0.224095870876798, 0.22398070370747289, 0.22385777505465307, 0.22379201079557043, 0.22358127416569723, 0.22357700785850329, 0.22346309493434627, 0.2233860165001775, 0.22343106021296563, 0.22336740086277038, 0.22345458854798025, 0.22308873270373358, 0.22309337078528096, 0.22315701077404335, 0.22315363715564251, 0.22311304894501791, 0.22300954740316289, 0.22335000617496406, 0.22317136901768869, 0.22293721938853067, 0.22324075102006111, 0.22312475018979136, 0.22311656663634161, 0.22325694275473407, 0.22289216453275543, 0.22285868839299686, 0.22300712689085569, 0.22296856495639775, 0.22305194408027637, 0.22288699035849879, 0.22290943187711917, 0.22275450758653659, 0.22296563386413282, 0.22290909118677041, 0.22277120157026442, 0.22285013163284209, 0.22285870269994232, 0.22304538519526054, 0.22288616962056029, 0.22278826298644439, 0.22291231339903658, 0.22291794772715584, 0.22273086203507461, 0.22269033039232869, 0.22283416933953962, 0.22279102802300971, 0.22277938011848833, 0.22280701452140445, 0.22264960845738138, 0.22269134835548218, 0.22274257441700199, 0.22260247514653617, 0.22273369766994863, 0.22273302124681793, 0.22263763338165618, 0.22271398146933186, 0.22243274259976734, 0.22274166558821684, 0.22264387706505293, 0.22275879863444228, 0.22271612019292403, 0.22259188272503569, 0.22265015092057039, 0.22244452775012882, 0.22261585078487886, 0.22271260998283723, 0.22248677934040278, 0.22252408528079462, 0.22274103801058021, 0.22254259979822985, 0.22266634228127843, 0.22243333453249312, 0.22275271260801552, 0.2226058477760838, 0.22279942928790258, 0.22254825482653015, 0.22274900916947149, 0.22272747190552131, 0.22247786734090866, 0.22257314443262496, 0.22240017323617359, 0.22260193688894583, 0.22275167483993075, 0.22247490426310734, 0.22276464184547817, 0.22255350049269471, 0.22242012201213601, 0.22277815907350532, 0.22255780654162285, 0.22255426760558064, 0.22269352031638989, 0.22278449678689322, 0.22262761406808163, 0.22254603905929563, 0.2225388301582209, 0.22262306335714271, 0.22243571715148888, 0.22262271378419832, 0.22246640557366185, 0.22239609852613201, 0.2223768707537101, 0.2225699049655713, 0.22252785020877541, 0.22261452480562949, 0.22250031733457085, 0.22247299926723549, 0.22253422148336488, 0.22240166188079177, 0.22256558724591299, 0.22236078560124253, 0.22245270268134495, 0.22252264544003697, 0.22254977175261179, 0.22249127461787338, 0.22255126863727775, 0.22255692318962858, 0.22247202374930544, 0.22259106580033397, 0.22253801878619911, 0.22260161166435935, 0.22231963497689239, 0.22234878743715958, 0.22249881501372842, 0.22258130975169665, 0.22250532829693404, 0.22246973469706738, 0.22247148122470775, 0.22232969081673767, 0.22196536371822531, 0.2223978526077478, 0.22247208992410439, 0.22248611864110474, 0.22250284646042626, 0.22252099163370292, 0.22243852137040351, 0.22253242930720074, 0.22252537112282297, 0.22259743003279403, 0.2225083266025614, 0.22227653849969195, 0.22262067396143551, 0.222345597847529, 0.22246784010287127, 0.22246204117956023],