{"low_val_loss": 0.13365853323034024, "params": {"verbose": 1, "nb_epoch": 1000, "batch_size": 32, "metrics": ["loss", "acc", "val_loss", "val_acc"], "nb_sample": 94030, "do_validation": true}, "results": {"acc": [0.9435392959757104, 0.94365627991573797, 0.94538976923273077, 0.94736786132085504, 0.94784643199486163, 0.9483569073750594, 0.94910135063784784, 0.94938849303413808, 0.94956928639795812, 0.94972880995426989, 0.94998404764943989, 0.94997341274061464, 0.95027119004826566, 0.95030309475826025, 0.95052642774090013, 0.95045198341969239, 0.95030309475699248, 0.95062214186961613, 0.95090928427604848, 0.95081357014226142, 0.95062214186961613, 0.95083483994469853, 0.9510369031210979, 0.95099436350608146, 0.95101563330978633, 0.95116452196107626, 0.95083483994596629, 0.95104753801978092, 0.95104753801978092, 0.9511113474473768, 0.95123896629242621, 0.95089864936722324, 0.95117515686990151, 0.95120706158116386, 0.95129214080612567, 0.95091991917980256, 0.95126023609993449, 0.95116452196614742, 0.95107944273611444, 0.95150483888120807, 0.95124960119618029, 0.95189833032011062, 0.95145166436750861, 0.95150483888120807, 0.95119642667740978, 0.95163245773132865, 0.95145166436750861, 0.95168563224502822, 0.95154737849622462, 0.95144102946375453, 0.95151547379510448, 0.95171753695629058, 0.9517494416650174, 0.95174944167262399, 0.95163245773132865, 0.95149420398252516, 0.95161118792382049, 0.95170690205760755, 0.95150483888120807, 0.95185579070509407, 0.95138785493991285, 0.95157928321255814, 0.95185579070509407, 0.95180261619139461, 0.95168563224502822, 0.95173880676126321, 0.95188769542649876, 0.95156864830373289, 0.95174944166755293, 0.95170690205760755, 0.95191960013268995, 0.95187706051767351, 0.95165372753883692, 0.95179198128764053, 0.95157928321255814, 0.95154737850129578, 0.95181325109007764, 0.95184515580641116, 0.95178134637881529, 0.95181325109007764, 0.95161118791874932, 0.95174944166882069, 0.95157928320875473, 0.95181325109007764, 0.95176007657637818, 0.95180261618632356, 0.9516749973463452, 0.9519089652238647, 0.95181325109007764, 0.9516430926401539, 0.95180261619139461, 0.95180261618632356, 0.95189833032011062, 0.95178134637881529, 0.95154737849622462], "loss": [0.20914166231339476, 0.14999857894140495, 0.14462828890802909, 0.14235797748540127, 0.14079941982260971, 0.13961204543311989, 0.13853894346263401, 0.13784507675389368, 0.13732017476151664, 0.13682447954953686, 0.13656879309028003, 0.1362829917165671, 0.1360597840819627, 0.13590508719035999, 0.13571159363230353, 0.13554250773636317, 0.13557515833275274, 0.13541506124828948, 0.13528442200442445, 0.13525013455010393, 0.13522222330376757, 0.1351093720545469, 0.13501450907425919, 0.13496432063282393, 0.13493487953531175, 0.13480410554869104, 0.13478615485701448, 0.13482378102497486, 0.1346853442534473, 0.13471828808584682, 0.13447840453195758, 0.13460260216013195, 0.13453462644262568, 0.13458809355804924, 0.13446602108319314, 0.13447882126258889, 0.13447565564662486, 0.13440739989825845, 0.13441991470354003, 0.13433115347581229, 0.13427603790560491, 0.13420440482521812, 0.13413712947872944, 0.13398480727281339, 0.13402235642508167, 0.13391382715447994, 0.13395995508606454, 0.13378300661674575, 0.13376176014398369, 0.1337553047766511, 0.13364225427108942, 0.13359145205014311, 0.1335715950115379, 0.13344002148055478, 0.13335736237611337, 0.13330547945855412, 0.13327757323183151, 0.1331256838776286, 0.13312723878464025, 0.13296936154524011, 0.13315368149135198, 0.13300295424999536, 0.13302978947473423, 0.13296501596633467, 0.1330890838775079, 0.13305775493171054, 0.13296005614977446, 0.13303291636067388, 0.13302150119207368, 0.13298970529637058, 0.13299316721026927, 0.13294810552403963, 0.13303493089109458, 0.13301549324276321, 0.13294879703236859, 0.1330340891876817, 0.13293865358818088, 0.13296611127283653, 0.13298821983482373, 0.13294945219853552, 0.1329536693574177, 0.13300649022233241, 0.13298705215975412, 0.13302023973742641, 0.13296294957225049, 0.13300869604329993, 0.1329745508764483, 0.13293794271309656, 0.13297526409240792, 0.13293103923078015, 0.13293234665514522, 0.13297407812138104, 0.13296463657370605, 0.1329614924933509, 0.13294134841082747], "val_acc": [0.94448698315467072, 0.94448698315467072, 0.94745405819295558, 0.94869831546707506, 0.94911306789178151, 0.95000638080653399, 0.95010209290454317, 0.95102730985196526, 0.95121873404798363, 0.95134635017866254, 0.95144206227667172, 0.95137825421133226, 0.95169729453802965, 0.95115492598264417, 0.95109111791730472, 0.95144206227667172, 0.95179300663603883, 0.95239918325676365, 0.95195252679938747, 0.9528139356814701, 0.95239918325676365, 0.95141015824400199, 0.95102730985196526, 0.95150587034201128, 0.95265441551812147, 0.95201633486472692, 0.95259060745278201, 0.95156967840735074, 0.95125063808065335, 0.95278203164880038, 0.95271822358346092, 0.95035732516590099, 0.95243108728943338, 0.95290964777947929, 0.95150587034201128, 0.95297345584481874, 0.95223966309341501, 0.95294155181214901, 0.95294155181214901, 0.95131444614599281, 0.95185681470137828, 0.9524629913221031, 0.95278203164880038, 0.95227156712608474, 0.95284583971413983, 0.95160158244002047, 0.95220775906074528, 0.95204823889739665, 0.95332440020418585, 0.95278203164880038, 0.9528139356814701, 0.95150587034201128, 0.95275012761613065, 0.95220775906074528, 0.95268631955079119, 0.95217585502807556, 0.9524629913221031, 0.95160158244002047, 0.95278203164880038, 0.95243108728943338, 0.9524629913221031, 0.95230347115875447, 0.95294155181214901, 0.95278203164880038, 0.9524629913221031, 0.95268631955079119, 0.95220775906074528, 0.95290964777947929, 0.95268631955079119, 0.95294155181214901, 0.95217585502807556, 0.95306916794282792, 0.95259060745278201, 0.95306916794282792, 0.95319678407350694, 0.9524629913221031, 0.95255870342011228, 0.95236727922409392, 0.95310107197549765, 0.95310107197549765, 0.95287774374680956, 0.9524629913221031, 0.95255870342011228, 0.95287774374680956, 0.95243108728943338, 0.95182491066870856, 0.95268631955079119, 0.95316488004083721, 0.95271822358346092, 0.95227156712608474, 0.95313297600816749, 0.95303726391015819, 0.95290964777947929, 0.95306916794282792, 0.95300535987748847],