{"low_val_loss": 0.21883716913794074, "params": {"verbose": 1, "nb_epoch": 1000, "batch_size": 32, "metrics": ["loss", "acc", "val_loss", "val_acc"], "nb_sample": 29058, "do_validation": true}, "results": {"acc": [0.83928694335467002, 0.87043155069171996, 0.89393626540023396, 0.89713676096083694, 0.89837566246816714, 0.89871980177575883, 0.89906394108335053, 0.89995870328308902, 0.90047491224447651, 0.90099112120586411, 0.90057815403675412, 0.90016518686764402, 0.90044049831371742, 0.90112877692890081, 0.90102553513662331, 0.90044049831371742, 0.90061256796751321, 0.90102553513662331, 0.90033725652143992, 0.90147291623649251, 0.89954573611397892, 0.90050932617523571, 0.90075022369054991, 0.90092229334434581, 0.90109436299814161, 0.90071580975979071, 0.90095670727510502, 0.90092229334434581, 0.90109436299814161, 0.90068139582903162, 0.90130084658269671, 0.90013077293688482, 0.90088787941358661, 0.90026842865992152, 0.90126643265193751, 0.90061256796751321, 0.90119760479041922, 0.90116319085966001, 0.90102553513662331, 0.90136967444421501, 0.90061256796751321, 0.90006194507536652, 0.90099112120586411, 0.90040608438295822, 0.90037167045219901, 0.90016518686764402, 0.90167939982104761, 0.90140408837497421, 0.90026842865992152, 0.90154174409801091, 0.90140408837497421, 0.90075022369054991, 0.90088787941358661, 0.90078463762130911, 0.90119760479041922, 0.90109436299814161, 0.90068139582903162, 0.90088787941358661, 0.89988987542157062, 0.90140408837497421, 0.90013077293688482, 0.90023401472916231, 0.90006194507536652, 0.90119760479041922, 0.90068139582903162, 0.90078463762130911, 0.90154174409801091, 0.90105994906738252, 0.90130084658269671, 0.89951132218321972, 0.90026842865992152, 0.90116319085966001, 0.90078463762130911, 0.90095670727510502, 0.90116319085966001, 0.90057815403675412, 0.90140408837497421, 0.90081905155206832, 0.90068139582903162, 0.90136967444421501, 0.90071580975979071, 0.9013352605134558, 0.90105994906738252, 0.90095670727510502, 0.90140408837497421, 0.90026842865992152, 0.90136967444421501, 0.90078463762130911, 0.90119760479041922, 0.90040608438295822, 0.90092229334434581, 0.90088787941358661, 0.90192029733636181, 0.90092229334434581, 0.90116319085966001, 0.90140408837497421, 0.90078463762130911, 0.90026842865992152, 0.90119760479041922, 0.90112877692890081, 0.90154174409801091, 0.90071580975979071, 0.90050932617523571, 0.90054374010599492, 0.90047491224447651, 0.90071580975979071, 0.90126643265193751, 0.90088787941358661, 0.90081905155206832], "loss": [0.38849887676253453, 0.25817876570534415, 0.23966562970000982, 0.23291643132087131, 0.22958488861760792, 0.22772094218847022, 0.22640141378709969, 0.22579691370988123, 0.22525854517129279, 0.22484270131610443, 0.22437700885432957, 0.22421348404470812, 0.22402763854327898, 0.22368950984376706, 0.2238772223276074, 0.22365750927165007, 0.22374953304025325, 0.22340471102100415, 0.22348761345512466, 0.22323731448040079, 0.22334008773146391, 0.22335421904471287, 0.22326714144626711, 0.22318146161655125, 0.22323296599465842, 0.22288880088355734, 0.22310519166958948, 0.22316821832163672, 0.22312637901328036, 0.22306857347899675, 0.22314478378772484, 0.222913362519398, 0.22303381132801536, 0.22290851768488007, 0.22279561016514002, 0.22300349928199439, 0.22296866090486597, 0.22293841770428147, 0.22291806081967719, 0.22283457596655235, 0.22292611703058179, 0.22286143244262555, 0.22274849786754483, 0.22272127354507965, 0.22265228365426612, 0.22280944998179475, 0.22297887218056758, 0.22271619762891223, 0.22286749948440476, 0.22276221048721961, 0.22263773675384668, 0.22269789801629244, 0.22286417989280918, 0.22271603733379591, 0.22271792269959587, 0.22274762651524677, 0.22273997865036585, 0.22270551926465174, 0.22275239397300578, 0.22262894669536779, 0.22282948388342244, 0.22257964518627602, 0.22253153375243853, 0.22255368189425584, 0.22258349980188996, 0.22287794054313489, 0.22274835482501254, 0.22243828256722276, 0.22250816831323561, 0.22256367153540854, 0.2225410875290175, 0.22249201372326327, 0.2225142886177689, 0.22255111513924095, 0.22237927766366936, 0.22258856521928472, 0.22264198361573165, 0.22244432010506546, 0.22249849295204263, 0.2225021413606097, 0.22259672281723777, 0.22245006446533483, 0.22255279281317586, 0.22250011124132718, 0.22257118410446811, 0.22261687581738862, 0.22267783776856895, 0.22254791111401431, 0.2224199928430986, 0.2225538236822045, 0.22259016154912525, 0.22231432134099036, 0.22245901887683212, 0.22234372079380227, 0.22255547489398886, 0.22258995631432138, 0.2225681240625392, 0.22256083385316647, 0.22247869923676977, 0.22252064816547576, 0.22253875679623211, 0.22253845279367246, 0.22236822722857255, 0.22257700385250831, 0.22248898665682562, 0.22235926076561757, 0.22246948371726785, 0.22243776309267851, 0.22235109797173835], "val_acc": [0.83606895842861806, 0.88871683709648752, 0.89325900701493488, 0.89697532783268874, 0.89831733258132096, 0.89862702598485145, 0.89852379485034128, 0.89934964392642258, 0.89893671938838193, 0.89759471463974971, 0.89862702598485145, 0.89965933732995307, 0.90110457321309545, 0.89883348825387177, 0.8982141014468108, 0.89986579959897339, 0.90027872413701415, 0.90027872413701415, 0.90007226186799383, 0.90162072888564626, 0.89986579959897339, 0.90120780434760561, 0.90079487980956496, 0.8982141014468108, 0.89893671938838193, 0.90100134207858529, 0.89996903073348367, 0.90038195527152431, 0.89893671938838193, 0.89883348825387177, 0.8990399505228921, 0.90048518640603448, 0.89986579959897339, 0.90100134207858529, 0.89976256846446323, 0.90058841754054464, 0.89976256846446323, 0.89965933732995307, 0.89945287506093274, 0.90131103548211577, 0.90027872413701415, 0.89862702598485145, 0.90110457321309545, 0.90007226186799383, 0.9015174977511361, 0.89996903073348367, 0.90017549300250399, 0.90110457321309545, 0.89914318165740226, 0.89914318165740226, 0.90079487980956496, 0.90048518640603448, 0.89965933732995307, 0.89873025711936161, 0.90110457321309545, 0.89986579959897339, 0.89924641279191242, 0.90079487980956496, 0.90141426661662594, 0.90089811094407513, 0.89934964392642258, 0.90120780434760561, 0.89955610619544291, 0.90007226186799383, 0.90100134207858529, 0.89986579959897339, 0.90007226186799383, 0.90038195527152431, 0.9006916486750548, 0.90027872413701415, 0.90058841754054464, 0.90058841754054464, 0.89965933732995307, 0.90079487980956496, 0.90079487980956496, 0.9006916486750548, 0.89924641279191242, 0.90079487980956496, 0.90182719115466659, 0.9006916486750548, 0.89996903073348367, 0.90017549300250399, 0.89996903073348367, 0.90131103548211577, 0.9015174977511361, 0.90131103548211577, 0.90038195527152431, 0.90110457321309545, 0.90038195527152431, 0.90058841754054464, 0.90048518640603448, 0.90017549300250399, 0.90172396002015642, 0.90027872413701415, 0.90027872413701415, 0.89873025711936161, 0.90038195527152431, 0.90120780434760561, 0.9006916486750548, 0.90079487980956496, 0.90017549300250399, 0.90007226186799383, 0.90110457321309545, 0.90048518640603448, 0.90038195527152431, 0.90162072888564626, 0.89883348825387177, 0.89965933732995307, 0.89842056371583112],