{"low_val_loss": 0.13378118304036568, "params": {"verbose": 1, "nb_epoch": 1000, "batch_size": 32, "metrics": ["loss", "acc", "val_loss", "val_acc"], "nb_sample": 94030, "do_validation": true}, "results": {"acc": [0.94347548654684676, 0.9444326278847176, 0.94686802085455357, 0.94751674997341273, 0.9483569073750594, 0.94884611294774901, 0.94915452515154741, 0.94961182601804572, 0.94970754015183279, 0.95015420610950585, 0.95027119004573013, 0.95027119004573013, 0.95026055514197594, 0.95052642774090013, 0.95052642774090013, 0.95034563437200892, 0.95077103052217382, 0.95069658620603714, 0.95073912581091136, 0.95083483995484075, 0.95101563330851857, 0.95103690311602684, 0.95067531638838665, 0.95060087206210786, 0.95085610975727786, 0.95095182388599386, 0.95096245878974794, 0.95086674465596088, 0.95090928427097732, 0.95093055407975335, 0.95133468042114222, 0.95118579177365559, 0.9509730936947699, 0.95100499841490671, 0.95139848984873798, 0.95119642667233861, 0.95101563331358963, 0.95141975965624626, 0.95133468042621327, 0.95114325215863915, 0.95117515686990151, 0.95149420397745399, 0.95126023609993449, 0.95149420397872175, 0.95130277570987987, 0.95143039456000045, 0.95132404552245919, 0.95184515580133999, 0.9516005530200663, 0.95150483888627924, 0.9517388067688699, 0.95133468042621327, 0.9514197596511752, 0.95171753695629058, 0.95194086993512705, 0.95177071148140002, 0.95167499734127403, 0.95137722004122982, 0.95165372753376587, 0.95140912475249217, 0.95158991811124105, 0.95178134637881529, 0.95170690206267861, 0.95160055301499524, 0.95185579070509407, 0.95149420398252516, 0.95156864830373289, 0.95191960012761889, 0.95157928320875473, 0.95153674359247054, 0.95176007657637818, 0.95143039455492928, 0.95170690205760755, 0.95160055301499524, 0.95167499734127403, 0.95170690205760755, 0.95214293310645537, 0.95176007657637818, 0.9516749973463452, 0.95176007657130701, 0.95190896522893587, 0.95183452089758591, 0.95190896522893587, 0.95171753695755834, 0.95172817186131242, 0.95161118792382049, 0.9516749973463452, 0.95205785387642239, 0.95183452089758591, 0.95196213974770649, 0.95161118791874932, 0.95145166436243755, 0.95184515580133999, 0.95155801340504986, 0.9519089652238647, 0.95144102945868336, 0.95193023503137297, 0.95191960013268995, 0.9517388067688699, 0.95153674359247054, 0.95185579071016524, 0.95187706051260235, 0.95178134637881529, 0.95196213974770649, 0.95179198128256937, 0.95150483888120807, 0.95197277465146057, 0.9517175369664328], "loss": [0.19014994377088296, 0.14678101695231727, 0.14334067608509421, 0.14142922835067384, 0.13985604987041272, 0.13880652909290025, 0.13778766149978466, 0.13716125822531269, 0.13688749378790921, 0.13634160822624858, 0.13618868194440445, 0.13610146325424283, 0.13590067068704592, 0.13573436522488896, 0.13569115870993251, 0.13548866201148166, 0.13553276276123799, 0.1353093236783052, 0.13528862150325954, 0.13516976997124747, 0.13524284292407446, 0.13506454211233537, 0.13513834408137643, 0.1350144533988587, 0.13492251340425435, 0.13506554530809298, 0.13495672980794296, 0.13490580306087835, 0.13492368537384716, 0.13482037555673179, 0.13463850466495472, 0.13485916781606769, 0.1347676312018237, 0.13492570269694801, 0.13452307571695926, 0.13477839680712844, 0.1347036837762903, 0.13467153471720342, 0.13448826959969756, 0.13468006411635672, 0.13444208381870865, 0.1346282703249515, 0.1344851062400638, 0.13442968864726421, 0.13440186661543027, 0.134409668097138, 0.13431215550681955, 0.13424176354364145, 0.13412001760753561, 0.13407257306557394, 0.13392830175816803, 0.13398734072630777, 0.13387206443908839, 0.133735854062071, 0.13372353065030368, 0.13351156573612286, 0.13342443223130249, 0.13336117266594419, 0.13332945003366295, 0.13326978345830351, 0.13326700998042906, 0.13330198019381648, 0.13326387537688281, 0.13318153821026202, 0.13310986649834144, 0.13316897883239509, 0.13318263025357915, 0.13309150728981736, 0.13315766794046646, 0.13317187091237204, 0.13329369861160734, 0.13315439164197965, 0.13314123766119018, 0.13310367279004306, 0.13319851696446869, 0.13322185182728616, 0.13313865488806925, 0.13301235156611763, 0.13324766868031507, 0.13328698214480664, 0.13310841847883442, 0.13311409983860423, 0.13311902088433342, 0.13311671018949103, 0.13313828166635647, 0.13316278752891558, 0.13304490792007126, 0.1331766234195183, 0.13319071198773108, 0.13310145019160094, 0.13311136440734184, 0.13314165109971551, 0.13305764566989298, 0.13299826749408422, 0.13315474478935771, 0.13311431862522438, 0.13319013829508525, 0.13309202329422531, 0.13314836654119969, 0.13303729834433795, 0.13318682668038687, 0.13298991697019408, 0.13312378769892397, 0.13302600766310954, 0.1331211732205439, 0.13320185428069878, 0.1331327776179648, 0.13299966681279946], "val_acc": [0.94448698315467072, 0.9486345074017356, 0.94904925982644206, 0.94946401225114851, 0.95029351710056154, 0.95016590096988263, 0.95042113323124044, 0.95070826952526799, 0.95080398162327717, 0.95156967840735074, 0.95134635017866254, 0.95239918325676365, 0.95086778968861663, 0.95144206227667172, 0.95294155181214901, 0.95239918325676365, 0.95259060745278201, 0.95259060745278201, 0.9517611026033691, 0.95239918325676365, 0.95249489535477283, 0.95217585502807556, 0.95236727922409392, 0.95300535987748847, 0.95287774374680956, 0.95287774374680956, 0.95227156712608474, 0.95169729453802965, 0.95249489535477283, 0.95230347115875447, 0.95284583971413983, 0.95275012761613065, 0.95128254211332308, 0.95252679938744256, 0.95214395099540583, 0.95166539050535992, 0.95239918325676365, 0.95243108728943338, 0.95252679938744256, 0.95300535987748847, 0.95259060745278201, 0.95233537519142419, 0.95271822358346092, 0.95160158244002047, 0.95271822358346092, 0.95268631955079119, 0.95259060745278201, 0.95275012761613065, 0.95204823889739665, 0.95236727922409392, 0.95310107197549765, 0.95284583971413983, 0.95265441551812147, 0.95278203164880038, 0.95233537519142419, 0.95287774374680956, 0.95278203164880038, 0.95303726391015819, 0.95290964777947929, 0.95134635017866254, 0.95275012761613065, 0.95252679938744256, 0.95249489535477283, 0.95306916794282792, 0.95278203164880038, 0.95290964777947929, 0.95227156712608474, 0.95227156712608474, 0.95252679938744256, 0.95249489535477283, 0.95169729453802965, 0.95230347115875447, 0.95201633486472692, 0.95268631955079119, 0.95217585502807556, 0.95204823889739665, 0.95156967840735074, 0.95160158244002047, 0.95195252679938747, 0.95268631955079119, 0.95278203164880038, 0.95259060745278201, 0.95319678407350694, 0.95227156712608474, 0.95144206227667172, 0.9524629913221031, 0.95249489535477283, 0.95137825421133226, 0.95306916794282792, 0.95239918325676365, 0.9524629913221031, 0.95185681470137828, 0.95278203164880038, 0.95306916794282792, 0.95275012761613065, 0.95278203164880038, 0.95284583971413983, 0.95134635017866254, 0.95243108728943338, 0.95243108728943338, 0.95204823889739665, 0.95163348647269019, 0.95275012761613065, 0.95275012761613065, 0.9532605921388464, 0.95300535987748847, 0.95236727922409392, 0.95188871873404801],