{"low_val_loss": 0.21713246091472679, "params": {"verbose": 1, "nb_epoch": 1000, "batch_size": 32, "metrics": ["loss", "acc", "val_loss", "val_acc"], "nb_sample": 29058, "do_validation": true}, "results": {"acc": [0.8425562667767913, 0.89145846238557369, 0.89558813407667426, 0.89748090026842864, 0.89834124853740793, 0.90085346548282741, 0.90126643265193751, 0.90136967444421501, 0.90078463762130911, 0.902574162020786, 0.90147291623649251, 0.90329685456672859, 0.90140408837497421, 0.90161057195952921, 0.9031247849129328, 0.9019547112671209, 0.9024365062977493, 0.90240209236699021, 0.9019547112671209, 0.902574162020786, 0.90319361277445109, 0.90333126849748779, 0.9029527152591369, 0.90267740381306349, 0.90319361277445109, 0.9022988505747126, 0.90291830132837769, 0.9031247849129328, 0.9026429898823044, 0.9028150595361002, 0.90340009635900609, 0.9024365062977493, 0.9029527152591369, 0.90333126849748779, 0.9020923669901576, 0.90398513318191209, 0.90267740381306349, 0.9027118177438227, 0.9021267809209168, 0.9022988505747126, 0.902574162020786, 0.9026429898823044, 0.9020579530593984, 0.9032280267052103, 0.90240209236699021, 0.9029871291898961, 0.902574162020786, 0.90202353912863931, 0.90326244063596939, 0.9026085759515452, 0.9021267809209168, 0.9030903709821736, 0.90315919884369189], "loss": [0.34614444683007273, 0.24538268274126676, 0.23584869347251319, 0.23103098376050643, 0.22860005788181495, 0.22666360425049836, 0.22563528282605935, 0.22484429917116275, 0.22422742626402661, 0.22350614866174764, 0.22359005391384421, 0.22327289009444076, 0.22318124940184397, 0.22296413886332941, 0.22242404937138899, 0.22235736439795675, 0.22258990943999532, 0.22253709028301225, 0.22240704071491491, 0.22219796560284719, 0.22224310130010133, 0.22223744917550955, 0.2220593127145439, 0.22199391181459507, 0.22210795307152859, 0.22209175785694377, 0.22190471157924924, 0.22184530055828963, 0.22198716368908197, 0.22179724844766172, 0.22169037068407435, 0.22196251276619899, 0.22168480353047232, 0.221566044820283, 0.22188166215941715, 0.22133974653303776, 0.22129172072972456, 0.22141564305187383, 0.22143859558161091, 0.22121680943043187, 0.2213154996425617, 0.22128631557990552, 0.22109143596309963, 0.22089103310613115, 0.22116255776807836, 0.22085319546923288, 0.22080963906225068, 0.22089072660634304, 0.22079729702395726, 0.22085775463380392, 0.2206314161652683, 0.22050172761077522, 0.22055952152831768], "val_acc": [0.8784969547799808, 0.89408485606640398, 0.89480747400797522, 0.89873025711936161, 0.89996903073348367, 0.90058841754054464, 0.90017549300250399, 0.90131103548211577, 0.9015174977511361, 0.90244657796172767, 0.90254980909623783, 0.90007226186799383, 0.90058841754054464, 0.90141426661662594, 0.90141426661662594, 0.90131103548211577, 0.90244657796172767, 0.90182719115466659, 0.90337565817231913, 0.90213688455819718, 0.90254980909623783, 0.90275627136525816, 0.90172396002015642, 0.90244657796172767, 0.90337565817231913, 0.90378858271035989, 0.90265304023074799, 0.90234334682721751, 0.90327242703780897, 0.90389181384487005, 0.90203365342368702, 0.9031691959032988, 0.90141426661662594, 0.90203365342368702, 0.90440796951742086, 0.90368535157584962, 0.90306596476878864, 0.90378858271035989, 0.90440796951742086, 0.89986579959897339, 0.90265304023074799, 0.90275627136525816, 0.9015174977511361, 0.90224011569270735, 0.90162072888564626, 0.90244657796172767, 0.90193042228917686, 0.90100134207858529, 0.90100134207858529, 0.90203365342368702, 0.90089811094407513, 0.90120780434760561, 0.90079487980956496], "val_loss": [0.25393296614992272, 0.23555157874235247, 0.2301882491787853, 0.22750466211644244, 0.22468743451832618, 0.22232068134766927, 0.22309012942864478, 0.22037119032970656, 0.22061500567652512, 0.22008267724625993, 0.21893294940266039, 0.2200400764585046, 0.2202564262379012, 0.21827993201153609, 0.2190601280738021, 0.22157824448637392, 0.21890505285679993, 0.21850340472134541, 0.21825020638698023, 0.22081456379008341, 0.22008635165386922, 0.21830519234093027, 0.21852545860296829, 0.21881658044948757, 0.21763095050154915, 0.21854556668859351, 0.21713246091472679, 0.21837617833018488, 0.21808014905919129, 0.21758733408128905, 0.21834903235859801, 0.2180369566244226, 0.21874414650638541, 0.21891769585907736, 0.21757415214522133, 0.21781862369383084, 0.21787843620111369, 0.21823994163587218, 0.21738232607761257, 0.21850548947793946, 0.21797935422684886, 0.2179530270699932, 0.22066194004868284, 0.2175242203645715, 0.21825412493550989, 0.21758035367101514, 0.21988417707668981, 0.21849721841820993, 0.21831876163489064, 0.21815774719683367, 0.21791532082221476, 0.21775918680594974, 0.21724774856076123]}}