{"low_val_loss": 0.21960456319990893, "params": {"verbose": 1, "nb_epoch": 1000, "batch_size": 32, "metrics": ["loss", "acc", "val_loss", "val_acc"], "nb_sample": 29058, "do_validation": true}, "results": {"acc": [0.83987198017757592, 0.83990639410833501, 0.83990639410833501, 0.83990639410833501, 0.83990639410833501, 0.83990639410833501, 0.83990639410833501, 0.83990639410833501, 0.83990639410833501, 0.83990639410833501, 0.83990639410833501, 0.83990639410833501, 0.83990639410833501, 0.83990639410833501, 0.83990639410833501, 0.83990639410833501, 0.83990639410833501, 0.83990639410833501, 0.84703007777548356, 0.88684699566384473, 0.89290384747745888, 0.89462454401541747, 0.89675820772248604, 0.89768738385298363, 0.89875421570651803, 0.89940808039094222, 0.89930483859866472, 0.90064698189827241, 0.89985546149081153, 0.90016518686764402, 0.89995870328308902, 0.90040608438295822, 0.90102553513662331, 0.90044049831371742, 0.90095670727510502, 0.90078463762130911, 0.90057815403675412, 0.90126643265193751, 0.90064698189827241, 0.90085346548282741, 0.90054374010599492, 0.90030284259068072, 0.90044049831371742, 0.90009635900612572, 0.90216119485167601, 0.90033725652143992, 0.90054374010599492, 0.90078463762130911, 0.90047491224447651, 0.90143850230573341, 0.9020923669901576, 0.90019960079840322, 0.90047491224447651, 0.90061256796751321, 0.90143850230573341, 0.90081905155206832, 0.90112877692890081, 0.90057815403675412, 0.90030284259068072, 0.90078463762130911, 0.90071580975979071, 0.90081905155206832, 0.90040608438295822, 0.90040608438295822, 0.90088787941358661, 0.90140408837497421, 0.90099112120586411, 0.90078463762130911, 0.90102553513662331, 0.90016518686764402, 0.90088787941358661, 0.90075022369054991, 0.90050932617523571, 0.90123201872117831, 0.90071580975979071, 0.90116319085966001, 0.90105994906738252, 0.90030284259068072, 0.90016518686764402, 0.90054374010599492, 0.90064698189827241, 0.90026842865992152, 0.90023401472916231, 0.90033725652143992, 0.90064698189827241], "loss": [0.41729463036582659, 0.35028620664345944, 0.34804437070894212, 0.34734559029092543, 0.34690100881598462, 0.34673876303201762, 0.34652533797910418, 0.3464054179639578, 0.3462996354195968, 0.34624128363951162, 0.34603049916923556, 0.34594237294031532, 0.34584348770783457, 0.34580412084837109, 0.34561340151014552, 0.3452992128385583, 0.34507301229268456, 0.34403249228580729, 0.29790005580875251, 0.24730541264459208, 0.23690523799288046, 0.23258793849919304, 0.23001141505624481, 0.22827337063057709, 0.22711574855406766, 0.22619516719891616, 0.2258274621218089, 0.22527269950235643, 0.22526020059514998, 0.22472883258736695, 0.22461420187804948, 0.22437054050117228, 0.22399824179677677, 0.22401550150235952, 0.223844507739273, 0.22370914591789487, 0.22364791961033861, 0.22353404664978518, 0.22344295573192302, 0.22338090903769342, 0.22337348165035542, 0.22331297945229869, 0.22326113393374997, 0.22316556690818831, 0.22317346826551349, 0.2231929927143344, 0.22312879214002135, 0.2231531392491139, 0.22315541424420787, 0.22309112860768945, 0.22311973167685009, 0.22298730867370317, 0.22293196993547482, 0.22291882157349333, 0.22307770932487483, 0.22303591514455862, 0.22290951404119277, 0.2229147357888924, 0.2230106002670193, 0.22295187856655618, 0.22308418572430275, 0.22288760087496481, 0.2230099884850725, 0.22296459132982258, 0.22297062501555526, 0.22301873904147457, 0.22289659995481836, 0.22298128645995569, 0.22290371181690763, 0.22296744395503568, 0.22302789586504271, 0.22285782025834167, 0.22283346060261164, 0.22292740974227598, 0.22278832857898245, 0.22284021267473955, 0.22293320428653121, 0.22286616228338824, 0.22286595803415238, 0.22276841341845102, 0.2230088722932361, 0.22272516096505535, 0.22277998414319564, 0.22295096128619016, 0.2228848259852195], "val_acc": [0.83606895842861806, 0.83606895842861806, 0.83606895842861806, 0.83606895842861806, 0.83606895842861806, 0.83606895842861806, 0.83606895842861806, 0.83606895842861806, 0.83606895842861806, 0.83606895842861806, 0.83606895842861806, 0.83606895842861806, 0.83606895842861806, 0.83606895842861806, 0.83606895842861806, 0.83606895842861806, 0.83606895842861806, 0.83606895842861806, 0.88056157735327611, 0.88727160121334514, 0.89016207297962979, 0.89418808722552645, 0.89532362968052603, 0.89511716741150571, 0.89697532783268874, 0.89480747403258742, 0.89873025711936161, 0.89986579959897339, 0.89914318165740226, 0.89666563442915825, 0.89697532783268874, 0.89800763917779036, 0.89800763917779036, 0.90007226186799383, 0.89862702598485145, 0.90038195527152431, 0.89934964392642258, 0.89986579959897339, 0.89934964392642258, 0.90058841754054464, 0.89986579959897339, 0.89965933732995307, 0.89965933732995307, 0.90048518640603448, 0.89831733258132096, 0.89945287506093274, 0.89986579959897339, 0.89934964392642258, 0.90017549300250399, 0.90038195527152431, 0.90048518640603448, 0.90079487980956496, 0.90017549300250399, 0.90079487980956496, 0.89934964392642258, 0.90017549300250399, 0.90017549300250399, 0.90048518640603448, 0.89996903073348367, 0.90141426661662594, 0.89945287506093274, 0.90017549300250399, 0.89986579959897339, 0.89976256846446323, 0.89955610619544291, 0.90058841754054464, 0.90058841754054464, 0.90120780434760561, 0.89996903073348367, 0.90100134207858529, 0.90058841754054464, 0.89986579959897339, 0.90038195527152431, 0.89986579959897339, 0.9006916486750548, 0.90048518640603448, 0.90048518640603448, 0.90027872413701415, 0.89996903073348367, 0.89852379485034128, 0.89924641279191242, 0.90079487980956496, 0.89893671938838193, 0.90089811094407513, 0.90038195527152431], "val_loss": [0.35143718665212476, 0.34637444411513357, 0.34543720291373875, 0.34540323980627163, 0.34557020253191006, 0.34517753434043386, 0.34488946131118203, 0.34518056381864914, 0.34417266914986527, 0.3442930013258243, 0.34434622751370642, 0.34416381371911003, 0.34456006140732059, 0.34371491203099391, 0.34357122858020805, 0.34323538152366967, 0.34275888545084654, 0.33957374057767808, 0.25567814815742157, 0.23968943150232755, 0.23332776344141207, 0.2295504996094084, 0.22666296536085392, 0.22581710944151601, 0.22476698147003971, 0.22565279056059387, 0.22294313634796828, 0.22180555368141702, 0.22240383160844041, 0.22260335525258401, 0.22203932467956125, 0.22180192266822882, 0.22241496866894073, 0.22051730246825449, 0.22127894704785153, 0.2211741183741095, 0.22018327813738206, 0.22213700525381869, 0.22007725379889603, 0.22065195057603046, 0.22011044686382322, 0.22179906893664991, 0.22060796008693848, 0.22085416388976828, 0.22040985753394213, 0.22019510418622748, 0.22050302332247745, 0.21977849918597128, 0.2199761457206714, 0.22018568987655385, 0.22018902905649157, 0.21991270164950191, 0.22069076262625967, 0.22018888675170969, 0.22007653833703136, 0.2202455755590445, 0.22006595436542462, 0.22030671160078594, 0.21960456319990893, 0.21970826487700193, 0.2207018989853117, 0.22099357364076055, 0.22010431173872355, 0.22037503833038291, 0.22301174080801339, 0.22036660826955651, 0.22023664267055512, 0.22047584703171155, 0.22119846330580481, 0.22065022735141854, 0.21969403462340076, 0.22107353096740762, 0.21972740120755835, 0.21983364915729639, 0.22093191320182148, 0.22064371585009132, 0.22050633371534689, 0.21988815087657773, 0.22002121644934672, 0.2203357018245021, 0.22087637248073211, 0.22005663515737062, 0.22034401825685995, 0.22014525282600783, 0.21974954590519799]}}