{"low_val_loss": 0.21904436806610056, "params": {"verbose": 1, "nb_epoch": 1000, "batch_size": 32, "metrics": ["loss", "acc", "val_loss", "val_acc"], "nb_sample": 29058, "do_validation": true}, "results": {"acc": [0.83990639410833501, 0.83990639410833501, 0.83990639410833501, 0.83990639410833501, 0.83990639410833501, 0.83990639410833501, 0.83990639410833501, 0.83990639410833501, 0.83990639410833501, 0.83990639410833501, 0.83990639410833501, 0.83990639410833501, 0.83990639410833501, 0.83990639410833501, 0.87022506710716496, 0.89214674100075708, 0.89627641269185765, 0.89789386743753874, 0.89882304356803633, 0.89937366646018313, 0.89889187142955473, 0.89913276894486893, 0.89954573611397892, 0.90023401472916231, 0.90033725652143992, 0.89985546149081153, 0.90037167045219901, 0.90095670727510502, 0.90044049831371742, 0.90023401472916231, 0.89961456397549733, 0.90026842865992152, 0.90016518686764402, 0.90075022369054991, 0.90095670727510502, 0.90013077293688482, 0.89988987542157062, 0.90037167045219901, 0.90075022369054991, 0.90078463762130911, 0.90057815403675412, 0.89999311721384812, 0.90002753114460732, 0.90033725652143992, 0.90026842865992152, 0.90019960079840322, 0.90019960079840322, 0.89982104756005232, 0.90061256796751321, 0.90116319085966001, 0.89999311721384812, 0.90033725652143992, 0.90037167045219901, 0.90037167045219901, 0.90109436299814161, 0.90075022369054991, 0.89951132218321972, 0.90147291623649251, 0.90130084658269671, 0.89988987542157062, 0.90105994906738252, 0.90088787941358661, 0.89988987542157062, 0.89947690825246063, 0.90033725652143992, 0.90019960079840322, 0.90078463762130911, 0.90068139582903162, 0.89985546149081153, 0.90047491224447651, 0.90030284259068072, 0.90019960079840322, 0.89992428935232982, 0.90071580975979071, 0.90064698189827241, 0.90081905155206832, 0.90071580975979071, 0.89975221969853392, 0.90116319085966001, 0.90075022369054991, 0.89937366646018313, 0.90078463762130911, 0.90112877692890081, 0.90112877692890081, 0.90057815403675412, 0.90102553513662331, 0.90095670727510502, 0.90123201872117831, 0.90068139582903162, 0.90068139582903162, 0.89978663362929312, 0.90075022369054991], "loss": [0.39640244381074463, 0.34838665103795846, 0.34745694952794187, 0.34701246222762794, 0.34688868657779082, 0.34666730114077743, 0.34632062293579885, 0.34643007849344853, 0.34616603943992935, 0.34595935357434182, 0.34587795432546492, 0.34566224767903481, 0.34533497075785446, 0.34356222988217011, 0.26463859915934357, 0.23914188984518689, 0.23294216560368955, 0.23029876088840076, 0.22887616943891317, 0.22732687329989978, 0.22663380097925651, 0.22613337243430981, 0.22565001955418876, 0.22501346957381058, 0.22498696800625179, 0.22479442355647797, 0.22432764839532002, 0.22417934297601497, 0.22408204317919542, 0.22401968606103023, 0.22376881603685392, 0.22363183558114388, 0.22372531226270581, 0.22362997536157428, 0.22370947494639143, 0.2233629480793842, 0.22349909590184791, 0.2234382167578339, 0.22334624798498576, 0.22345621910842847, 0.22372083454555988, 0.22337709889005619, 0.22347238093667909, 0.22358171176299954, 0.22358759722552982, 0.22342858473012711, 0.22327599832561834, 0.22328538685920143, 0.22326648198629667, 0.22340588317856303, 0.2234623942955466, 0.22345801108427715, 0.22331472791531876, 0.22348168035021085, 0.22313715165427256, 0.22325255075977676, 0.22316930945753699, 0.22290502493843767, 0.22348034941877917, 0.22316836160871412, 0.22315284884548878, 0.22301545688635105, 0.22328763523689238, 0.22324681684443526, 0.22310892203668248, 0.22315161379478665, 0.2230459727125893, 0.22311060037582489, 0.2230712040152654, 0.22311569175041504, 0.22319876363061414, 0.22305977929113524, 0.22327365849117237, 0.22316582048740921, 0.22328957308962469, 0.22298822097156715, 0.22309646763815688, 0.22311338926627344, 0.22319568146267091, 0.22313283620449267, 0.22299896006608494, 0.22303336615919001, 0.22313847688155378, 0.223123747222364, 0.22308763712762522, 0.22315309315912696, 0.2231847019334712, 0.2230220088739133, 0.2232521929539639, 0.22310295952362699, 0.22318866418802663, 0.222972426484529], "val_acc": [0.83606895842861806, 0.83606895842861806, 0.83606895842861806, 0.83606895842861806, 0.83606895842861806, 0.83606895842861806, 0.83606895842861806, 0.83606895842861806, 0.83606895842861806, 0.83606895842861806, 0.83606895842861806, 0.83606895842861806, 0.83606895842861806, 0.83606895842861806, 0.88871683709648752, 0.89305254474591456, 0.89635594105023997, 0.89604624762209717, 0.8982141014468108, 0.89749148350523955, 0.89934964392642258, 0.8982141014468108, 0.8990399505228921, 0.89676886556366842, 0.90038195527152431, 0.89769794577425988, 0.89934964392642258, 0.90048518640603448, 0.89800763917779036, 0.89893671938838193, 0.89914318165740226, 0.90162072888564626, 0.90048518640603448, 0.89965933732995307, 0.89996903073348367, 0.90058841754054464, 0.90058841754054464, 0.90017549300250399, 0.8979044080432802, 0.89945287506093274, 0.90038195527152431, 0.89976256846446323, 0.89738825237072939, 0.89924641279191242, 0.89965933732995307, 0.90027872413701415, 0.89996903073348367, 0.90007226186799383, 0.9006916486750548, 0.89945287506093274, 0.90007226186799383, 0.89976256846446323, 0.8979044080432802, 0.89986579959897339, 0.89831733258132096, 0.90038195527152431, 0.90120780434760561, 0.90017549300250399, 0.89914318165740226, 0.89955610619544291, 0.89986579959897339, 0.90038195527152431, 0.90110457321309545, 0.90120780434760561, 0.8990399505228921, 0.89996903073348367, 0.9006916486750548, 0.90007226186799383, 0.90038195527152431, 0.90162072888564626, 0.90079487980956496, 0.90110457321309545, 0.90027872413701415, 0.90048518640603448, 0.8990399505228921, 0.89976256846446323, 0.89914318165740226, 0.89996903073348367, 0.90058841754054464, 0.89955610619544291, 0.89831733258132096, 0.89955610619544291, 0.90058841754054464, 0.89986579959897339, 0.89934964392642258, 0.89934964392642258, 0.89924641279191242, 0.89976256846446323, 0.89965933732995307, 0.89965933732995307, 0.89914318165740226, 0.90131103548211577], "val_loss": [0.34781127173772375, 0.34585036387984519, 0.34512713970544356, 0.34538701208331607, 0.34518354658902312, 0.3448728164418558, 0.34459172320141934, 0.34416045220358227, 0.34412109936749319, 0.3447074696069361, 0.34396291094765497, 0.34417254700249189, 0.34263661151529407, 0.32788770242447179, 0.24186836004786366, 0.23281912110139061, 0.22832196477127234, 0.22752990506191773, 0.22465934924595962, 0.22544259824804, 0.22337501180347943, 0.22285642729549324, 0.22236108020004922, 0.22200353504384007, 0.22123266891747961, 0.22218212849266625, 0.22131315711433824, 0.22104485098688278, 0.2214421036197414, 0.22108400159358635, 0.22156890251509259, 0.22130239932815443, 0.22067280780842052, 0.22088068512321146, 0.22108160243433572, 0.22088693571346665, 0.21983944018509557, 0.22059285275840385, 0.22132239028729928, 0.22058451297212536, 0.22173441455646528, 0.22224463238932221, 0.2206029409414427, 0.22047600348544363, 0.22030155945085109, 0.22040266592005181, 0.22029610482595696, 0.22016154742651931, 0.22193191532529002, 0.2213183474624392, 0.21984896129334663, 0.2204615371083529, 0.22212631349299264, 0.21951563910912764, 0.2203514710525567, 0.22029534584661012, 0.2196436135518092, 0.22083287402376789, 0.22109920603886618, 0.22078863697868142, 0.2211622386829297, 0.21989601660995547, 0.22034514841310279, 0.21967257774194918, 0.22040505468063928, 0.21904436806610056, 0.2208147084207201, 0.22042387077236639, 0.2206710347932867, 0.22012932185874678, 0.22108255706852872, 0.22059230215842107, 0.21979647716083331, 0.21953963739000459, 0.22097653022574926, 0.2207423215731017, 0.22045470742331677, 0.22109199122180506, 0.21956584652511035, 0.22060022941927329, 0.22162153026914158, 0.22163602191990617, 0.21979105478410099, 0.22067846437350655, 0.2206783550921714, 0.22149976550505185, 0.22012853776570554, 0.22230245332495402, 0.22001382382129928, 0.22127606985775006, 0.21992018022034651, 0.21962982883785143]}}