{"low_val_loss": 0.2194772133876926, "params": {"verbose": 1, "nb_epoch": 1000, "batch_size": 32, "metrics": ["loss", "acc", "val_loss", "val_acc"], "nb_sample": 29058, "do_validation": true}, "results": {"acc": [0.84434579117626818, 0.89221556886227549, 0.89727441668387364, 0.89889187142955473, 0.89913276894486893, 0.89964897790625642, 0.89937366646018313, 0.90033725652143992, 0.90092229334434581, 0.90023401472916231, 0.90026842865992152, 0.90102553513662331, 0.90033725652143992, 0.90075022369054991, 0.90092229334434581, 0.89999311721384812, 0.90023401472916231, 0.90050932617523571, 0.90044049831371742, 0.90013077293688482, 0.90092229334434581, 0.90050932617523571, 0.90044049831371742, 0.90078463762130911, 0.90064698189827241, 0.90105994906738252, 0.89954573611397892, 0.89940808039094222, 0.90009635900612572, 0.90075022369054991, 0.89982104756005232, 0.90085346548282741, 0.90085346548282741, 0.90109436299814161, 0.90064698189827241, 0.90116319085966001, 0.90044049831371742, 0.90026842865992152, 0.90075022369054991, 0.89995870328308902, 0.89954573611397892, 0.90050932617523571, 0.90105994906738252, 0.90154174409801091, 0.90078463762130911, 0.90150733016725171, 0.90102553513662331, 0.90002753114460732, 0.90078463762130911, 0.90095670727510502, 0.90061256796751321, 0.90037167045219901, 0.90068139582903162, 0.89985546149081153, 0.89992428935232982, 0.90105994906738252, 0.90013077293688482, 0.90064698189827241, 0.89988987542157062, 0.90105994906738252], "loss": [0.34544250660962006, 0.24343848641597976, 0.23419960420272315, 0.23038479662809608, 0.22822246576938668, 0.2268412428238131, 0.22602440795944323, 0.2255655006430615, 0.22493201274275373, 0.22490118170895904, 0.22439971436357389, 0.22429006899760479, 0.22407648442756012, 0.22401059084543759, 0.22403911687677303, 0.22356983263401181, 0.22374483250810751, 0.22370945609370368, 0.22362351389747337, 0.22373090445855848, 0.22384150741420961, 0.22334346788306469, 0.22336150886425174, 0.2234167185415169, 0.22371869073774947, 0.22363391455979034, 0.22336705816888261, 0.22362279429825627, 0.22351642139054081, 0.22338937808378687, 0.22346461824347141, 0.22327472622064601, 0.22350270890950838, 0.22360720455347036, 0.2237162041938168, 0.22352215514045184, 0.22339738387391675, 0.22331891828307315, 0.22325982363871891, 0.22324483595561306, 0.22323539042654988, 0.22306414155197354, 0.22330396563600333, 0.22340503493559172, 0.22341838182788334, 0.22332860480295799, 0.22333470877354583, 0.22348079109838198, 0.22317620445425146, 0.22330219808126711, 0.22305175587068249, 0.22352158599433464, 0.22316498976792856, 0.22344120379217608, 0.22339404112238667, 0.22325326416350968, 0.22322855159998381, 0.22328015514031196, 0.22324795216309509, 0.22319163837939268], "val_acc": [0.88345204923646892, 0.89480747403258742, 0.89862702598485145, 0.89811087031230064, 0.89800763917779036, 0.89934964392642258, 0.90027872413701415, 0.89924641279191242, 0.90058841754054464, 0.89965933732995307, 0.89852379485034128, 0.89996903073348367, 0.90079487980956496, 0.89996903073348367, 0.89666563442915825, 0.8990399505228921, 0.89965933732995307, 0.90089811094407513, 0.90182719115466659, 0.90110457321309545, 0.90007226186799383, 0.90027872413701415, 0.89862702598485145, 0.90213688455819718, 0.89965933732995307, 0.89914318165740226, 0.89986579959897339, 0.90120780434760561, 0.89965933732995307, 0.9006916486750548, 0.90038195527152431, 0.90172396002015642, 0.90265304023074799, 0.89996903073348367, 0.89914318165740226, 0.89934964392642258, 0.89996903073348367, 0.90017549300250399, 0.89893671938838193, 0.89914318165740226, 0.90131103548211577, 0.8990399505228921, 0.89749148350523955, 0.89996903073348367, 0.8990399505228921, 0.90058841754054464, 0.89924641279191242, 0.90172396002015642, 0.89893671938838193, 0.89769794577425988, 0.90079487980956496, 0.90027872413701415, 0.89986579959897339, 0.89976256846446323, 0.89965933732995307, 0.90017549300250399, 0.89914318165740226, 0.90007226186799383, 0.89914318165740226, 0.90027872413701415], "val_loss": [0.25260892361202536, 0.23588114307738192, 0.22917746614595186, 0.22667528054373817, 0.22367423656519148, 0.22389456029522586, 0.22278876035799489, 0.22218953341451778, 0.22164572589387832, 0.22227180362842985, 0.2216289687005312, 0.22078166944982835, 0.22134401710075011, 0.22069835724987655, 0.22064333154257573, 0.22207562690169078, 0.22132521003247832, 0.22069523610652286, 0.22079563509744793, 0.2228065009079962, 0.22068197969387618, 0.22193345461047273, 0.22100807708077871, 0.22199874161394115, 0.22004888599054528, 0.22157262448274131, 0.2209031687157435, 0.21982637208670031, 0.22002785373450284, 0.21965042127351514, 0.21957024786080248, 0.22020289340021196, 0.22030703190422235, 0.2194772133876926, 0.22073371763309113, 0.22349507211592837, 0.22017322107649592, 0.21991738566577501, 0.22028081972643085, 0.22068487705061579, 0.22041392688154621, 0.22012195884843008, 0.22017521476787447, 0.22133858629433231, 0.22095322021946298, 0.21951610880566538, 0.2212453858148723, 0.2196646055299529, 0.22128169925709781, 0.22232360103076931, 0.2222366288182806, 0.22058172662572939, 0.21989123628298737, 0.21998726310985456, 0.22011509639837554, 0.22027896002398023, 0.22167587243355108, 0.22009616725656705, 0.22000401412553433, 0.21983392037781224]}}