{"low_val_loss": 0.21703968896786593, "params": {"verbose": 1, "nb_epoch": 1000, "batch_size": 32, "metrics": ["loss", "acc", "val_loss", "val_acc"], "nb_sample": 29058, "do_validation": true}, "results": {"acc": [0.83921811549315162, 0.85735425700323487, 0.8910110812857045, 0.89545047835363756, 0.89765296992222454, 0.90009635900612572, 0.90044049831371742, 0.90150733016725171, 0.90136967444421501, 0.90164498589028841, 0.9023332645054718, 0.9021267809209168, 0.90202353912863931, 0.9022300227131943, 0.9026085759515452, 0.9028150595361002, 0.9027462316745819, 0.90329685456672859, 0.9027118177438227, 0.9029871291898961, 0.9028150595361002, 0.90319361277445109, 0.9023332645054718, 0.90333126849748779, 0.9026429898823044, 0.90267740381306349, 0.90315919884369189, 0.90315919884369189, 0.9029527152591369, 0.90278064560534099, 0.90326244063596939, 0.9028838873976186, 0.9024365062977493, 0.90343451028976529, 0.90329685456672859, 0.9028150595361002, 0.9021956087824351, 0.9030903709821736, 0.90305595705141439, 0.9030903709821736, 0.9032280267052103, 0.9029871291898961, 0.9024365062977493, 0.9028494734668594, 0.90381306352811619, 0.9027462316745819, 0.9029871291898961, 0.9030903709821736, 0.90357216601280199, 0.9026429898823044, 0.90329685456672859, 0.90360657994356119, 0.9025053341592677, 0.90291830132837769, 0.90388189138963448], "loss": [0.40269649752067455, 0.26728024226897629, 0.24328773238123289, 0.23508133078289814, 0.23055172149013659, 0.22779988174976573, 0.22629293606968504, 0.2250423376197882, 0.22437207473309781, 0.22377060335910248, 0.22319439826644094, 0.22290611134170132, 0.22274578673515966, 0.22241100255994542, 0.2223226916799034, 0.22216140196856551, 0.22204131658792636, 0.22195348731062703, 0.22212507800513892, 0.22198015376817778, 0.22186811285213809, 0.22203483805291149, 0.22177202025172987, 0.22180476361970022, 0.22172924809650657, 0.22171658582632076, 0.22150997500549993, 0.22177419377209731, 0.22163200396058547, 0.22169056064061118, 0.22170115840396362, 0.22155087874310397, 0.22164456312158692, 0.22161714339169725, 0.22138774136123773, 0.22159087344397943, 0.2215682531359113, 0.22142663997691517, 0.22136003028333978, 0.22139266569996072, 0.22150296065129452, 0.22129542067912614, 0.22149499413504212, 0.22133467658370645, 0.2213175955623177, 0.22113693112099653, 0.22137829187996694, 0.22123827281112443, 0.22131901759964789, 0.22133944089228239, 0.22133587127756174, 0.22132673034796621, 0.22123770019998076, 0.22124933129095345, 0.22123852051818632], "val_acc": [0.83606895842861806, 0.88438112944706038, 0.8918137711071803, 0.89553009194954636, 0.89749148350523955, 0.89883348825387177, 0.89862702598485145, 0.89811087031230064, 0.90162072888564626, 0.89996903073348367, 0.89873025711936161, 0.90079487980956496, 0.90285950249976832, 0.90193042228917686, 0.9031691959032988, 0.9031691959032988, 0.9043047383829107, 0.90162072888564626, 0.90265304023074799, 0.90327242703780897, 0.90275627136525816, 0.9031691959032988, 0.90285950249976832, 0.90409827611389038, 0.9015174977511361, 0.90337565817231913, 0.90285950249976832, 0.90306596476878864, 0.90285950249976832, 0.90306596476878864, 0.9031691959032988, 0.90296273363427848, 0.90254980909623783, 0.90399504497938021, 0.90296273363427848, 0.90420150724840054, 0.90275627136525816, 0.90285950249976832, 0.90234334682721751, 0.90368535157584962, 0.90368535157584962, 0.90327242703780897, 0.90296273363427848, 0.90234334682721751, 0.90162072888564626, 0.90296273363427848, 0.90337565817231913, 0.90172396002015642, 0.90368535157584962, 0.9031691959032988, 0.90285950249976832, 0.90285950249976832, 0.90254980909623783, 0.90224011569270735, 0.90244657796172767], "val_loss": [0.29659852904531131, 0.24899522589002956, 0.23566233871509087, 0.22992560395431971, 0.22654059919100544, 0.22365213399752013, 0.22289409574505417, 0.22207980234334745, 0.22134621131096485, 0.22044868257634717, 0.2201180802824525, 0.2194877732300938, 0.21806359537198863, 0.21930753364520655, 0.21868984665038282, 0.21789356168731394, 0.21737886972966131, 0.21817102268702773, 0.21759509469894994, 0.21846659971462434, 0.21766927788793408, 0.21733684067609474, 0.21729824509034404, 0.21720545841306924, 0.21960184423869591, 0.21750926080473168, 0.21754210015513326, 0.2178261470742992, 0.21703968896786593, 0.21804723497378245, 0.21794113005796331, 0.21808041601256345, 0.21811018311794025, 0.21727520582155876, 0.21785284943830197, 0.21717166333630739, 0.21838662010776477, 0.21865838530436013, 0.21785986735144672, 0.2181032234188498, 0.21751821634569343, 0.2177241039870508, 0.21856639527235899, 0.21855552931546648, 0.21804922576091898, 0.21920939113649038, 0.2175846359081727, 0.21871668655362625, 0.2175089077178177, 0.21809084602242543, 0.21916895120323807, 0.21777901229406027, 0.21877161523647767, 0.21901003765200908, 0.21789233458353488]}}