{"low_val_loss": 0.21699423935251658, "params": {"verbose": 1, "nb_epoch": 1000, "batch_size": 32, "metrics": ["loss", "acc", "val_loss", "val_acc"], "nb_sample": 29058, "do_validation": true}, "results": {"acc": [0.83921811549315162, 0.83990639410833501, 0.83990639410833501, 0.83990639410833501, 0.84985202009773553, 0.88953128226306011, 0.89527840869984165, 0.89803152316057544, 0.89930483859866472, 0.90130084658269671, 0.90105994906738252, 0.9019891251978801, 0.9029527152591369, 0.902574162020786, 0.9027118177438227, 0.90202353912863931, 0.9032280267052103, 0.90267740381306349, 0.9026085759515452, 0.902367678436231, 0.90329685456672859, 0.90267740381306349, 0.9028838873976186, 0.90267740381306349, 0.90329685456672859, 0.902574162020786, 0.9021956087824351, 0.90253974809002679, 0.90302154312065519, 0.90360657994356119, 0.90253974809002679, 0.9028494734668594, 0.9029871291898961, 0.9024365062977493, 0.90333126849748779, 0.90381306352811619, 0.90398513318191209, 0.90357216601280199, 0.90353775208204279, 0.9032280267052103, 0.9028150595361002, 0.9031247849129328, 0.903365682428247, 0.90340009635900609, 0.90374423566659778, 0.90278064560534099, 0.9026429898823044, 0.903365682428247, 0.90346892422052449, 0.90370982173583869, 0.903365682428247, 0.90398513318191209, 0.903365682428247, 0.90367540780507949, 0.90340009635900609, 0.90302154312065519, 0.903365682428247, 0.9030903709821736, 0.9030903709821736, 0.9028838873976186, 0.90377864959735699, 0.90346892422052449, 0.90291830132837769, 0.9030903709821736, 0.9032280267052103, 0.9024709202285085, 0.90377864959735699, 0.90319361277445109, 0.90388189138963448, 0.90360657994356119, 0.9029871291898961, 0.90384747745887539], "loss": [0.4120455327763578, 0.34955133427973173, 0.34733609558291512, 0.34599185753781653, 0.29265250088679701, 0.24272107919247335, 0.23446613558717994, 0.22989418427608929, 0.22739672443704928, 0.22577898336733535, 0.22479882478094518, 0.22413001003297545, 0.22350206644040582, 0.22325890880444479, 0.22310898272448895, 0.22294550715741884, 0.2226205798682809, 0.22261186360813393, 0.2225030183990058, 0.22238417653040907, 0.22233407254048065, 0.22227124921129848, 0.22219578108103955, 0.22214628137738232, 0.22190394184604503, 0.22225096278548725, 0.22198312474565088, 0.22192449562733094, 0.22208927236621759, 0.2219351973356799, 0.22187309574790418, 0.22167935309718437, 0.22192251246600217, 0.22171741552480165, 0.22175912178260029, 0.22169972864567508, 0.22169117437218813, 0.22168454425806222, 0.22167714231059296, 0.22158414978991409, 0.2215166932256003, 0.22147282314559813, 0.22156827385307909, 0.22170462947262154, 0.22132889866435082, 0.22155006690623819, 0.22136063410805215, 0.22130134763214443, 0.22127065862092388, 0.22132983087664651, 0.22119896861494626, 0.22133888719915334, 0.22115265160862616, 0.22120246701201485, 0.22130791227767146, 0.2211792485280657, 0.22106170038632975, 0.22118787022875577, 0.22124637279886941, 0.22133174050829843, 0.22118367990095228, 0.22110653373623873, 0.22118566126049574, 0.22104711317090536, 0.22127210574018313, 0.22109408083613671, 0.22101458447856956, 0.22108427236224415, 0.22116305494714741, 0.22115903337615508, 0.22107341127084312, 0.22122529861037454], "val_acc": [0.83606895842861806, 0.83606895842861806, 0.83606895842861806, 0.83606895842861806, 0.88241973789136718, 0.88974914841697694, 0.89439454946993457, 0.89573655421856668, 0.89934964392642258, 0.89965933732995307, 0.90100134207858529, 0.90182719115466659, 0.90244657796172767, 0.90224011569270735, 0.90213688455819718, 0.90244657796172767, 0.90079487980956496, 0.90079487980956496, 0.90193042228917686, 0.90203365342368702, 0.9015174977511361, 0.90234334682721751, 0.90254980909623783, 0.90285950249976832, 0.90089811094407513, 0.90296273363427848, 0.90193042228917686, 0.90172396002015642, 0.90120780434760561, 0.90399504497938021, 0.90234334682721751, 0.90471766292095135, 0.9031691959032988, 0.90389181384487005, 0.90296273363427848, 0.90440796951742086, 0.90275627136525816, 0.90378858271035989, 0.90451120065193102, 0.90234334682721751, 0.90378858271035989, 0.90285950249976832, 0.9043047383829107, 0.90337565817231913, 0.90399504497938021, 0.90368535157584962, 0.90285950249976832, 0.90296273363427848, 0.90296273363427848, 0.90358212044133945, 0.90296273363427848, 0.90327242703780897, 0.9015174977511361, 0.90378858271035989, 0.90358212044133945, 0.90368535157584962, 0.90327242703780897, 0.90337565817231913, 0.90347888930682929, 0.9031691959032988, 0.90368535157584962, 0.90409827611389038, 0.90234334682721751, 0.9043047383829107, 0.90224011569270735, 0.9031691959032988, 0.90244657796172767, 0.90337565817231913, 0.90244657796172767, 0.90265304023074799, 0.9031691959032988, 0.90327242703780897], "val_loss": [0.35023952833365962, 0.34536577951456476, 0.34442041863397854, 0.34238345396337805, 0.25064666542620978, 0.23727206892429201, 0.22967670676852694, 0.22645316676998994, 0.22357759377751371, 0.22203299006933863, 0.22057407137298407, 0.22055780575028561, 0.21976278903339871, 0.21929100008464714, 0.21884537470147522, 0.21891989901275768, 0.22053474112168375, 0.21919216921519752, 0.21884884719658135, 0.21877253469673119, 0.21904677134174502, 0.21941446027384584, 0.21799151657553567, 0.2181070527419274, 0.21937102850984588, 0.21855237184447548, 0.21960090483946734, 0.21816195176705322, 0.21865032794023428, 0.21792187289678733, 0.21816932296708627, 0.2174688008355937, 0.21784593831142848, 0.21746176799975203, 0.21833849001856206, 0.2173042114771371, 0.21790910995300677, 0.218137754804027, 0.21743702104897203, 0.21832224677760154, 0.21867713647520282, 0.21849261412399526, 0.21761907113340478, 0.21788935632642681, 0.21814559990005791, 0.21699423935251658, 0.21775882998720786, 0.21906621430057285, 0.21796755199647977, 0.21851886670889961, 0.21866655071305702, 0.21783995172107898, 0.21897124310722166, 0.21734982145648507, 0.21788448430355506, 0.21777441817084567, 0.21773560948326109, 0.21736515141178286, 0.21796318212135837, 0.21874640674811097, 0.21820416246957425, 0.21786858932858985, 0.21878209983009148, 0.21730727454488019, 0.21841633280475184, 0.21773696724101216, 0.21958531749879809, 0.21820481135845923, 0.21823019228619517, 0.21857631779054229, 0.2178562910512245, 0.21804385044890512]}}