{"low_val_loss": 0.21738353546059291, "params": {"verbose": 1, "nb_epoch": 1000, "batch_size": 32, "metrics": ["loss", "acc", "val_loss", "val_acc"], "nb_sample": 29058, "do_validation": true}, "results": {"acc": [0.83963108266226172, 0.88261408218046666, 0.89572578979971096, 0.89937366646018313, 0.90068139582903162, 0.9020923669901576, 0.90154174409801091, 0.9022988505747126, 0.9019547112671209, 0.9019547112671209, 0.90267740381306349, 0.90216119485167601, 0.90267740381306349, 0.9023332645054718, 0.9028150595361002, 0.9025053341592677, 0.9027462316745819, 0.90167939982104761, 0.90291830132837769, 0.90326244063596939, 0.90174822768256591, 0.9026085759515452, 0.90253974809002679, 0.903365682428247, 0.90267740381306349, 0.902367678436231, 0.9028838873976186, 0.9029527152591369, 0.90302154312065519, 0.90343451028976529, 0.9022644366439535, 0.9028150595361002, 0.90319361277445109, 0.9028150595361002, 0.9022644366439535, 0.903365682428247, 0.9028838873976186, 0.90178264161332511, 0.902367678436231, 0.90360657994356119, 0.90388189138963448, 0.9028838873976186, 0.90333126849748779, 0.9024365062977493, 0.9025053341592677, 0.9029527152591369, 0.9028150595361002, 0.9027462316745819, 0.90343451028976529, 0.90357216601280199, 0.903365682428247, 0.90315919884369189, 0.90305595705141439, 0.9028150595361002, 0.9027462316745819, 0.902574162020786, 0.90340009635900609, 0.9030903709821736], "loss": [0.3661542780555298, 0.25118499779719283, 0.23669629534122513, 0.23097327503053475, 0.22764763883414063, 0.22575684290429798, 0.22485718923865811, 0.22382575996777535, 0.22359403543457848, 0.22350382018356063, 0.22306161370738378, 0.22279676360555259, 0.22279237344949104, 0.2223810201360919, 0.2223616635424443, 0.22226353971494911, 0.22234803314702592, 0.22216947976353901, 0.22220641357767926, 0.2218660382978668, 0.22203633054845781, 0.22191867095813328, 0.22194697959731241, 0.22179251948742162, 0.22144799188401976, 0.22163096896730228, 0.22147610519724673, 0.22141602267700608, 0.22108782670627367, 0.22120450012361742, 0.22148462635862329, 0.22109285780498603, 0.22083362564829148, 0.22077594999594388, 0.22098219055403967, 0.22077661252610903, 0.2208995862824023, 0.22063225040776874, 0.22053651080500589, 0.22054763877172948, 0.22063378381662219, 0.22068380613398697, 0.22045909551885273, 0.22027640968220283, 0.22055278762957581, 0.22055069423565329, 0.2206307242389724, 0.22045094110376778, 0.22030443913495681, 0.22040753627961449, 0.22015673297406949, 0.2204782591061048, 0.22038219544036067, 0.22024374211373565, 0.22031663286521025, 0.22015456753709917, 0.22014050368957799, 0.22039957724727516], "val_acc": [0.83606895842861806, 0.89253638907336375, 0.89759471466436191, 0.89852379485034128, 0.90038195527152431, 0.89996903073348367, 0.90193042228917686, 0.90141426661662594, 0.89955610619544291, 0.90368535157584962, 0.90234334682721751, 0.90224011569270735, 0.90327242703780897, 0.90017549300250399, 0.90224011569270735, 0.90265304023074799, 0.90244657796172767, 0.90327242703780897, 0.90172396002015642, 0.90347888930682929, 0.90162072888564626, 0.90027872413701415, 0.90172396002015642, 0.90203365342368702, 0.89945287506093274, 0.90203365342368702, 0.90027872413701415, 0.90048518640603448, 0.90254980909623783, 0.90203365342368702, 0.9015174977511361, 0.90203365342368702, 0.90193042228917686, 0.90007226186799383, 0.90193042228917686, 0.90244657796172767, 0.90141426661662594, 0.9006916486750548, 0.90182719115466659, 0.89914318165740226, 0.90224011569270735, 0.9006916486750548, 0.89924641279191242, 0.90131103548211577, 0.90162072888564626, 0.90131103548211577, 0.90389181384487005, 0.89965933732995307, 0.90306596476878864, 0.90110457321309545, 0.90131103548211577, 0.90048518640603448, 0.9031691959032988, 0.90213688455819718, 0.90141426661662594, 0.90089811094407513, 0.90162072888564626, 0.90141426661662594], "val_loss": [0.26824334126896099, 0.23872053071270422, 0.23097338039119189, 0.22662943103826119, 0.22360337335246014, 0.22420007464525635, 0.22035402062939233, 0.22159721932076959, 0.22027842980291595, 0.21892942350826558, 0.2188915246237145, 0.21892442634763568, 0.21817563385420494, 0.21936513079268602, 0.21815157727313089, 0.21897592805568261, 0.21777629740001667, 0.21821700039140773, 0.21806109251837694, 0.21739621371679954, 0.21830840321582476, 0.2192080066806332, 0.2183152974987099, 0.21996015787149245, 0.21995224213838896, 0.21782208008331522, 0.21993357772869973, 0.21881165304296685, 0.21815359094655587, 0.21989951877509328, 0.21810348371461633, 0.21738353546059291, 0.21857616361651711, 0.21914425645805408, 0.21891957223630731, 0.21751845975747675, 0.21911055855649142, 0.21884829990694221, 0.21775124958945438, 0.21931913405844483, 0.21815067586901757, 0.21811294942075923, 0.21908111855675344, 0.21773125272030011, 0.21878873270966018, 0.21784757490717763, 0.21749866317949565, 0.21812681222929237, 0.21809425880213179, 0.21938456903365888, 0.21920966576887529, 0.21759260685879267, 0.21783014365279713, 0.2197543239893775, 0.2180137705437426, 0.21889483085096564, 0.21802213112734734, 0.21856714198251398]}}