{"low_val_loss": 0.21668174775180599, "params": {"verbose": 1, "nb_epoch": 1000, "batch_size": 32, "metrics": ["loss", "acc", "val_loss", "val_acc"], "nb_sample": 29058, "do_validation": true}, "results": {"acc": [0.83945901300846582, 0.87349439052928624, 0.89414274898478907, 0.89744648633766944, 0.89858214605272213, 0.89844449032968543, 0.89992428935232982, 0.90057815403675412, 0.90140408837497421, 0.90140408837497421, 0.9018514694748434, 0.90126643265193751, 0.90092229334434581, 0.9018514694748434, 0.90130084658269671, 0.90112877692890081, 0.90068139582903162, 0.90143850230573341, 0.90164498589028841, 0.90154174409801091, 0.9018170555440842, 0.90126643265193751, 0.90092229334434581, 0.90099112120586411, 0.90078463762130911, 0.90154174409801091, 0.90078463762130911, 0.90061256796751321, 0.9018514694748434, 0.9013352605134558, 0.90123201872117831, 0.90202353912863931, 0.90178264161332511, 0.90102553513662331, 0.90099112120586411, 0.90140408837497421, 0.90150733016725171, 0.90216119485167601, 0.9017138137518067, 0.90126643265193751, 0.90253974809002679, 0.9020923669901576, 0.90253974809002679, 0.9018170555440842, 0.90123201872117831, 0.90202353912863931, 0.90140408837497421, 0.90216119485167601, 0.90174822768256591, 0.9020579530593984, 0.90136967444421501, 0.90157615802877, 0.9019891251978801, 0.90216119485167601, 0.902367678436231, 0.90112877692890081, 0.9019891251978801, 0.9018514694748434, 0.9021267809209168, 0.90140408837497421, 0.9017138137518067, 0.9018514694748434, 0.90150733016725171, 0.90202353912863931, 0.90164498589028841, 0.9020923669901576, 0.9020579530593984, 0.9022300227131943, 0.9028494734668594, 0.90302154312065519, 0.9020923669901576, 0.9022300227131943, 0.90253974809002679, 0.9020923669901576, 0.9024709202285085, 0.90216119485167601, 0.902367678436231, 0.9028150595361002, 0.9021956087824351, 0.9022988505747126, 0.9021267809209168, 0.90167939982104761, 0.9024709202285085, 0.90123201872117831, 0.9023332645054718, 0.90278064560534099, 0.90161057195952921, 0.9018170555440842, 0.90216119485167601, 0.90154174409801091, 0.9025053341592677, 0.9019547112671209, 0.90123201872117831, 0.9024709202285085, 0.9023332645054718, 0.9022988505747126, 0.9025053341592677, 0.90329685456672859, 0.9018514694748434, 0.902574162020786, 0.9018514694748434, 0.90164498589028841, 0.90178264161332511, 0.90119760479041922, 0.90216119485167601, 0.90315919884369189, 0.90130084658269671, 0.9024709202285085, 0.9028150595361002, 0.90240209236699021, 0.90178264161332511, 0.90188588340560261, 0.9025053341592677, 0.9021956087824351, 0.9025053341592677, 0.9019547112671209, 0.9029527152591369, 0.9022988505747126, 0.9025053341592677, 0.9019547112671209, 0.90192029733636181], "loss": [0.38362117275678742, 0.25452682845434471, 0.23833134159742164, 0.23241917984406932, 0.22942487181660659, 0.22762736219096635, 0.22651744679809313, 0.22578992137143253, 0.22496458624653512, 0.22431966023923086, 0.22404885468555163, 0.22402434876028768, 0.22377342032675684, 0.22343555395778272, 0.22333960047641241, 0.22312988523926933, 0.22305474715148768, 0.2230134669016213, 0.22292566077803061, 0.22278500827371903, 0.2227258465641076, 0.22256142387837244, 0.22238562121511457, 0.22244463933550881, 0.22240806402921495, 0.22251554443520488, 0.22238409792829655, 0.22222112716413495, 0.22239091471493988, 0.22236650929560886, 0.22243922276238925, 0.22219866695316731, 0.22222772505862787, 0.22206526939424548, 0.22204813301066864, 0.22210087963625491, 0.22211787754526072, 0.22208917421158728, 0.22207013104192749, 0.22194895874361464, 0.22209349972053555, 0.22194812625155066, 0.22176941897747277, 0.22176344968435657, 0.22168299314758966, 0.2218457595912191, 0.22169814981295566, 0.22186692161909261, 0.22180102305007707, 0.22164216410642776, 0.22167605668936077, 0.22148803136350509, 0.22161249566152194, 0.22157730882022916, 0.22151020246230527, 0.22143353443159208, 0.22128769299375009, 0.22158531703372716, 0.22131788010639566, 0.22124400379423248, 0.22132137789271047, 0.22131322218124813, 0.22126510694383705, 0.22100433489294044, 0.22119479796513816, 0.22108933274056378, 0.22111366110040345, 0.2212384590997413, 0.22091524538953466, 0.2211450017580423, 0.22113178976347314, 0.22097467224599079, 0.22117850316129586, 0.22116315970976147, 0.22104442733278365, 0.22113295324074697, 0.2211168777046866, 0.22094832053983013, 0.22115060851368656, 0.22093162331051938, 0.22091273605255327, 0.22104602006114482, 0.22089557987883646, 0.22080549006844877, 0.22088821558105501, 0.22096684609746661, 0.22094037170825817, 0.22077583309065046, 0.22100613272729466, 0.22089634739517369, 0.22097812678109297, 0.22086172982777533, 0.22106661308339237, 0.22097224775726185, 0.22104318995946404, 0.22091399190639857, 0.22090205628550777, 0.22093007499971953, 0.22093711127452381, 0.22076860926514588, 0.22081364003992826, 0.2206928581527566, 0.22084416669692597, 0.22096583239133674, 0.22100918141946682, 0.22089189061262593, 0.22096702494319501, 0.22100092553901809, 0.22088592861765027, 0.22104179667781607, 0.22085034617124322, 0.22083786725026155, 0.22095287243673262, 0.22069532332643307, 0.22092088097342344, 0.22066884392757583, 0.22091489822191401, 0.22083167494819214, 0.22089815038625632, 0.22078574483424016, 0.22086488007458788], "val_acc": [0.83606895842861806, 0.89016207297962979, 0.893465469259343, 0.89780117690877004, 0.89759471463974971, 0.9006916486750548, 0.89924641279191242, 0.89976256846446323, 0.89842056371583112, 0.90058841754054464, 0.89965933732995307, 0.8990399505228921, 0.90017549300250399, 0.89965933732995307, 0.90110457321309545, 0.9006916486750548, 0.90048518640603448, 0.90017549300250399, 0.90079487980956496, 0.90038195527152431, 0.90162072888564626, 0.9006916486750548, 0.90007226186799383, 0.89965933732995307, 0.90213688455819718, 0.90131103548211577, 0.90100134207858529, 0.90162072888564626, 0.89986579959897339, 0.90100134207858529, 0.89976256846446323, 0.90089811094407513, 0.90110457321309545, 0.90100134207858529, 0.89965933732995307, 0.90275627136525816, 0.90224011569270735, 0.90058841754054464, 0.90265304023074799, 0.90265304023074799, 0.90131103548211577, 0.90089811094407513, 0.90172396002015642, 0.90213688455819718, 0.90234334682721751, 0.90089811094407513, 0.90089811094407513, 0.9031691959032988, 0.90120780434760561, 0.90244657796172767, 0.90162072888564626, 0.90203365342368702, 0.90079487980956496, 0.90079487980956496, 0.90224011569270735, 0.90193042228917686, 0.90027872413701415, 0.90224011569270735, 0.90017549300250399, 0.90079487980956496, 0.90244657796172767, 0.90265304023074799, 0.9031691959032988, 0.90285950249976832, 0.90347888930682929, 0.90007226186799383, 0.90378858271035989, 0.90203365342368702, 0.90275627136525816, 0.90048518640603448, 0.90213688455819718, 0.90120780434760561, 0.90182719115466659, 0.90110457321309545, 0.9015174977511361, 0.90162072888564626, 0.90347888930682929, 0.90141426661662594, 0.90182719115466659, 0.90244657796172767, 0.90254980909623783, 0.90203365342368702, 0.90193042228917686, 0.90254980909623783, 0.90285950249976832, 0.90182719115466659, 0.90141426661662594, 0.90296273363427848, 0.90224011569270735, 0.90347888930682929, 0.90193042228917686, 0.90234334682721751, 0.9031691959032988, 0.90224011569270735, 0.90285950249976832, 0.9015174977511361, 0.90296273363427848, 0.90275627136525816, 0.90224011569270735, 0.9015174977511361, 0.90203365342368702, 0.9015174977511361, 0.90275627136525816, 0.90213688455819718, 0.90327242703780897, 0.90058841754054464, 0.90337565817231913, 0.90285950249976832, 0.9015174977511361, 0.90244657796172767, 0.90244657796172767, 0.9006916486750548, 0.90347888930682929, 0.90254980909623783, 0.90224011569270735, 0.90110457321309545, 0.90296273363427848, 0.90296273363427848, 0.90244657796172767, 0.90079487980956496, 0.90172396002015642],