{"low_val_loss": 0.21715729473741527, "params": {"verbose": 1, "nb_epoch": 1000, "batch_size": 32, "metrics": ["loss", "acc", "val_loss", "val_acc"], "nb_sample": 29058, "do_validation": true}, "results": {"acc": [0.83990639410833501, 0.88908390116319092, 0.89496868332300916, 0.89803152316057544, 0.89882304356803633, 0.90033725652143992, 0.90037167045219901, 0.90116319085966001, 0.89999311721384812, 0.90161057195952921, 0.90119760479041922, 0.90116319085966001, 0.9023332645054718, 0.9018170555440842, 0.90216119485167601, 0.9025053341592677, 0.90167939982104761, 0.9026085759515452, 0.9022300227131943, 0.90353775208204279, 0.9022988505747126, 0.90329685456672859, 0.9022644366439535, 0.9021267809209168, 0.9031247849129328, 0.90192029733636181, 0.90240209236699021, 0.90216119485167601, 0.9032280267052103, 0.90302154312065519, 0.9021956087824351, 0.902574162020786, 0.90384747745887539, 0.90340009635900609, 0.9032280267052103, 0.9029527152591369, 0.90360657994356119, 0.9026085759515452, 0.90267740381306349, 0.90346892422052449, 0.90357216601280199, 0.903365682428247, 0.9019891251978801, 0.9028150595361002, 0.9026085759515452, 0.902367678436231, 0.90319361277445109, 0.902574162020786, 0.9021956087824351, 0.9026429898823044, 0.90395071925115289, 0.9029527152591369, 0.90240209236699021, 0.9028150595361002, 0.9032280267052103, 0.9027118177438227, 0.9032280267052103, 0.90302154312065519, 0.9030903709821736, 0.90216119485167601, 0.90333126849748779, 0.90253974809002679, 0.9026085759515452, 0.90357216601280199, 0.90253974809002679, 0.902367678436231, 0.9024365062977493, 0.9032280267052103, 0.902574162020786], "loss": [0.34648254954447333, 0.24659849552019275, 0.23612023118433131, 0.23149947154213438, 0.22879086054748216, 0.22706912881943445, 0.22605448912438658, 0.225505390236732, 0.22483267008917765, 0.22437340570042602, 0.22367778017791831, 0.22351170963633946, 0.22338677479892763, 0.2231629595483561, 0.22295071856515589, 0.2230493862260618, 0.22265667676663101, 0.2225149444780869, 0.22252554530456689, 0.22230618598087171, 0.22250792750189657, 0.22221022347506642, 0.22233853828737879, 0.22210144536326995, 0.22213503221773348, 0.22209203413302592, 0.22185034736487352, 0.22204740020999095, 0.22196898131514459, 0.22196926793045216, 0.22187383129970614, 0.22187273203198454, 0.22183621263991607, 0.22174830605729828, 0.22179617526922349, 0.22176809067347458, 0.2216765973151604, 0.22171129284648231, 0.22174457727455618, 0.22164483745412855, 0.22173334149184432, 0.22172192801004167, 0.22159346241330369, 0.2216183091852586, 0.22167406668538475, 0.22173615938008434, 0.22133748624385352, 0.22149445286951511, 0.22120349008136916, 0.22132081740382403, 0.22134555801846661, 0.22107979975155145, 0.22140689484348924, 0.22133908175499681, 0.22103327494895386, 0.22111529580408013, 0.22087862863659785, 0.22110833679622988, 0.22090514871445724, 0.22070333732898323, 0.22078198778130034, 0.22085093000248743, 0.22054751556125918, 0.22056154886955354, 0.22052238716771641, 0.22069777270063776, 0.22054568911929592, 0.22052947082632102, 0.22055885872811129], "val_acc": [0.83606895842861806, 0.89315577585581252, 0.89687209669817858, 0.89687209669817858, 0.89769794577425988, 0.8982141014468108, 0.89965933732995307, 0.89934964392642258, 0.89945287506093274, 0.89965933732995307, 0.90120780434760561, 0.90038195527152431, 0.90234334682721751, 0.90110457321309545, 0.90120780434760561, 0.90120780434760561, 0.9015174977511361, 0.90254980909623783, 0.90193042228917686, 0.90203365342368702, 0.90193042228917686, 0.90224011569270735, 0.90285950249976832, 0.90265304023074799, 0.9006916486750548, 0.90265304023074799, 0.90234334682721751, 0.90193042228917686, 0.90120780434760561, 0.90224011569270735, 0.90306596476878864, 0.9031691959032988, 0.90327242703780897, 0.90244657796172767, 0.90254980909623783, 0.90265304023074799, 0.90399504497938021, 0.90265304023074799, 0.90482089405546151, 0.90389181384487005, 0.90337565817231913, 0.9031691959032988, 0.90368535157584962, 0.90275627136525816, 0.90296273363427848, 0.90203365342368702, 0.90203365342368702, 0.90285950249976832, 0.90368535157584962, 0.90265304023074799, 0.90285950249976832, 0.90100134207858529, 0.90306596476878864, 0.90203365342368702, 0.90079487980956496, 0.90203365342368702, 0.90079487980956496, 0.90172396002015642, 0.90110457321309545, 0.90162072888564626, 0.90120780434760561, 0.90089811094407513, 0.90182719115466659, 0.90234334682721751, 0.89996903073348367, 0.90131103548211577, 0.90224011569270735, 0.9015174977511361, 0.90172396002015642], "val_loss": [0.25568488569122799, 0.23953605509461467, 0.23120629926196462, 0.22742200398932452, 0.22546892287291351, 0.22376942309393558, 0.22234094473948182, 0.22146798166510515, 0.22111779192018965, 0.22162081083240334, 0.21957791861309359, 0.21894856021415834, 0.21930589608035123, 0.21932633791076173, 0.21805495765170557, 0.21811374912102477, 0.21904120949063616, 0.21809466091966537, 0.21917790889161604, 0.22031122660494151, 0.21888507546514158, 0.21789855896177535, 0.21837816247817496, 0.21876230929748702, 0.21947631918265378, 0.21772328256957729, 0.21771830725229302, 0.21818971603761164, 0.21813350917754731, 0.21871918498934442, 0.21769287022100067, 0.21780983555288622, 0.21826817737197168, 0.21824280488930387, 0.21839512295308, 0.21814605034983933, 0.21739826929868283, 0.21819284226954186, 0.21716483682932419, 0.21854952573037878, 0.21781535555091425, 0.21785539129305342, 0.21715729473741527, 0.21774711937582922, 0.21842065742415295, 0.21884780586276542, 0.21840875683104499, 0.2180303105342446, 0.21953170682803833, 0.21912446566086824, 0.21847120758991709, 0.21777823481862976, 0.21739302564358901, 0.21810302312152358, 0.22082481073425, 0.21723919052561827, 0.21791797790522913, 0.21755062218259777, 0.21771164261373041, 0.21777086415083596, 0.21779045380465051, 0.21739579529366995, 0.21858897433877053, 0.2175077487468178, 0.21784763045388256, 0.21853500560942826, 0.21787382084062942, 0.21778008670362389, 0.21802351527555175]}}