{"low_val_loss": 0.13648470981600883, "params": {"verbose": 1, "nb_epoch": 1000, "batch_size": 32, "metrics": ["loss", "acc", "val_loss", "val_acc"], "nb_sample": 94030, "do_validation": true}, "results": {"acc": [0.9435180261618632, 0.94366691481442089, 0.94614484739420224, 0.94732532171090966, 0.94736786132592621, 0.94778262257233692, 0.94815484419866003, 0.94843135170640935, 0.94867595448768305, 0.94868658938636607, 0.94886738275018612, 0.9489311921701753, 0.94905881102283141, 0.94931404870785918, 0.94887801765520796, 0.9495799213017122, 0.94966500053174518, 0.94953738169176682, 0.94963309582048283, 0.94982452409312812, 0.94992023822184413, 0.94980325428561985, 0.94992023822691518, 0.94990960331808993, 0.95006912687947287, 0.94970754014676162, 0.95009039668190998, 0.94968627034432451, 0.95040944379580139, 0.95034563437708008, 0.95039880889585071, 0.95024992024329291, 0.95032436456450065, 0.95020738062827648, 0.95010103158566417, 0.9501223013982435, 0.95033499947332589, 0.95006912687440181, 0.95030309476206354, 0.95017547591194296, 0.95061150696586194, 0.95004785707196471, 0.9499096033231611, 0.9500797617781559, 0.95026055514197594, 0.95028182494948421, 0.95035626927703087, 0.9501861108207682, 0.95023928533953883, 0.950356269275763, 0.95035626928083416, 0.95030309475699248, 0.95004785706689354, 0.95020738062320531, 0.95035626928083416, 0.95042007869828782, 0.95017547591701412, 0.95029245985323829, 0.95031372966581773, 0.9504094437919981, 0.95023928533446778, 0.95013293630199758, 0.95027119005080118], "loss": [0.20687793552230535, 0.15059399202927165, 0.14490829138892464, 0.14296277414151207, 0.14193279550951693, 0.14125551605724115, 0.14071300580541365, 0.14031927213286716, 0.13992365781936089, 0.13961055819105622, 0.13947187885566778, 0.13913309008697619, 0.13897309568439736, 0.13876063638921116, 0.13853301611762345, 0.13837117825385284, 0.13817290020598499, 0.13808066724215901, 0.13786284076565949, 0.13784035181765936, 0.13758899597814586, 0.13762908571706889, 0.13753364580141336, 0.13739996084839021, 0.1374849205082127, 0.13734470594234191, 0.13728321082355188, 0.13716430205411637, 0.13735179796341085, 0.13715772378033278, 0.13724857442707733, 0.13725980203176805, 0.13719586227566566, 0.13725043490020364, 0.13713999788304485, 0.13706471838019801, 0.13713067072535479, 0.13716542018334002, 0.1370253841090707, 0.13705400291473341, 0.13715490459869684, 0.13703762250486415, 0.13701501865913346, 0.1370912338906031, 0.13707835463802828, 0.13721488991616179, 0.13703938748219616, 0.13714817441595015, 0.13698824582997629, 0.1371108380260524, 0.13707477110320679, 0.13710802967576832, 0.13708938820132877, 0.13698075482211544, 0.137088092420249, 0.13716944294181274, 0.13703283807622313, 0.13699001540855488, 0.13712430863631198, 0.13690905280789201, 0.13705692445833759, 0.13706035414528595, 0.13704277694884556], "val_acc": [0.94448698315467072, 0.94748596222562531, 0.94873021949974479, 0.9492087799897907, 0.94898545176110261, 0.9495597243491577, 0.94971924451250633, 0.95007018887187344, 0.95019780500255235, 0.94904925982644206, 0.95045303726391017, 0.95000638080653399, 0.95016590096988263, 0.95029351710056154, 0.95061255742725881, 0.9504849412965799, 0.9511868300153139, 0.95144206227667172, 0.95102730985196526, 0.94997447677386426, 0.95051684532924963, 0.95134635017866254, 0.95144206227667172, 0.95153777437468101, 0.95141015824400199, 0.95112302194997445, 0.95074017355793772, 0.95166539050535992, 0.95035732516590099, 0.95198443083205719, 0.95109111791730472, 0.94962353241449715, 0.95172919857069938, 0.95214395099540583, 0.95153777437468101, 0.95131444614599281, 0.9521120469627361, 0.95166539050535992, 0.95077207759060745, 0.95156967840735074, 0.95233537519142419, 0.95195252679938747, 0.95144206227667172, 0.95141015824400199, 0.95086778968861663, 0.95179300663603883, 0.95182491066870856, 0.95134635017866254, 0.95147396630934145, 0.95179300663603883, 0.95112302194997445, 0.95077207759060745, 0.95179300663603883, 0.95156967840735074, 0.95160158244002047, 0.95141015824400199, 0.95121873404798363, 0.95192062276671774, 0.95128254211332308, 0.95058065339458908, 0.95172919857069938, 0.95169729453802965, 0.95227156712608474], "val_loss": [0.15855682240404481, 0.14564673898284261, 0.14320414153751576, 0.14189055375659751, 0.1412061144668664, 0.14084535191380412, 0.14187521275062534, 0.13966234024155802, 0.13938239666729815, 0.13999892929364463, 0.13923550951102062, 0.13872377555998019, 0.13928621482045112, 0.13945796259219181, 0.13846586730603117, 0.1387150528621558, 0.13855730449745643, 0.13743484230743433, 0.13799301411855763, 0.13826930146586414, 0.13868558604504119, 0.13702774082841526, 0.13795260461204176, 0.13772480731384068, 0.13734209127705155, 0.13747477856041096, 0.13722600407647412, 0.13705975464400191, 0.13778176016234633, 0.13695174359230133, 0.13681454298282808, 0.13837619241176818, 0.13700138609200305, 0.13810753325050798, 0.13761583741919736, 0.13730561575791006, 0.13648470981600883, 0.13721945047408965, 0.13768465111375372, 0.13676098578016693, 0.1370747588791672, 0.13685690490086813, 0.13694072210892175, 0.13721318422298975, 0.13795016104885058, 0.13709342140550362, 0.13660253047174858, 0.13709230526079932, 0.13783151619497644, 0.13765967033343268, 0.13683538112243626, 0.13750170359331895, 0.13664822993517653, 0.13680574484359645, 0.13689068056863599, 0.13701868616710092, 0.13663034899528231, 0.13709975481641845, 0.13713511180145938, 0.13684582154800418, 0.13697430769275379, 0.13656222220318179, 0.13797909933398608]}}