{"low_val_loss": 0.13649190778141881, "params": {"verbose": 1, "nb_epoch": 1000, "batch_size": 32, "metrics": ["loss", "acc", "val_loss", "val_acc"], "nb_sample": 94030, "do_validation": true}, "results": {"acc": [0.94345421673933849, 0.94370945443450849, 0.94643198980063459, 0.94717643305835197, 0.94777198766858273, 0.94815484419866003, 0.9485696054501418, 0.9483888120812507, 0.94888865255769439, 0.94892055727909896, 0.94890992237027372, 0.94919706477163501, 0.94906944592151443, 0.94938849303920914, 0.94937785813038389, 0.94963309582048283, 0.9498670637030735, 0.95002658726445643, 0.95004785707196471, 0.94977134956928644, 0.95000531745694816, 0.94994150803442345, 0.95020738062827648, 0.95020738062320531, 0.94982452408805695, 0.95067531639852887, 0.95015420610950585, 0.95029245985830946, 0.95031372966074656, 0.95021801553203056, 0.95028182495455538, 0.95011166649448942, 0.95027119005080118, 0.94985642880439047, 0.95044134851086715, 0.95001595236070235, 0.95027119004573013, 0.95017547591194296, 0.95049452302963777, 0.95033499946825484, 0.95039880889077955, 0.9501542061044348, 0.94995214293817754, 0.95031372966581773, 0.95029245985323829, 0.95051579283207488, 0.95035626928083416, 0.95038817399209652, 0.95039880889077955, 0.95013293630199758, 0.95016484101326004, 0.9501542061044348, 0.95080293523343618, 0.94982452408805695, 0.95051579283207488, 0.94989896841433585, 0.95040944379960479, 0.94995214293310648, 0.95042007869828782, 0.95019674571945123, 0.9505902371646926, 0.95064341167712429, 0.95040944379960479, 0.95022865043578475, 0.95026055514197594, 0.95007976178322706, 0.95026055514197594, 0.95010103158566417, 0.95017547591194296, 0.95033499946825484, 0.95047325321832621, 0.95084547484845261, 0.95036690417951719, 0.95032436457464298, 0.95004785706689354, 0.95022865043198135, 0.95017547591194296, 0.95055833244709131, 0.95052642774090013, 0.95060087206210786, 0.95049452302963777, 0.95017547592208518, 0.95056896735084551, 0.95026055514197594, 0.9502605551470471, 0.95023928533446778, 0.95039880889585071, 0.95024992023822186, 0.94996277783686056, 0.95031372967088878, 0.9502605551470471, 0.95031372967088878, 0.95027119004699789, 0.95029245985830946, 0.95014357120575177, 0.95032436456957181, 0.95021801553203056, 0.95031372966581773, 0.95033499947332589, 0.95040944380467585, 0.95028182495455538, 0.95027119005080118, 0.95018611081569715, 0.95011166649448942, 0.95028182494948421, 0.95038817398702546, 0.95040944379453363, 0.95026055514197594, 0.95015420610950585, 0.95039880889585071, 0.95019674571945123, 0.95002658725684974, 0.95035626928083416, 0.95052642774090013, 0.95014357120575177, 0.95030309475699248, 0.95027119004573013, 0.9501648410183311, 0.95039880889585071, 0.95031372967088878, 0.95031372967088878, 0.95037753908834244, 0.95003722216313946, 0.95042007870843004, 0.95016484100818888, 0.95042007870843004, 0.95044134850706385, 0.9501861108207682, 0.95056896735084551], "loss": [0.20233914358627539, 0.14792575865182092, 0.14417376847840441, 0.14266280645698129, 0.14164304702754579, 0.14090098690946382, 0.14040651636596918, 0.14019071103904548, 0.13975409122302179, 0.13959075452912986, 0.1393187013933421, 0.13901782222698308, 0.13872965879680488, 0.13851020772108738, 0.13817128912636564, 0.13795011813419461, 0.13773444698970774, 0.13741661763934143, 0.13732107588012055, 0.13712862025014164, 0.13701483025444855, 0.13684478002818964, 0.13685994802428525, 0.13670803659202241, 0.13654250154901848, 0.13652209616380589, 0.13647427523987452, 0.1363537739261495, 0.13637330374990175, 0.13634187617822238, 0.13617298462857316, 0.13631869210000622, 0.13617422346591848, 0.13622658733949247, 0.13610766056711518, 0.1360656762605181, 0.13609730049636559, 0.13610564722793161, 0.13609841879150988, 0.13618528840469704, 0.13611096220763899, 0.13618079121626211, 0.13616210482551053, 0.13601577315104332, 0.13617717668399854, 0.13597765850810678, 0.13607815001938403, 0.13618605931055847, 0.13609516001864594, 0.13602181307897787, 0.13606449362921813, 0.13612275585063902, 0.13605617079457918, 0.13606973437339426, 0.13597660652713123, 0.13612876362709572, 0.13594616736286083, 0.13599268538657686, 0.13597252734847731, 0.13597635381968873, 0.13606685136184279, 0.13600162590833961, 0.13597811640424576, 0.13600028259163649, 0.13604594140767093, 0.13599451959202877, 0.13595242897040868, 0.13602282605470209, 0.13594883394134522, 0.13594987370865366, 0.13587545100015161, 0.13598028349796218, 0.13600786052419223, 0.13598636798778518, 0.13596467789938815, 0.13586998520589161, 0.13592997238929, 0.13594418899620181, 0.13600924485391294, 0.13583482945074232, 0.13592753411512051, 0.13608043719565224, 0.13597058100826143, 0.13589748627847209, 0.13595384870464974, 0.13586214966957116, 0.13589205690980985, 0.13593077798848721, 0.13592751438492845, 0.13603002021512517, 0.13591418345532594, 0.13583351856553783, 0.1357477324795979, 0.13589159496208589, 0.13592860923287059, 0.13597839575212939, 0.13596281772102053, 0.13584694406979392, 0.13591464361579803, 0.13576901934571081, 0.13594135914022057, 0.13594374197582659, 0.13594530688458703, 0.13596945978644856, 0.13586099382779529, 0.13587539076985775, 0.13598475803078444, 0.13595568636630578, 0.1358791145079189, 0.13581781342402172, 0.13577532216480256, 0.13589275737658443, 0.13592557352767984, 0.13589597038309029, 0.13579756160416553, 0.13592032392972914, 0.13590673699041611, 0.13590935154834935, 0.1359012536260025, 0.13594266735663074, 0.13577278731389844, 0.13581036132858698, 0.13587650080954003, 0.13593560439480704, 0.13580457740237989, 0.13590888760831019, 0.13589974111487838, 0.13582531452197971, 0.13580147012181545],