{"low_val_loss": 0.13648173777788741, "params": {"verbose": 1, "nb_epoch": 1000, "batch_size": 32, "metrics": ["loss", "acc", "val_loss", "val_acc"], "nb_sample": 94030, "do_validation": true}, "results": {"acc": [0.94345421673933849, 0.94504945230245663, 0.94737849622968029, 0.94785706689861571, 0.94826119324127234, 0.94858024034882482, 0.94838881208632175, 0.94876103372278708, 0.94906944592658549, 0.94914389024906098, 0.94960119111429153, 0.94921833457407212, 0.9495161118791875, 0.9496224609217998, 0.94973944485802408, 0.9495799213017122, 0.94999468254812292, 0.95028182494948421, 0.94982452408805695, 0.94998404764943989, 0.95013293629692652, 0.94978198447304052, 0.94985642880439047, 0.95005849197571879, 0.95026055514197594, 0.95010103159073522, 0.94994150803442345, 0.95014357120194837, 0.94982452409312812, 0.95017547592208518, 0.95039880889077955, 0.95007976178829812, 0.95017547591194296, 0.94980325428561985, 0.95015420610570256, 0.95049452303470883, 0.9497394448681663, 0.95017547591701412, 0.95033499947332589, 0.95048388813095475, 0.95037753908327127, 0.95038817398702546, 0.95002658726445643, 0.95000531745187711, 0.95036690418458825, 0.94986706370941243, 0.95017547591701412, 0.95004785707196471, 0.95022865043071358, 0.9500797617781559, 0.9505051579283208, 0.94992023822184413, 0.95028182495455538, 0.95038817398702546, 0.9502605551470471, 0.9500584919719155, 0.95062214186961613], "loss": [0.19638675323732163, 0.14523830009063965, 0.14269265038376602, 0.14162722677166736, 0.14085096134367894, 0.14038501509697934, 0.13984750355369521, 0.13950558333216634, 0.13918136726551, 0.13874793860850962, 0.13839229583283832, 0.13813055584015624, 0.13768175516032316, 0.13743893074460656, 0.1372509833312372, 0.13709486443955479, 0.13690745623697692, 0.1367734166825913, 0.1366426002850282, 0.13664795818619685, 0.1366228800001936, 0.13657169432108812, 0.13652845851084178, 0.13655091775588174, 0.13649081651087305, 0.13654330328533171, 0.13645836309392465, 0.13647738177938232, 0.13644229458245041, 0.136271562657622, 0.13628796383577668, 0.13633786275971763, 0.13644397549389031, 0.13634996377577444, 0.13638712985140586, 0.13628150341923562, 0.13646548792433005, 0.13632977499513566, 0.13637497376301536, 0.13623928995693058, 0.13627221176562621, 0.13635958332545031, 0.13632066970358095, 0.13627650038487071, 0.13630704525448117, 0.13630316017280167, 0.13624022715740555, 0.13623738571182153, 0.13633221492771899, 0.13621593325819903, 0.13637998837620688, 0.13616916759177927, 0.13617691073052035, 0.13618166732871126, 0.1362610047388163, 0.1362480400636274, 0.13621894299079101], "val_acc": [0.94448698315467072, 0.94745405819295558, 0.94914497192445124, 0.94930449208779988, 0.94971924451250633, 0.94959162838182742, 0.95045303726391017, 0.95007018887187344, 0.95093159775395608, 0.9511868300153139, 0.95026161306789181, 0.95064446145992854, 0.95125063808065335, 0.95179300663603883, 0.95010209290454317, 0.95102730985196526, 0.95051684532924963, 0.95121873404798363, 0.95077207759060745, 0.94994257274119454, 0.95102730985196526, 0.95067636549259826, 0.95166539050535992, 0.9517611026033691, 0.95163348647269019, 0.95131444614599281, 0.95058065339458908, 0.95179300663603883, 0.95112302194997445, 0.95141015824400199, 0.95089969372128635, 0.95096350178662581, 0.95089969372128635, 0.95099540581929554, 0.94981495661051552, 0.9501339969372129, 0.95163348647269019, 0.95115492598264417, 0.9517611026033691, 0.95080398162327717, 0.95105921388463499, 0.95125063808065335, 0.95115492598264417, 0.95179300663603883, 0.95144206227667172, 0.95163348647269019, 0.95080398162327717, 0.95128254211332308, 0.95128254211332308, 0.95032542113323126, 0.95128254211332308, 0.95080398162327717, 0.94965543644716688, 0.95099540581929554, 0.95115492598264417, 0.95064446145992854, 0.95153777437468101], "val_loss": [0.14812754087754815, 0.14304825634281509, 0.14264781058458359, 0.14112238763941376, 0.1410698612763025, 0.14038285130807002, 0.1409083400349522, 0.1396662171810272, 0.13951394028463432, 0.13900504595751723, 0.13874107444085534, 0.13830261341105499, 0.13827068106503801, 0.13892767928072905, 0.13790895036531536, 0.13713516691255595, 0.13729859034722408, 0.13824008629410592, 0.13708583948798117, 0.1374514640811422, 0.13709665125025786, 0.1375136100318646, 0.13774154605196562, 0.13817811904131849, 0.13780878430813354, 0.13701684147047261, 0.14048022833415566, 0.13710002223578352, 0.13815690004639994, 0.1370923632195846, 0.13648173777788741, 0.13830351875548219, 0.13698154022501646, 0.13741341038716881, 0.13794226279732311, 0.13739532979434396, 0.13876421865876412, 0.13708426491388287, 0.13709771155268943, 0.1382478557226608, 0.13885719329689217, 0.13850359259731401, 0.13728260637592332, 0.13765859780543127, 0.13771728584623691, 0.1380487813473113, 0.13757692100009547, 0.1391847693010016, 0.13715392926583306, 0.13736491280286028, 0.13690510367658018, 0.13759869374163666, 0.13826965932382984, 0.13705097093622925, 0.13772239877484385, 0.13723147279597656, 0.13678120191514706]}}