{"low_val_loss": 0.1337851175563928, "params": {"verbose": 1, "nb_epoch": 1000, "batch_size": 32, "metrics": ["loss", "acc", "val_loss", "val_acc"], "nb_sample": 94030, "do_validation": true}, "results": {"acc": [0.94352866106561739, 0.94403913645088633, 0.94704881420823139, 0.9480378602573647, 0.94863341487393438, 0.94936722323170086, 0.94962246091672875, 0.94994150803442345, 0.95020738062320531, 0.95031372966074656, 0.95057960225459959, 0.95039880889077955, 0.95060087206210786, 0.95069658620096609, 0.95076039561841963, 0.95095182388599386, 0.95064341167712429, 0.95087737955971496, 0.95085610975727786, 0.95107944273104328, 0.95064341167839206, 0.95055833244709131, 0.95100499841490671, 0.9510369031210979, 0.95124960119110924, 0.95122833138486873, 0.95105817292353501, 0.95106880783743142, 0.95137722003615866, 0.95129214080612567, 0.95158991810870552, 0.95127087100368857, 0.95144102946375453, 0.95170690205760755, 0.95151547379003332, 0.9517707114750612, 0.95183452089758591, 0.95154737849622462, 0.95166436243751995, 0.95183452089758591, 0.95160055301499524, 0.95164309263001168, 0.95172817186511582, 0.95172817186511582, 0.95151547378496226, 0.95173880676379874, 0.95176007657130701, 0.95165372753883692, 0.95136658513240457, 0.95131341061870511, 0.95174944167262399, 0.95204721897773936, 0.95174944166755293, 0.95162182282757457, 0.95165372753883692, 0.95185579071016524, 0.95176007657637818, 0.95202594916516003, 0.95148356907369991, 0.9516324577262576, 0.9521003934927067, 0.95181325110021986, 0.95177071148013226, 0.95157928320748697, 0.95184515580260776, 0.95197277464765728, 0.95148356907877096, 0.95143039455492928, 0.9514197596511752, 0.95154737850636684, 0.95166436244259101, 0.95147293416994572, 0.95174944167262399, 0.95160055301499524, 0.95188769542142759, 0.95172817186511582, 0.95138785493991285, 0.95187706052274457, 0.95184515580133999, 0.95182388599383172, 0.95164309263508284, 0.95165372754010469, 0.95186642561391932, 0.95160055301499524, 0.95139848984873798, 0.95150483888627924, 0.95171753695629058, 0.95166436244259101, 0.95166436243751995, 0.9516962671487823, 0.95188769541635643, 0.9514622992712628, 0.95191960013268995, 0.95172817186638359, 0.95110071253855155, 0.95178134638388634, 0.95158991811631222, 0.9516749973463452, 0.9517707114750612, 0.95171753695629058], "loss": [0.19649743106242737, 0.14671551729660903, 0.14262352300558043, 0.1406418950221367, 0.13901550691774092, 0.13806629813054666, 0.13722671628771699, 0.13682729903924318, 0.13653909714464038, 0.13621882040302805, 0.13595673825928953, 0.13578898519084237, 0.13569546064188998, 0.13558958003454533, 0.13550664868012052, 0.13544036053381778, 0.1353508288952964, 0.13529619168683113, 0.13513975458222222, 0.13503884618707088, 0.1350632319014706, 0.13493245939264478, 0.13484828636124707, 0.13480636585992309, 0.13478935330771016, 0.13468247043757467, 0.13463546901380308, 0.13467385260320705, 0.13462015995166474, 0.13440369906690949, 0.13437340027294831, 0.13436114334808466, 0.1343937594437617, 0.13409948650492792, 0.13412413620307295, 0.13403825551742102, 0.13385200273365616, 0.13381871056771591, 0.13376619781041721, 0.13361175682363605, 0.13356923913716079, 0.13349415024715347, 0.13329242075534245, 0.13328790777727073, 0.13334341660588836, 0.13323340838152836, 0.13324039366889018, 0.13328907960566463, 0.13319883568868665, 0.13325346080937134, 0.13320370861523761, 0.13322007697537949, 0.13311521489314609, 0.1331419509734218, 0.13324393859305661, 0.13317073713677063, 0.13319540454721901, 0.13307714887097277, 0.13318672668746237, 0.1331730020143457, 0.13327340686953881, 0.1331520144611448, 0.13311934393779984, 0.13311770930117678, 0.13313084353646179, 0.13317572885176787, 0.13320417270614254, 0.13326259982936289, 0.13309164259887421, 0.13306649817686872, 0.13305582533101509, 0.13319536478355834, 0.13305962776948857, 0.13303050183502205, 0.13316041221361799, 0.13295933309893754, 0.13319942774378871, 0.13305492443134084, 0.13312576993559821, 0.13303457796930201, 0.13312030213380968, 0.13312473462184007, 0.13304350389726083, 0.13319894600468254, 0.13317505529899742, 0.13313678445003901, 0.13310768573360596, 0.13316070851646533, 0.13312877305743417, 0.13304958375136952, 0.13304072147235077, 0.13307924383335465, 0.13303878170105418, 0.13312860387830572, 0.13317185427316464, 0.13306262095336088, 0.13306115587556613, 0.13302351402771115, 0.13308408933900764, 0.13310264056483304], "val_acc": [0.94448698315467072, 0.94844308320571724, 0.94888973966309342, 0.94914497192445124, 0.94914497192445124, 0.95105921388463499, 0.94908116385911179, 0.95125063808065335, 0.95208014293006638, 0.95086778968861663, 0.95198443083205719, 0.95220775906074528, 0.95179300663603883, 0.95265441551812147, 0.95160158244002047, 0.95236727922409392, 0.95319678407350694, 0.95265441551812147, 0.95243108728943338, 0.95169729453802965, 0.95255870342011228, 0.95198443083205719, 0.95150587034201128, 0.9528139356814701, 0.95125063808065335, 0.95313297600816749, 0.95249489535477283, 0.95278203164880038, 0.95275012761613065, 0.95166539050535992, 0.95243108728943338, 0.95214395099540583, 0.95268631955079119, 0.95153777437468101, 0.95262251148545174, 0.95290964777947929, 0.95278203164880038, 0.95220775906074528, 0.95153777437468101, 0.95255870342011228, 0.95300535987748847, 0.95290964777947929, 0.95268631955079119, 0.95265441551812147, 0.95214395099540583, 0.95249489535477283, 0.95252679938744256, 0.95115492598264417, 0.95275012761613065, 0.9521120469627361, 0.95166539050535992, 0.95220775906074528, 0.95182491066870856, 0.9508358856559469, 0.95290964777947929, 0.95192062276671774, 0.95243108728943338, 0.95249489535477283, 0.95169729453802965, 0.95134635017866254, 0.95290964777947929, 0.95271822358346092, 0.95239918325676365, 0.95223966309341501, 0.95179300663603883, 0.95259060745278201, 0.95259060745278201, 0.95259060745278201, 0.95141015824400199, 0.95319678407350694, 0.95252679938744256, 0.95220775906074528, 0.95338820826952531, 0.95220775906074528, 0.95195252679938747, 0.95166539050535992, 0.95163348647269019, 0.95239918325676365, 0.95284583971413983, 0.95185681470137828, 0.95259060745278201, 0.95259060745278201, 0.95249489535477283, 0.95227156712608474, 0.95255870342011228, 0.95185681470137828, 0.95313297600816749, 0.95275012761613065, 0.95192062276671774, 0.95278203164880038, 0.95153777437468101, 0.95303726391015819, 0.95064446145992854, 0.95265441551812147, 0.95233537519142419, 0.95233537519142419, 0.95275012761613065, 0.95297345584481874, 0.95284583971413983, 0.95220775906074528],