{"low_val_loss": 0.21672500377839915, "params": {"verbose": 1, "nb_epoch": 1000, "batch_size": 32, "metrics": ["loss", "acc", "val_loss", "val_acc"], "nb_sample": 29058, "do_validation": true}, "results": {"acc": [0.83911487370087412, 0.87855323835088439, 0.89551930621515585, 0.89758414206070614, 0.89782503957602033, 0.89992428935232982, 0.89992428935232982, 0.89992428935232982, 0.90081905155206832, 0.90061256796751321, 0.90109436299814161, 0.90154174409801091, 0.90068139582903162, 0.90081905155206832, 0.90126643265193751, 0.90075022369054991, 0.90026842865992152, 0.90033725652143992, 0.90088787941358661, 0.89992428935232982, 0.90150733016725171, 0.90140408837497421, 0.90088787941358661, 0.89975221969853392, 0.90112877692890081, 0.90088787941358661, 0.90081905155206832, 0.90002753114460732, 0.90136967444421501, 0.90033725652143992, 0.90061256796751321, 0.90130084658269671, 0.90023401472916231, 0.90140408837497421, 0.90078463762130911, 0.90140408837497421, 0.90092229334434581, 0.90078463762130911, 0.90126643265193751, 0.90061256796751321, 0.90037167045219901, 0.90154174409801091, 0.90136967444421501, 0.90130084658269671, 0.90140408837497421, 0.90130084658269671, 0.90157615802877, 0.90143850230573341, 0.90157615802877, 0.9020923669901576, 0.90154174409801091, 0.902574162020786, 0.90130084658269671, 0.90178264161332511, 0.90147291623649251, 0.90164498589028841, 0.90267740381306349, 0.90305595705141439, 0.90216119485167601, 0.90192029733636181, 0.90130084658269671, 0.90178264161332511, 0.90253974809002679, 0.90164498589028841, 0.90202353912863931, 0.90119760479041922, 0.9022988505747126, 0.90202353912863931, 0.9022300227131943, 0.90119760479041922, 0.90240209236699021, 0.90188588340560261, 0.9022300227131943, 0.90216119485167601, 0.9021956087824351, 0.9020579530593984, 0.90167939982104761, 0.9022300227131943, 0.9020923669901576, 0.90202353912863931, 0.90178264161332511, 0.90216119485167601, 0.9026085759515452, 0.9032280267052103, 0.90178264161332511, 0.90136967444421501, 0.90329685456672859, 0.9027118177438227, 0.9019891251978801, 0.9013352605134558, 0.90202353912863931, 0.902367678436231, 0.90174822768256591, 0.90150733016725171, 0.9030903709821736, 0.9025053341592677, 0.9028838873976186, 0.9026085759515452, 0.90174822768256591], "loss": [0.37332242524618126, 0.25313394472143491, 0.23726876877862119, 0.23195382482240498, 0.22891315690041311, 0.22685702923900436, 0.22605522803928449, 0.22504284968784929, 0.22476545392095701, 0.22424272930837891, 0.22398949908671451, 0.22387705942282157, 0.22344191967148735, 0.22325041801213907, 0.22331181146915735, 0.22304989892795299, 0.22311774030239595, 0.22281221725743797, 0.22282494853988291, 0.22279682490656469, 0.222690374809874, 0.22266937397131695, 0.22280743612508927, 0.22279138550171546, 0.2226683260142594, 0.22268138912455313, 0.22250283899585563, 0.2226502414423811, 0.22259014231124694, 0.22251320908426719, 0.22256643299808998, 0.22247721064163753, 0.22229597115333694, 0.22235877210282928, 0.22240723316201369, 0.22247232923701982, 0.2223403262016376, 0.22230604248437655, 0.22232186742590007, 0.22219282605091911, 0.22225897570203929, 0.2220963008055151, 0.22204277849302922, 0.22194408787366612, 0.22211786749333573, 0.22195990669463947, 0.22199006935251958, 0.22159576989949811, 0.2217033405298704, 0.22159383692638587, 0.22170514363498861, 0.2215149658263218, 0.2215145835693331, 0.22145683556267953, 0.22150726178957778, 0.2214811634241825, 0.22154171463117872, 0.22118899511309645, 0.22135886365133811, 0.22128940491220261, 0.22140710147005274, 0.22119717789175816, 0.22129963673033284, 0.22133968801346166, 0.22112924407818121, 0.22117866019937127, 0.22110359630291637, 0.22123456775826231, 0.2212263904096875, 0.22118927219326084, 0.22119922730788386, 0.22119844468359576, 0.22125640388336387, 0.22114771172343778, 0.22090856054955071, 0.22102146582332199, 0.22103931390426468, 0.22114051423181777, 0.22122731885050814, 0.22102999511609525, 0.22101488611253536, 0.22101396869547407, 0.221091568086934, 0.22103855422010094, 0.22104860500422488, 0.22093628523428366, 0.2209338589018674, 0.22111983729172691, 0.22096810738258466, 0.22101564328535245, 0.22091184348515128, 0.22079818320559141, 0.2208308135884135, 0.22099080516978092, 0.22079974566555227, 0.22095368710344662, 0.22102134489909189, 0.22079738393867981, 0.22094436948652957], "val_acc": [0.83606895842861806, 0.89026530411414007, 0.89573655421856668, 0.89842056371583112, 0.90058841754054464, 0.9015174977511361, 0.90089811094407513, 0.89924641279191242, 0.90058841754054464, 0.90203365342368702, 0.90120780434760561, 0.9006916486750548, 0.90141426661662594, 0.9006916486750548, 0.90234334682721751, 0.90141426661662594, 0.90162072888564626, 0.90141426661662594, 0.90120780434760561, 0.90100134207858529, 0.90172396002015642, 0.90224011569270735, 0.9015174977511361, 0.89996903073348367, 0.90089811094407513, 0.90027872413701415, 0.90027872413701415, 0.90089811094407513, 0.90120780434760561, 0.90027872413701415, 0.9006916486750548, 0.90058841754054464, 0.90048518640603448, 0.90089811094407513, 0.89986579959897339, 0.90017549300250399, 0.90048518640603448, 0.90058841754054464, 0.89996903073348367, 0.90079487980956496, 0.89996903073348367, 0.90120780434760561, 0.90058841754054464, 0.90141426661662594, 0.90131103548211577, 0.90058841754054464, 0.90131103548211577, 0.90131103548211577, 0.90017549300250399, 0.90120780434760561, 0.9006916486750548, 0.90089811094407513, 0.90285950249976832, 0.90079487980956496, 0.90058841754054464, 0.90089811094407513, 0.90048518640603448, 0.90038195527152431, 0.90224011569270735, 0.90234334682721751, 0.90213688455819718, 0.90110457321309545, 0.90089811094407513, 0.90193042228917686, 0.90120780434760561, 0.90193042228917686, 0.90089811094407513, 0.90110457321309545, 0.90110457321309545, 0.90100134207858529, 0.90038195527152431, 0.90100134207858529, 0.90141426661662594, 0.90224011569270735, 0.90058841754054464, 0.90182719115466659, 0.90100134207858529, 0.90244657796172767, 0.9015174977511361, 0.90131103548211577, 0.90120780434760561, 0.90275627136525816, 0.90224011569270735, 0.90007226186799383, 0.90244657796172767, 0.90048518640603448, 0.90182719115466659, 0.90193042228917686, 0.90193042228917686, 0.90162072888564626, 0.90213688455819718, 0.90254980909623783, 0.90213688455819718, 0.90224011569270735, 0.90110457321309545, 0.90079487980956496, 0.9015174977511361, 0.90213688455819718, 0.90265304023074799],