{"low_val_loss": 0.21671380176009611, "params": {"verbose": 1, "nb_epoch": 1000, "batch_size": 32, "metrics": ["loss", "acc", "val_loss", "val_acc"], "nb_sample": 29058, "do_validation": true}, "results": {"acc": [0.83956225480074331, 0.88299263541881756, 0.89665496593020855, 0.89789386743753874, 0.90023401472916231, 0.89847890426044463, 0.90002753114460732, 0.90092229334434581, 0.90026842865992152, 0.90088787941358661, 0.90002753114460732, 0.90154174409801091, 0.90112877692890081, 0.90099112120586411, 0.90081905155206832, 0.90033725652143992, 0.90130084658269671, 0.90088787941358661, 0.90013077293688482, 0.90075022369054991, 0.90123201872117831, 0.90126643265193751, 0.90105994906738252, 0.90095670727510502, 0.89982104756005232, 0.90071580975979071, 0.90064698189827241, 0.90140408837497421, 0.89958015004473812, 0.90050932617523571, 0.90006194507536652, 0.90030284259068072, 0.9013352605134558, 0.90109436299814161, 0.90081905155206832, 0.90033725652143992, 0.90064698189827241, 0.9013352605134558, 0.90030284259068072, 0.90095670727510502, 0.9019547112671209, 0.90078463762130911, 0.90092229334434581, 0.90109436299814161, 0.90095670727510502, 0.90130084658269671, 0.90136967444421501, 0.90064698189827241, 0.90081905155206832, 0.90040608438295822, 0.9018514694748434, 0.90161057195952921, 0.90305595705141439, 0.90143850230573341, 0.9021956087824351, 0.90188588340560261, 0.9019547112671209, 0.90188588340560261, 0.9022644366439535, 0.9018170555440842, 0.9019547112671209, 0.90216119485167601, 0.9020923669901576, 0.90157615802877, 0.90099112120586411, 0.90147291623649251, 0.9017138137518067, 0.90167939982104761, 0.90174822768256591, 0.90178264161332511, 0.90164498589028841, 0.90188588340560261, 0.9025053341592677, 0.90178264161332511, 0.90109436299814161, 0.90216119485167601, 0.9021267809209168, 0.9020923669901576, 0.9020579530593984, 0.9017138137518067, 0.90216119485167601, 0.9019547112671209, 0.90188588340560261, 0.9027118177438227, 0.90192029733636181, 0.9017138137518067, 0.9029871291898961, 0.9021956087824351, 0.90305595705141439, 0.9030903709821736, 0.90178264161332511, 0.9026429898823044, 0.9021267809209168, 0.90157615802877, 0.90253974809002679, 0.90188588340560261, 0.90216119485167601, 0.9023332645054718, 0.90161057195952921, 0.9022300227131943, 0.9017138137518067, 0.9031247849129328, 0.9018170555440842, 0.90267740381306349, 0.9025053341592677, 0.90150733016725171, 0.9021267809209168, 0.9018514694748434, 0.90202353912863931, 0.9021956087824351, 0.90333126849748779, 0.9020923669901576, 0.9029871291898961, 0.90174822768256591, 0.90267740381306349, 0.90333126849748779, 0.90302154312065519, 0.90267740381306349, 0.9020923669901576, 0.90315919884369189, 0.9024365062977493, 0.9026085759515452, 0.90192029733636181, 0.9028494734668594, 0.90319361277445109, 0.9018170555440842, 0.9026085759515452, 0.9020923669901576, 0.902367678436231, 0.90216119485167601, 0.90240209236699021, 0.9031247849129328, 0.90216119485167601, 0.9024709202285085, 0.902367678436231, 0.90278064560534099, 0.9020579530593984, 0.9020579530593984, 0.90305595705141439, 0.9020579530593984, 0.9031247849129328, 0.90216119485167601, 0.9025053341592677, 0.90319361277445109, 0.9019547112671209], "loss": [0.36573622813407924, 0.2489172043865337, 0.23611419803902461, 0.22888210364379913, 0.22597900090112671, 0.22490556859391747, 0.22443482661921699, 0.22398320290881346, 0.22365104424558804, 0.22363042498711375, 0.22307594557311924, 0.22298590167887677, 0.22289258514058405, 0.22306572379576042, 0.22300366704109642, 0.2229401939787288, 0.22289876120727925, 0.22302709333930337, 0.22284826867282903, 0.22267319134210464, 0.22243738210129882, 0.22257180890505965, 0.22260318159914699, 0.22251234346291376, 0.22249389837298358, 0.22270752139524383, 0.22251995712957398, 0.22246909951366178, 0.22249378771116995, 0.22223809902213365, 0.2224825405015679, 0.22212463566864568, 0.22238605362325339, 0.22228130223744899, 0.22227947747553936, 0.22225144167996519, 0.22208320305609835, 0.22223790180016378, 0.22224039488291727, 0.22199483232186659, 0.22191094035667722, 0.22204631089289079, 0.22193901902860175, 0.22198498283104376, 0.22193585644677297, 0.22186868926459574, 0.22189059730479965, 0.22174445310744345, 0.22187854433611062, 0.22175062787418759, 0.22187599206790845, 0.22180085373692784, 0.22165176959246677, 0.22176279392521389, 0.22181024231813795, 0.22159982112231386, 0.2216193611093952, 0.22178192876991643, 0.22167315445053198, 0.22166058940913455, 0.22167452779678726, 0.22159602028803058, 0.22143574710993044, 0.22134532103626142, 0.22172519526078294, 0.2212812149813502, 0.22127700011165202, 0.22141694631618547, 0.22151995679790906, 0.22113405164928363, 0.22110427418626655, 0.22061174277207735, 0.22118673299395855, 0.22095415505057348, 0.22096942428414718, 0.22085341202169892, 0.22082984395378003, 0.22085848264267988, 0.22085101363524179, 0.22068179546976477, 0.22083525557676853, 0.2208300331715535, 0.22062902794028469, 0.22074953850182574, 0.2205865824625157, 0.22066810556880165, 0.22074972011568919, 0.22083300738138065, 0.22053668735540777, 0.22078767854132419, 0.22039014805574708, 0.220595352472015, 0.2205865198479792, 0.22066340064359408, 0.22031258477128965, 0.22056104211930652, 0.22063875829938012, 0.22068601457576592, 0.22043812587130085, 0.22048863952265232, 0.22062986275807506, 0.22055525944853274, 0.22063281728261533, 0.22067713443136272, 0.22043009495873012, 0.22049148971036306, 0.22024098959368038, 0.22056990294932696, 0.22061755064144392, 0.22040133274911139, 0.2206003661744691, 0.22062858459990661, 0.22040805517006695, 0.22061453241221846, 0.22058624655912909, 0.22054820922162979, 0.22056681190553473, 0.22028393732009563, 0.22048841855234941, 0.22055895681415358, 0.22047369516203938, 0.22012287645996687, 0.22045355343394291, 0.2204602964422939, 0.22040494155123733, 0.22071241203974246, 0.22035942097831079, 0.22058918854105422, 0.22050200272855336, 0.22037505488556836, 0.22052042705529129, 0.22038681966924595, 0.22039044776354369, 0.22027619606745089, 0.22028894997634221, 0.22034572340202918, 0.22042176426294799, 0.22059987570432271, 0.22046009089003013, 0.22040314954888288, 0.22028003858862744, 0.22056451865564652, 0.22035002793150862, 0.22017071864459559, 0.22051853207544789],