{"low_val_loss": 0.13639406951913546, "params": {"verbose": 1, "nb_epoch": 1000, "batch_size": 32, "metrics": ["loss", "acc", "val_loss", "val_acc"], "nb_sample": 94030, "do_validation": true}, "results": {"acc": [0.94352866106561739, 0.94480484952118304, 0.94713389343826437, 0.94804849516111878, 0.94795278103747393, 0.94823992342869301, 0.94869722429138792, 0.9484313517013383, 0.94882484313516968, 0.94911198553653087, 0.94906944592151443, 0.94938849303413808, 0.94949484207167922, 0.94930341381424732, 0.9496330958179473, 0.94937785813038389, 0.94983515900195337, 0.94968627034432451, 0.95022865043071358, 0.94988833351565283, 0.95007976178322706, 0.95001595235563119, 0.95044134851086715, 0.95051579283207488, 0.95017547590940743, 0.95013293630199758, 0.95055833244709131, 0.95038817398702546, 0.95015420610950585, 0.95038817398702546, 0.95013293629692652, 0.95013293629946205, 0.95039880889077955, 0.9503030947633313, 0.95065404658594954, 0.95031372966581773, 0.95045198340955017, 0.95026055514197594, 0.95038817399336428, 0.95059023715835367, 0.95049452302963777, 0.95027119004319449, 0.95052642773582896, 0.95037753908327127, 0.95038817399209652, 0.9504732532221295, 0.9502180155269595, 0.95046261831330425, 0.95050515793339185, 0.9504307136020419, 0.95043071360711306, 0.95078166543099907], "loss": [0.19077581072422869, 0.14612021127761862, 0.14294129096286151, 0.14166264017336891, 0.14097161989389273, 0.14055115079760194, 0.14013672706187819, 0.13969887616113819, 0.13941821243499461, 0.13922736971556593, 0.13892546215552315, 0.13875380829911618, 0.13852391804987529, 0.13834810071481893, 0.13802292045127784, 0.1379764635323659, 0.13780679848585106, 0.13760304132966328, 0.13764619669162578, 0.13747240658118523, 0.1373192176924834, 0.13721549144385342, 0.13715649449570463, 0.13697851608341632, 0.13716301689734425, 0.13697267823063108, 0.13702184166369014, 0.1370529243602317, 0.13703228545406962, 0.13687967849628133, 0.13699491826418636, 0.13689453643578792, 0.13685504115193267, 0.13690626785962567, 0.13695568225665333, 0.13695297513720103, 0.13684330329886907, 0.13682671704565377, 0.13694588999747975, 0.1366895846979746, 0.13683530694529641, 0.13691774465220541, 0.13673678031138736, 0.13674653974815049, 0.13685105507213816, 0.13680662856442516, 0.13684517708304433, 0.13678803306822129, 0.1368024032917553, 0.13666834266453992, 0.13673879317301429, 0.13671205243673981], "val_acc": [0.94448698315467072, 0.94809213884635013, 0.94898545176110261, 0.94940020418580906, 0.94971924451250633, 0.94984686064318535, 0.9501339969372129, 0.95045303726391017, 0.95019780500255235, 0.95080398162327717, 0.95077207759060745, 0.95102730985196526, 0.95128254211332308, 0.95141015824400199, 0.95010209290454317, 0.95147396630934145, 0.9504849412965799, 0.95172919857069938, 0.95074017355793772, 0.95086778968861663, 0.95169729453802965, 0.95169729453802965, 0.95156967840735074, 0.95086778968861663, 0.95204823889739665, 0.95223966309341501, 0.95070826952526799, 0.9508358856559469, 0.95070826952526799, 0.95166539050535992, 0.95156967840735074, 0.95099540581929554, 0.95125063808065335, 0.95150587034201128, 0.95115492598264417, 0.95198443083205719, 0.95102730985196526, 0.95223966309341501, 0.95188871873404801, 0.95121873404798363, 0.95125063808065335, 0.95233537519142419, 0.95134635017866254, 0.95208014293006638, 0.95169729453802965, 0.95022970903522208, 0.95223966309341501, 0.9508358856559469, 0.95096350178662581, 0.95163348647269019, 0.95195252679938747, 0.95144206227667172], "val_loss": [0.14941656027006336, 0.14366812906653495, 0.14241900584827338, 0.14254658949723531, 0.1409166379032572, 0.14010629337613772, 0.13988010568193418, 0.13946610094143638, 0.13939998120130356, 0.13871593113404837, 0.1381898851510881, 0.13911485775445662, 0.1384520468222678, 0.13781964195670676, 0.13872251288053514, 0.13787479780618178, 0.13781323969638001, 0.13734001057120748, 0.13728388060776173, 0.13799943823620273, 0.13688109135668822, 0.13651462611440435, 0.13671020719623492, 0.1368352424062412, 0.13640804757659322, 0.13639406951913546, 0.13809116232727578, 0.13735377083800165, 0.13774688636019802, 0.13688576313314724, 0.13771825505685842, 0.13825740527709629, 0.13707600736485689, 0.13664883237299777, 0.13683072255088577, 0.1366270362071963, 0.13724062165446035, 0.13679552333160375, 0.13677380955290769, 0.13725743138893579, 0.13770114752355128, 0.13749928657400967, 0.13700351793549084, 0.13697055029726077, 0.1370188036192857, 0.13795742065079544, 0.13697524061364719, 0.13737950128783158, 0.1374413016565513, 0.13753480905778193, 0.13754016187207441, 0.13716167448095182]}}