{"low_val_loss": 0.21938094138311531, "params": {"verbose": 1, "nb_epoch": 1000, "batch_size": 32, "metrics": ["loss", "acc", "val_loss", "val_acc"], "nb_sample": 29058, "do_validation": true}, "results": {"acc": [0.83939018514694752, 0.83990639410833501, 0.83990639410833501, 0.83990639410833501, 0.83990639410833501, 0.83990639410833501, 0.83990639410833501, 0.83990639410833501, 0.83990639410833501, 0.83990639410833501, 0.83990639410833501, 0.83990639410833501, 0.83990639410833501, 0.83990639410833501, 0.83990639410833501, 0.83990639410833501, 0.83990639410833501, 0.88464450409525774, 0.89207791313923879, 0.89572578979971096, 0.89754972812994704, 0.89837566246816714, 0.89861655998348133, 0.89913276894486893, 0.89951132218321972, 0.90013077293688482, 0.90030284259068072, 0.89988987542157062, 0.90019960079840322, 0.9013352605134558, 0.90033725652143992, 0.90064698189827241, 0.90075022369054991, 0.90019960079840322, 0.90143850230573341, 0.90085346548282741, 0.90064698189827241, 0.90092229334434581, 0.90078463762130911, 0.90081905155206832, 0.90047491224447651, 0.90023401472916231, 0.90092229334434581, 0.89995870328308902, 0.90095670727510502, 0.90092229334434581, 0.90075022369054991, 0.90116319085966001, 0.90061256796751321, 0.9013352605134558, 0.90099112120586411, 0.90071580975979071, 0.90140408837497421, 0.90174822768256591, 0.90016518686764402, 0.90023401472916231, 0.90112877692890081, 0.90136967444421501, 0.90047491224447651, 0.90064698189827241, 0.90081905155206832, 0.90044049831371742, 0.90006194507536652, 0.90112877692890081, 0.90037167045219901, 0.90030284259068072, 0.89999311721384812, 0.90078463762130911, 0.90081905155206832, 0.90075022369054991, 0.90061256796751321, 0.90130084658269671, 0.89933925252942393, 0.90085346548282741, 0.90057815403675412, 0.90050932617523571, 0.90064698189827241, 0.90112877692890081, 0.90009635900612572, 0.90105994906738252, 0.90092229334434581], "loss": [0.40646862955704322, 0.34938759835032718, 0.34777355712129965, 0.34730750249933495, 0.34697432872437423, 0.34659827264844117, 0.34662779013086098, 0.34635279357527676, 0.34629339152024396, 0.34612383986628714, 0.34599829759656198, 0.34585586781593336, 0.34577604500816977, 0.34552173568882594, 0.34510863955067345, 0.34470946035247946, 0.32067113751196036, 0.25069977944605659, 0.23776162852193364, 0.23271615850932831, 0.23005331614891833, 0.22831738760718065, 0.22724151762093539, 0.22631849529771256, 0.22597560084475746, 0.22546532005430606, 0.22507380795122728, 0.22497119241591471, 0.2245989406323825, 0.22424680178794812, 0.22429951908288273, 0.22399898406926597, 0.2240439713989944, 0.22377034976859983, 0.22378346439169192, 0.22355677489435133, 0.22355506262436928, 0.22345416909327948, 0.22341494944765297, 0.22334813054911784, 0.22334893577232096, 0.22342136565315615, 0.22329047929232246, 0.22324387371330845, 0.22306327131947082, 0.22329392663478623, 0.22316004149526023, 0.22311467197804455, 0.22324095391103008, 0.22304595550625411, 0.22325942773387061, 0.22318609227365518, 0.22323586143562849, 0.22294591643151196, 0.22291332840660782, 0.22299339801523832, 0.22297816293698577, 0.22306407889714958, 0.22309264030531373, 0.22308106252356827, 0.22305769196757186, 0.22297207488830251, 0.22326844871573376, 0.22281050316538664, 0.2231266059828064, 0.22297783323251272, 0.22304639314902003, 0.22311031718597546, 0.2230241413144434, 0.22306884311499062, 0.22302862121999548, 0.22282234949728805, 0.22310455155385683, 0.22304866348908761, 0.22299366884985569, 0.22295880988619721, 0.22291989853314995, 0.22282639669119939, 0.22301375394358475, 0.22277497502745236, 0.22290506590881062], "val_acc": [0.83606895842861806, 0.83606895842861806, 0.83606895842861806, 0.83606895842861806, 0.83606895842861806, 0.83606895842861806, 0.83606895842861806, 0.83606895842861806, 0.83606895842861806, 0.83606895842861806, 0.83606895842861806, 0.83606895842861806, 0.83606895842861806, 0.83606895842861806, 0.83606895842861806, 0.83606895842861806, 0.83606895842861806, 0.88809745028942644, 0.89232992677973111, 0.893465469259343, 0.89583978535307685, 0.8970785589671989, 0.89862702598485145, 0.89893671938838193, 0.8979044080432802, 0.89852379485034128, 0.89800763917779036, 0.9006916486750548, 0.89883348825387177, 0.89955610619544291, 0.89924641279191242, 0.8990399505228921, 0.89800763917779036, 0.90007226186799383, 0.89862702598485145, 0.90007226186799383, 0.90017549300250399, 0.90048518640603448, 0.89965933732995307, 0.89862702598485145, 0.89914318165740226, 0.89914318165740226, 0.90048518640603448, 0.89965933732995307, 0.90089811094407513, 0.89986579959897339, 0.8990399505228921, 0.90007226186799383, 0.90038195527152431, 0.90172396002015642, 0.89862702598485145, 0.90027872413701415, 0.89965933732995307, 0.8990399505228921, 0.90007226186799383, 0.89965933732995307, 0.89914318165740226, 0.89986579959897339, 0.90131103548211577, 0.90027872413701415, 0.8982141014468108, 0.89862702598485145, 0.9006916486750548, 0.89965933732995307, 0.89945287506093274, 0.89996903073348367, 0.9006916486750548, 0.90038195527152431, 0.89986579959897339, 0.89965933732995307, 0.89955610619544291, 0.89996903073348367, 0.9006916486750548, 0.89924641279191242, 0.89893671938838193, 0.89955610619544291, 0.90120780434760561, 0.90017549300250399, 0.90079487980956496, 0.89934964392642258, 0.90058841754054464], "val_loss": [0.34969856062946497, 0.34536351012016975, 0.34524061748262058, 0.34498905957428139, 0.34492442677593754, 0.34580463735240402, 0.34468718508245577, 0.34488337949615178, 0.34456933961141534, 0.34437879628350987, 0.34423573054407874, 0.34436012443477704, 0.34388161758969438, 0.3431834877183394, 0.34303666167772628, 0.34149218326421227, 0.26584223073075475, 0.24101133250631487, 0.23178467657822777, 0.22926138492022874, 0.22653007311041762, 0.22475916843450242, 0.22347182386785613, 0.22279214590427934, 0.22256512458299574, 0.22213745378077035, 0.22283138002947633, 0.22172593936605622, 0.22151082864890123, 0.22165907901101553, 0.22069025380552104, 0.2203923765413407, 0.22118565324808134, 0.22068989956798576, 0.22030925636285598, 0.22040778462813221, 0.21992686894504329, 0.22007401889478309, 0.22080592753730396, 0.22057151581537887, 0.22064643695872058, 0.21966718252172557, 0.22120935415488174, 0.22056986166804005, 0.21991304724507132, 0.22097784405068691, 0.22002359211623293, 0.22005030387595081, 0.21978212080344434, 0.22131088596632253, 0.22049563722589799, 0.22012608210294993, 0.22104952924081978, 0.2202982980978308, 0.21938094138311531, 0.22042610653416222, 0.22081615673298313, 0.22008923146824871, 0.21971709457875727, 0.21972259654525733, 0.22063719000291612, 0.22097845423070223, 0.21972791745195797, 0.22014504236691113, 0.22115862327081273, 0.22087195584239194, 0.2199024615475326, 0.21996802769049878, 0.22119114994448971, 0.21987394848093353, 0.2200085348581842, 0.22243230196360747, 0.21989853658751954, 0.21986536096958009, 0.22047146952064878, 0.21942873346038902, 0.22009528912638465, 0.21987742359108806, 0.22054414663864164, 0.22026241486491194, 0.21962590746506949]}}