{"low_val_loss": 0.21915550372592432, "params": {"verbose": 1, "nb_epoch": 1000, "batch_size": 32, "metrics": ["loss", "acc", "val_loss", "val_acc"], "nb_sample": 29058, "do_validation": true}, "results": {"acc": [0.83949342693922502, 0.87741757863583181, 0.89531282263060086, 0.89665496593020855, 0.89792828136829783, 0.89937366646018313, 0.89933925252942393, 0.90019960079840322, 0.90002753114460732, 0.90040608438295822, 0.90109436299814161, 0.90071580975979071, 0.90109436299814161, 0.90064698189827241, 0.90044049831371742, 0.90040608438295822, 0.90126643265193751, 0.90068139582903162, 0.9020923669901576, 0.90157615802877, 0.90116319085966001, 0.90140408837497421, 0.90071580975979071, 0.90078463762130911, 0.90075022369054991, 0.90075022369054991, 0.90088787941358661, 0.90123201872117831, 0.90099112120586411, 0.90037167045219901, 0.90009635900612572, 0.90095670727510502, 0.90088787941358661, 0.90116319085966001, 0.90088787941358661, 0.90078463762130911, 0.90105994906738252, 0.90081905155206832, 0.90102553513662331, 0.90099112120586411, 0.90026842865992152, 0.90061256796751321, 0.89940808039094222, 0.90057815403675412, 0.90030284259068072, 0.90112877692890081, 0.90116319085966001, 0.9013352605134558, 0.90075022369054991, 0.90092229334434581, 0.90085346548282741, 0.90071580975979071, 0.89954573611397892, 0.90167939982104761, 0.90030284259068072, 0.90092229334434581, 0.90085346548282741, 0.90040608438295822, 0.90030284259068072, 0.90105994906738252, 0.90081905155206832, 0.90026842865992152, 0.9013352605134558, 0.90068139582903162, 0.90109436299814161, 0.90102553513662331, 0.90013077293688482, 0.90119760479041922, 0.90037167045219901, 0.89985546149081153, 0.90164498589028841, 0.90075022369054991, 0.90013077293688482, 0.90095670727510502, 0.90099112120586411, 0.90071580975979071, 0.90116319085966001, 0.90071580975979071, 0.90095670727510502, 0.90078463762130911, 0.90126643265193751, 0.90044049831371742, 0.90023401472916231, 0.90068139582903162, 0.90081905155206832, 0.90019960079840322], "loss": [0.37529566319593582, 0.25244117530571886, 0.23785205128645567, 0.23222642851898828, 0.22941901021956182, 0.2276165684033461, 0.22665847234760741, 0.22587854144056957, 0.22530159255545731, 0.22490380302977189, 0.22454341800733543, 0.22445175021997593, 0.22417198478728559, 0.22398795130808066, 0.22363582101870211, 0.22366449216331871, 0.22363221915912476, 0.22356430344355119, 0.22341981368347458, 0.22351282306507275, 0.22357044768992221, 0.22350572523349363, 0.22327202639182081, 0.22362271126240987, 0.22342821385233752, 0.22342542250762418, 0.22311977336707664, 0.22322129422548886, 0.22345606131229534, 0.22319004334432707, 0.22332818076651426, 0.2232966369651404, 0.22317986908916251, 0.22320781205977916, 0.22311153414849774, 0.2232156282904775, 0.22309413067168318, 0.22321511916849568, 0.2232623117667501, 0.22301017568437145, 0.22332932962973503, 0.22305953741007969, 0.22311583860131246, 0.22302643440343822, 0.22305055478445698, 0.2230693347907475, 0.22311324117861248, 0.22283909756348477, 0.22275796560066125, 0.22304708296184381, 0.22297325710016613, 0.22302755397573393, 0.22308667727820874, 0.22286521518425792, 0.22304889827636443, 0.22303151522108411, 0.22300291226115146, 0.22306667657933016, 0.22298035708912653, 0.22307362815179174, 0.22296634665768886, 0.22291897801901964, 0.22293589598043417, 0.22282868984740406, 0.22283464696513941, 0.22302132721440873, 0.22277606367014652, 0.22278385587901717, 0.22296131582901774, 0.22271422019692558, 0.22284630679224351, 0.22280483876065704, 0.22288810450323959, 0.22263641434168649, 0.22276834580503463, 0.22290875138742472, 0.22275767251949172, 0.22289951219800924, 0.22302695826363667, 0.22309366466005218, 0.22271697760967749, 0.22289036421013089, 0.22287915031763403, 0.22287244506919243, 0.22277773115408298, 0.2229250720471829], "val_acc": [0.83606895842861806, 0.89067822862756851, 0.89604624762209717, 0.89780117690877004, 0.89996903073348367, 0.89852379485034128, 0.89955610619544291, 0.8979044080432802, 0.89924641279191242, 0.89965933732995307, 0.89893671938838193, 0.89965933732995307, 0.90038195527152431, 0.90027872413701415, 0.90110457321309545, 0.90089811094407513, 0.89965933732995307, 0.9006916486750548, 0.90017549300250399, 0.89965933732995307, 0.8990399505228921, 0.89914318165740226, 0.90058841754054464, 0.90027872413701415, 0.8990399505228921, 0.89934964392642258, 0.89986579959897339, 0.90089811094407513, 0.89986579959897339, 0.89728502123621923, 0.89976256846446323, 0.90058841754054464, 0.90141426661662594, 0.90110457321309545, 0.89965933732995307, 0.89842056371583112, 0.90007226186799383, 0.89996903073348367, 0.90038195527152431, 0.89759471463974971, 0.90089811094407513, 0.89955610619544291, 0.90048518640603448, 0.89945287506093274, 0.90007226186799383, 0.90007226186799383, 0.90038195527152431, 0.90079487980956496, 0.89945287506093274, 0.89914318165740226, 0.90079487980956496, 0.89934964392642258, 0.90038195527152431, 0.89986579959897339, 0.90048518640603448, 0.90058841754054464, 0.90007226186799383, 0.90007226186799383, 0.90007226186799383, 0.90048518640603448, 0.89976256846446323, 0.90079487980956496, 0.89852379485034128, 0.9006916486750548, 0.89965933732995307, 0.89893671938838193, 0.90089811094407513, 0.90048518640603448, 0.90058841754054464, 0.90007226186799383, 0.90079487980956496, 0.89893671938838193, 0.89996903073348367, 0.90027872413701415, 0.89965933732995307, 0.90027872413701415, 0.8990399505228921, 0.89996903073348367, 0.9015174977511361, 0.89965933732995307, 0.90017549300250399, 0.89976256846446323, 0.90038195527152431, 0.89986579959897339, 0.89852379485034128, 0.90079487980956496], "val_loss": [0.26838451631300292, 0.24085563952258046, 0.23140327387997101, 0.22814010354255981, 0.22561570770036354, 0.2241521322611526, 0.22309363870363777, 0.22326114924500154, 0.22165532895159373, 0.22388649195097321, 0.22144098464052314, 0.22039059746852413, 0.22177031257517557, 0.22088777276277666, 0.22261394372207408, 0.22188938640521827, 0.2202315695873783, 0.22001122740125514, 0.22047368062715283, 0.2205158265349271, 0.22108972927568324, 0.21997230792791345, 0.21992495922133121, 0.21992074631987507, 0.22117521324258133, 0.21983584170618625, 0.21974636241293696, 0.22156486965202873, 0.21984801832226958, 0.22184207945634452, 0.22043399896872257, 0.2208405000956494, 0.22029884914698658, 0.22006983561413421, 0.22028944739569842, 0.2204354403034211, 0.2216019435257221, 0.21982820599862046, 0.22037801037905841, 0.22072870361616678, 0.22018505052798079, 0.22001371122962046, 0.21968202355526495, 0.22158602022824425, 0.22023437341768035, 0.21978877669851563, 0.21977678156986907, 0.21987671029202227, 0.22151920592266794, 0.21977179925656115, 0.22079308357932342, 0.2198774134231645, 0.22093678235736955, 0.21950201829717517, 0.22030841914741348, 0.22059280663817935, 0.22124096526934214, 0.22111444967603047, 0.21949086896440642, 0.21915550372592432, 0.22030045418986918, 0.22041413549780292, 0.22056566267864147, 0.22001274031752019, 0.2204867834964625, 0.21962321785085279, 0.22085418331803977, 0.22026481661767527, 0.22047294610004695, 0.21969560017289916, 0.22035924885262395, 0.22146007325413722, 0.21964297127130539, 0.22173971014026764, 0.22031869591236164, 0.22012774517529518, 0.22160280085550171, 0.21983835207575478, 0.22037498817375425, 0.21971621184608964, 0.22202886466740257, 0.22055222940873198, 0.22018920850419058, 0.21978066617199371, 0.21936549751938492, 0.22111928163328395]}}