{"low_val_loss": 0.2195755359378776, "params": {"verbose": 1, "nb_epoch": 1000, "batch_size": 32, "metrics": ["loss", "acc", "val_loss", "val_acc"], "nb_sample": 29058, "do_validation": true}, "results": {"acc": [0.83942459907770661, 0.83990639410833501, 0.88264849611122587, 0.89493426939224996, 0.89682703558400445, 0.89889187142955473, 0.89982104756005232, 0.89958015004473812, 0.90016518686764402, 0.90037167045219901, 0.90071580975979071, 0.90047491224447651, 0.90109436299814161, 0.90157615802877, 0.90085346548282741, 0.90143850230573341, 0.90143850230573341, 0.90123201872117831, 0.90088787941358661, 0.90085346548282741, 0.90068139582903162, 0.90174822768256591, 0.90099112120586411, 0.90071580975979071, 0.90116319085966001, 0.90071580975979071, 0.90040608438295822, 0.90088787941358661, 0.90075022369054991, 0.90192029733636181, 0.90085346548282741, 0.90109436299814161, 0.90068139582903162, 0.90064698189827241, 0.90026842865992152, 0.90054374010599492, 0.90057815403675412, 0.90092229334434581, 0.90071580975979071, 0.90033725652143992, 0.90044049831371742, 0.90061256796751321, 0.90057815403675412, 0.90071580975979071, 0.90095670727510502, 0.90037167045219901, 0.9018170555440842], "loss": [0.46218131607828766, 0.31628625409651856, 0.25388044202981658, 0.23789290069787106, 0.23194371302815903, 0.22881832378550104, 0.22702437656877028, 0.22611310148966912, 0.22552866359108681, 0.22508610581012642, 0.22446512700133453, 0.22421747387805246, 0.22394776485137097, 0.22377860830822802, 0.22351307251619304, 0.22362271966312666, 0.22338403746515453, 0.22332377377655199, 0.22335322650266257, 0.22333308902660587, 0.22308486806106581, 0.22321423895898596, 0.22316492487649456, 0.22332598499031206, 0.22319154149437767, 0.22332605770436853, 0.22309063632117881, 0.22312632052131576, 0.22309899068812444, 0.22312438878458246, 0.22312930392841004, 0.22313135687175412, 0.22303288539152233, 0.2227791782564196, 0.22304499284293453, 0.22289537350792082, 0.2228484226220884, 0.22296575939871094, 0.22296827288789492, 0.22289150999445526, 0.22298777072604339, 0.22287082350862852, 0.22297445713132219, 0.22280673368056608, 0.2228726352538645, 0.22270441395427862, 0.2230242421851748], "val_acc": [0.83606895842861806, 0.83606895842861806, 0.8918137711317925, 0.89480747400797522, 0.89676886556366842, 0.89842056371583112, 0.89986579959897339, 0.89883348825387177, 0.89873025711936161, 0.90007226186799383, 0.90058841754054464, 0.90058841754054464, 0.90058841754054464, 0.89965933732995307, 0.90131103548211577, 0.90089811094407513, 0.90038195527152431, 0.89986579959897339, 0.90048518640603448, 0.90058841754054464, 0.9006916486750548, 0.89934964392642258, 0.90017549300250399, 0.89996903073348367, 0.90110457321309545, 0.90017549300250399, 0.90100134207858529, 0.89955610619544291, 0.89976256846446323, 0.90058841754054464, 0.89965933732995307, 0.89986579959897339, 0.89955610619544291, 0.90038195527152431, 0.90079487980956496, 0.89924641279191242, 0.90110457321309545, 0.89996903073348367, 0.90058841754054464, 0.90213688455819718, 0.90007226186799383, 0.89852379485034128, 0.90027872413701415, 0.90058841754054464, 0.90017549300250399, 0.90058841754054464, 0.89924641279191242], "val_loss": [0.36797813336965135, 0.27033749636240734, 0.24106125298687903, 0.23189927931846918, 0.22777337583149748, 0.22663833186625695, 0.22468755604424098, 0.22390615876717526, 0.22260777355224906, 0.22180479788319965, 0.22179929623665845, 0.22084215648577679, 0.22037587794244037, 0.22077085425564044, 0.22114893890970372, 0.22051128579869511, 0.22030442564851965, 0.22039493531084065, 0.22088461664545778, 0.22069846662043097, 0.2195755359378776, 0.22106913123150981, 0.22071374066291707, 0.2199193653681828, 0.21998787744625861, 0.21999707009212219, 0.2204382980744807, 0.21959644259468275, 0.22024737884720941, 0.22016130351941504, 0.21989323417690254, 0.21979268876787825, 0.22003190808403514, 0.22194735993046355, 0.22008838339881703, 0.21981142175644314, 0.21995340295838192, 0.21975256008384175, 0.21992836700475682, 0.2198456346533352, 0.22022343023379323, 0.22090763870414792, 0.22015137923838149, 0.22008326073432222, 0.22014186213269277, 0.22065219140353065, 0.21967539937611616]}}