{"low_val_loss": 0.13679940698477247, "params": {"verbose": 1, "nb_epoch": 1000, "batch_size": 32, "metrics": ["loss", "acc", "val_loss", "val_acc"], "nb_sample": 94030, "do_validation": true}, "results": {"acc": [0.94344358183304888, 0.94533659470888909, 0.94713389343826437, 0.94764436881846215, 0.94794214612357763, 0.94831436776004296, 0.94859087525257901, 0.9487397639051367, 0.94867595448261188, 0.94925023929040564, 0.94940976285178846, 0.94949484207167922, 0.94964373072423691, 0.94959055620673416, 0.94987769861189875, 0.94996277783686056, 0.95024992024329291, 0.95029245985323829, 0.9501223013982435, 0.94976071466680001, 0.95038817399716768, 0.94995214293437424, 0.95020738062320531, 0.95032436456450065, 0.95060087206210786, 0.95065404658087849, 0.95039880889585071, 0.95029245985830946, 0.95066468148463257, 0.95003722216313946, 0.95027119004573013, 0.95045198340955017, 0.95027119005080118, 0.95016484101326004, 0.94982452408805695, 0.9501967457245224, 0.95014357120194837, 0.94999468254812292, 0.95034563437708008, 0.9501542061044348, 0.95036690417951719, 0.94992023822184413, 0.95060087206210786, 0.95022865043324911, 0.9500797617781559, 0.95020738062320531, 0.95032436456450065, 0.95031372966074656, 0.95009039668190998, 0.95021801553203056, 0.95000531745314487, 0.95042007870462664, 0.95059023715835367, 0.95015420610950585, 0.95022865043071358, 0.95031372966074656, 0.95026055514197594, 0.95013293629692652, 0.95010103159073522, 0.95009039668190998, 0.95038817399209652, 0.95022865043198135, 0.95000531745187711], "loss": [0.18672164385019308, 0.14565578204170893, 0.14283294778871469, 0.14161250650380364, 0.14093667191580947, 0.14041421338590956, 0.14001557136198745, 0.13964371338326614, 0.13946136720181398, 0.13914609128213318, 0.13874449717241641, 0.13829134119757563, 0.1381729872397485, 0.13782936460627249, 0.13766061857978196, 0.13754605490480168, 0.13715691613850536, 0.13718438392977891, 0.13709918066477328, 0.1370353470488988, 0.13701968548349355, 0.13699713716364459, 0.13682110123435359, 0.13700166545340028, 0.13692554009888738, 0.13683837850891212, 0.13676068656202783, 0.13688974558045658, 0.13674730495645318, 0.13669034485124495, 0.13670938757459089, 0.13664764312449432, 0.13669802925123453, 0.13666151020674708, 0.13653982226211606, 0.13639222017396171, 0.13654348079218556, 0.13652451432394333, 0.13639043457968544, 0.13635109765874087, 0.13638379707857989, 0.13636944106916973, 0.13642059572565579, 0.13625472561293531, 0.13625585034087112, 0.13634774225494475, 0.13634918999593651, 0.13631518851166569, 0.13637041636892902, 0.13618829269447466, 0.13627240909571522, 0.1362308659484307, 0.13628371469276351, 0.13632584748072382, 0.13616833315908078, 0.13633019090266124, 0.13623185040537986, 0.13621068418336577, 0.13626566059942083, 0.13630514323812817, 0.13618108742378829, 0.13625959115314645, 0.13616573228207116], "val_acc": [0.94448698315467072, 0.94879402756508424, 0.94968734047983661, 0.94984686064318535, 0.94965543644716688, 0.95010209290454317, 0.95010209290454317, 0.95058065339458908, 0.95089969372128635, 0.95077207759060745, 0.95121873404798363, 0.95102730985196526, 0.95093159775395608, 0.95102730985196526, 0.95115492598264417, 0.95128254211332308, 0.95105921388463499, 0.95086778968861663, 0.95137825421133226, 0.95112302194997445, 0.95099540581929554, 0.95089969372128635, 0.95182491066870856, 0.95099540581929554, 0.95217585502807556, 0.95112302194997445, 0.95067636549259826, 0.9501339969372129, 0.95131444614599281, 0.95137825421133226, 0.95192062276671774, 0.95112302194997445, 0.9521120469627361, 0.95089969372128635, 0.95022970903522208, 0.95160158244002047, 0.95109111791730472, 0.95102730985196526, 0.94987876467585508, 0.95077207759060745, 0.95070826952526799, 0.95195252679938747, 0.95121873404798363, 0.95144206227667172, 0.95201633486472692, 0.94898545176110261, 0.95153777437468101, 0.95109111791730472, 0.95128254211332308, 0.95080398162327717, 0.95115492598264417, 0.95042113323124044, 0.95045303726391017, 0.95179300663603883, 0.95137825421133226, 0.9504849412965799, 0.95058065339458908, 0.95217585502807556, 0.9511868300153139, 0.95185681470137828, 0.95252679938744256, 0.95160158244002047, 0.95051684532924963], "val_loss": [0.14824026320633565, 0.14357679923345021, 0.14220512814671485, 0.14240676489805554, 0.14149133210042383, 0.14032654844950876, 0.140170570187206, 0.13958767704349989, 0.13969972908055678, 0.13893446667978446, 0.13884727286974527, 0.13881405662401042, 0.13822712111056246, 0.13797167611211889, 0.13792446782435003, 0.1376614889463732, 0.13792733580060398, 0.13727178586235211, 0.13716894315366479, 0.13747739421813204, 0.13707120507202505, 0.13716050904128185, 0.13753428127219203, 0.13717350930226524, 0.13716471930200375, 0.13724120383423283, 0.13779264740691524, 0.13812743444537678, 0.13689128187784069, 0.13709076969385633, 0.13718913587769602, 0.13715491705536539, 0.13774632823222324, 0.13736037113392396, 0.13706656207291065, 0.13694256996795831, 0.13679940698477247, 0.13735102055734094, 0.13784945692872747, 0.13699254559779911, 0.13722261418020348, 0.13947914172992712, 0.13712390729869398, 0.13747736390617321, 0.13794975770393034, 0.13844879043268085, 0.13774619967072457, 0.13718208889303432, 0.13772715270450797, 0.1370099566253154, 0.13714472585723314, 0.13705989891960799, 0.13710488370634452, 0.13739883849675891, 0.13782864081853505, 0.13765520172886789, 0.13794654451839286, 0.13726326415810644, 0.13718631842105652, 0.13730004020586739, 0.13793112460814794, 0.13732297003132279, 0.13695725925635657]}}