{"low_val_loss": 0.21912613612610921, "params": {"verbose": 1, "nb_epoch": 1000, "batch_size": 32, "metrics": ["loss", "acc", "val_loss", "val_acc"], "nb_sample": 29058, "do_validation": true}, "results": {"acc": [0.83935577121618832, 0.87882854979695779, 0.89720558882235524, 0.89816917888361214, 0.89871980177575883, 0.89995870328308902, 0.89971780576777483, 0.90037167045219901, 0.90002753114460732, 0.90068139582903162, 0.89982104756005232, 0.90016518686764402, 0.90109436299814161, 0.90130084658269671, 0.90044049831371742, 0.89978663362929312, 0.90078463762130911, 0.90068139582903162, 0.90078463762130911, 0.90064698189827241, 0.90047491224447651, 0.90085346548282741, 0.90061256796751321, 0.90071580975979071, 0.90050932617523571, 0.89999311721384812, 0.90102553513662331, 0.90071580975979071, 0.90047491224447651, 0.90095670727510502, 0.90081905155206832, 0.90068139582903162, 0.90040608438295822, 0.90023401472916231, 0.90136967444421501, 0.90140408837497421, 0.90143850230573341, 0.90026842865992152, 0.90071580975979071, 0.90009635900612572, 0.90057815403675412, 0.90085346548282741, 0.90075022369054991, 0.90099112120586411, 0.90126643265193751, 0.90078463762130911, 0.90105994906738252, 0.90105994906738252, 0.90023401472916231, 0.90064698189827241, 0.90116319085966001, 0.90023401472916231, 0.90002753114460732, 0.90154174409801091, 0.90050932617523571, 0.90123201872117831, 0.90099112120586411, 0.90057815403675412, 0.90092229334434581, 0.90071580975979071, 0.90050932617523571, 0.90102553513662331, 0.90109436299814161, 0.90088787941358661, 0.9013352605134558, 0.90088787941358661, 0.90147291623649251, 0.90016518686764402, 0.90157615802877, 0.90050932617523571], "loss": [0.39353458232466398, 0.24966138328694618, 0.23641276742625331, 0.23168312454676546, 0.22917314339294528, 0.22780081322683965, 0.22672976251178517, 0.2258615289041136, 0.2255697996206302, 0.22496180106189018, 0.22463165464310333, 0.22445740110911822, 0.2241817716088858, 0.22412082457477972, 0.22383207269820599, 0.22399131377003315, 0.22375865879997645, 0.22355598297215765, 0.22361754962898955, 0.22355735509863608, 0.22342514860276402, 0.22347554338327894, 0.22334150470751196, 0.22339685501448589, 0.22320284472849078, 0.22326383800902216, 0.22297334160648813, 0.22309351178504447, 0.22324927830168337, 0.22332002091669512, 0.22319861911547489, 0.22305455681822964, 0.22294258033735342, 0.22307113561111586, 0.22304224123157418, 0.22312473747883113, 0.22287924325169137, 0.22290110960397638, 0.22302655826196904, 0.22287620233483518, 0.22288137782841738, 0.22288068413303164, 0.22296872184781019, 0.22296065807475732, 0.22292272181525982, 0.22295212466750489, 0.22297233658193336, 0.2227212954931137, 0.22286393189601103, 0.22296499634520942, 0.22273572159819399, 0.22274567816388605, 0.22292307209280174, 0.22277078329460431, 0.22266553392700075, 0.22265812427152154, 0.22295548747210897, 0.22284290135538548, 0.22288476210581115, 0.2227561965131433, 0.2228080386197071, 0.22283706651952215, 0.22267042045969376, 0.22289087931632018, 0.22264971379625287, 0.22277311368698163, 0.2224137637633706, 0.22279566931530911, 0.22271678443020942, 0.22259006197728723], "val_acc": [0.83606895842861806, 0.89315577585581252, 0.89749148350523955, 0.89883348825387177, 0.8982141014468108, 0.89635594102562777, 0.89883348825387177, 0.89934964392642258, 0.89852379485034128, 0.8990399505228921, 0.8990399505228921, 0.89955610619544291, 0.90162072888564626, 0.89945287506093274, 0.90027872413701415, 0.89934964392642258, 0.90027872413701415, 0.89996903073348367, 0.89976256846446323, 0.90141426661662594, 0.89934964392642258, 0.89996903073348367, 0.90089811094407513, 0.90048518640603448, 0.9006916486750548, 0.89914318165740226, 0.90017549300250399, 0.89934964392642258, 0.89955610619544291, 0.9006916486750548, 0.90110457321309545, 0.90048518640603448, 0.89924641279191242, 0.89976256846446323, 0.89934964392642258, 0.90007226186799383, 0.90017549300250399, 0.8982141014468108, 0.89934964392642258, 0.90048518640603448, 0.90027872413701415, 0.89955610619544291, 0.89965933732995307, 0.90100134207858529, 0.90131103548211577, 0.90038195527152431, 0.89986579959897339, 0.89945287506093274, 0.89800763917779036, 0.89996903073348367, 0.89986579959897339, 0.89965933732995307, 0.90141426661662594, 0.89986579959897339, 0.89955610619544291, 0.90038195527152431, 0.89996903073348367, 0.90141426661662594, 0.89976256846446323, 0.90141426661662594, 0.90058841754054464, 0.89996903073348367, 0.89862702598485145, 0.90027872413701415, 0.90048518640603448, 0.90079487980956496, 0.89945287506093274, 0.89976256846446323, 0.90038195527152431, 0.9006916486750548], "val_loss": [0.27389813284454573, 0.23843442327382827, 0.23187129797427983, 0.22894866992054652, 0.22595828567925064, 0.22327394191419128, 0.22313018829704157, 0.22519975839734779, 0.22259813093654238, 0.22188127347592834, 0.22115512017656361, 0.22080804152090974, 0.22198025124649201, 0.22039974976572888, 0.22063290458155255, 0.22198379704602009, 0.22057919741858267, 0.22027009043812174, 0.22020960369136688, 0.21992403620768838, 0.22088106219473425, 0.21993835818180546, 0.22082098492456687, 0.22014245473958272, 0.21977391699660706, 0.21977165411522087, 0.22199666469326276, 0.21996724253913202, 0.21969062182523524, 0.21945417085471164, 0.2197885852769714, 0.22083695969235065, 0.22291730907761523, 0.22188404843917237, 0.22050877679510481, 0.21995381508693615, 0.21984718624770463, 0.22011001561772681, 0.22043518611456178, 0.21992090553325236, 0.22021988049323338, 0.21953366842508143, 0.219904898261955, 0.21912613612610921, 0.22042824036444725, 0.21975858792119612, 0.22119338526018906, 0.22064889715012473, 0.22127184105987605, 0.21994727709363018, 0.22030626429213918, 0.21948337628460649, 0.22021443126149207, 0.22117948963126002, 0.21979595537253108, 0.2195012271804215, 0.22135439184387118, 0.22039020553429675, 0.22059705177549116, 0.22022189294835343, 0.22037254689684146, 0.21957276092848566, 0.22147868763641196, 0.21937025145589967, 0.21981591638783324, 0.219546510598676, 0.2198123470067215, 0.21943643135072965, 0.2199776108584636, 0.21931781552949656]}}