{"low_val_loss": 0.21928782121948356, "params": {"verbose": 1, "nb_epoch": 1000, "batch_size": 32, "metrics": ["loss", "acc", "val_loss", "val_acc"], "nb_sample": 29058, "do_validation": true}, "results": {"acc": [0.83990639410833501, 0.84992084795925393, 0.8892215568862275, 0.89441806043086236, 0.89624199876109845, 0.89889187142955473, 0.89940808039094222, 0.89916718287562802, 0.89937366646018313, 0.90054374010599492, 0.90085346548282741, 0.90040608438295822, 0.90099112120586411, 0.90126643265193751, 0.90092229334434581, 0.90126643265193751, 0.90102553513662331, 0.90068139582903162, 0.90085346548282741, 0.90016518686764402, 0.90157615802877, 0.90105994906738252, 0.90130084658269671, 0.90140408837497421, 0.90130084658269671, 0.90088787941358661, 0.90157615802877, 0.90105994906738252, 0.90071580975979071, 0.90126643265193751, 0.90064698189827241, 0.90164498589028841, 0.90140408837497421, 0.90109436299814161, 0.9013352605134558, 0.90150733016725171, 0.90105994906738252, 0.90116319085966001, 0.90085346548282741, 0.90095670727510502, 0.90013077293688482, 0.90130084658269671, 0.90047491224447651, 0.90099112120586411, 0.90075022369054991, 0.90054374010599492, 0.90044049831371742, 0.90123201872117831, 0.90126643265193751, 0.90006194507536652, 0.90119760479041922, 0.90047491224447651, 0.90085346548282741, 0.90164498589028841, 0.90116319085966001, 0.90054374010599492, 0.90068139582903162, 0.90054374010599492, 0.90088787941358661, 0.90088787941358661, 0.90081905155206832, 0.90123201872117831, 0.90081905155206832, 0.90054374010599492, 0.90095670727510502, 0.90037167045219901, 0.90081905155206832, 0.90068139582903162, 0.90016518686764402, 0.90161057195952921, 0.90068139582903162, 0.90130084658269671, 0.89975221969853392, 0.90026842865992152, 0.90054374010599492, 0.9013352605134558, 0.90092229334434581, 0.90050932617523571, 0.90126643265193751, 0.90099112120586411, 0.90095670727510502, 0.90044049831371742, 0.90023401472916231, 0.90078463762130911, 0.90009635900612572, 0.90092229334434581, 0.90057815403675412, 0.90109436299814161, 0.90068139582903162, 0.90105994906738252, 0.90071580975979071, 0.90061256796751321, 0.90078463762130911, 0.90099112120586411, 0.90078463762130911, 0.90061256796751321, 0.90040608438295822, 0.90085346548282741, 0.90047491224447651, 0.90054374010599492, 0.89995870328308902, 0.90054374010599492, 0.90037167045219901, 0.90078463762130911, 0.90119760479041922, 0.90095670727510502, 0.90081905155206832, 0.90054374010599492, 0.90071580975979071, 0.90119760479041922, 0.90068139582903162, 0.90068139582903162], "loss": [0.41364966880231924, 0.27582070064685493, 0.24706727681003068, 0.23674452087079575, 0.23182711855856006, 0.22914233407246304, 0.22734637325427673, 0.2265600116465899, 0.22574682501228999, 0.22511052495624129, 0.22485197208254096, 0.22456259270110121, 0.22429196133679391, 0.22415753780987316, 0.22388689685632146, 0.2238960191120308, 0.22371009640178724, 0.22354651268461875, 0.22340520588286625, 0.22344030796665149, 0.22333890078536117, 0.22332370122883746, 0.22318279944163852, 0.22328644042021967, 0.22322985139268461, 0.22304906938893923, 0.22315114666404937, 0.22302234676039073, 0.2231652782344713, 0.22304235878039297, 0.22291701989218524, 0.2232034757309766, 0.2230355365356827, 0.22299529010835994, 0.2229181898338467, 0.2229965666966803, 0.22296285495122012, 0.22291561794043627, 0.22292780640268203, 0.22274392311089261, 0.22297494759736611, 0.22281104078049324, 0.2229801425040786, 0.22291083092477498, 0.22279893415367558, 0.22285153149227224, 0.22295138057531819, 0.22280078476118084, 0.22273400316170139, 0.22258954035972431, 0.22281672324518226, 0.22272355789551368, 0.22286713620334592, 0.22274173371315872, 0.22274556662278375, 0.22279977328986622, 0.22289116305144427, 0.22288847637074774, 0.22271774584407347, 0.22269445799825863, 0.22273402904822548, 0.22283397653852352, 0.22279377069132722, 0.22265922822613571, 0.22273021823640635, 0.22273708237638604, 0.2227006515332135, 0.22268480523966647, 0.22265187496410052, 0.2226962930328569, 0.22280871654805612, 0.22260238822110875, 0.22274882848417429, 0.22260916154910876, 0.22266080910242519, 0.22276618586587385, 0.22267435236775787, 0.22262965435539997, 0.22282833443758823, 0.22268221671642066, 0.22280699355885827, 0.22256800187822481, 0.22271510961030486, 0.22263050309105911, 0.22268406167825158, 0.22270117239085976, 0.22278757884732311, 0.22267660669768594, 0.22249858316309201, 0.22266921646863794, 0.22267841898265184, 0.22266207722541498, 0.22261134138618727, 0.22264481262359401, 0.22267298093124593, 0.22259740294322347, 0.22264216413284402, 0.22267991813923144, 0.222540803180832, 0.22265663657072562, 0.22281322424931474, 0.22260117395441567, 0.22261490527445832, 0.22271258964025931, 0.22258515706967483, 0.22275044049733569, 0.22276038688059321, 0.2225045277698941, 0.22258066260705542, 0.22254525350110749, 0.22259014712590067, 0.22269511078432755], "val_acc": [0.83606895842861806, 0.88097450200822491, 0.89088469092120104, 0.89274285131777187, 0.89645917216013793, 0.89811087031230064, 0.89893671938838193, 0.89842056371583112, 0.8990399505228921, 0.89996903073348367, 0.89862702598485145, 0.89914318165740226, 0.90058841754054464, 0.89955610619544291, 0.89862702598485145, 0.89893671938838193, 0.89945287506093274, 0.90079487980956496, 0.89976256846446323, 0.89976256846446323, 0.89893671938838193, 0.90017549300250399, 0.90027872413701415, 0.90017549300250399, 0.89893671938838193, 0.89852379485034128, 0.89965933732995307, 0.90100134207858529, 0.90027872413701415, 0.89955610619544291, 0.90079487980956496, 0.90007226186799383, 0.9006916486750548, 0.90017549300250399, 0.89976256846446323, 0.89996903073348367, 0.89955610619544291, 0.89986579959897339, 0.89986579959897339, 0.89893671938838193, 0.90048518640603448, 0.90048518640603448, 0.89976256846446323, 0.90017549300250399, 0.89976256846446323, 0.89924641279191242, 0.90120780434760561, 0.89934964392642258, 0.89965933732995307, 0.89976256846446323, 0.90089811094407513, 0.90048518640603448, 0.9006916486750548, 0.89955610619544291, 0.90131103548211577, 0.9006916486750548, 0.89996903073348367, 0.90027872413701415, 0.90017549300250399, 0.90100134207858529, 0.89893671938838193, 0.90027872413701415, 0.89976256846446323, 0.89914318165740226, 0.89914318165740226, 0.9006916486750548, 0.90058841754054464, 0.9015174977511361, 0.89893671938838193, 0.89924641279191242, 0.90058841754054464, 0.8979044080432802, 0.90017549300250399, 0.89976256846446323, 0.90007226186799383, 0.90017549300250399, 0.89996903073348367, 0.90079487980956496, 0.89934964392642258, 0.89924641279191242, 0.9006916486750548, 0.89965933732995307, 0.89986579959897339, 0.89996903073348367, 0.89934964392642258, 0.90120780434760561, 0.90058841754054464, 0.89955610619544291, 0.90079487980956496, 0.90048518640603448, 0.90038195527152431, 0.90038195527152431, 0.90100134207858529, 0.89986579959897339, 0.90038195527152431, 0.90079487980956496, 0.90089811094407513, 0.90089811094407513, 0.90027872413701415, 0.89934964392642258, 0.90089811094407513, 0.89955610619544291, 0.90048518640603448, 0.89965933732995307, 0.89883348825387177, 0.90089811094407513, 0.9006916486750548, 0.90048518640603448, 0.90100134207858529, 0.89986579959897339, 0.89965933732995307, 0.90007226186799383],