{"low_val_loss": 0.21734663054363959, "params": {"verbose": 1, "nb_epoch": 1000, "batch_size": 32, "metrics": ["loss", "acc", "val_loss", "val_acc"], "nb_sample": 29058, "do_validation": true}, "results": {"acc": [0.83976873838529842, 0.8660265675545461, 0.89218115493151628, 0.89644848234565355, 0.89906394108335053, 0.89961456397549733, 0.90095670727510502, 0.9013352605134558, 0.90105994906738252, 0.90178264161332511, 0.90188588340560261, 0.9020579530593984, 0.90164498589028841, 0.9020579530593984, 0.90216119485167601, 0.9026429898823044, 0.902574162020786, 0.9032280267052103, 0.9030903709821736, 0.9021267809209168, 0.90305595705141439, 0.90340009635900609, 0.9031247849129328, 0.9026429898823044, 0.902574162020786, 0.90278064560534099, 0.902574162020786, 0.902367678436231, 0.9027462316745819, 0.9021956087824351, 0.9023332645054718, 0.9029871291898961, 0.9029871291898961, 0.9027462316745819, 0.9026429898823044, 0.9030903709821736, 0.90315919884369189, 0.9020923669901576, 0.9028150595361002, 0.902367678436231, 0.9026429898823044, 0.90240209236699021, 0.9032280267052103, 0.90278064560534099, 0.90340009635900609, 0.90343451028976529, 0.90360657994356119, 0.90370982173583869, 0.9019547112671209, 0.9026429898823044, 0.90291830132837769, 0.9024365062977493, 0.9030903709821736, 0.9031247849129328, 0.90315919884369189, 0.90291830132837769, 0.9022644366439535, 0.90329685456672859, 0.9032280267052103, 0.90305595705141439, 0.902367678436231, 0.9029527152591369, 0.9022644366439535, 0.9021267809209168, 0.90364099387432029, 0.902574162020786, 0.90319361277445109, 0.9025053341592677, 0.90278064560534099, 0.90192029733636181, 0.9026085759515452, 0.9021956087824351], "loss": [0.39846305137360299, 0.26766895175480665, 0.24048868084661121, 0.23314013061622552, 0.22912394178734979, 0.22711168563133979, 0.22583373519035913, 0.22494087024412446, 0.22439934167877876, 0.22378425813013772, 0.22322399184539565, 0.22285523080822831, 0.22280216006533524, 0.22273356755426857, 0.22227351599877976, 0.22232845945964394, 0.22205137806902306, 0.22217730326238672, 0.22166089323532048, 0.22190189498363674, 0.22184705079500275, 0.22179286943718338, 0.22162199751854403, 0.221574135108562, 0.22175857907352009, 0.22158435497003984, 0.22149922487305646, 0.22119565093150748, 0.22160511181912518, 0.22135813099552853, 0.22125294892981076, 0.22118679209400072, 0.22118254054830805, 0.2211341231318969, 0.22110280314351041, 0.22086789731624221, 0.22071726238219788, 0.22055735878692015, 0.22069118374745691, 0.22059327495926093, 0.22067447601251472, 0.22048530476400485, 0.2203900860480221, 0.22054057176578021, 0.22024278864789956, 0.22010052010906203, 0.22015256893628951, 0.22024256369277767, 0.22057810615662207, 0.22030765055305718, 0.22041543842576583, 0.21994033321287998, 0.22013128799796505, 0.22016851275890575, 0.22016945906799196, 0.22012312838794754, 0.22006489037728966, 0.22002955046792314, 0.220056950106783, 0.21998301483175367, 0.21998801115243627, 0.21992407293737826, 0.22008362367735881, 0.22009930821032983, 0.21976936970595048, 0.22016667202613444, 0.22006816104320084, 0.22007792226478412, 0.21986933376121376, 0.21999332498508012, 0.21983739728567908, 0.21998282566997235], "val_acc": [0.83606895842861806, 0.88985237957609931, 0.89449778060444474, 0.89666563442915825, 0.89831733258132096, 0.8982141014468108, 0.89986579959897339, 0.89945287506093274, 0.89811087031230064, 0.90058841754054464, 0.90048518640603448, 0.90110457321309545, 0.90141426661662594, 0.90234334682721751, 0.90100134207858529, 0.90265304023074799, 0.90285950249976832, 0.90193042228917686, 0.90213688455819718, 0.90368535157584962, 0.90296273363427848, 0.90275627136525816, 0.9006916486750548, 0.90182719115466659, 0.90285950249976832, 0.90306596476878864, 0.90296273363427848, 0.90389181384487005, 0.90224011569270735, 0.90451120065193102, 0.90265304023074799, 0.89996903073348367, 0.90234334682721751, 0.90193042228917686, 0.90296273363427848, 0.90027872413701415, 0.90172396002015642, 0.90089811094407513, 0.90193042228917686, 0.90110457321309545, 0.90089811094407513, 0.90038195527152431, 0.90213688455819718, 0.90213688455819718, 0.90172396002015642, 0.90079487980956496, 0.90265304023074799, 0.90141426661662594, 0.90172396002015642, 0.89914318165740226, 0.9006916486750548, 0.90017549300250399, 0.90131103548211577, 0.90162072888564626, 0.90131103548211577, 0.90182719115466659, 0.90285950249976832, 0.90131103548211577, 0.9015174977511361, 0.90079487980956496, 0.9015174977511361, 0.90110457321309545, 0.90079487980956496, 0.90275627136525816, 0.90110457321309545, 0.90254980909623783, 0.90110457321309545, 0.90254980909623783, 0.9015174977511361, 0.90079487980956496, 0.90162072888564626, 0.90224011569270735], "val_loss": [0.314156677044372, 0.24442547638804918, 0.23297853717878284, 0.22869220270489815, 0.22561563889382485, 0.22439209694302192, 0.22260713975373173, 0.22240396065338855, 0.22101188171164618, 0.22069404561342168, 0.22001270806628187, 0.21961232691563307, 0.21931144644062966, 0.21836847959379915, 0.21902444990375061, 0.21835691873855212, 0.218211199417195, 0.21915021848848412, 0.21843339438665832, 0.21771680454086983, 0.21781410563775996, 0.21875802228555868, 0.21874313864211273, 0.21832373695217494, 0.21840441434009533, 0.21946105886148054, 0.21846598403377776, 0.21786704676382876, 0.21886918347440809, 0.2195963719576102, 0.21788563175911232, 0.21902385337428804, 0.21739697713557565, 0.21742549350636534, 0.21779468870635518, 0.21940933295764137, 0.21797099058825226, 0.21889760044259257, 0.22052239701328749, 0.21969494740451295, 0.21824360492491091, 0.2211923367088395, 0.21830994775264001, 0.21762508926739127, 0.21898761636838956, 0.21734663054363959, 0.21833830983249644, 0.21803333191196284, 0.21791748294424712, 0.21824942497359448, 0.21827324809852838, 0.21752892451671743, 0.21846270626132994, 0.21783297074472399, 0.21787089237404322, 0.21755329736790027, 0.21914228950477649, 0.21771334600704575, 0.2176690207363787, 0.21910774744404868, 0.21840953930583276, 0.21873868044603839, 0.21881090953547702, 0.21849566772526308, 0.21896955002950319, 0.21739904965374313, 0.217915680751326, 0.21816150009281388, 0.21964529622163495, 0.21835105276961833, 0.21796235977785006, 0.21976372560529844]}}