{"low_val_loss": 0.13379792247543748, "params": {"verbose": 1, "nb_epoch": 1000, "batch_size": 32, "metrics": ["loss", "acc", "val_loss", "val_acc"], "nb_sample": 94030, "do_validation": true}, "results": {"acc": [0.94342231202807614, 0.94466659576730827, 0.94685738594572832, 0.94783579708603638, 0.94837817717749651, 0.94881420823648666, 0.94923960438158039, 0.94948420716792514, 0.94976071467060341, 0.94996277783686056, 0.94994150802935229, 0.95030309475699248, 0.95059023715962154, 0.95039880889585071, 0.95035626928083416, 0.95074976071466555, 0.95071785601354541, 0.95048388812588358, 0.95052642773582896, 0.95076039561841963, 0.9508242050460155, 0.95046261831330425, 0.95061150697093311, 0.95079230033475315, 0.95095182388599386, 0.95061150697093311, 0.95060087206210786, 0.95096245878974794, 0.95081357014226142, 0.95114325216371021, 0.95089864937229429, 0.95126023609993449, 0.95115388705732218, 0.95117515687497256, 0.95137722004122982, 0.9510688078272892, 0.95151547379003332, 0.95148356907369991, 0.95116452196107626, 0.95123896628735505, 0.9516005530200663, 0.95150483888627924, 0.95164309263508284, 0.95158991811124105, 0.95163245773132865, 0.95162182282757457, 0.95164309263001168, 0.95168563225517044, 0.95164309263508284, 0.9515580133999787, 0.95128150590237159, 0.95141975965624626, 0.95186642560884827, 0.9516324577262576, 0.95152610868871634, 0.95157928321255814, 0.95161118791874932, 0.95160055301499524, 0.95166436244259101, 0.95141975965624626, 0.95151547378496226, 0.95176007657130701, 0.95143039456000045, 0.95178134638008305, 0.95176007658144923, 0.9516218228225034, 0.95147293417501688, 0.95185579070509407, 0.95168563224629599, 0.9516218228225034, 0.95153674359754159, 0.95150483888120807, 0.9514622992712628, 0.9518132510951488, 0.95186642561391932, 0.95134531532996747, 0.95180261619646578, 0.95169626715385347, 0.95149420397745399, 0.95172817186131242, 0.95179198128764053, 0.95178134637881529, 0.95167499734127403, 0.95172817186511582, 0.95161118792382049, 0.95143039456126821, 0.95184515580133999, 0.95194086993512705, 0.95164309263508284, 0.95154737850129578, 0.95151547378496226, 0.95186642561391932, 0.95163245773132865, 0.95153674359247054, 0.95178134637881529, 0.95187706051260235, 0.95163245773132865], "loss": [0.18751638817521571, 0.14566630700942457, 0.14262798022640064, 0.14078901685599216, 0.13949538954745297, 0.13849453214862226, 0.13776114696846178, 0.13719395555062178, 0.13687590619220918, 0.1364736447114932, 0.1361945277574968, 0.13599742867419418, 0.13597765843893359, 0.13582702405979744, 0.13575428874679263, 0.13560990835252271, 0.13549670358816893, 0.13539505499633692, 0.1352794194041155, 0.13531343846297716, 0.1350761388329563, 0.13502696431015612, 0.13512658376738351, 0.13513345019742301, 0.13504085303253027, 0.13499767932318618, 0.13492964379022721, 0.13488241368141071, 0.13472579842480678, 0.13474593473253485, 0.13476775204496386, 0.13474558941591272, 0.13465631733191186, 0.1345843112920049, 0.13474206727552349, 0.13454355682056912, 0.13447931652929659, 0.13439772222391166, 0.13442673643421621, 0.13427661761671611, 0.13427482932840878, 0.13414377146492129, 0.13400706822924394, 0.13388272082585834, 0.13376811652136372, 0.13367432478189747, 0.13359622645730557, 0.133496287781248, 0.13342013355266485, 0.13336484545294489, 0.13334330598905239, 0.1333735734778973, 0.13331022203526421, 0.13328296436720119, 0.13327258967768826, 0.13314787663672309, 0.13319696882995399, 0.13333358338389334, 0.13315069541013408, 0.13314679589542089, 0.13325822046227651, 0.13309956762995553, 0.13323974518998183, 0.13317441995804657, 0.13327274743729445, 0.13319565589025364, 0.13320762693492147, 0.13320339530219896, 0.13306282250872067, 0.13321383014665211, 0.13323940991417191, 0.13319869546431068, 0.1332173254224806, 0.13319091542289066, 0.13324203021847339, 0.13331600858878548, 0.13318996875273806, 0.13318518619486389, 0.13321256989382005, 0.13322479727166037, 0.13323454953350564, 0.13317348178978056, 0.13319262489945879, 0.13327049707844704, 0.13318356251755914, 0.1332132982217884, 0.13311046007024244, 0.13317567544985226, 0.13307758821831173, 0.13320007419143726, 0.13318243901643756, 0.13319562376971752, 0.13316241078150851, 0.1331599883179734, 0.13305942553190503, 0.13317016100913673, 0.13325960312157911], "val_acc": [0.94448698315467072, 0.9482835630423686, 0.94940020418580906, 0.9495597243491577, 0.9495597243491577, 0.95003828483920372, 0.95007018887187344, 0.94901735579377233, 0.95147396630934145, 0.95141015824400199, 0.95115492598264417, 0.95201633486472692, 0.9517611026033691, 0.95169729453802965, 0.95150587034201128, 0.95172919857069938, 0.95188871873404801, 0.95230347115875447, 0.9528139356814701, 0.95233537519142419, 0.95204823889739665, 0.95233537519142419, 0.95172919857069938, 0.95077207759060745, 0.95236727922409392, 0.95278203164880038, 0.95156967840735074, 0.95172919857069938, 0.95239918325676365, 0.95252679938744256, 0.95265441551812147, 0.95259060745278201, 0.95278203164880038, 0.95290964777947929, 0.95214395099540583, 0.95227156712608474, 0.95268631955079119, 0.95141015824400199, 0.95278203164880038, 0.95278203164880038, 0.95166539050535992, 0.95227156712608474, 0.95259060745278201, 0.95147396630934145, 0.95287774374680956, 0.95332440020418585, 0.95061255742725881, 0.95169729453802965, 0.9528139356814701, 0.95227156712608474, 0.95220775906074528, 0.95303726391015819, 0.95265441551812147, 0.95230347115875447, 0.95230347115875447, 0.9528139356814701, 0.95310107197549765, 0.95223966309341501, 0.95290964777947929, 0.95329249617151612, 0.95306916794282792, 0.95038922919857072, 0.95275012761613065, 0.95278203164880038, 0.95278203164880038, 0.95195252679938747, 0.95252679938744256, 0.95290964777947929, 0.95262251148545174, 0.9524629913221031, 0.95290964777947929, 0.95306916794282792, 0.95297345584481874, 0.95195252679938747, 0.95259060745278201, 0.95223966309341501, 0.95275012761613065, 0.95252679938744256, 0.95243108728943338, 0.95268631955079119, 0.95230347115875447, 0.95236727922409392, 0.95275012761613065, 0.95271822358346092, 0.95195252679938747, 0.95268631955079119, 0.95255870342011228, 0.95271822358346092, 0.95287774374680956, 0.95335630423685558, 0.95166539050535992, 0.9524629913221031, 0.95255870342011228, 0.95243108728943338, 0.95265441551812147, 0.95179300663603883, 0.95313297600816749],