{"low_val_loss": 0.13666836337403657, "params": {"verbose": 1, "nb_epoch": 1000, "batch_size": 32, "metrics": ["loss", "acc", "val_loss", "val_acc"], "nb_sample": 94030, "do_validation": true}, "results": {"acc": [0.94351802616693436, 0.94583643518026161, 0.947442305652205, 0.94776135276482865, 0.94842071679251305, 0.94855897054765548, 0.94880357333273246, 0.94869722429519132, 0.94926087419415972, 0.94944166755797976, 0.94935658832794678, 0.94959055621560862, 0.94957992130678337, 0.94975007976177817, 0.94987769861189875, 0.94992023822184413, 0.95014357120194837, 0.95023928533446778, 0.9501435712006806, 0.95023928533446778, 0.95014357120194837, 0.95043071361218412, 0.9501223013982435, 0.95003722217328168, 0.95020738062827648, 0.95001595235563119, 0.95067531638838665, 0.95010103158566417, 0.9501223013982435, 0.95051579283207488, 0.95012230139317244, 0.95010103159073522, 0.95013293630199758, 0.9500797617781559, 0.94986706370941243, 0.9502180155269595, 0.9501542061044348, 0.9501435712006806, 0.95004785707196471, 0.9499096033193577, 0.95004785706689354, 0.95045198341462123, 0.95015420610950585, 0.95023928533953883, 0.95018611081569715, 0.95040944379960479, 0.95040944379453363, 0.95016484100818888, 0.9501967457245224, 0.9504732532221295, 0.95034563437200892, 0.95015420610950585, 0.95009039668190998, 0.94988833351565283, 0.95020738062827648, 0.95009039668190998, 0.95033499946825484, 0.9506859512972119, 0.94993087313066937, 0.950356269275763, 0.9505476975484084, 0.95039880889077955, 0.95010103159073522, 0.95043071360711306, 0.95049452302456661, 0.95024992023822186, 0.95032436457464298, 0.95006912687440181, 0.94997341274568581, 0.95004785706689354, 0.9501435712006806, 0.95045198341969239, 0.95055833245216248, 0.95009039668190998, 0.94992023822311189, 0.95027119004573013, 0.95016484101326004, 0.9503349994695226, 0.95010103159073522, 0.95013293630199758, 0.95030309475699248, 0.95024992023948962, 0.95036690417951719, 0.95053706263958315, 0.95017547591701412, 0.95017547591321072, 0.95059023716342483, 0.95027119005080118, 0.95053706264465421, 0.95009039668698114, 0.95004785706689354, 0.95028182494948421, 0.95045198340955017, 0.95040944379960479, 0.950356269275763, 0.95038817398448983, 0.94993087313066937], "loss": [0.17579398947178296, 0.14438776682678414, 0.14228309020550597, 0.14149537207147714, 0.14091700910396757, 0.14045581611359256, 0.14003018692467017, 0.13965110190051877, 0.13935531613155588, 0.13891645056014998, 0.13843242139223216, 0.13818490216830404, 0.13789761949048884, 0.1376002856363556, 0.13758044832851687, 0.13745301504769275, 0.13735045848102706, 0.13716950891817772, 0.13723029052369407, 0.13699346170103527, 0.13706974221501822, 0.13704808107477723, 0.13697238768730521, 0.1369285545031669, 0.13677345913172553, 0.13672356906500596, 0.13665554632909069, 0.1366601154579801, 0.13671625483962155, 0.13668279819959886, 0.13655347180595667, 0.13651685821151754, 0.13650786288682418, 0.13663527257015487, 0.13661963060382554, 0.1366398316029252, 0.13647158241590185, 0.1365326912117476, 0.13653300589913828, 0.13654154296011592, 0.13644136528071604, 0.13632947152363015, 0.13633409167310981, 0.13643157588894236, 0.13649704412892058, 0.13649846819326192, 0.1364556495560226, 0.13649642678330481, 0.13630583734128446, 0.1364368336846711, 0.13645175559735229, 0.13648300007164738, 0.13645627335653676, 0.13642058347411376, 0.1363372983274074, 0.13639167933803562, 0.13631026050309436, 0.13628604242180581, 0.13634449439290661, 0.13631029156071639, 0.13615866775057817, 0.13634394482610124, 0.13630525049178333, 0.13627024703389418, 0.13630002433641925, 0.1363526061094848, 0.13631010217342329, 0.13623865447026434, 0.13627142582413973, 0.13620831255080865, 0.13636290720940003, 0.13626553232297356, 0.13641145456050235, 0.13626168406838168, 0.1361131979736333, 0.13621473854702229, 0.13621451993305786, 0.13611105929013834, 0.13637750069742999, 0.13606235819567547, 0.13624301875152955, 0.13633743128243575, 0.1360839128619456, 0.13618647968050876, 0.1362707644098809, 0.13620661403078557, 0.13613947765866227, 0.13638876916201434, 0.13621481004090152, 0.13630669990093494, 0.13623998188663769, 0.13626035039092169, 0.13618548933971655, 0.13613255616944228, 0.13618849747292566, 0.13621357966360609, 0.13616502901397967], "val_acc": [0.94448698315467072, 0.94895354772843288, 0.94917687595712097, 0.94946401225114851, 0.95026161306789181, 0.94965543644716688, 0.95029351710056154, 0.94991066870852481, 0.95077207759060745, 0.95058065339458908, 0.95045303726391017, 0.95093159775395608, 0.95061255742725881, 0.95115492598264417, 0.95134635017866254, 0.95141015824400199, 0.95144206227667172, 0.95121873404798363, 0.95147396630934145, 0.9511868300153139, 0.95093159775395608, 0.95125063808065335, 0.95032542113323126, 0.95201633486472692, 0.9521120469627361, 0.95109111791730472, 0.95086778968861663, 0.95153777437468101, 0.95121873404798363, 0.95010209290454317, 0.95019780500255235, 0.9504849412965799, 0.95070826952526799, 0.94987876467585508, 0.95070826952526799, 0.9517611026033691, 0.95166539050535992, 0.95038922919857072, 0.95042113323124044, 0.95067636549259826, 0.95131444614599281, 0.9511868300153139, 0.95019780500255235, 0.95201633486472692, 0.95080398162327717, 0.94978305257784579, 0.9495597243491577, 0.95141015824400199, 0.95166539050535992, 0.95045303726391017, 0.95150587034201128, 0.9501339969372129, 0.95109111791730472, 0.95141015824400199, 0.95058065339458908, 0.95227156712608474, 0.95086778968861663, 0.94984686064318535, 0.95150587034201128, 0.95141015824400199, 0.95121873404798363, 0.95134635017866254, 0.95074017355793772, 0.94968734047983661, 0.94994257274119454, 0.95096350178662581, 0.95134635017866254, 0.95160158244002047, 0.95054874936191935, 0.95172919857069938, 0.95032542113323126, 0.95016590096988263, 0.94984686064318535, 0.95042113323124044, 0.95077207759060745, 0.95172919857069938, 0.95105921388463499, 0.94978305257784579, 0.95045303726391017, 0.95051684532924963, 0.95150587034201128, 0.95172919857069938, 0.95112302194997445, 0.9508358856559469, 0.95042113323124044, 0.94930449208779988, 0.95070826952526799, 0.95137825421133226, 0.95128254211332308, 0.95192062276671774, 0.95137825421133226, 0.95192062276671774, 0.95102730985196526, 0.9517611026033691, 0.95182491066870856, 0.95172919857069938, 0.95144206227667172],