{"low_val_loss": 0.21937653878604688, "params": {"verbose": 1, "nb_epoch": 1000, "batch_size": 32, "metrics": ["loss", "acc", "val_loss", "val_acc"], "nb_sample": 29058, "do_validation": true}, "results": {"acc": [0.83963108266226172, 0.83990639410833501, 0.83990639410833501, 0.83990639410833501, 0.83990639410833501, 0.83990639410833501, 0.83990639410833501, 0.83990639410833501, 0.83990639410833501, 0.83990639410833501, 0.83990639410833501, 0.84520613944524747, 0.88880858971711751, 0.89514075297680507, 0.89727441668387364, 0.89844449032968543, 0.89937366646018313, 0.89909835501410973, 0.89916718287562802, 0.89971780576777483, 0.90064698189827241, 0.90047491224447651, 0.90030284259068072, 0.89999311721384812, 0.90037167045219901, 0.90109436299814161, 0.90109436299814161, 0.90147291623649251, 0.90130084658269671, 0.90030284259068072, 0.90071580975979071, 0.90009635900612572, 0.90033725652143992, 0.90033725652143992, 0.90047491224447651, 0.90009635900612572, 0.90109436299814161, 0.89975221969853392, 0.90006194507536652, 0.90061256796751321, 0.90013077293688482, 0.90136967444421501, 0.90116319085966001, 0.90085346548282741, 0.89985546149081153, 0.90081905155206832, 0.90064698189827241, 0.90092229334434581, 0.90068139582903162, 0.90033725652143992, 0.90068139582903162, 0.90057815403675412, 0.90068139582903162, 0.90037167045219901, 0.9013352605134558, 0.90023401472916231, 0.90078463762130911, 0.90071580975979071, 0.90023401472916231, 0.90037167045219901, 0.90061256796751321, 0.89985546149081153, 0.90002753114460732, 0.89975221969853392, 0.90057815403675412, 0.90123201872117831, 0.90119760479041922, 0.90081905155206832, 0.90092229334434581, 0.90071580975979071, 0.89975221969853392, 0.89988987542157062, 0.9013352605134558, 0.90130084658269671, 0.90013077293688482, 0.90099112120586411], "loss": [0.3999030470050155, 0.34872674551975197, 0.34716614676666185, 0.34674267744265613, 0.34646218891355363, 0.34633077985262034, 0.34609274137158774, 0.34604540134757866, 0.34587591167147574, 0.34550899780824679, 0.34507220306701869, 0.31432669299690369, 0.24653337140363696, 0.23534790014759527, 0.23135757600383719, 0.22900154675691714, 0.22754724853684843, 0.22662488243012049, 0.22590343655283907, 0.22539790434703477, 0.22506668684690406, 0.22476332175673405, 0.22441242259592936, 0.22401690786675318, 0.22404155992056107, 0.22420865238652324, 0.2237325714635327, 0.22371055952236965, 0.22361179970379697, 0.22362636240214978, 0.22359478740418595, 0.22354193012429388, 0.22364954509277438, 0.22355451860121978, 0.22344631222796887, 0.22343067383108139, 0.22341754532106525, 0.22353791566112438, 0.22342079629987874, 0.22326038248303162, 0.22337743556153233, 0.22321321591488738, 0.22339051290909381, 0.22339057335096099, 0.22356624196286917, 0.22322465204736655, 0.22352016622377399, 0.22351273207788919, 0.22318326805711383, 0.22325614849715078, 0.22330094914570819, 0.22334945839601222, 0.22337294711619646, 0.22309350301783054, 0.22329499733588332, 0.22331776712785914, 0.22323990690771442, 0.22313419757098713, 0.22327412689812734, 0.22317201048684462, 0.22306301413256882, 0.22309098108373215, 0.22320979162241697, 0.22322820811557118, 0.22312649508497306, 0.22298088748460823, 0.22313418622576153, 0.22312516547581562, 0.22315113882117102, 0.2233268304467273, 0.22313139580205052, 0.22308610309236138, 0.22278611539719528, 0.22314432677796528, 0.22296280239357641, 0.22294462168083093], "val_acc": [0.83606895842861806, 0.83606895842861806, 0.83606895842861806, 0.83606895842861806, 0.83606895842861806, 0.83606895842861806, 0.83606895842861806, 0.83606895842861806, 0.83606895842861806, 0.83606895842861806, 0.83606895842861806, 0.87870341693209308, 0.89109115316560916, 0.89367193155297553, 0.89573655421856668, 0.8970785589671989, 0.89862702598485145, 0.89924641279191242, 0.8982141014468108, 0.89914318165740226, 0.8982141014468108, 0.89934964392642258, 0.89852379485034128, 0.89965933732995307, 0.89996903073348367, 0.89986579959897339, 0.89924641279191242, 0.90027872413701415, 0.89893671938838193, 0.89893671938838193, 0.90110457321309545, 0.89893671938838193, 0.90027872413701415, 0.90027872413701415, 0.90027872413701415, 0.89965933732995307, 0.89749148350523955, 0.90017549300250399, 0.89934964392642258, 0.8990399505228921, 0.89945287506093274, 0.8979044080432802, 0.89934964392642258, 0.89955610619544291, 0.89934964392642258, 0.90079487980956496, 0.90100134207858529, 0.89986579959897339, 0.89893671938838193, 0.90048518640603448, 0.89976256846446323, 0.89934964392642258, 0.90027872413701415, 0.89945287506093274, 0.8990399505228921, 0.89976256846446323, 0.89986579959897339, 0.89934964392642258, 0.90079487980956496, 0.89934964392642258, 0.90017549300250399, 0.89986579959897339, 0.90141426661662594, 0.89986579959897339, 0.90038195527152431, 0.89986579959897339, 0.90027872413701415, 0.89749148350523955, 0.89976256846446323, 0.90017549300250399, 0.89986579959897339, 0.89883348825387177, 0.90017549300250399, 0.89924641279191242, 0.89986579959897339, 0.89955610619544291], "val_loss": [0.34870892253972507, 0.34576140848539605, 0.34483002542624891, 0.34486283089485259, 0.34452916478869516, 0.3442492199790752, 0.3443605736139525, 0.34481169592119587, 0.34339067579250998, 0.34348678880521999, 0.34229255545873988, 0.25994910077806521, 0.2373080362663976, 0.23058525199453023, 0.22699198354455946, 0.22587642245609177, 0.22402623687425954, 0.22319475893414623, 0.22430652888231975, 0.22298892669489698, 0.22155501280540257, 0.22182142659152662, 0.22071151168794101, 0.22064356147916839, 0.22070012603786149, 0.22040926484090939, 0.22012359248455973, 0.22111318486632978, 0.22202336207021436, 0.22256034680339246, 0.22021870229393628, 0.22093896087114073, 0.2196159530648312, 0.22132038246850622, 0.22104174075289582, 0.22164483595905971, 0.22086197840203881, 0.22014428814695239, 0.22028712938909156, 0.21984747997609605, 0.21998058018441219, 0.22029259895052694, 0.22043631642770753, 0.22250245416928607, 0.22019446189341757, 0.22019246333189593, 0.22044952633556375, 0.22012300962410905, 0.22041029695129571, 0.21937653878604688, 0.21955546810246232, 0.22096711562688204, 0.22044875320419016, 0.22321166439150908, 0.22024358388894455, 0.21953697122200436, 0.21978262078224278, 0.22253643006587823, 0.21942923871543221, 0.22049388891220389, 0.22042264856949573, 0.2201837242584892, 0.22029234052836569, 0.21973624085572724, 0.22002303185595365, 0.21993533558270578, 0.22086481671406166, 0.2228280201691204, 0.22080212829651275, 0.22033868713301133, 0.22132440228094019, 0.2201586012052926, 0.22131197697990534, 0.22021391782596211, 0.2206826720479424, 0.22006666424646829]}}