{"low_val_loss": 0.13369464956417931, "params": {"verbose": 1, "nb_epoch": 1000, "batch_size": 32, "metrics": ["loss", "acc", "val_loss", "val_acc"], "nb_sample": 94030, "do_validation": true}, "results": {"acc": [0.94365627991193457, 0.94370945442943743, 0.94667659257683723, 0.94814420929490584, 0.94848452621630552, 0.94880357333273246, 0.94918642986280977, 0.94927150909284275, 0.94934595342926376, 0.94936722323170086, 0.94966500053174518, 0.95005849197064762, 0.9497926193767946, 0.95011166649448942, 0.95033499946825484, 0.95029245985323829, 0.95028182495455538, 0.95035626928083416, 0.9504307136020419, 0.95079230032968198, 0.95102626821227265, 0.95098372859725622, 0.95094118898223967, 0.95118579177112006, 0.95132404551738803, 0.95132404552753025, 0.95114325215863915, 0.95114325215356799, 0.95111134745244785, 0.95134531532996747, 0.95104753802485209, 0.95119642667740978, 0.95164309263127944, 0.95112198234605971, 0.95154737850129578, 0.95156864830626842, 0.95158991811124105, 0.9514197596511752, 0.95151547378496226, 0.95152610869378751, 0.9515580133999787, 0.9516324577262576, 0.95179198128764053, 0.95173880676379874, 0.95150483888627924, 0.9515580133999787, 0.95155801340504986, 0.95153674359754159, 0.95152610868998411, 0.95154737850129578, 0.95160055302133406, 0.95156864830880394, 0.95184515580641116, 0.95188769542142759, 0.9516005530200663, 0.9517919812889083, 0.95178134638388634, 0.95136658513747563, 0.95165372753883692, 0.95170690205760755, 0.95188769541635643, 0.95149420397745399, 0.95165372753376587, 0.95166436243751995, 0.95172817186511582, 0.9516324577262576, 0.95169626715385347, 0.95152610868871634, 0.9515580133999787, 0.95158991811631222, 0.95164309263001168, 0.95160055301499524, 0.95167499734127403, 0.95164309263508284, 0.95176007657130701, 0.95160055301499524, 0.95196213974263533, 0.95131341061363395, 0.95165372753883692, 0.9513878549449839, 0.95183452089758591, 0.95163245773132865, 0.95184515580641116, 0.95187706052274457, 0.9517388067688699, 0.95180261618632356, 0.95174944166882069, 0.95156864831387511, 0.95165372753376587, 0.95166436243751995, 0.95171753696136163, 0.95157928320748697, 0.95164309263508284, 0.95166436243751995, 0.95134531533503852, 0.95191960012888666, 0.95139848984366693, 0.95185579070509407, 0.95181325109007764, 0.95147293416994572, 0.95177071148013226, 0.95171753695629058, 0.95156864830373289, 0.95210039349143893, 0.95160055302513746, 0.9514197596511752, 0.95153674359247054, 0.95161118791874932, 0.95162182282757457, 0.95176007657130701, 0.95166436243751995, 0.95182388599890289, 0.95187706051767351, 0.95176007657130701, 0.95166436244259101, 0.95183452089758591, 0.95139848984873798, 0.95170690205380415, 0.95178134638388634, 0.9516218228225034, 0.95153674359247054], "loss": [0.20292407082716454, 0.14810057604923332, 0.14303613262177528, 0.14085643038258241, 0.13960325839854701, 0.13886794009263068, 0.1383365395955807, 0.1379627193794733, 0.13764269441163351, 0.13740394956730509, 0.137204986801057, 0.1369223273435603, 0.13683087043587, 0.13663332181767074, 0.1363666761227964, 0.13621698762311474, 0.13625101672072848, 0.13601040838310646, 0.13587676777835098, 0.13575970973361112, 0.13566158168825282, 0.13565674344273618, 0.13550875754710981, 0.13534904735799319, 0.1352523919823676, 0.13515445969734979, 0.1349907883759586, 0.13503392724589497, 0.13492517340668816, 0.13487422874407934, 0.13476708183691222, 0.13470619222172825, 0.13463443362667221, 0.13452686251785023, 0.13439796041278501, 0.13427491386821266, 0.13421719975069865, 0.13416113738593782, 0.13415036859961629, 0.13398101433618745, 0.13402463997455019, 0.13392723995321015, 0.13389898044440793, 0.13378228630950212, 0.13367562905107674, 0.13356708693058075, 0.13359306177268393, 0.13357168213396672, 0.13353284944847621, 0.13355150789697537, 0.13341865019792953, 0.13346012201392751, 0.1333578424641747, 0.13323478780042666, 0.13339796549609198, 0.13346393005677795, 0.13333515017229508, 0.13332234784021005, 0.13331290215783129, 0.13330164800584157, 0.13321777631001855, 0.13319013408130373, 0.13316293637888565, 0.13323100656191744, 0.13318785792663354, 0.13324712239198705, 0.13329873087145502, 0.13318981732422369, 0.13326281176621096, 0.13320656618887625, 0.13315746250316637, 0.13312400984809106, 0.13319071204361241, 0.13315426731735902, 0.13310131475283443, 0.13319391097901578, 0.13311245898645532, 0.13314943393017084, 0.13313573576897417, 0.13313635409236474, 0.13308191598483848, 0.13314997515538443, 0.13305513383631476, 0.13310339070407301, 0.13316651962132553, 0.13308131384813734, 0.13311651051044465, 0.13306234812249684, 0.13316537130187861, 0.13303762565057012, 0.13302454165333855, 0.13302041189761907, 0.13310136672180281, 0.13304636843603942, 0.13312709181328145, 0.13300895761406498, 0.13312288752378562, 0.13303407980912571, 0.13316551953566833, 0.13310775305031081, 0.13300137416480717, 0.13307507257790918, 0.13309134653896509, 0.13300643403050996, 0.1330269600347827, 0.13299829430904311, 0.13304016687816653, 0.1330653848783597, 0.13290610921331558, 0.13307643990690729, 0.13315670786846018, 0.13305147724602687, 0.13300372664660681, 0.13300198123657703, 0.13303913219069136, 0.13300717445495508, 0.13301307964972153, 0.13301453346155381, 0.13305533823593746, 0.13298893124863503, 0.13301869822062071], "val_acc": [0.94448698315467072, 0.94448698315467072, 0.94927258805513015, 0.94962353241449715, 0.95038922919857072, 0.95029351710056154, 0.9508358856559469, 0.95086778968861663, 0.95061255742725881, 0.95064446145992854, 0.95099540581929554, 0.95115492598264417, 0.95160158244002047, 0.9511868300153139, 0.95115492598264417, 0.95192062276671774, 0.95051684532924963, 0.95080398162327717, 0.95185681470137828, 0.95077207759060745, 0.95058065339458908, 0.9511868300153139, 0.9521120469627361, 0.95074017355793772, 0.95134635017866254, 0.95195252679938747, 0.95255870342011228, 0.95188871873404801, 0.95156967840735074, 0.95109111791730472, 0.95198443083205719, 0.95134635017866254, 0.95192062276671774, 0.95255870342011228, 0.95275012761613065, 0.95249489535477283, 0.95192062276671774, 0.95300535987748847, 0.95160158244002047, 0.9528139356814701, 0.95345201633486476, 0.95243108728943338, 0.95303726391015819, 0.95109111791730472, 0.95275012761613065, 0.9524629913221031, 0.95310107197549765, 0.95259060745278201, 0.95064446145992854, 0.95297345584481874, 0.95268631955079119, 0.95278203164880038, 0.95128254211332308, 0.95275012761613065, 0.95249489535477283, 0.95255870342011228, 0.95220775906074528, 0.95217585502807556, 0.95204823889739665, 0.95284583971413983, 0.95147396630934145, 0.9524629913221031, 0.95275012761613065, 0.95204823889739665, 0.95233537519142419, 0.95290964777947929, 0.95125063808065335, 0.95284583971413983, 0.95112302194997445, 0.9517611026033691, 0.95290964777947929, 0.95294155181214901, 0.95255870342011228, 0.95265441551812147, 0.95243108728943338, 0.95236727922409392, 0.95278203164880038, 0.95227156712608474, 0.95243108728943338, 0.95214395099540583, 0.95252679938744256, 0.95198443083205719, 0.95265441551812147, 0.95271822358346092, 0.95204823889739665, 0.95230347115875447, 0.95300535987748847, 0.9528139356814701, 0.95249489535477283, 0.95121873404798363, 0.95316488004083721, 0.95255870342011228, 0.95287774374680956, 0.95278203164880038, 0.95255870342011228, 0.95297345584481874, 0.95306916794282792, 0.95220775906074528, 0.95287774374680956, 0.95306916794282792, 0.95262251148545174, 0.95239918325676365, 0.95204823889739665, 0.95233537519142419, 0.95265441551812147, 0.95303726391015819, 0.95255870342011228, 0.95214395099540583, 0.95166539050535992, 0.95306916794282792, 0.95287774374680956, 0.95268631955079119, 0.9524629913221031, 0.95227156712608474, 0.95243108728943338, 0.95306916794282792, 0.9524629913221031, 0.95243108728943338, 0.95322868810617667, 0.95239918325676365, 0.95233537519142419],