{"low_val_loss": 0.13679501019901252, "params": {"verbose": 1, "nb_epoch": 1000, "batch_size": 32, "metrics": ["loss", "acc", "val_loss", "val_acc"], "nb_sample": 94030, "do_validation": true}, "results": {"acc": [0.94342231202807614, 0.94365627991066681, 0.94440072317472301, 0.94674040200443299, 0.94728278209082206, 0.94774008295478485, 0.94779325747101983, 0.94802722535487838, 0.94832500266379705, 0.94842071679251305, 0.94863341486759545, 0.9486653195788578, 0.94889928746651964, 0.94901627140401157, 0.94908008082526851, 0.94901627140274381, 0.9492289694778262, 0.94950547697543342, 0.94918642986280977, 0.9493034138041051, 0.9497926193767946, 0.94962246091672875, 0.94976071466299672, 0.94968627033925346, 0.94975007976684922, 0.94978198447304052, 0.94989896841560362, 0.95024992023822186, 0.95005849197571879, 0.95004785707196471, 0.95013293629692652, 0.95030309476206354, 0.95057960225459959, 0.95059023715835367, 0.9505476975484084, 0.95031372966074656, 0.95045198340955017, 0.95053706263958315, 0.95080293523850723, 0.95066468148463257, 0.95078166543099907, 0.95055833244709131, 0.95056896735591656, 0.95056896735084551, 0.95083483994976958, 0.95036690417951719, 0.95065404658087849, 0.95072849090715728, 0.95062214187468719, 0.95082420504094434, 0.95080293523343618, 0.95067531638838665, 0.95073912581091136, 0.95063277677844127, 0.95045198341462123, 0.95088801446346916, 0.95072849090842504, 0.9506859512972119, 0.95051579283714593, 0.95071785600340319, 0.95060087206717891, 0.95062214186961613], "loss": [0.21939717914818399, 0.15141707014799194, 0.14595493375367591, 0.14385883862270163, 0.14265610625594774, 0.14188721747420183, 0.14125950578744775, 0.14089444354976807, 0.14053086679938701, 0.1401987704441964, 0.13992004217137227, 0.13968023218204212, 0.13949953638073434, 0.13932256120849668, 0.13911111670251375, 0.13895845868816201, 0.1388708364523929, 0.13859910946583021, 0.13850724503206191, 0.13828962171751552, 0.13810605310354476, 0.13796189281002746, 0.13781716031627833, 0.13774998268110758, 0.13752931887376033, 0.13750415482898729, 0.13729419721595332, 0.13722971123998295, 0.13711638922331548, 0.13709570429185142, 0.13698486940857801, 0.13684696850973938, 0.13679857132131337, 0.13672482854124399, 0.13654091778263491, 0.1365956539364428, 0.1365927381248255, 0.13651082668630549, 0.13647638617976224, 0.13641976411499446, 0.13637530705395828, 0.13630750466965746, 0.13634268643088282, 0.13633408979600406, 0.13643447542861206, 0.13636325343715933, 0.13634167991647514, 0.13635807723867904, 0.13644248424508934, 0.13636035836926422, 0.13644118086731741, 0.13630574229349168, 0.13639107548038348, 0.13634256684728141, 0.13635586749064621, 0.1364055349568693, 0.13627810421223768, 0.13629888502490098, 0.1362850901171665, 0.13632495795818045, 0.13633357247405645, 0.13632731520992053], "val_acc": [0.94448698315467072, 0.94448698315467072, 0.94847498723838697, 0.94860260336906588, 0.94844308320571724, 0.94873021949974479, 0.94917687595712097, 0.94968734047983661, 0.95016590096988263, 0.94991066870852481, 0.94968734047983661, 0.95007018887187344, 0.95061255742725881, 0.9501339969372129, 0.95042113323124044, 0.95064446145992854, 0.95054874936191935, 0.95070826952526799, 0.95042113323124044, 0.95137825421133226, 0.95121873404798363, 0.95112302194997445, 0.95074017355793772, 0.95150587034201128, 0.9511868300153139, 0.95125063808065335, 0.95172919857069938, 0.95134635017866254, 0.95204823889739665, 0.95147396630934145, 0.95147396630934145, 0.95147396630934145, 0.95252679938744256, 0.95131444614599281, 0.95128254211332308, 0.95195252679938747, 0.95208014293006638, 0.95188871873404801, 0.95172919857069938, 0.95141015824400199, 0.94994257274119454, 0.95102730985196526, 0.95125063808065335, 0.95070826952526799, 0.95169729453802965, 0.95150587034201128, 0.95160158244002047, 0.95125063808065335, 0.95067636549259826, 0.95144206227667172, 0.95198443083205719, 0.95089969372128635, 0.95236727922409392, 0.95166539050535992, 0.95112302194997445, 0.95134635017866254, 0.95169729453802965, 0.95105921388463499, 0.95214395099540583, 0.95125063808065335, 0.95198443083205719, 0.95169729453802965], "val_loss": [0.15656103984076736, 0.14710208448434497, 0.1442970498567214, 0.14313869614148395, 0.14259844710893507, 0.14149083817618244, 0.14137633876221833, 0.14067325197757355, 0.14035818715175236, 0.14017717602542465, 0.14041159805927791, 0.14021732607944817, 0.13959688637947598, 0.13917785122583659, 0.13926558316347246, 0.13881189670107572, 0.13897736729971299, 0.13868451919245015, 0.1388355774967539, 0.13859014483116427, 0.13812034073770199, 0.13848809379896015, 0.13803807236710605, 0.13772681273135864, 0.13783347594108186, 0.1380590528683312, 0.13760023202410518, 0.13739708595019692, 0.13777915182019024, 0.137054885995744, 0.13717952279460527, 0.13745944645596195, 0.13765019293058703, 0.13694675100920697, 0.13692100878924723, 0.13679501019901252, 0.13712118141973062, 0.13739369080162828, 0.13692180223234338, 0.13696880537432757, 0.13773939648149663, 0.1374712983386866, 0.13693318307407357, 0.13773326059083602, 0.13736348255190878, 0.13687287758790515, 0.13694951556254067, 0.1375992983511177, 0.13710335137407167, 0.13713205894792851, 0.13683049578168308, 0.13733091541756592, 0.13742308665281841, 0.13730389760420175, 0.13685143971459149, 0.1369311110253934, 0.13694538838967429, 0.13717308200348116, 0.13692411714751176, 0.13686234323710067, 0.13687712170617231, 0.1369665831882714]}}