{"low_val_loss": 0.13670358243395991, "params": {"verbose": 1, "nb_epoch": 1000, "batch_size": 32, "metrics": ["loss", "acc", "val_loss", "val_acc"], "nb_sample": 94030, "do_validation": true}, "results": {"acc": [0.94344358183558441, 0.94390088269827932, 0.94680421142188664, 0.94737849622460912, 0.94760182920851688, 0.94779325748116217, 0.94795278102733171, 0.94823992342869301, 0.94844198660002133, 0.94860151016140415, 0.94900563650025749, 0.94886738275525728, 0.94921833457914317, 0.94928214399659683, 0.94969690524300754, 0.94952674678294158, 0.94940976284291412, 0.94972880995934106, 0.95015420610950585, 0.95001595236070235, 0.94981388918937404, 0.95009039668190998, 0.95039880889204731, 0.95030309476206354, 0.95020738062320531, 0.95013293629692652, 0.95033499946825484, 0.95057960225459959, 0.9501542061044348, 0.95027119004573013, 0.95031372966074656, 0.95039880889585071, 0.95077103052217382, 0.95055833245216248, 0.95050515793339185, 0.95045198340955017, 0.95070722110091688, 0.9505051579283208, 0.95044134851086715, 0.95076039561841963, 0.95060087206210786, 0.95046261831837542, 0.95034563437200892, 0.95042007869828782, 0.95043071360711306, 0.95022865043071358, 0.95031372966074656, 0.95049452302456661, 0.95066468148463257, 0.95040944379960479, 0.95078166543099907, 0.9507497607197366, 0.95065404658087849, 0.95064341167712429, 0.95052642774090013, 0.95051579283714593, 0.95037753908834244, 0.95093055408355676, 0.95031372967088878, 0.95044134851086715, 0.9502180155269595, 0.95009039668190998, 0.95012230139317244, 0.95031372966074656, 0.95020738062827648, 0.95011166648941825, 0.95038817399209652, 0.95046261831330425, 0.94995214293817754, 0.95029245986338051, 0.95035626928590533, 0.95026055514197594, 0.95038817398702546, 0.95027119004699789, 0.95039880889585071, 0.95024992024329291, 0.95033499946825484, 0.9502605551470471, 0.95028182495455538, 0.9501861108207682, 0.9502180155269595], "loss": [0.19459465466028489, 0.14739978551408223, 0.14400879520434409, 0.14245990339952253, 0.14161592773410928, 0.14104669837099459, 0.14048229547592472, 0.14021250224425338, 0.13991274555187699, 0.13965174715899031, 0.139344605192737, 0.13920867552715935, 0.13892512106171545, 0.13871193050848515, 0.13834694732912775, 0.13826200201177197, 0.13817432296158189, 0.13794766010758749, 0.13768368874327194, 0.13758785410341551, 0.1374926656662093, 0.13737685610170278, 0.13715638260467122, 0.1369966874154441, 0.13704236130961381, 0.13681646598522604, 0.13690792348203754, 0.1366748957013933, 0.13681470336596357, 0.13662213858890113, 0.13667777062704825, 0.13669745144432788, 0.13666729538488626, 0.13667027060464254, 0.13667196224189168, 0.13663062088910183, 0.13656552628587562, 0.1366818682530006, 0.13652475767394628, 0.13672671797472874, 0.13661614130161473, 0.13658460405523773, 0.13658561947009012, 0.13653449344245802, 0.13643896395930277, 0.13647297938383729, 0.13657548720411078, 0.13659700988886472, 0.13648619456968447, 0.13647853645709909, 0.1365194455522889, 0.13645993609713911, 0.13643739558158119, 0.1364657903752732, 0.13659996038597338, 0.13643643724183688, 0.1364121732509708, 0.13645893545698692, 0.13645030367878996, 0.13636202847977896, 0.13633218149447662, 0.13633214890767503, 0.1363374403632221, 0.13628130243790254, 0.13623589349467488, 0.13624848376253965, 0.13623545958769392, 0.13613397622094514, 0.13616781419329879, 0.13616370491451321, 0.13618042762008459, 0.13603953183304246, 0.13607359468353741, 0.13603494613554507, 0.13601166251985417, 0.13608732559995221, 0.13597450438155134, 0.13603840558678246, 0.13601559802286045, 0.13610598623220127, 0.13591675382128493], "val_acc": [0.94448698315467072, 0.94844308320571724, 0.94901735579377233, 0.9492087799897907, 0.94959162838182742, 0.94984686064318535, 0.94975114854517606, 0.95007018887187344, 0.95022970903522208, 0.95022970903522208, 0.9504849412965799, 0.95070826952526799, 0.95067636549259826, 0.95093159775395608, 0.95093159775395608, 0.95109111791730472, 0.95080398162327717, 0.95105921388463499, 0.9511868300153139, 0.95160158244002047, 0.95121873404798363, 0.95045303726391017, 0.95198443083205719, 0.95153777437468101, 0.95166539050535992, 0.95099540581929554, 0.95195252679938747, 0.95166539050535992, 0.95128254211332308, 0.95156967840735074, 0.95201633486472692, 0.9508358856559469, 0.95169729453802965, 0.95236727922409392, 0.95131444614599281, 0.95185681470137828, 0.95147396630934145, 0.95160158244002047, 0.95227156712608474, 0.95125063808065335, 0.95144206227667172, 0.95061255742725881, 0.95172919857069938, 0.95182491066870856, 0.95147396630934145, 0.95201633486472692, 0.95121873404798363, 0.95137825421133226, 0.95067636549259826, 0.95105921388463499, 0.9521120469627361, 0.95061255742725881, 0.95131444614599281, 0.9521120469627361, 0.95144206227667172, 0.95185681470137828, 0.95188871873404801, 0.95089969372128635, 0.95153777437468101, 0.95096350178662581, 0.95026161306789181, 0.95153777437468101, 0.95144206227667172, 0.95032542113323126, 0.95109111791730472, 0.95153777437468101, 0.94962353241449715, 0.95131444614599281, 0.95169729453802965, 0.9508358856559469, 0.95147396630934145, 0.95105921388463499, 0.95067636549259826, 0.95147396630934145, 0.95115492598264417, 0.95137825421133226, 0.95243108728943338, 0.95137825421133226, 0.95185681470137828, 0.95070826952526799, 0.95051684532924963], "val_loss": [0.15070665625055693, 0.14444993600066733, 0.14299271601257488, 0.14192387314476243, 0.14123235747499574, 0.14116532649919047, 0.14056011143883557, 0.13999703747846448, 0.13988789352871223, 0.13963436648048053, 0.13967201475485697, 0.13903137382011502, 0.13880233716499202, 0.13863048687835869, 0.13856157524708038, 0.13886231894263995, 0.1381834962573083, 0.1374048163849079, 0.13744933679015311, 0.13751972350517727, 0.13762034731287168, 0.1378153817230886, 0.13730310087604233, 0.13693233574167724, 0.13826317056412596, 0.13759077350918494, 0.13747219659194099, 0.13694817507225923, 0.13710483778201543, 0.13740256747621671, 0.13755612057263356, 0.13735577328612666, 0.13677420969168225, 0.13737542846636117, 0.13694396636802028, 0.13698448321576201, 0.13698601672704455, 0.13688108307794838, 0.13755810957529399, 0.13704527753931547, 0.13671858906898041, 0.13739996631270832, 0.13717850666795536, 0.13675469642808361, 0.13705351139309913, 0.13709552979430506, 0.1369878306372577, 0.1371018247381271, 0.13703874013310127, 0.13738042714417498, 0.13689892877686261, 0.13723951585651692, 0.13723847954788337, 0.13686580990401684, 0.13670358243395991, 0.13707788242478799, 0.137214380576484, 0.13698303930256031, 0.13719298657659307, 0.13739715286850504, 0.1371541447146411, 0.13704572134518606, 0.13718921849870178, 0.1370440947178099, 0.13678730135729356, 0.13721232696789573, 0.13811031448777961, 0.13775282581168027, 0.1377061833553834, 0.13682902523712456, 0.13716266151648843, 0.13724031445207555, 0.13726957964427072, 0.13729800314429982, 0.13760962722810663, 0.13807281074382749, 0.13853526402943714, 0.13708181672212785, 0.1375006959013424, 0.13679417035618019, 0.13721144292931461]}}