{"low_val_loss": 0.21680885904699432, "params": {"verbose": 1, "nb_epoch": 1000, "batch_size": 32, "metrics": ["loss", "acc", "val_loss", "val_acc"], "nb_sample": 29058, "do_validation": true}, "results": {"acc": [0.83959666873150252, 0.8779682015279785, 0.89441806043086236, 0.89827242067588964, 0.90081905155206832, 0.90157615802877, 0.90143850230573341, 0.9018170555440842, 0.90178264161332511, 0.9018514694748434, 0.90188588340560261, 0.90178264161332511, 0.9022644366439535, 0.90157615802877, 0.90192029733636181, 0.9019547112671209, 0.90116319085966001, 0.9022644366439535, 0.90240209236699021, 0.90305595705141439, 0.9024365062977493, 0.9028150595361002, 0.90326244063596939, 0.9020923669901576, 0.9028150595361002, 0.9030903709821736, 0.9028150595361002, 0.9024709202285085, 0.9018514694748434, 0.9026085759515452, 0.9028150595361002, 0.90130084658269671, 0.902574162020786, 0.9028838873976186, 0.90267740381306349, 0.90253974809002679, 0.90315919884369189, 0.90267740381306349, 0.9024365062977493, 0.9029527152591369, 0.9024709202285085, 0.9023332645054718, 0.9020923669901576, 0.90278064560534099, 0.9032280267052103, 0.90240209236699021, 0.90305595705141439, 0.9026085759515452, 0.9024709202285085, 0.90329685456672859, 0.90395071925115289, 0.90346892422052449, 0.9026085759515452, 0.9018514694748434, 0.90267740381306349, 0.9026429898823044, 0.90395071925115289, 0.9029871291898961, 0.9027462316745819, 0.9029527152591369, 0.90343451028976529, 0.9027118177438227, 0.9031247849129328, 0.9028494734668594, 0.90267740381306349, 0.9029527152591369, 0.90240209236699021, 0.90350333815128359, 0.9028494734668594, 0.902367678436231, 0.9024709202285085, 0.9021956087824351], "loss": [0.37167871359809312, 0.25534471819418675, 0.23813625242938272, 0.23185160735903323, 0.22807478609190338, 0.22627976942561032, 0.22546363982915368, 0.22436104419935612, 0.22386604021975454, 0.22327185915451644, 0.22320608707438183, 0.22304620562215924, 0.22276565695847947, 0.22274541350255789, 0.22218004766059632, 0.22211618268538272, 0.22199250424471911, 0.2218445812226556, 0.22187681133280734, 0.2220120492331322, 0.22188463461371183, 0.22163338372126967, 0.22114146846406876, 0.22144394206039936, 0.2213908737159071, 0.22113410100752115, 0.22123432499448872, 0.22113466852187078, 0.22121582615724947, 0.22100959241213822, 0.22066700145113874, 0.22124778109689999, 0.22087032180793584, 0.22078926746622399, 0.22070285543636006, 0.2205867352955373, 0.22070907346067889, 0.22035297267772275, 0.2204676574730787, 0.22044155301632726, 0.22038617485710976, 0.22076019133873576, 0.22058558018317989, 0.2205209441683208, 0.22037748284050762, 0.22044647607578777, 0.22033938114150484, 0.22025578564907378, 0.22035126937700078, 0.22027957174095991, 0.22046117363821405, 0.22001883613416065, 0.22041467509573287, 0.22024131872714225, 0.22045751018514406, 0.22022340863520545, 0.2202174120521552, 0.22036313431609136, 0.22017727324480002, 0.22029261852551313, 0.21992963755498682, 0.22020261710729461, 0.21998053394001363, 0.22005926192491904, 0.22025910901441997, 0.22005792932085344, 0.22003657002148408, 0.22014291328498212, 0.21983749049722942, 0.22011383780649987, 0.22013434821708897, 0.22012204802244767], "val_acc": [0.83606895842861806, 0.88985237957609931, 0.89222669564522095, 0.8979044080432802, 0.8982141014468108, 0.90120780434760561, 0.90027872413701415, 0.90058841754054464, 0.90193042228917686, 0.90120780434760561, 0.9015174977511361, 0.90193042228917686, 0.90203365342368702, 0.90285950249976832, 0.90275627136525816, 0.90337565817231913, 0.90100134207858529, 0.90162072888564626, 0.9031691959032988, 0.90193042228917686, 0.90327242703780897, 0.90275627136525816, 0.9031691959032988, 0.9006916486750548, 0.90275627136525816, 0.89996903073348367, 0.90027872413701415, 0.90110457321309545, 0.89924641279191242, 0.9006916486750548, 0.89883348825387177, 0.90131103548211577, 0.90079487980956496, 0.90275627136525816, 0.90131103548211577, 0.90193042228917686, 0.89976256846446323, 0.9015174977511361, 0.90306596476878864, 0.90234334682721751, 0.90038195527152431, 0.90285950249976832, 0.90110457321309545, 0.89996903073348367, 0.90007226186799383, 0.90234334682721751, 0.90100134207858529, 0.90275627136525816, 0.90244657796172767, 0.90172396002015642, 0.90244657796172767, 0.90058841754054464, 0.90172396002015642, 0.90141426661662594, 0.90079487980956496, 0.90089811094407513, 0.90306596476878864, 0.90120780434760561, 0.90224011569270735, 0.90162072888564626, 0.90172396002015642, 0.90141426661662594, 0.90162072888564626, 0.90162072888564626, 0.90162072888564626, 0.90141426661662594, 0.90172396002015642, 0.90141426661662594, 0.90172396002015642, 0.90193042228917686, 0.90337565817231913, 0.90213688455819718], "val_loss": [0.27519075772618812, 0.24150732404506156, 0.23341794310308184, 0.22770353608718658, 0.22479250641003032, 0.22256796117216315, 0.22144318377010541, 0.22161523887182497, 0.22140357179194767, 0.22032352105818309, 0.2203356814578897, 0.21922354723347148, 0.21901419531748959, 0.21867968391385181, 0.21997088651680732, 0.21784443081600496, 0.21829202152497137, 0.21938062489457305, 0.2193429151272471, 0.21864747879268143, 0.21883982248297415, 0.21858719158950354, 0.21991780644860123, 0.21928619012456566, 0.21800335823622013, 0.21846873450786247, 0.21882480136797108, 0.22116383404705661, 0.21828574104009799, 0.21770454780277951, 0.21919740895848655, 0.2194274808891149, 0.2179951481471136, 0.21838800616033974, 0.21901230844314762, 0.21741719134909532, 0.21781250814467598, 0.21973459967902856, 0.2188462968383077, 0.21807445883074081, 0.2189797461002102, 0.21914613283836054, 0.2196263071183045, 0.21824578293720806, 0.2179442006416632, 0.21680885904699432, 0.21768177268772632, 0.2178952609180875, 0.21809219295079954, 0.21880027614253167, 0.21843812570146601, 0.21862839499383294, 0.21756999108940747, 0.21962461566191605, 0.21746034869914382, 0.21858828694714325, 0.21750344358337692, 0.21909004651356914, 0.21749677393315095, 0.21697915470414306, 0.21843941653551327, 0.21802017913214672, 0.21762816954215294, 0.21744548954793366, 0.2173480291299878, 0.21806480618247778, 0.21812469558449024, 0.21757542050831136, 0.21719021830160551, 0.21856054218484605, 0.21801434780491313, 0.21757489789857626]}}