{"low_val_loss": 0.21935377910285589, "params": {"verbose": 1, "nb_epoch": 1000, "batch_size": 32, "metrics": ["loss", "acc", "val_loss", "val_acc"], "nb_sample": 29058, "do_validation": true}, "results": {"acc": [0.83942459907770661, 0.83990639410833501, 0.8783467547663294, 0.89462454401541747, 0.89765296992222454, 0.89947690825246063, 0.89902952715259132, 0.90030284259068072, 0.89968339183701562, 0.90061256796751321, 0.90037167045219901, 0.90054374010599492, 0.90085346548282741, 0.90102553513662331, 0.90102553513662331, 0.9013352605134558, 0.90092229334434581, 0.90143850230573341, 0.90130084658269671, 0.90071580975979071, 0.90044049831371742, 0.90119760479041922, 0.90119760479041922, 0.90123201872117831, 0.90119760479041922, 0.90102553513662331, 0.90099112120586411, 0.90099112120586411, 0.90147291623649251, 0.90105994906738252, 0.90116319085966001, 0.90095670727510502, 0.90119760479041922, 0.90078463762130911, 0.90150733016725171, 0.90016518686764402, 0.90147291623649251, 0.90130084658269671, 0.90040608438295822, 0.90068139582903162, 0.90061256796751321, 0.90013077293688482, 0.90102553513662331, 0.90064698189827241, 0.90099112120586411, 0.90095670727510502, 0.89988987542157062, 0.90078463762130911, 0.90092229334434581, 0.90026842865992152, 0.90075022369054991, 0.90054374010599492, 0.90064698189827241, 0.90092229334434581, 0.90102553513662331, 0.90064698189827241, 0.90085346548282741, 0.90119760479041922, 0.90050932617523571, 0.90071580975979071, 0.90061256796751321, 0.90088787941358661, 0.90078463762130911, 0.90026842865992152, 0.90136967444421501, 0.90075022369054991, 0.90026842865992152, 0.90081905155206832, 0.90081905155206832, 0.90023401472916231, 0.90071580975979071], "loss": [0.46741699230499445, 0.31456738674096668, 0.2549855949254462, 0.23828724673450777, 0.23183380149397684, 0.22889898074650455, 0.2271226830677624, 0.22626460914057633, 0.22549357615430254, 0.22503922557921988, 0.22475515546092426, 0.22438323195305515, 0.22407932533518529, 0.22373905559475205, 0.22377058503110497, 0.22357278942069034, 0.22361413689898282, 0.22335013756432787, 0.2234363904394252, 0.22327340865477338, 0.2233279061457748, 0.22332926345243614, 0.2231706271832373, 0.22322558246874602, 0.22298698823970053, 0.22316904994359454, 0.22306032322505623, 0.22301089607440183, 0.22322100154022279, 0.2229584032542487, 0.22305127010195555, 0.22308608206725267, 0.22293654716189626, 0.22306689117261502, 0.22280290448648798, 0.22296405605619515, 0.22295792369674272, 0.22294066074390242, 0.22295453107991264, 0.22291224356798403, 0.22293256728624852, 0.2229346104837496, 0.22278504568068863, 0.22297779233085194, 0.22290974900062868, 0.22280879094207007, 0.22273167461757856, 0.2228247076222605, 0.22278315300382379, 0.22287532854516293, 0.22298118931779973, 0.22305627207352074, 0.22268109693887378, 0.22283724416379058, 0.22269741880794428, 0.22277510054419439, 0.22262807959219291, 0.22288241580649681, 0.22261153093118805, 0.22278045183750839, 0.22287014707839861, 0.22281197078874215, 0.22273270239309578, 0.22280207974583033, 0.22283587907881655, 0.22271732878847866, 0.22276424388222049, 0.22272996320142102, 0.22272746401043272, 0.22273306544185284, 0.22279730662850306], "val_acc": [0.83606895842861806, 0.83606895842861806, 0.88871683709648752, 0.89553009194954636, 0.8982141014468108, 0.89976256846446323, 0.90048518640603448, 0.90058841754054464, 0.89965933732995307, 0.90110457321309545, 0.90007226186799383, 0.90038195527152431, 0.90038195527152431, 0.90110457321309545, 0.89945287506093274, 0.90038195527152431, 0.89945287506093274, 0.90058841754054464, 0.89976256846446323, 0.90079487980956496, 0.90048518640603448, 0.89883348825387177, 0.89893671938838193, 0.89955610619544291, 0.90058841754054464, 0.90048518640603448, 0.89965933732995307, 0.90058841754054464, 0.8990399505228921, 0.90048518640603448, 0.90089811094407513, 0.8990399505228921, 0.90100134207858529, 0.90017549300250399, 0.89934964392642258, 0.90027872413701415, 0.89965933732995307, 0.89986579959897339, 0.90007226186799383, 0.89893671938838193, 0.90172396002015642, 0.9006916486750548, 0.9006916486750548, 0.89976256846446323, 0.90100134207858529, 0.89934964392642258, 0.90079487980956496, 0.90027872413701415, 0.8990399505228921, 0.90027872413701415, 0.89965933732995307, 0.90027872413701415, 0.89924641279191242, 0.89914318165740226, 0.89955610619544291, 0.89934964392642258, 0.89934964392642258, 0.90007226186799383, 0.90120780434760561, 0.89976256846446323, 0.89873025711936161, 0.90100134207858529, 0.90017549300250399, 0.90048518640603448, 0.90100134207858529, 0.90048518640603448, 0.89862702598485145, 0.89965933732995307, 0.89955610619544291, 0.90027872413701415, 0.90079487980956496], "val_loss": [0.36517601578280173, 0.27116249493552369, 0.24205152002037575, 0.23168413473182237, 0.22718419494109096, 0.22569512669314315, 0.22304487997525443, 0.22317401228446249, 0.22254777530576836, 0.2214936242299736, 0.22149672095800463, 0.22075987033852854, 0.22020742818643965, 0.22124153616517717, 0.22116243222112489, 0.22091833907925112, 0.22084129629175003, 0.22086096381555342, 0.22000042612527784, 0.22035277475571871, 0.22027854960905185, 0.22063763344129123, 0.22039604596497536, 0.2202205026778592, 0.22094294408212645, 0.21994833003210804, 0.22012389730383297, 0.22038365502567672, 0.21952475284513606, 0.22009402095403935, 0.22148509978435843, 0.22069402400389218, 0.22007648598683857, 0.21983785394287286, 0.22127323881863833, 0.21964595328793013, 0.2204033693588468, 0.21997699605750387, 0.21966972339506474, 0.22006446705202182, 0.22092799112451475, 0.22042285282938942, 0.21950654988073767, 0.22006055191228471, 0.21935377910285589, 0.2204144157448506, 0.21961555741108202, 0.22002294814363899, 0.21944581956837314, 0.21986621015579128, 0.22019418611656441, 0.2198204720821422, 0.22161485798233149, 0.21958166654971137, 0.2198577834514564, 0.22012205711887312, 0.21950600177889529, 0.21991945302460578, 0.22013924784725317, 0.21997096218092591, 0.22006802809574391, 0.21993211402456939, 0.22151617590913686, 0.2195511720578491, 0.21960154203139456, 0.21950645560670393, 0.22063534405254365, 0.22011652068603491, 0.22084894743425454, 0.22165144925345401, 0.22070025703025156]}}