{"low_val_loss": 0.13390104087272153, "params": {"verbose": 1, "nb_epoch": 1000, "batch_size": 32, "metrics": ["loss", "acc", "val_loss", "val_acc"], "nb_sample": 94030, "do_validation": true}, "results": {"acc": [0.94347548655191782, 0.94410294587341104, 0.94686802084441135, 0.94761246410719979, 0.94768690843347869, 0.94820801871743066, 0.94853770073887944, 0.94892055726895674, 0.94916516006544371, 0.94936722322662981, 0.94970754014676162, 0.94965436563306216, 0.95017547591194296, 0.94978198447304052, 0.95015420610950585, 0.95024992023822186, 0.95070722110979133, 0.95063277677337021, 0.95055833244709131, 0.95048388812208029, 0.95067531638965441, 0.95052642774090013, 0.95057960225459959, 0.95097309369350203, 0.95071785600340319, 0.95080293523850723, 0.95102626821227265, 0.95091991917980256, 0.95133468042114222, 0.9509943635010103, 0.95105817292860617, 0.95109007763986853, 0.95100499840476449, 0.95104753802611985, 0.95115388706239323, 0.95131341061870511, 0.95140912474742101, 0.95126023609993449, 0.95131341061363395, 0.95128150590237159, 0.95131341061870511, 0.9515580133999787, 0.95171753696136163, 0.9519515048439523, 0.95171753695629058, 0.95140912474742101, 0.95161118792382049, 0.95160055301499524, 0.95189833032518167, 0.95153674359754159, 0.95166436243751995, 0.95198340955521465, 0.95168563224502822, 0.95178134638388634, 0.95150483888120807, 0.95184515580133999, 0.95165372753376587, 0.95193023503644403, 0.95173880676506661, 0.95187706051767351, 0.95153674359754159, 0.9518132510951488, 0.9516324577262576, 0.9514622992712628, 0.95152610868871634, 0.9519834095501436, 0.95161118791874932, 0.95171753695629058, 0.95157928320748697, 0.95197277465653174, 0.95161118792382049, 0.95156864830880394, 0.9516962671487823, 0.95182388599890289, 0.95149420397745399, 0.9515580133999787, 0.95154737850129578, 0.95191960012761889, 0.9519089652238647, 0.95156864830880394, 0.95176007657130701, 0.95191960012888666, 0.95147293416994572, 0.95150483888120807, 0.95129214080739344, 0.95148356907369991, 0.95174944166755293], "loss": [0.19431520184753778, 0.14740233149925824, 0.14378735193303072, 0.14206964866524932, 0.14087179867838159, 0.13987569388825818, 0.13899941745241007, 0.13829940963280171, 0.13772575960607589, 0.13734144966042663, 0.13680745588496088, 0.13656853275623371, 0.13622152320196765, 0.13603320794462712, 0.13586410076601968, 0.13564094576937499, 0.13571056275815011, 0.13542708639345891, 0.13533090213128485, 0.13532585360630389, 0.13526186306660676, 0.13516845236138486, 0.13501234693161721, 0.13492230000932137, 0.13503919910141524, 0.13507481894505274, 0.13491305008722368, 0.13487797522229816, 0.13482288662298655, 0.13474373512374171, 0.13472915583724077, 0.13473775001754029, 0.13470743066265484, 0.13467958341136227, 0.13451430245966123, 0.13462062111075071, 0.13446651673356258, 0.1343613395971541, 0.13432533870152333, 0.1343078699170922, 0.13410056821750754, 0.13417337425421569, 0.13404158141230643, 0.13402212850165521, 0.13390870887786546, 0.13370932733126425, 0.13375186953572002, 0.13354258825755855, 0.13347501724682678, 0.13341843668360742, 0.13337712325175544, 0.13328149615022639, 0.1332710836743923, 0.1332247552308303, 0.13309533251646566, 0.13321453190909718, 0.13316925875352298, 0.13314292203121131, 0.13308527898588143, 0.13307880668719754, 0.13323400155459392, 0.13315686804175972, 0.13319016760027969, 0.13312225999441551, 0.1331276554144831, 0.13309029251771662, 0.13305756282534775, 0.13313076954586944, 0.133115756087933, 0.13310547347311186, 0.13310125234259401, 0.13307146646013465, 0.13311998622273463, 0.13301534458026598, 0.13315477263965653, 0.13305812147016616, 0.13305423965444466, 0.13313938412907642, 0.13299243458421209, 0.13315378991255264, 0.13306621415604955, 0.13309737425192511, 0.13312700133480304, 0.13317192158456065, 0.13311458888122862, 0.13315478621515633, 0.13316212694330898], "val_acc": [0.94448698315467072, 0.94834737110770806, 0.94911306789178151, 0.94936830015313933, 0.94943210821847879, 0.94971924451250633, 0.95022970903522208, 0.95019780500255235, 0.95077207759060745, 0.95109111791730472, 0.95089969372128635, 0.95201633486472692, 0.95096350178662581, 0.95201633486472692, 0.95236727922409392, 0.95185681470137828, 0.95227156712608474, 0.95077207759060745, 0.95096350178662581, 0.9524629913221031, 0.95172919857069938, 0.9528139356814701, 0.9528139356814701, 0.95188871873404801, 0.95220775906074528, 0.95089969372128635, 0.95112302194997445, 0.95284583971413983, 0.95249489535477283, 0.9524629913221031, 0.95249489535477283, 0.95252679938744256, 0.95252679938744256, 0.95227156712608474, 0.95316488004083721, 0.95255870342011228, 0.9528139356814701, 0.9528139356814701, 0.95357963246554367, 0.95144206227667172, 0.95284583971413983, 0.95227156712608474, 0.95239918325676365, 0.95284583971413983, 0.95294155181214901, 0.95313297600816749, 0.95223966309341501, 0.95278203164880038, 0.95262251148545174, 0.95198443083205719, 0.9528139356814701, 0.95275012761613065, 0.95268631955079119, 0.95287774374680956, 0.95185681470137828, 0.95262251148545174, 0.9528139356814701, 0.95201633486472692, 0.9528139356814701, 0.9517611026033691, 0.95290964777947929, 0.95319678407350694, 0.95230347115875447, 0.95243108728943338, 0.95290964777947929, 0.95294155181214901, 0.9528139356814701, 0.95233537519142419, 0.95208014293006638, 0.95303726391015819, 0.95290964777947929, 0.95297345584481874, 0.95259060745278201, 0.95287774374680956, 0.95271822358346092, 0.95268631955079119, 0.9532605921388464, 0.95275012761613065, 0.95252679938744256, 0.95201633486472692, 0.95233537519142419, 0.95252679938744256, 0.95297345584481874, 0.95131444614599281, 0.95262251148545174, 0.95297345584481874, 0.95262251148545174], "val_loss": [0.1509957230322333, 0.14448569929907065, 0.14258725199926381, 0.14129531592313219, 0.14109006373286856, 0.13975504624898363, 0.13934264245531947, 0.1380563404557503, 0.13753540830847377, 0.13740919142269309, 0.13688909131111296, 0.13673226877803582, 0.13637340405785714, 0.13640152630854954, 0.13649180221916646, 0.13627710020917908, 0.13566188458895245, 0.13618628828462562, 0.13566324373706223, 0.1356809068073753, 0.1355967718371936, 0.13526788666832959, 0.13528682001889694, 0.13537248487870962, 0.13527381064911287, 0.13676897863391074, 0.13579822072855302, 0.13663416693197214, 0.13483937806057619, 0.13516335861187859, 0.13484290889224237, 0.13465286657164721, 0.13539964148148156, 0.13456991733816767, 0.13504491452909265, 0.13460480660531002, 0.13485101886158271, 0.13553660980702936, 0.13521989777440804, 0.1352632919201868, 0.13608555133003342, 0.1349212727972961, 0.13550155943581924, 0.13459184457942075, 0.13481169489876477, 0.13503077550448436, 0.13472905569253921, 0.13443561501595638, 0.13419029149433648, 0.13455355817270467, 0.13424210373222858, 0.13410816840530812, 0.13537550563465248, 0.13409114568178115, 0.13395339222515554, 0.13452906144812377, 0.13416958258940348, 0.13399601098189948, 0.13437800294700145, 0.13479533658047729, 0.13390104087272153, 0.13417888447573867, 0.13426346106777057, 0.13400372953903864, 0.13455994605006399, 0.13414877966320168, 0.13426820192564015, 0.13411541880717412, 0.13443814816011374, 0.13492258240513014, 0.13450847659973145, 0.13431422127246279, 0.13414537504452292, 0.1342004269300644, 0.13461316997425907, 0.1343900993202051, 0.13435510490441457, 0.13469315562520848, 0.13481195618537781, 0.13496417013976786, 0.13458306971802403, 0.13398531314523748, 0.13515084427973942, 0.13398678861881713, 0.13529685522644053, 0.13500045805089386, 0.13453933317737199]}}