{"low_val_loss": 0.21940735939905914, "params": {"verbose": 1, "nb_epoch": 1000, "batch_size": 32, "metrics": ["loss", "acc", "val_loss", "val_acc"], "nb_sample": 29058, "do_validation": true}, "results": {"acc": [0.83959666873150252, 0.83990639410833501, 0.83990639410833501, 0.83990639410833501, 0.83990639410833501, 0.83990639410833501, 0.83990639410833501, 0.83990639410833501, 0.83990639410833501, 0.83990639410833501, 0.83990639410833501, 0.83990639410833501, 0.83990639410833501, 0.83990639410833501, 0.85917819533347095, 0.89104549521646359, 0.89610434303806186, 0.89796269529905703, 0.89889187142955473, 0.89937366646018313, 0.89913276894486893, 0.89968339183701562, 0.89961456397549733, 0.89985546149081153, 0.90099112120586411, 0.90009635900612572, 0.90057815403675412, 0.90064698189827241, 0.90095670727510502, 0.90040608438295822, 0.90033725652143992, 0.90078463762130911, 0.90050932617523571, 0.90019960079840322, 0.90054374010599492, 0.90105994906738252, 0.90026842865992152, 0.90109436299814161, 0.9013352605134558, 0.90002753114460732, 0.90105994906738252, 0.89985546149081153, 0.90026842865992152, 0.90061256796751321, 0.90026842865992152, 0.90054374010599492, 0.89975221969853392, 0.90044049831371742, 0.90047491224447651, 0.89995870328308902, 0.89982104756005232, 0.89988987542157062, 0.90047491224447651, 0.90037167045219901, 0.90013077293688482, 0.90071580975979071, 0.90078463762130911, 0.90002753114460732, 0.90050932617523571, 0.90075022369054991, 0.90047491224447651, 0.89961456397549733], "loss": [0.39767011488712256, 0.34868330147710436, 0.34720897028217934, 0.34695892795121419, 0.34673705512141234, 0.34658925891972775, 0.34642540711735947, 0.34634675311897828, 0.34616832279955517, 0.34606012891553933, 0.34594748199798342, 0.34562142877094976, 0.34525322826741134, 0.34431180581209442, 0.28428214100659432, 0.24129183668689005, 0.23375414125531577, 0.23031085823545339, 0.22842773302422395, 0.22728721660956913, 0.22638935293194365, 0.22558556767961951, 0.22546960086047585, 0.22467018384582588, 0.22453622846506543, 0.22448348870718993, 0.22414589244624902, 0.22403504711109343, 0.22387430554690319, 0.22390032474814889, 0.22381463223210357, 0.22352333087429238, 0.22357916718075663, 0.22330377746640845, 0.22370039765804522, 0.2234826383523664, 0.2234863506922235, 0.2234367171242311, 0.2234560649667541, 0.22313896945440331, 0.22353930096701274, 0.22342736467055185, 0.22352233356362883, 0.22343087387114499, 0.22341341618660029, 0.22351587756876443, 0.22351047864648002, 0.22320812362458325, 0.22342191351595203, 0.22304126161041471, 0.22337637096592167, 0.22318990066595223, 0.22319836788286124, 0.22315802677037161, 0.22339348038915544, 0.22324649663767046, 0.22324495965825039, 0.22326999894930546, 0.22326507312119709, 0.22316922389297253, 0.22310473517512136, 0.22315475828132836], "val_acc": [0.83606895842861806, 0.83606895842861806, 0.83606895842861806, 0.83606895842861806, 0.83606895842861806, 0.83606895842861806, 0.83606895842861806, 0.83606895842861806, 0.83606895842861806, 0.83606895842861806, 0.83606895842861806, 0.83606895842861806, 0.83606895842861806, 0.83606895842861806, 0.88469082285059097, 0.89387839379738365, 0.89387839382199585, 0.89439454949454678, 0.8982141014468108, 0.89852379485034128, 0.89934964392642258, 0.90048518640603448, 0.89934964392642258, 0.89738825237072939, 0.89842056371583112, 0.89883348825387177, 0.89893671938838193, 0.90017549300250399, 0.89852379485034128, 0.90048518640603448, 0.89883348825387177, 0.89986579959897339, 0.90007226186799383, 0.89934964392642258, 0.8979044080432802, 0.90141426661662594, 0.90120780434760561, 0.89986579959897339, 0.89965933732995307, 0.89914318165740226, 0.89965933732995307, 0.89955610619544291, 0.9006916486750548, 0.89976256846446323, 0.90038195527152431, 0.90079487980956496, 0.90017549300250399, 0.89769794577425988, 0.90120780434760561, 0.89934964392642258, 0.90048518640603448, 0.89914318165740226, 0.90100134207858529, 0.90110457321309545, 0.90007226186799383, 0.90027872413701415, 0.89955610619544291, 0.90007226186799383, 0.89924641279191242, 0.90017549300250399, 0.90038195527152431, 0.8990399505228921], "val_loss": [0.34807797242234806, 0.34519910523184338, 0.345811866170742, 0.34472313826022855, 0.34432526692229676, 0.34469252556817775, 0.34426984369687108, 0.34403975474843057, 0.34389711805230216, 0.34395628471030926, 0.34397732100890888, 0.34396170031560441, 0.34400514290898138, 0.34001361432183302, 0.24851972942100264, 0.23454858585876787, 0.22942839659342051, 0.22965077290264732, 0.22588819148457553, 0.22398219423494903, 0.22397413972584077, 0.22296357033631006, 0.22175991301063022, 0.22178719313727746, 0.22147663678930457, 0.22122329376892519, 0.22127929012066835, 0.22147085476650152, 0.221069439118081, 0.22167656997771926, 0.22043198009904255, 0.22108687647629216, 0.22046321714467107, 0.22149604489415178, 0.22086206323113297, 0.21940735939905914, 0.21963991781771092, 0.21985733806563934, 0.21956108409122649, 0.22063409891108357, 0.22004890681248374, 0.2203117906647323, 0.22014196004318209, 0.21989530121885095, 0.2196941518914014, 0.2208065172399519, 0.21985014834381347, 0.22127622429943311, 0.2212357277519208, 0.22111657428903897, 0.22033823590486845, 0.22121963110749807, 0.22064006369192926, 0.22038616699196303, 0.22131984885095554, 0.22252529377143326, 0.22079238532447737, 0.21999191280746283, 0.22013128249283678, 0.22037869170069682, 0.22058114674951043, 0.22113279545899084]}}