{"low_val_loss": 0.13659275135461807, "params": {"verbose": 1, "nb_epoch": 1000, "batch_size": 32, "metrics": ["loss", "acc", "val_loss", "val_acc"], "nb_sample": 94030, "do_validation": true}, "results": {"acc": [0.94335850260555143, 0.94613421249044816, 0.94738913112836332, 0.94786770180744095, 0.94812293948866544, 0.94848452621503776, 0.94850579602254603, 0.94858024034882482, 0.94916516005530149, 0.94919706476656385, 0.9496756354418382, 0.94944166755797976, 0.9497926193767946, 0.94975007976684922, 0.95000531745187711, 0.95023928533953883, 0.95001595235563119, 0.95019674571945123, 0.94971817505051581, 0.9501542061044348, 0.95017547592208518, 0.95018611081569715, 0.95023928533953883, 0.95013293630199758, 0.95062214187468719, 0.950356269275763, 0.95026055514197594, 0.95024992024329291, 0.95007976177942366, 0.95053706263958315, 0.95027119004573013, 0.9501223013982435, 0.95022865043578475, 0.950356269275763, 0.95068595129214084, 0.95040944379453363, 0.95003722216313946, 0.95044134851086715, 0.94997341274061464, 0.950356269275763, 0.95028182495455538, 0.95029245985830946, 0.94998404764943989, 0.9502286504408558, 0.9506115069671297, 0.95019674571945123], "loss": [0.18018109312388575, 0.14466185061320286, 0.14224173476435992, 0.14140135253552083, 0.14075799668822836, 0.14019481526525504, 0.1398852017468136, 0.13968874448748911, 0.13933887538406731, 0.13908100923974756, 0.13867288980821998, 0.13840994624575312, 0.1381784425678563, 0.13784373299842007, 0.13774972424524382, 0.13752277383037442, 0.13747677783935702, 0.13728878648943132, 0.13734740527945161, 0.13729910487579491, 0.13722834642087095, 0.13718898267862861, 0.1370794612759417, 0.13721192350818492, 0.13702536234320142, 0.13709712205944982, 0.13703906151870077, 0.13707150866741147, 0.13702977528048996, 0.13695342507461761, 0.13699954106015536, 0.13703507990624364, 0.13704220595054775, 0.13691170310222645, 0.13697142226511172, 0.13668305114637433, 0.13698677961007086, 0.13688470380972842, 0.13683213698251329, 0.13693682251411537, 0.1368501965159763, 0.1368818171961782, 0.13687098193971145, 0.13683189017448377, 0.13686978681095988, 0.13685069635279076], "val_acc": [0.94448698315467072, 0.94911306789178151, 0.94901735579377233, 0.94930449208779988, 0.94962353241449715, 0.95000638080653399, 0.94981495661051552, 0.94962353241449715, 0.95061255742725881, 0.9508358856559469, 0.95089969372128635, 0.95134635017866254, 0.95134635017866254, 0.95080398162327717, 0.95115492598264417, 0.95262251148545174, 0.95137825421133226, 0.95067636549259826, 0.95125063808065335, 0.95163348647269019, 0.95150587034201128, 0.95182491066870856, 0.95115492598264417, 0.95121873404798363, 0.95137825421133226, 0.95150587034201128, 0.95029351710056154, 0.95042113323124044, 0.95137825421133226, 0.95042113323124044, 0.95102730985196526, 0.95109111791730472, 0.95054874936191935, 0.95026161306789181, 0.95195252679938747, 0.95070826952526799, 0.95236727922409392, 0.95080398162327717, 0.95131444614599281, 0.95198443083205719, 0.95144206227667172, 0.95112302194997445, 0.95077207759060745, 0.95166539050535992, 0.95093159775395608, 0.95166539050535992], "val_loss": [0.14711552002239495, 0.14267589879802686, 0.14140310017710561, 0.14092140177748774, 0.14056079173503389, 0.13991137450791974, 0.14054181189820619, 0.139457057834417, 0.13939213691323982, 0.13816528406798564, 0.13831892509570592, 0.13777945090642446, 0.1376667931246143, 0.13801808533462687, 0.13733787474095546, 0.1382613213178514, 0.13725167354107695, 0.13745588603685741, 0.13706907007944041, 0.13659275135461807, 0.13715436895848113, 0.13720242327507995, 0.13865101694748863, 0.13740075653254408, 0.13735354473151651, 0.13751332279657941, 0.13709176404115464, 0.13782663672550136, 0.13775093546550818, 0.13789265752770483, 0.13719726969821225, 0.13695089022033277, 0.13747834358716146, 0.13842468842152827, 0.13858775942833099, 0.13747105616629277, 0.13691194069482893, 0.1374476144585669, 0.13758614352766868, 0.13718953130233344, 0.13713798139885167, 0.13794482398384564, 0.13700373422672033, 0.13740993358362172, 0.13727306090808755, 0.13736482246980003]}}