{"low_val_loss": 0.13381849460003326, "params": {"verbose": 1, "nb_epoch": 1000, "batch_size": 32, "metrics": ["loss", "acc", "val_loss", "val_acc"], "nb_sample": 94030, "do_validation": true}, "results": {"acc": [0.9435180261618632, 0.94477294480992058, 0.94774008295224932, 0.94860151016140415, 0.94906944592151443, 0.9495161118791875, 0.94938849303413808, 0.94975007977192039, 0.94997341274568581, 0.95045198341462123, 0.95059023715835367, 0.95049452302456661, 0.95062214186961613, 0.95040944379960479, 0.95080293523343618, 0.95078166543099907, 0.95090928427604848, 0.95104753802992315, 0.95101563331866079, 0.95088801446346916, 0.95109007763479736, 0.95122833139374319, 0.95109007763479736, 0.95130277571495092, 0.9516324577262576, 0.95121769647984689, 0.95122833138486873, 0.95144102945868336, 0.95176007657637818, 0.95178134638895751, 0.95174944166755293, 0.95163245772372207, 0.95119642667740978, 0.95129214080739344, 0.95150483888120807, 0.95160055301499524, 0.95149420397745399, 0.95139848984366693, 0.95140912475249217, 0.95151547378496226, 0.95149420397745399, 0.95188769541635643, 0.95161118791874932, 0.95170690205760755, 0.95154737850129578, 0.9517707114750612, 0.95147293417501688, 0.95171753696136163, 0.95146229926619164, 0.9517388067688699, 0.95131341061870511, 0.95124960120125146, 0.95144102945868336, 0.95179198128764053, 0.95139848984366693, 0.95147293418008805, 0.95147293416994572, 0.95141975965624626, 0.95154737849622462, 0.95149420398252516, 0.95158991811631222, 0.95173880677013767, 0.95148356907369991, 0.95176007657257478, 0.95146229926619164, 0.95161118792382049, 0.95178134638388634, 0.95151547379510448, 0.9517919812889083, 0.95145166436750861, 0.95135595023372155, 0.95189833032518167, 0.95153674359247054, 0.95182388599509948, 0.95176007657637818, 0.95174944166755293, 0.95153674359247054, 0.95157928321255814, 0.95148356907369991, 0.95167499734127403, 0.95183452089758591, 0.95165372753376587, 0.95149420397745399, 0.95144102946882558, 0.95173880676379874, 0.95149420397745399, 0.95186642561899049, 0.95140912474742101, 0.9516218228225034, 0.95128150590744265, 0.95163245773132865, 0.95202594916516003, 0.95154737849622462, 0.9515580133999787, 0.95166436243751995], "loss": [0.18933047203632933, 0.1460816545295269, 0.14165707852572162, 0.13981147789262932, 0.13891464082038266, 0.13819309419062015, 0.13782717908514594, 0.13752928106731321, 0.13730973974036673, 0.1369382945824453, 0.13674413660739465, 0.13652916006525215, 0.13647882921594856, 0.13621815732187709, 0.13604276782620983, 0.13607497082962378, 0.1359355113827509, 0.13572845840395784, 0.13555675524083982, 0.13526895644348644, 0.13530807996967631, 0.13500509545433639, 0.13515333894207973, 0.1348891067917545, 0.13476875468456248, 0.13487726021964133, 0.13459677628877251, 0.13453852741980152, 0.13444227998806646, 0.13436575544795798, 0.13428017902149872, 0.13410664884305998, 0.13410117879904523, 0.13388090810946399, 0.13382461968364454, 0.13377885712241538, 0.13378792095441686, 0.13364035977639188, 0.13353309558450346, 0.13361009960382222, 0.13367245223745189, 0.13357961422095307, 0.13350764375540927, 0.13347895466513068, 0.13343794332670808, 0.1334299416583668, 0.13345420668683103, 0.13334371529176464, 0.13343363278129944, 0.13332973988854505, 0.13337213127892358, 0.13332607284811068, 0.13334515918877027, 0.13331895217728923, 0.13343365769193494, 0.13336585869668557, 0.13339654106738294, 0.13340962166153825, 0.13333777557505036, 0.13337225250445769, 0.13327861959048309, 0.13325110535494611, 0.13338239027913626, 0.13328281528554445, 0.13328948734053003, 0.13320249228335232, 0.13327521870336062, 0.13329750458306483, 0.13323650479595622, 0.13338409554136824, 0.13337831064087272, 0.13332509963731493, 0.1332248393269114, 0.13332686669665753, 0.13317713844773618, 0.13323851095958808, 0.13332615863081371, 0.13327490202317932, 0.13312496972533472, 0.13322188777928909, 0.13312051299181718, 0.13321119254120395, 0.13317414819164175, 0.13330113179494407, 0.13321198197645254, 0.13321600615626433, 0.13317033638475448, 0.1332540259825401, 0.13314907353291749, 0.13326604724878024, 0.1332720338144569, 0.13307892959761033, 0.13321175292462323, 0.13317406920233421, 0.13321880022778759], "val_acc": [0.94448698315467072, 0.94777309851965286, 0.94888973966309342, 0.94981495661051552, 0.95026161306789181, 0.95064446145992854, 0.94994257274119454, 0.94984686064318535, 0.95054874936191935, 0.95022970903522208, 0.95105921388463499, 0.95058065339458908, 0.95163348647269019, 0.95188871873404801, 0.95019780500255235, 0.95137825421133226, 0.95096350178662581, 0.95185681470137828, 0.9517611026033691, 0.95042113323124044, 0.95195252679938747, 0.95259060745278201, 0.95214395099540583, 0.95262251148545174, 0.95259060745278201, 0.95156967840735074, 0.95259060745278201, 0.95303726391015819, 0.95322868810617667, 0.95278203164880038, 0.95074017355793772, 0.95303726391015819, 0.95313297600816749, 0.95287774374680956, 0.95160158244002047, 0.9521120469627361, 0.95284583971413983, 0.95342011230219503, 0.95051684532924963, 0.95303726391015819, 0.95275012761613065, 0.95220775906074528, 0.95156967840735074, 0.95208014293006638, 0.95249489535477283, 0.95195252679938747, 0.95185681470137828, 0.95182491066870856, 0.95201633486472692, 0.95262251148545174, 0.95310107197549765, 0.95303726391015819, 0.95217585502807556, 0.9521120469627361, 0.95265441551812147, 0.95192062276671774, 0.95236727922409392, 0.95099540581929554, 0.95278203164880038, 0.95233537519142419, 0.95278203164880038, 0.95239918325676365, 0.95249489535477283, 0.95287774374680956, 0.95204823889739665, 0.95230347115875447, 0.95300535987748847, 0.95144206227667172, 0.95230347115875447, 0.95217585502807556, 0.95233537519142419, 0.95137825421133226, 0.95259060745278201, 0.95329249617151612, 0.9528139356814701, 0.95278203164880038, 0.95287774374680956, 0.95160158244002047, 0.9528139356814701, 0.95284583971413983, 0.95243108728943338, 0.9524629913221031, 0.95262251148545174, 0.9528139356814701, 0.95230347115875447, 0.95265441551812147, 0.95275012761613065, 0.95294155181214901, 0.95089969372128635, 0.95262251148545174, 0.95284583971413983, 0.95243108728943338, 0.95300535987748847, 0.95227156712608474, 0.95255870342011228],