{"low_val_loss": 0.13375464357405278, "params": {"verbose": 1, "nb_epoch": 1000, "batch_size": 32, "metrics": ["loss", "acc", "val_loss", "val_acc"], "nb_sample": 94030, "do_validation": true}, "results": {"acc": [0.94349675635435504, 0.94495373816866957, 0.94696373497819841, 0.94772944804849513, 0.94811230458364348, 0.94836754227881359, 0.94888865255769439, 0.94892055726895674, 0.94904817612414838, 0.94961182601297456, 0.94925023928533447, 0.94952674678801274, 0.94959055620546629, 0.94987769860682758, 0.94969690524300754, 0.94992023822184413, 0.94985642879931942, 0.95029245985830946, 0.94993087312559821, 0.95037753908327127, 0.95023928533446778, 0.95080293523343618, 0.95050515793339185, 0.95063277677844127, 0.95043071360711306, 0.95084547484845261, 0.95065404658594954, 0.95093055408355676, 0.95051579283334264, 0.95095182389613608, 0.95073912581598252, 0.95065404658087849, 0.95107944273611444, 0.95102626821227265, 0.95116452196614742, 0.95130277570987987, 0.95109007763986853, 0.9510475380172454, 0.95093055408355676, 0.95129214081119684, 0.95116452196614742, 0.95089864937356217, 0.95080293523343618, 0.95104753802485209, 0.95112198235113088, 0.95103690311602684, 0.95111134744230563, 0.95124960119618029, 0.95111134744230563, 0.95103690311729461, 0.95105817292353501, 0.95110071253855155, 0.95106880783236025, 0.95114325215356799, 0.95131341061870511, 0.95097309369350203, 0.95117515686990151, 0.95101563331358963, 0.95163245773132865, 0.95096245878974794, 0.9513453153248963, 0.95116452196107626, 0.95123896629242621, 0.95077103052217382, 0.95114325215356799, 0.95137722004122982, 0.95128150590237159, 0.95103690311729461, 0.95079230032968198, 0.95137722003615866, 0.95111134744230563, 0.95120706158116386, 0.95117515686483034, 0.95138785493991285, 0.95139848984366693, 0.95109007763479736, 0.9515580133999787, 0.95182388599890289, 0.95174944166755293, 0.95165372753376587, 0.95164309263001168, 0.95199404446023661, 0.95170690205760755, 0.95156864830373289, 0.95194086994019822, 0.9516324577262576, 0.95169626715005007, 0.95168563225009928, 0.95170690205253639, 0.95168563225517044, 0.9515580133999787, 0.95157928320875473, 0.95180261619139461, 0.95202594917530226, 0.95179198128256937, 0.95185579071016524, 0.95153674359880935, 0.95162182282757457, 0.95208975858768474, 0.95193023503644403, 0.95190896522893587, 0.95145166436750861, 0.95205785387642239, 0.95174944166755293, 0.95214293310772313, 0.95171753695629058, 0.95169626715385347, 0.95170690205380415, 0.95196213974770649, 0.95145166436243755, 0.9516218228225034, 0.95162182282757457, 0.95184515580641116, 0.9516962671487823, 0.95166436243751995, 0.95184515580133999, 0.95148356908384213, 0.95166436243751995, 0.95143039455492928, 0.95152610868871634, 0.95174944166755293, 0.95182388599383172, 0.95156864830880394, 0.95164309263001168, 0.95153674359247054], "loss": [0.19277512500761645, 0.14705092458918692, 0.14316605065553972, 0.14151069311468473, 0.14052431961820822, 0.13978065984953747, 0.13923295507637171, 0.13876269957664564, 0.13843530658682041, 0.13798571949372845, 0.13780576554569274, 0.13756737131191596, 0.13738361534876581, 0.1369779969728698, 0.13692763404577801, 0.13663495007419438, 0.13654397924379263, 0.13637312741104901, 0.13627603998843321, 0.13590800208267881, 0.13580484495226955, 0.13562487048201646, 0.13548352574254305, 0.13533435755700593, 0.13533948149235339, 0.13538522782077766, 0.13512874282076423, 0.13512547511940598, 0.13492895345396022, 0.13517800732031915, 0.13511607201206777, 0.13489019455548443, 0.13504942142096882, 0.13505434482203391, 0.13496238491192381, 0.13494788776775327, 0.1348738129088172, 0.1349333847496442, 0.13490257592362495, 0.13478157687704448, 0.13477104321814695, 0.13488412388243548, 0.13491938186707009, 0.13491278510549837, 0.1347895194671071, 0.13474993320534764, 0.13479665705755292, 0.13469993301487901, 0.13475521949512975, 0.1348492990113897, 0.13477500773309445, 0.13470390174150829, 0.13473517138641286, 0.13473605734887345, 0.13475167686687206, 0.13473988088327407, 0.1346458817563462, 0.13477006090691429, 0.13475249721359145, 0.13468514016744154, 0.1346599288754253, 0.13470398077699072, 0.13456509361986682, 0.13444589168660553, 0.1345829748523707, 0.13470766324065384, 0.13447255120394483, 0.13459374013050915, 0.13463136230448922, 0.13447952728398008, 0.13453064085001498, 0.13450413585480928, 0.13444552645022861, 0.13439020518830364, 0.13439415396432552, 0.13428091799920955, 0.13429975706276126, 0.1341658585875716, 0.13426031710067532, 0.13405492685376286, 0.13407831808347517, 0.1337129486493959, 0.13383176593872811, 0.13379697403557045, 0.13376647425730481, 0.13374259402926114, 0.13362377339156525, 0.13347947672698823, 0.13341527406538686, 0.13338515747769975, 0.13339296989927332, 0.13325995361755519, 0.13316252388612368, 0.13320167875110525, 0.13320161105723605, 0.13318587078999219, 0.13328266823074988, 0.13319273621404878, 0.13319584406269722, 0.13320917774201402, 0.13315116595482809, 0.13319409244633298, 0.1330297487788992, 0.13312296629253917, 0.13308131275951107, 0.13314373061056151, 0.13315200960238055, 0.13316519097940574, 0.13309798136259993, 0.13311499292725237, 0.13314840687005225, 0.133148526555076, 0.13316764959335126, 0.1331667929615199, 0.13311100851149746, 0.1331888912255734, 0.13309869223197926, 0.13313377818680439, 0.13314265327499, 0.13316649101816389, 0.13324665507735706, 0.1331520402782029, 0.13315319510773624, 0.13309991264801563, 0.13313415598258571],