{"low_val_loss": 0.21929975350697836, "params": {"verbose": 1, "nb_epoch": 1000, "batch_size": 32, "metrics": ["loss", "acc", "val_loss", "val_acc"], "nb_sample": 29058, "do_validation": true}, "results": {"acc": [0.83918370156239241, 0.83990639410833501, 0.83990639410833501, 0.83990639410833501, 0.83990639410833501, 0.83990639410833501, 0.83990639410833501, 0.83990639410833501, 0.83990639410833501, 0.83990639410833501, 0.83990639410833501, 0.83990639410833501, 0.83990639410833501, 0.83990639410833501, 0.83990639410833501, 0.83990639410833501, 0.83990639410833501, 0.83990639410833501, 0.83990639410833501, 0.83990639410833501, 0.83990639410833501, 0.83990639410833501, 0.83990639410833501, 0.83990639410833501, 0.83990639410833501, 0.83990639410833501, 0.83990639410833501, 0.83990639410833501, 0.83990639410833501, 0.83990639410833501, 0.87621309105926082, 0.8910110812857045, 0.89452130222313997, 0.89541606442287835, 0.89779062564526124, 0.89782503957602033, 0.89896069929107303, 0.89978663362929312, 0.89930483859866472, 0.90075022369054991, 0.90019960079840322, 0.90019960079840322, 0.89951132218321972, 0.90044049831371742, 0.90109436299814161, 0.90019960079840322, 0.90006194507536652, 0.90095670727510502, 0.90057815403675412, 0.90057815403675412, 0.90157615802877, 0.90016518686764402, 0.90037167045219901, 0.90033725652143992, 0.90116319085966001, 0.90085346548282741, 0.90099112120586411, 0.90150733016725171, 0.90071580975979071, 0.90030284259068072, 0.89992428935232982, 0.90130084658269671, 0.90116319085966001, 0.90040608438295822, 0.90040608438295822, 0.90064698189827241, 0.90019960079840322, 0.90064698189827241, 0.90037167045219901, 0.9020923669901576, 0.90057815403675412, 0.90044049831371742, 0.90130084658269671, 0.90088787941358661, 0.90075022369054991, 0.90119760479041922, 0.90075022369054991, 0.90123201872117831, 0.90023401472916231, 0.90081905155206832, 0.90109436299814161, 0.90033725652143992, 0.89968339183701562, 0.90013077293688482, 0.90075022369054991, 0.90088787941358661, 0.90009635900612572, 0.90092229334434581, 0.90006194507536652, 0.90019960079840322, 0.90054374010599492, 0.90092229334434581], "loss": [0.42247923154719019, 0.35031429640318018, 0.34814539042517045, 0.34753648735420267, 0.34729943296207705, 0.34705464439306305, 0.34696018306097576, 0.34678228921617527, 0.34672104068891713, 0.3465948086943948, 0.34649916153312166, 0.34646040679123752, 0.34639203291617388, 0.346346341236073, 0.34624755389428691, 0.34619051023063413, 0.34614559787131527, 0.3460803212747578, 0.34604596275330091, 0.34598383833597496, 0.34593194245910586, 0.34578852493835666, 0.34578727163675443, 0.34571072321891028, 0.34564658320998692, 0.34547507759626966, 0.34543162731788257, 0.34506365350193818, 0.34442977886406606, 0.31791937863842035, 0.25448871587056138, 0.23973542127764161, 0.23384568135411324, 0.23078489000021232, 0.22886133526935656, 0.22774608117357176, 0.22670551010202578, 0.22600748912048682, 0.22558821393754142, 0.22516471678934033, 0.22504525749868318, 0.22458830671819854, 0.22440823352827025, 0.22433766384021045, 0.22408144231902338, 0.22384682345910512, 0.22367336227079654, 0.22365224724077162, 0.22344625904880244, 0.223591692148393, 0.2235085579351086, 0.22336823827541491, 0.22323373143162925, 0.2230964175889753, 0.22309585545673299, 0.22298892569960627, 0.22311590349838734, 0.22301963192941329, 0.22301194730624829, 0.22302044195271922, 0.22280097521892295, 0.22310285022220361, 0.22321267505652956, 0.22300232954154578, 0.2230068075088136, 0.22299275893180326, 0.22296055210183136, 0.22309764326908135, 0.22289720894270129, 0.22297666225498006, 0.22305880652191765, 0.22276271012105225, 0.22293947679028803, 0.2230333477613545, 0.22281308013116866, 0.22294369608192552, 0.2228799906471278, 0.22278080959383534, 0.22279021465956397, 0.22292874255257034, 0.22290325366635966, 0.22293005346425246, 0.22274045486713911, 0.22275599950120817, 0.22288422627595583, 0.22282413274851789, 0.22300445845995351, 0.22292611379938154, 0.22304045300628758, 0.22290821248707823, 0.22277660792116682, 0.22284743731439019], "val_acc": [0.83606895842861806, 0.83606895842861806, 0.83606895842861806, 0.83606895842861806, 0.83606895842861806, 0.83606895842861806, 0.83606895842861806, 0.83606895842861806, 0.83606895842861806, 0.83606895842861806, 0.83606895842861806, 0.83606895842861806, 0.83606895842861806, 0.83606895842861806, 0.83606895842861806, 0.83606895842861806, 0.83606895842861806, 0.83606895842861806, 0.83606895842861806, 0.83606895842861806, 0.83606895842861806, 0.83606895842861806, 0.83606895842861806, 0.83606895842861806, 0.83606895842861806, 0.83606895842861806, 0.83606895842861806, 0.83606895842861806, 0.83606895842861806, 0.83606895842861806, 0.88923299274442613, 0.89150407770364981, 0.89408485606640398, 0.8954268608150362, 0.89491070514248539, 0.89687209669817858, 0.89800763917779036, 0.89893671938838193, 0.89697532783268874, 0.89645917216013793, 0.89996903073348367, 0.89873025711936161, 0.89893671938838193, 0.89873025711936161, 0.89842056371583112, 0.8990399505228921, 0.89811087031230064, 0.89873025711936161, 0.90017549300250399, 0.8990399505228921, 0.89955610619544291, 0.89934964392642258, 0.89934964392642258, 0.9006916486750548, 0.90089811094407513, 0.89976256846446323, 0.89924641279191242, 0.9006916486750548, 0.90007226186799383, 0.89934964392642258, 0.90038195527152431, 0.89914318165740226, 0.89965933732995307, 0.89965933732995307, 0.89955610619544291, 0.90058841754054464, 0.90079487980956496, 0.90048518640603448, 0.90027872413701415, 0.90017549300250399, 0.90038195527152431, 0.90079487980956496, 0.90038195527152431, 0.90038195527152431, 0.90038195527152431, 0.89986579959897339, 0.89873025711936161, 0.90038195527152431, 0.89996903073348367, 0.89883348825387177, 0.89945287506093274, 0.89934964392642258, 0.89996903073348367, 0.90058841754054464, 0.8990399505228921, 0.9006916486750548, 0.90007226186799383, 0.89914318165740226, 0.89955610619544291, 0.90027872413701415, 0.8990399505228921, 0.89955610619544291], "val_loss": [0.35080371787701398, 0.34611417503441599, 0.34581824385235033, 0.34547637847415724, 0.34520858771736757, 0.34532210260054341, 0.34578492178862291, 0.34497336177704341, 0.3450950625401305, 0.34518739747548233, 0.34494616216927526, 0.34448992476271834, 0.34506425186122575, 0.34474572617165677, 0.34464118266432997, 0.34478206753952284, 0.34451242915565317, 0.34456197008501332, 0.34454109371969843, 0.34424372140598503, 0.34403840458354951, 0.34429843389201586, 0.34416208680574156, 0.34391803260655351, 0.34355905089656968, 0.34401732211857744, 0.34326047970929408, 0.34271953037196889, 0.34129717171382912, 0.27149478949801009, 0.24242751038060956, 0.23411210358936596, 0.22976491303159391, 0.22721615456766889, 0.22567090680998669, 0.22451533458544717, 0.22395861861665661, 0.22494872511386921, 0.22297011749151507, 0.22324750392543061, 0.22212168652784645, 0.22165930680634499, 0.2209974218721765, 0.22113685228512778, 0.22151838702487051, 0.22161479066483214, 0.22114717781303764, 0.22066079428829224, 0.22079150340708956, 0.22028028320156162, 0.22059600251961681, 0.22037436445394118, 0.2199996010405835, 0.21992828023129724, 0.21996725445452325, 0.22077743275758466, 0.22032683192176125, 0.22189930846807548, 0.22057194297892324, 0.22007106174573055, 0.21977291817732539, 0.2203889114975843, 0.21994808024268309, 0.2200532490234694, 0.22016161144905763, 0.21929975350697836, 0.22016542487264085, 0.22083800277363422, 0.22035104242766176, 0.2198618815892053, 0.22033309077864599, 0.21947508948536201, 0.22027591528926482, 0.2200350464036421, 0.2218448359235049, 0.22018555082058505, 0.22092236272811497, 0.22037907893399009, 0.22134341664256185, 0.22016618376892147, 0.22003683779795152, 0.22069516067622036, 0.21967648831304287, 0.21977115577313508, 0.22002788292459627, 0.22073137334986245, 0.22028200057461816, 0.21991381110994393, 0.22039202778925404, 0.21993141690188547, 0.22005070599656093, 0.21978301254110807]}}