{"low_val_loss": 0.13359513271537254, "params": {"verbose": 1, "nb_epoch": 1000, "batch_size": 32, "metrics": ["loss", "acc", "val_loss", "val_acc"], "nb_sample": 94030, "do_validation": true}, "results": {"acc": [0.94361374029565037, 0.94590024460785749, 0.94750611506965865, 0.94784643199486163, 0.94839944698500478, 0.94897373178772737, 0.94936722323170086, 0.94949484207294699, 0.94995214293310648, 0.94996277783686056, 0.9501542061044348, 0.95024992023822186, 0.95022865043705251, 0.9505051579283208, 0.95019674571945123, 0.95069658619589492, 0.95057960225459959, 0.95045198341462123, 0.95074976071466555, 0.95102626821227265, 0.95061150696586194, 0.95097309370364436, 0.95120706158116386, 0.95107944273104328, 0.95076039562856185, 0.95121769648491794, 0.95098372860232727, 0.95148356907369991, 0.95119642668248083, 0.95133468042621327, 0.95174944166755293, 0.95116452196741519, 0.95148356907496767, 0.95143039455492928, 0.95150483888247595, 0.95124960119618029, 0.95137722004122982, 0.95131341061870511, 0.95171753696136163, 0.9517707114750612, 0.95147293416994572, 0.95133468042114222, 0.95161118792382049, 0.9516324577262576, 0.95167499734127403, 0.95166436243751995, 0.95186642561391932, 0.95135595023372155, 0.95154737850129578, 0.95137722003615866, 0.95191960012508325, 0.95193023503137297, 0.95167499734127403, 0.95167499734127403, 0.95154737849622462, 0.95168563225009928, 0.95173880676379874, 0.95137722004122982, 0.95176007657130701, 0.95176007657130701, 0.95123896628735505, 0.95132404551738803, 0.95160055301626301, 0.9516324577262576, 0.9515580133999787, 0.95162182282757457, 0.95138785493991285, 0.95165372753883692, 0.95194086993512705, 0.95195150483888125, 0.9517388067688699, 0.95148356907369991, 0.95184515580641116, 0.95168563225517044, 0.95189833032518167, 0.95170690205253639, 0.95171753695629058, 0.95162182282757457, 0.95170690205253639, 0.95161118792382049, 0.95124960119110924, 0.95178134637881529, 0.95180261618759132, 0.95172817186004466, 0.95170690205253639, 0.9514622992674594, 0.95179198128764053, 0.95186642560884827, 0.95171753696136163, 0.95158991811757998, 0.95163245772752536, 0.95168563225009928, 0.9517388067688699, 0.95157928320748697, 0.95157928320748697, 0.95171753695629058, 0.95158991811631222, 0.95154737850129578, 0.95176007657130701, 0.95168563224502822, 0.95184515580133999, 0.95156864831387511, 0.95194086994019822, 0.95156864830880394, 0.95150483888627924, 0.95157928320748697, 0.95179198128256937, 0.95155801341012092, 0.95178134638388634, 0.95176007657384254, 0.95156864830373289, 0.95165372753883692, 0.95179198128256937, 0.95157928320748697, 0.95179198129271159, 0.95148356907369991, 0.95154737850129578, 0.95182388599383172, 0.95163245773132865, 0.95197277465146057, 0.95194086994019822, 0.95149420398252516, 0.95201531426140595, 0.95164309263508284, 0.95155801340504986], "loss": [0.17664911252505205, 0.14407971607875561, 0.14162437949705195, 0.14006323050919536, 0.1392250339371352, 0.1381870633925984, 0.1375627963844416, 0.13715929427160098, 0.13671516244176202, 0.13649852931638937, 0.13647970521814054, 0.13630160834150187, 0.13592599849649964, 0.13579481458690565, 0.13574383744101734, 0.13565929301457874, 0.13557936134765494, 0.13558614085636708, 0.13538404952821473, 0.13529302868407722, 0.13537128067255577, 0.13532205973009498, 0.13518901516687459, 0.13520235638579389, 0.13517552083551307, 0.13507865759954418, 0.13516302640487143, 0.13490837543694109, 0.13488252465282871, 0.13484637363818078, 0.13449746295136239, 0.13441482476353658, 0.13442082971692604, 0.13436824899809824, 0.13411823249137061, 0.13387026484327899, 0.13392561757569615, 0.13360867493934583, 0.13355204392801787, 0.13349183114733035, 0.13359964317629772, 0.13358110282952437, 0.13347445289929927, 0.13342764533372378, 0.13355222997514823, 0.13348102825402097, 0.1336435180214077, 0.13335024647705482, 0.13350477167805827, 0.13342428660375014, 0.13330171487549575, 0.13347716479019753, 0.13335729994895604, 0.13335365674376334, 0.1333919868320084, 0.13341011508790582, 0.13338479361885419, 0.1333888599693642, 0.13332598838516591, 0.13342089579103603, 0.13335538095953386, 0.13344358999809439, 0.13337696632397095, 0.13337089704155705, 0.13330897251885901, 0.13329797532077825, 0.13336214730980597, 0.13334716906683705, 0.13336107538210565, 0.13323398297974498, 0.1333231807381032, 0.13331058002579699, 0.13330511906280626, 0.13326236062464175, 0.13332782698592949, 0.13330448422262825, 0.13336477723797877, 0.13338292206707983, 0.13332886909023062, 0.13336653740139423, 0.13326789974741615, 0.13330007266757571, 0.13332610081088525, 0.13334158595180329, 0.13326296149895164, 0.13335184887325741, 0.13336897353079805, 0.1332895981158384, 0.13327344214407216, 0.13328933288166653, 0.1333127030359739, 0.13333863024713258, 0.13322956462109531, 0.13335360511416364, 0.13338549580495546, 0.13320430197161612, 0.13326998947244317, 0.13330131899444622, 0.13331801763724915, 0.13313998872550717, 0.13325061308487254, 0.13326777150599128, 0.13319062589410516, 0.13331605099584529, 0.13312668969570848, 0.13327011442031603, 0.13317108098094632, 0.13314427396192027, 0.1331735167812822, 0.13315432896027599, 0.13321542721366508, 0.1331553677714411, 0.1332493005399468, 0.13328356853868814, 0.1332355401030528, 0.13329842668658595, 0.13320153371857721, 0.13322195905526876, 0.13325021114011376, 0.13310419687131458, 0.13327055816401653, 0.13314432986766039, 0.13313483262485512, 0.13319813429795846, 0.13313165190654919],