{"low_val_loss": 0.13692962103097825, "params": {"verbose": 1, "nb_epoch": 1000, "batch_size": 32, "metrics": ["loss", "acc", "val_loss", "val_acc"], "nb_sample": 94030, "do_validation": true}, "results": {"acc": [0.94352866107575961, 0.94581516537402111, 0.94727214718833574, 0.94781452728359927, 0.94837817717876427, 0.94826119323620117, 0.94873976391020776, 0.94879293842390722, 0.94909071573409376, 0.94920769967031793, 0.9496969052480787, 0.9496969052480787, 0.94976071466553225, 0.94998404765451105, 0.94995214293817754, 0.95010103158566417, 0.94996277783686056, 0.94997341274061464, 0.95005849197571879, 0.9501435712006806, 0.9502180155269595, 0.9504307136020419, 0.95010103158566417, 0.95040944379960479, 0.95033499946825484, 0.95034563437200892, 0.95038817398829323, 0.95050515793339185, 0.95028182494948421, 0.95033499946825484, 0.95022865043071358, 0.95040944379960479, 0.95040944379960479, 0.95027119005080118, 0.95035626928083416, 0.95024992023822186, 0.95034563437708008, 0.95010103159073522, 0.95004785706689354, 0.95029245985323829, 0.95027119004573013, 0.95005849197064762, 0.95023928533446778, 0.95006912687947287, 0.95005849197064762, 0.94955865149420393, 0.9501435712006806, 0.95030309476206354, 0.95031372966074656, 0.95067531638838665, 0.9501861108207682, 0.95037753908834244, 0.95020738062320531, 0.95039880889077955, 0.95038817399209652, 0.95012230139317244, 0.95037753908327127, 0.9504732532221295, 0.95023928533953883], "loss": [0.1804347715833701, 0.1445936680971581, 0.14245286190001416, 0.14136166828979169, 0.14076078570226297, 0.14027144457266569, 0.1399352842282833, 0.13951376269079327, 0.1393132032662722, 0.13901273038277509, 0.13847090998355674, 0.13835157766648204, 0.13801102187739248, 0.13781938375620897, 0.13753664785340203, 0.13743634234920127, 0.13728865806790258, 0.13709240739020745, 0.13710928648364781, 0.13712875596750268, 0.1370017097836021, 0.13687837233937866, 0.13698442737069438, 0.13693683587650943, 0.13682700682506338, 0.13703202259571617, 0.13687778312380511, 0.13670321001494856, 0.13689756610080256, 0.13676687695238929, 0.13665378296374006, 0.13673774871555627, 0.13666975346034249, 0.13656218857330604, 0.13663765153523064, 0.13653762326005811, 0.13656631906203967, 0.13661194541226623, 0.13653080847831808, 0.1364904615256706, 0.13652758301920831, 0.1365028060325727, 0.13641204040782395, 0.13628338227516207, 0.13639274161318116, 0.13653131127488222, 0.13638983469978996, 0.13627888999644028, 0.13634106022990486, 0.13639805159552035, 0.13628141153344295, 0.13634022812881103, 0.13642499729266741, 0.13623408512062282, 0.13631260031641107, 0.13630574877152707, 0.13638058899153321, 0.13637042651718556, 0.13632981092622024], "val_acc": [0.94448698315467072, 0.94809213884635013, 0.94869831546707506, 0.94927258805513015, 0.94975114854517606, 0.95016590096988263, 0.94987876467585508, 0.95029351710056154, 0.95070826952526799, 0.95144206227667172, 0.95064446145992854, 0.95099540581929554, 0.95172919857069938, 0.95109111791730472, 0.9521120469627361, 0.95105921388463499, 0.95112302194997445, 0.95150587034201128, 0.95160158244002047, 0.95163348647269019, 0.95077207759060745, 0.95077207759060745, 0.95153777437468101, 0.95163348647269019, 0.95080398162327717, 0.95268631955079119, 0.95096350178662581, 0.95160158244002047, 0.95086778968861663, 0.95054874936191935, 0.95147396630934145, 0.95188871873404801, 0.95166539050535992, 0.95156967840735074, 0.95179300663603883, 0.95166539050535992, 0.95074017355793772, 0.95131444614599281, 0.95105921388463499, 0.95131444614599281, 0.95182491066870856, 0.94962353241449715, 0.95099540581929554, 0.95109111791730472, 0.95026161306789181, 0.95160158244002047, 0.95105921388463499, 0.95042113323124044, 0.95121873404798363, 0.94994257274119454, 0.95166539050535992, 0.95077207759060745, 0.95115492598264417, 0.95038922919857072, 0.95038922919857072, 0.95115492598264417, 0.95010209290454317, 0.9517611026033691, 0.95185681470137828], "val_loss": [0.14654845004828077, 0.14323859330934186, 0.1419270952603475, 0.14098741026379399, 0.14094814098991107, 0.13997549387745678, 0.13992500947926226, 0.13951993801152299, 0.13945608436795082, 0.13930331681336353, 0.13843947477665344, 0.1378472572902808, 0.13838519194582216, 0.13788642162089143, 0.13738460491937662, 0.13748454188071324, 0.13726626252902899, 0.13733518429408578, 0.13771415673169693, 0.13828249716767096, 0.13751561544082522, 0.13894664793788261, 0.13742777455128413, 0.13702075034398975, 0.13817020811924008, 0.13868301439956174, 0.13772779388515818, 0.13723915684141025, 0.1370472302598543, 0.13796179773948702, 0.13742640447926924, 0.13776283741621048, 0.13692962103097825, 0.13717999290285091, 0.13781521800047833, 0.13718826278679039, 0.1374694746769223, 0.13693085474006342, 0.13721305793108474, 0.13736880205917748, 0.1388893654915129, 0.1374973103113096, 0.13710367327224179, 0.13774804132189478, 0.13727708920482745, 0.13804519785860017, 0.13736770808365864, 0.13822897638404869, 0.1375065726238042, 0.13759010129395707, 0.13726814686035002, 0.13724962168008531, 0.13786347529690687, 0.13776012318947597, 0.13715974101535272, 0.13722202794520816, 0.13760261700762938, 0.13800870681646499, 0.13843380565688038]}}