{"low_val_loss": 0.13000372178936229, "params": {"verbose": 1, "nb_epoch": 1000, "batch_size": 32, "metrics": ["loss", "acc", "val_loss", "val_acc"], "nb_sample": 94030, "do_validation": true}, "results": {"acc": [0.9435924704881421, 0.94545357865018442, 0.94771881314981221, 0.94791024141738633, 0.94868658939143713, 0.94896309688397318, 0.94948420716792514, 0.94947357226924212, 0.95011166648941825, 0.95004785706942907, 0.95024992023822186, 0.9507497607197366, 0.95102626821227265, 0.95060087206717891, 0.95062214186961613, 0.95143039456000045, 0.95102626821227265, 0.95111134744230563, 0.95134531532996747, 0.95123896628735505, 0.95110071253855155, 0.95141975965244296, 0.95123896629242621, 0.95126023609993449, 0.95170690205253639, 0.95181325109007764, 0.951249601192377, 0.95164309263001168, 0.95132404551738803, 0.95179198128764053, 0.9519834095501436, 0.95186642561899049, 0.95174944166755293, 0.95195150483888125, 0.95194086993512705, 0.95194086993512705, 0.95187706051767351, 0.9519515048439523, 0.95177071147632897, 0.952196107625226, 0.9522386472453136, 0.95233436137910066, 0.95220674253405124, 0.95183452089758591, 0.95211102839519302, 0.95217483781771772, 0.95186642561391932, 0.95195150483888125, 0.95195150483888125, 0.95238753589787128, 0.95214293310645537, 0.95229182175901306, 0.95185579070509407, 0.95224928214399662, 0.95200467935765176, 0.95214293311152653, 0.95215356801528062, 0.95214293311152653, 0.95218547272147191, 0.95229182175901306, 0.95219610763536822, 0.95204721897773936, 0.95251515473784965, 0.95231309156652133, 0.95212166330401826, 0.95253642455042897, 0.95183452089758591, 0.95217483781771772, 0.95210039349143893, 0.9522599170477507, 0.95202594916516003, 0.95188769541635643, 0.95222801234155952, 0.95219610763029716, 0.95204721897266831, 0.95229182176408422, 0.95191960012761889, 0.95223864724024243, 0.95194086994019822, 0.9520259491702312, 0.9519515048439523, 0.95213229820777234, 0.9522067425391223, 0.95184515580387552, 0.95186642561391932, 0.95187706051260235, 0.95207912368900183, 0.95207912368900183, 0.95218547272147191, 0.95171753695629058, 0.95203658407398528, 0.95232372647027541, 0.95210039350158115, 0.95237690098904604, 0.95179198128256937, 0.95204721897266831, 0.95190896522513246], "loss": [0.18008689782292517, 0.14439010136855557, 0.14175311856341846, 0.13997637153838172, 0.13899976493360691, 0.13814692013508448, 0.13728513376872287, 0.13682905956048935, 0.13651111240093725, 0.13621986900049868, 0.13593644272424316, 0.13581912760612597, 0.13531738774488261, 0.13523861911529356, 0.13493966145787001, 0.13463985252941998, 0.13478358173720109, 0.13446166956830718, 0.13431598491127614, 0.13420307411911589, 0.1341911274886291, 0.1337564317879367, 0.13369551235458313, 0.13347383769733986, 0.13319206751608081, 0.13292884802667432, 0.13274832648773544, 0.13238255206101721, 0.13225258163914463, 0.1320478361825366, 0.13184130325185248, 0.13171870032105309, 0.13167827314705427, 0.13140163689370005, 0.13133400685441035, 0.13110205864292707, 0.13103777104510306, 0.13099785829894939, 0.13086424289558665, 0.13085902906783139, 0.13075857323198309, 0.1308551996359987, 0.13063106246575465, 0.1306638307310819, 0.13060273145142545, 0.13058036705212595, 0.13051084592806891, 0.13050763178341415, 0.1305328721250088, 0.13024270616144523, 0.13043525797134384, 0.13039504460064158, 0.13045699275197292, 0.13028210430218543, 0.13049844302079353, 0.13030972471804386, 0.13037987837737688, 0.13041038607030958, 0.13045797959821068, 0.13047001359525304, 0.13033114856676156, 0.13039828661203665, 0.13013408697298107, 0.13051667479943002, 0.13024829005632174, 0.13034933351220368, 0.13025184850598998, 0.1303250028870942, 0.13031584201466781, 0.13015709927595387, 0.13030257898829636, 0.13026098082636209, 0.13022428281818388, 0.13020725964606095, 0.13014175500909916, 0.1301914941230683, 0.13029756346503737, 0.13031552134413127, 0.13019748989710159, 0.13027533492366392, 0.13021285961289286, 0.1300856640452871, 0.13011572667002666, 0.13029769849748063, 0.13017044496050695, 0.13016684778025972, 0.13013412971281313, 0.130116868243184, 0.13006634330316566, 0.1302357018217373, 0.13003452104145602, 0.1300439323072711, 0.12999123186427686, 0.12999523411630018, 0.13016607906829039, 0.13002046887720947, 0.12993323446892177], "val_acc": [0.94448698315467072, 0.94853879530372642, 0.94895354772843288, 0.94987876467585508, 0.95070826952526799, 0.95054874936191935, 0.9517611026033691, 0.95061255742725881, 0.95166539050535992, 0.95214395099540583, 0.95249489535477283, 0.95208014293006638, 0.9517611026033691, 0.95255870342011228, 0.95223966309341501, 0.9524629913221031, 0.9528139356814701, 0.95364344053088312, 0.95077207759060745, 0.95217585502807556, 0.95364344053088312, 0.95153777437468101, 0.95332440020418585, 0.95236727922409392, 0.9517611026033691, 0.95338820826952531, 0.9528139356814701, 0.95310107197549765, 0.95310107197549765, 0.95335630423685558, 0.95275012761613065, 0.95329249617151612, 0.95351582440020421, 0.9511868300153139, 0.95306916794282792, 0.95169729453802965, 0.95284583971413983, 0.95383486472690149, 0.95364344053088312, 0.95265441551812147, 0.95348392036753449, 0.95303726391015819, 0.95335630423685558, 0.95342011230219503, 0.95195252679938747, 0.95453675344563549, 0.95227156712608474, 0.95335630423685558, 0.9532605921388464, 0.95354772843287394, 0.95249489535477283, 0.95367534456355285, 0.95367534456355285, 0.95198443083205719, 0.95322868810617667, 0.95316488004083721, 0.95456865747830522, 0.95393057682491067, 0.95364344053088312, 0.95405819295558958, 0.95338820826952531, 0.95306916794282792, 0.95134635017866254, 0.95322868810617667, 0.95297345584481874, 0.95322868810617667, 0.95357963246554367, 0.95294155181214901, 0.95287774374680956, 0.95332440020418585, 0.95380296069423176, 0.9539624808575804, 0.95386676875957122, 0.95412200102092903, 0.95284583971413983, 0.95348392036753449, 0.95303726391015819, 0.95351582440020421, 0.95370724859622258, 0.9536115364982134, 0.9532605921388464, 0.95383486472690149, 0.95220775906074528, 0.95338820826952531, 0.95275012761613065, 0.95249489535477283, 0.95294155181214901, 0.9528139356814701, 0.95342011230219503, 0.95255870342011228, 0.95278203164880038, 0.95373915262889231, 0.95259060745278201, 0.95367534456355285, 0.95386676875957122, 0.95338820826952531, 0.95204823889739665],