{"low_val_loss": 0.21952361292707129, "params": {"verbose": 1, "nb_epoch": 1000, "batch_size": 32, "metrics": ["loss", "acc", "val_loss", "val_acc"], "nb_sample": 29058, "do_validation": true}, "results": {"acc": [0.83911487370087412, 0.83990639410833501, 0.83990639410833501, 0.83990639410833501, 0.83990639410833501, 0.83990639410833501, 0.83990639410833501, 0.83990639410833501, 0.83990639410833501, 0.83990639410833501, 0.83990639410833501, 0.83990639410833501, 0.83990639410833501, 0.83990639410833501, 0.83990639410833501, 0.83990639410833501, 0.83990639410833501, 0.83990639410833501, 0.83990639410833501, 0.83990639410833501, 0.83990639410833501, 0.83990639410833501, 0.83990639410833501, 0.83990639410833501, 0.83990639410833501, 0.83990639410833501, 0.83990639410833501, 0.83990639410833501, 0.85632183908045978, 0.88849886434028491, 0.89445247436162156, 0.89576020373047005, 0.89754972812994704, 0.89765296992222454, 0.89851331819120384, 0.89875421570651803, 0.89995870328308902, 0.89995870328308902, 0.89988987542157062, 0.90016518686764402, 0.90050932617523571, 0.90002753114460732, 0.90019960079840322, 0.90109436299814161, 0.90126643265193751, 0.90088787941358661, 0.90143850230573341, 0.90019960079840322, 0.90023401472916231, 0.90078463762130911, 0.90030284259068072, 0.90044049831371742, 0.90068139582903162, 0.90161057195952921, 0.90044049831371742, 0.90037167045219901, 0.90095670727510502, 0.90085346548282741, 0.90095670727510502, 0.90123201872117831, 0.90047491224447651, 0.90047491224447651, 0.90023401472916231, 0.90095670727510502, 0.9013352605134558, 0.90033725652143992, 0.90092229334434581, 0.90044049831371742, 0.90109436299814161, 0.90061256796751321, 0.90064698189827241, 0.90102553513662331, 0.90123201872117831, 0.90140408837497421, 0.90109436299814161, 0.90044049831371742, 0.90099112120586411, 0.90023401472916231, 0.90109436299814161, 0.90044049831371742, 0.90085346548282741, 0.90075022369054991, 0.90009635900612572], "loss": [0.4121428537482823, 0.34975409409292418, 0.34774640615434899, 0.34732724677791071, 0.3470143995939623, 0.34693386022382777, 0.34673855014894583, 0.34662524941569967, 0.34656389911358237, 0.34651487251817131, 0.34647193711879981, 0.34643418928065361, 0.34632982599677004, 0.34628468058283884, 0.3461942548506996, 0.34606798208459738, 0.34613524177248539, 0.34595964250138578, 0.34602030906389092, 0.34597588187280137, 0.34583389358253358, 0.34576635020541768, 0.34567919565712529, 0.34558176047886152, 0.34554154477909416, 0.34537035633785956, 0.3449639468981055, 0.34287428546570492, 0.28052597589796208, 0.24375955920404413, 0.2350383722426862, 0.23143423123392895, 0.22941491232824815, 0.22806479420285483, 0.22704307581021457, 0.22628916582694295, 0.22582831235573139, 0.22547644794678476, 0.2251295130967815, 0.22478371525887278, 0.22463512371424774, 0.22446541258837088, 0.22415485373657856, 0.22400613393747631, 0.22379327570187885, 0.22379623906595494, 0.223610655104058, 0.22368166589287308, 0.22358836759551279, 0.22337981246853328, 0.22338577564371143, 0.22332935828952225, 0.22330480871004299, 0.22311860133418607, 0.22332539353250613, 0.22321365692346551, 0.22326885889034895, 0.22315797963976999, 0.2230228628164278, 0.22305821033803749, 0.22309808622307498, 0.22304292642755971, 0.22302807280250211, 0.22296938662790236, 0.2231826881567637, 0.22303333764263633, 0.22305807305125691, 0.2230974601135422, 0.22302025329913019, 0.22316652558212172, 0.22288781343150638, 0.22293854933870513, 0.22303116972175455, 0.22282956060083908, 0.22278718297460545, 0.22301916498045027, 0.22293914852885535, 0.22306386779275073, 0.22287575656468689, 0.22304999688919075, 0.2229243113536537, 0.22282526236094399, 0.22294860289615628], "val_acc": [0.83606895842861806, 0.83606895842861806, 0.83606895842861806, 0.83606895842861806, 0.83606895842861806, 0.83606895842861806, 0.83606895842861806, 0.83606895842861806, 0.83606895842861806, 0.83606895842861806, 0.83606895842861806, 0.83606895842861806, 0.83606895842861806, 0.83606895842861806, 0.83606895842861806, 0.83606895842861806, 0.83606895842861806, 0.83606895842861806, 0.83606895842861806, 0.83606895842861806, 0.83606895842861806, 0.83606895842861806, 0.83606895842861806, 0.83606895842861806, 0.83606895842861806, 0.83606895842861806, 0.83606895842861806, 0.83606895842861806, 0.88613605873373325, 0.89129761543462949, 0.89522039854601587, 0.89449778060444474, 0.89532362970513824, 0.89676886556366842, 0.89800763917779036, 0.89831733258132096, 0.89811087031230064, 0.8982141014468108, 0.90048518640603448, 0.89687209669817858, 0.89924641279191242, 0.89852379485034128, 0.89934964392642258, 0.89965933732995307, 0.89976256846446323, 0.89924641279191242, 0.90058841754054464, 0.89749148350523955, 0.89986579959897339, 0.89862702598485145, 0.90110457321309545, 0.89800763917779036, 0.89976256846446323, 0.90038195527152431, 0.89862702598485145, 0.89914318165740226, 0.90017549300250399, 0.90131103548211577, 0.90038195527152431, 0.89924641279191242, 0.89873025711936161, 0.8990399505228921, 0.8982141014468108, 0.89976256846446323, 0.90048518640603448, 0.89976256846446323, 0.90110457321309545, 0.89986579959897339, 0.90110457321309545, 0.90027872413701415, 0.89965933732995307, 0.89955610619544291, 0.90017549300250399, 0.90027872413701415, 0.90017549300250399, 0.90058841754054464, 0.89986579959897339, 0.89914318165740226, 0.90017549300250399, 0.89996903073348367, 0.90048518640603448, 0.90017549300250399, 0.90017549300250399], "val_loss": [0.35025572915853481, 0.34606234072605202, 0.34556160428039895, 0.34536091645361777, 0.34589431199592324, 0.3452521736769284, 0.34492993979640107, 0.34520827284707883, 0.34542294848786059, 0.34470810560209408, 0.34460311903480506, 0.34466601022936139, 0.34442923722023983, 0.3442484971827689, 0.34445459164061437, 0.34513808062808288, 0.34455721301659348, 0.3451302900173549, 0.34427509369884124, 0.34410972299929732, 0.34455213412493269, 0.34463856000458232, 0.34430039212026131, 0.34383622773589273, 0.34371900791672466, 0.34331350980238662, 0.34286436332112635, 0.33477914960955124, 0.24932789101718295, 0.23650579186948789, 0.23050473491215442, 0.22791135707075805, 0.22694832192395659, 0.22496071071143342, 0.22392272803698998, 0.22438712492377516, 0.22337589198878224, 0.22335986649521219, 0.22237996451069822, 0.22212172410147743, 0.22185270949587482, 0.22133222114034415, 0.22163331777524983, 0.22107060027341546, 0.22059627743504223, 0.22064074506894518, 0.22094368045207233, 0.22095503494615734, 0.21999220696041505, 0.22010347380337361, 0.22199725868766665, 0.22132357591641039, 0.22060407482951347, 0.22088343816004363, 0.22012605809372893, 0.22059543250059213, 0.21952361292707129, 0.21980883773480503, 0.221105969246295, 0.22116989995643943, 0.22102111051593806, 0.2196318911973249, 0.22024535692253755, 0.22042212684580056, 0.22085924845762245, 0.22041872475702745, 0.2201289807641372, 0.22004001326047562, 0.22002908479469632, 0.22007337278707903, 0.22186049667319807, 0.21969589438738193, 0.21956854352914623, 0.22002965779179967, 0.22200876580828346, 0.22010171812754906, 0.21961088135686221, 0.2205065702018667, 0.22036137684673621, 0.22006512273080309, 0.22064661225310739, 0.22063936810135606, 0.22054936888418022]}}