{"low_val_loss": 0.21929978211560805, "params": {"verbose": 1, "nb_epoch": 1000, "batch_size": 32, "metrics": ["loss", "acc", "val_loss", "val_acc"], "nb_sample": 29058, "do_validation": true}, "results": {"acc": [0.83956225480074331, 0.86692132975428449, 0.89297267533897717, 0.89651731020717185, 0.89861655998348133, 0.89999311721384812, 0.89999311721384812, 0.90037167045219901, 0.90026842865992152, 0.90054374010599492, 0.90071580975979071, 0.90081905155206832, 0.90112877692890081, 0.90112877692890081, 0.90092229334434581, 0.9013352605134558, 0.90116319085966001, 0.90013077293688482, 0.90116319085966001, 0.90095670727510502, 0.90078463762130911, 0.90085346548282741, 0.90109436299814161, 0.90016518686764402, 0.90161057195952921, 0.90037167045219901, 0.90085346548282741, 0.90044049831371742, 0.90099112120586411, 0.90092229334434581, 0.90061256796751321, 0.90123201872117831, 0.90123201872117831, 0.90112877692890081, 0.90081905155206832, 0.90109436299814161, 0.90016518686764402, 0.90071580975979071, 0.90071580975979071, 0.90013077293688482, 0.90123201872117831, 0.89933925252942393, 0.90130084658269671, 0.90099112120586411, 0.90105994906738252, 0.90016518686764402, 0.90037167045219901, 0.90050932617523571, 0.90006194507536652, 0.90013077293688482, 0.90061256796751321, 0.90112877692890081, 0.90123201872117831, 0.90050932617523571, 0.90071580975979071, 0.90068139582903162, 0.90167939982104761, 0.90050932617523571, 0.90102553513662331, 0.90019960079840322, 0.90099112120586411, 0.90068139582903162, 0.90061256796751321, 0.89964897790625642, 0.90026842865992152, 0.90016518686764402, 0.90061256796751321, 0.90102553513662331, 0.90092229334434581, 0.90126643265193751, 0.90105994906738252, 0.90064698189827241, 0.90068139582903162, 0.90095670727510502, 0.90040608438295822, 0.90002753114460732, 0.90068139582903162, 0.90057815403675412, 0.90006194507536652, 0.90116319085966001, 0.90040608438295822, 0.90030284259068072, 0.90064698189827241, 0.90092229334434581, 0.90054374010599492, 0.90085346548282741, 0.90064698189827241, 0.90092229334434581, 0.90102553513662331, 0.90040608438295822, 0.90047491224447651, 0.90136967444421501, 0.90061256796751321, 0.90023401472916231, 0.90085346548282741, 0.89995870328308902, 0.90009635900612572, 0.90064698189827241, 0.90068139582903162, 0.90085346548282741, 0.90013077293688482, 0.90071580975979071, 0.90085346548282741, 0.90016518686764402, 0.90109436299814161, 0.90009635900612572, 0.90068139582903162, 0.90123201872117831, 0.90044049831371742, 0.89999311721384812, 0.90116319085966001, 0.90040608438295822, 0.90026842865992152, 0.90023401472916231, 0.89961456397549733, 0.90030284259068072, 0.90075022369054991, 0.90047491224447651, 0.90126643265193751, 0.90112877692890081, 0.90109436299814161, 0.90071580975979071, 0.90068139582903162, 0.90075022369054991, 0.90061256796751321, 0.89978663362929312, 0.90116319085966001, 0.90054374010599492, 0.90136967444421501, 0.90078463762130911, 0.90071580975979071, 0.90030284259068072, 0.90071580975979071], "loss": [0.39217218984977631, 0.26059758704221325, 0.24006610809197748, 0.23305043502816461, 0.2295402375501352, 0.22750946328400851, 0.22653083541911995, 0.22569384869610881, 0.22514954915045407, 0.22473104969790078, 0.22428923836259315, 0.2242928343177687, 0.22401252385261949, 0.22381912231042694, 0.22380933828712929, 0.2235739876959934, 0.22359677420844332, 0.22349257971451708, 0.22354403494664501, 0.22343079447566513, 0.22341111729564497, 0.22327188904863141, 0.22325820193516183, 0.22336940519721693, 0.22309339446410453, 0.22333816640087739, 0.22322317776959616, 0.22308685777274156, 0.22324043081073228, 0.22320915341287004, 0.22324205161174812, 0.22311894214068573, 0.22305090358604271, 0.2228998280361667, 0.22308717619685917, 0.22308394551689875, 0.22303610161958101, 0.22293923343773128, 0.22306873432595006, 0.22316148338439551, 0.22285060386381081, 0.2230137272900288, 0.22291469094807254, 0.22301561654027366, 0.22290241653883611, 0.22304339250601596, 0.22286520135797336, 0.22305060511494554, 0.22297514166783725, 0.22300271349079931, 0.22312706061994972, 0.22276228025911499, 0.22297964314412527, 0.22300870364555078, 0.22283231802230874, 0.22292551970365362, 0.2226720056359705, 0.22298472450624454, 0.22280385133245165, 0.22290937685574777, 0.22306202484658993, 0.22300988310415079, 0.22294276857566453, 0.22304046098639005, 0.22295381905691403, 0.22297091563124233, 0.22282754653490813, 0.22296500201480945, 0.22287685720030656, 0.22275954688626726, 0.22289011104730969, 0.22294523901157956, 0.22287898000194609, 0.22280904989633116, 0.22273315554931508, 0.22287296025999498, 0.2228193498521113, 0.22286203461968732, 0.22274989301972237, 0.22270821604329777, 0.22289457042774041, 0.22271603042135071, 0.22288993595667853, 0.22282120327246202, 0.22293806596857133, 0.2229988102433397, 0.2227595285271167, 0.22298860090201217, 0.22272638232163303, 0.22285638391454679, 0.22277774264045883, 0.2228782364843602, 0.22281733857181496, 0.22277992379106978, 0.22272598005406125, 0.2227927523898009, 0.22304504095069089, 0.2229023288241338, 0.22296185694982085, 0.22271073990914209, 0.22272447288247624, 0.22256685825713096, 0.22293865741616115, 0.2227896568875318, 0.22249816567827727, 0.22291400705769496, 0.22258887211367823, 0.22288422089332768, 0.2227644190111199, 0.22294281564030627, 0.22288551067249995, 0.22278976672449455, 0.22285901505613664, 0.22276666451324262, 0.22300155337247887, 0.22268805685830351, 0.2228575865917897, 0.22279323297788978, 0.22276756344227841, 0.2226691976947543, 0.22272648464949102, 0.22292347517285296, 0.22285862160661082, 0.22276822817461536, 0.22275446560158194, 0.22274143386587847, 0.22274361919763355, 0.22270899436718189, 0.22304240183161067, 0.22286031123985833, 0.22273778963378418, 0.22273665353048075, 0.22284443849800656],