{"low_val_loss": 0.21922989941374293, "params": {"verbose": 1, "nb_epoch": 1000, "batch_size": 32, "metrics": ["loss", "acc", "val_loss", "val_acc"], "nb_sample": 29058, "do_validation": true}, "results": {"acc": [0.83969991052378001, 0.88058366026567558, 0.89486544153073166, 0.89689586344552275, 0.89816917888361214, 0.89902952715259132, 0.89958015004473812, 0.90030284259068072, 0.89988987542157062, 0.89982104756005232, 0.90085346548282741, 0.90068139582903162, 0.90044049831371742, 0.90068139582903162, 0.90105994906738252, 0.90071580975979071, 0.90136967444421501, 0.90085346548282741, 0.90088787941358661, 0.90116319085966001, 0.90054374010599492, 0.90126643265193751, 0.90050932617523571, 0.90147291623649251, 0.90033725652143992, 0.90057815403675412, 0.90078463762130911, 0.90057815403675412, 0.90154174409801091, 0.90130084658269671, 0.90099112120586411, 0.90130084658269671, 0.90143850230573341, 0.90126643265193751, 0.90140408837497421, 0.90057815403675412, 0.90081905155206832, 0.90054374010599492, 0.90174822768256591, 0.90150733016725171, 0.90068139582903162, 0.90092229334434581, 0.90006194507536652, 0.90068139582903162, 0.90037167045219901, 0.90054374010599492, 0.90112877692890081, 0.90033725652143992, 0.90057815403675412, 0.90136967444421501, 0.89985546149081153, 0.90033725652143992, 0.90033725652143992, 0.90095670727510502, 0.90061256796751321, 0.90068139582903162, 0.90081905155206832, 0.90109436299814161, 0.90102553513662331, 0.90105994906738252, 0.90109436299814161, 0.90157615802877, 0.90068139582903162, 0.90078463762130911, 0.90105994906738252, 0.90037167045219901, 0.90016518686764402, 0.90102553513662331, 0.90105994906738252, 0.90092229334434581, 0.90047491224447651, 0.90136967444421501, 0.90085346548282741, 0.90088787941358661, 0.90109436299814161, 0.90047491224447651, 0.90081905155206832, 0.90064698189827241, 0.90075022369054991, 0.90026842865992152, 0.90030284259068072, 0.90068139582903162, 0.89968339183701562, 0.90030284259068072, 0.90037167045219901, 0.90085346548282741, 0.89975221969853392, 0.90033725652143992, 0.90026842865992152, 0.90057815403675412, 0.90061256796751321, 0.90095670727510502, 0.90023401472916231, 0.90044049831371742, 0.90136967444421501, 0.90095670727510502, 0.90030284259068072, 0.90037167045219901, 0.89995870328308902, 0.90019960079840322, 0.90044049831371742, 0.90126643265193751, 0.89964897790625642, 0.90088787941358661, 0.90075022369054991, 0.90044049831371742, 0.90075022369054991, 0.90016518686764402, 0.90112877692890081, 0.90050932617523571, 0.90030284259068072, 0.90050932617523571, 0.90033725652143992, 0.90109436299814161, 0.90064698189827241, 0.90054374010599492, 0.90030284259068072, 0.90075022369054991, 0.90009635900612572, 0.90092229334434581], "loss": [0.37125849521346688, 0.25067394106920715, 0.2373914968802365, 0.23214590109797434, 0.22944545238990646, 0.22772318794959279, 0.22668066085865907, 0.22575227624248084, 0.22541153617571816, 0.22489941696040175, 0.22448688651142071, 0.22442326806474114, 0.22411161541766478, 0.224179985182512, 0.22382062843102896, 0.22376970529017315, 0.22394951636040766, 0.22377418566396656, 0.2236786087948881, 0.22344555389845033, 0.22346902988962991, 0.22340013291611135, 0.22309309687578951, 0.22355013507681726, 0.22348227924392627, 0.22333029041258939, 0.22339854410300358, 0.2233865536229889, 0.22327467237111193, 0.22323151947019582, 0.22311350485091117, 0.22312294242632957, 0.22313432022903551, 0.22321705771838982, 0.22321861587073538, 0.22317942706209254, 0.22327579883938686, 0.22339557907363311, 0.22308214902118853, 0.22310160735213214, 0.22305465365475227, 0.22308658762898009, 0.22314906108710844, 0.22298189452558631, 0.22307229558552966, 0.22317041911098123, 0.22304785858948209, 0.22310736113602508, 0.22306895882385597, 0.22307971946654614, 0.22316727803819925, 0.22317080803292938, 0.22310353602568977, 0.22311866913041833, 0.22300719269842034, 0.22305260845448138, 0.22292271273548969, 0.22303713503264783, 0.22296954296458527, 0.22288274534840988, 0.22293217731971146, 0.2231054287074343, 0.22304001463310746, 0.22296442688424242, 0.22314588804846908, 0.22295440500643793, 0.2230059343763042, 0.22304068083313164, 0.22313590555351365, 0.2229539171139186, 0.22303323663442443, 0.22304275237850477, 0.22295842090758383, 0.2230936100912094, 0.22288173139638881, 0.22316481414109302, 0.22301752457017129, 0.22274005194394289, 0.22309864340358365, 0.22285794696466898, 0.22298281959128408, 0.22285299751310422, 0.22285666246634056, 0.2229675686513658, 0.22285204631975064, 0.22299307844858551, 0.22293026946884775, 0.22307590791445731, 0.22283423686187256, 0.22300789930288631, 0.22292879689042538, 0.22287721356359186, 0.2229237098951154, 0.22287913942688412, 0.22281196510632192, 0.22284270406528431, 0.22300216906150624, 0.22307774572433789, 0.22284954607407753, 0.22286052375947776, 0.22295753665128554, 0.22285041865942129, 0.22287841113339998, 0.22270957725649482, 0.22281064630227551, 0.22288795974382769, 0.22287198048736495, 0.22282084329102317, 0.22281110698650936, 0.22287023085935437, 0.22289922266175, 0.22293276039007748, 0.22272641063572388, 0.22279434348400473, 0.22284662212740089, 0.22297521373985868, 0.22299176467261694, 0.22286725201631119, 0.22284935732267044, 0.22291799213269825], "val_acc": [0.83606895842861806, 0.89191700224169046, 0.89728502123621923, 0.89718179010170906, 0.89800763917779036, 0.89780117690877004, 0.89955610619544291, 0.89965933732995307, 0.89800763917779036, 0.89883348825387177, 0.90182719115466659, 0.89924641279191242, 0.89883348825387177, 0.90007226186799383, 0.89924641279191242, 0.89883348825387177, 0.89934964392642258, 0.90131103548211577, 0.89965933732995307, 0.89976256846446323, 0.90100134207858529, 0.90058841754054464, 0.90254980909623783, 0.90120780434760561, 0.8990399505228921, 0.90038195527152431, 0.89780117690877004, 0.89852379485034128, 0.89965933732995307, 0.90089811094407513, 0.90162072888564626, 0.89996903073348367, 0.90007226186799383, 0.90162072888564626, 0.90141426661662594, 0.89965933732995307, 0.9006916486750548, 0.89945287506093274, 0.89996903073348367, 0.89986579959897339, 0.90162072888564626, 0.89924641279191242, 0.9006916486750548, 0.89976256846446323, 0.89996903073348367, 0.90058841754054464, 0.89914318165740226, 0.89986579959897339, 0.89945287506093274, 0.89986579959897339, 0.90058841754054464, 0.90048518640603448, 0.90162072888564626, 0.89852379485034128, 0.89955610619544291, 0.90017549300250399, 0.90058841754054464, 0.90089811094407513, 0.9006916486750548, 0.8990399505228921, 0.90089811094407513, 0.90007226186799383, 0.90110457321309545, 0.9015174977511361, 0.89965933732995307, 0.89811087031230064, 0.90058841754054464, 0.8990399505228921, 0.89955610619544291, 0.90038195527152431, 0.90120780434760561, 0.89996903073348367, 0.90079487980956496, 0.9006916486750548, 0.9006916486750548, 0.89996903073348367, 0.9006916486750548, 0.89945287506093274, 0.89986579959897339, 0.90048518640603448, 0.9006916486750548, 0.90110457321309545, 0.90017549300250399, 0.90100134207858529, 0.90017549300250399, 0.90141426661662594, 0.90141426661662594, 0.90038195527152431, 0.90027872413701415, 0.90017549300250399, 0.90100134207858529, 0.8990399505228921, 0.89986579959897339, 0.90027872413701415, 0.89976256846446323, 0.90089811094407513, 0.90038195527152431, 0.90007226186799383, 0.90058841754054464, 0.90058841754054464, 0.9006916486750548, 0.89955610619544291, 0.90048518640603448, 0.90058841754054464, 0.90038195527152431, 0.90027872413701415, 0.90038195527152431, 0.89996903073348367, 0.89883348825387177, 0.89976256846446323, 0.9006916486750548, 0.90079487980956496, 0.90141426661662594, 0.90079487980956496, 0.89986579959897339, 0.89976256846446323, 0.90017549300250399, 0.89986579959897339, 0.9015174977511361, 0.90048518640603448],