{"low_val_loss": 0.2191125208519063, "params": {"verbose": 1, "nb_epoch": 1000, "batch_size": 32, "metrics": ["loss", "acc", "val_loss", "val_acc"], "nb_sample": 29058, "do_validation": true}, "results": {"acc": [0.83939018514694752, 0.83990639410833501, 0.8417991603000895, 0.89114873700874109, 0.89562254800743346, 0.89768738385298363, 0.89909835501410973, 0.89975221969853392, 0.90030284259068072, 0.90033725652143992, 0.90057815403675412, 0.90075022369054991, 0.90078463762130911, 0.90057815403675412, 0.90126643265193751, 0.90019960079840322, 0.90085346548282741, 0.90102553513662331, 0.90061256796751321, 0.90119760479041922, 0.90102553513662331, 0.90081905155206832, 0.90064698189827241, 0.89982104756005232, 0.89923601073714643, 0.90099112120586411, 0.90109436299814161, 0.90071580975979071, 0.90147291623649251, 0.90044049831371742, 0.89999311721384812, 0.90033725652143992, 0.90050932617523571, 0.90095670727510502, 0.90116319085966001, 0.90075022369054991, 0.90071580975979071, 0.90033725652143992, 0.90085346548282741, 0.90119760479041922, 0.90123201872117831, 0.90064698189827241, 0.90040608438295822, 0.89999311721384812, 0.90116319085966001, 0.89988987542157062, 0.89982104756005232, 0.90085346548282741, 0.90030284259068072, 0.90061256796751321, 0.90161057195952921, 0.89992428935232982, 0.90085346548282741, 0.90085346548282741, 0.90050932617523571, 0.90050932617523571, 0.90061256796751321, 0.90071580975979071, 0.90095670727510502, 0.90019960079840322, 0.89971780576777483, 0.89968339183701562, 0.89992428935232982, 0.90037167045219901, 0.90044049831371742, 0.90105994906738252, 0.90126643265193751, 0.90006194507536652, 0.90119760479041922, 0.90109436299814161, 0.90081905155206832, 0.90081905155206832, 0.90040608438295822, 0.90092229334434581, 0.90136967444421501, 0.90112877692890081, 0.90071580975979071, 0.90088787941358661, 0.90085346548282741, 0.89964897790625642, 0.90099112120586411, 0.89982104756005232], "loss": [0.39961759283009479, 0.34869347360213054, 0.31963779972382855, 0.23979567003226329, 0.22967632697313997, 0.22652850024798543, 0.22532989477223495, 0.22465903518065194, 0.22405033279364173, 0.22367845136246373, 0.2237292582504295, 0.22366790733851993, 0.22350073026149483, 0.22344466134566338, 0.22303850274878922, 0.22326372130311473, 0.22337840826921301, 0.22323389348393666, 0.22335844858686008, 0.22326324142004006, 0.22311300062880529, 0.22323838362256301, 0.22317071846434772, 0.22323901794829801, 0.22330733486352172, 0.22328171218233309, 0.22311661055381943, 0.22315678332390448, 0.22313461686511502, 0.2229759279535711, 0.22302142046815351, 0.2230247963040142, 0.22343890051914422, 0.22317923765277745, 0.22304312003291443, 0.22308918841629841, 0.22310070228786705, 0.22330853253371191, 0.2233277099461268, 0.22303664401504736, 0.22299563141164189, 0.2231674206145895, 0.22294852971704751, 0.22319432036841316, 0.22298867863011637, 0.22297130677159585, 0.22311874482814925, 0.22310567859674862, 0.22309637664969129, 0.22304881126804646, 0.22318860765356052, 0.22311775900474295, 0.22297692361656801, 0.22290396730162518, 0.222978178440183, 0.22317357303510452, 0.22295323296611164, 0.22318843903504115, 0.22302484095557601, 0.22305058558736301, 0.22314523125423241, 0.22296278265343517, 0.22269490772135972, 0.22286630157216941, 0.22304141391200744, 0.22287898429927319, 0.22293457200574943, 0.22265341449845591, 0.22281448792033393, 0.22265886280872069, 0.22280341867853376, 0.2228399273419476, 0.2229077808276384, 0.22303658705370105, 0.22297261534238372, 0.2230751041144233, 0.2231185240081951, 0.22286722752731583, 0.22281198149590697, 0.22284712181160887, 0.22295415119352099, 0.2226452039657533], "val_acc": [0.83606895842861806, 0.83606895842861806, 0.87829049251096047, 0.89274285134238407, 0.89645917216013793, 0.8990399505228921, 0.89955610619544291, 0.89945287506093274, 0.90038195527152431, 0.89842056371583112, 0.89965933732995307, 0.89873025711936161, 0.90027872413701415, 0.90017549300250399, 0.89862702598485145, 0.89842056371583112, 0.89934964392642258, 0.89862702598485145, 0.89976256846446323, 0.8990399505228921, 0.90017549300250399, 0.90038195527152431, 0.89976256846446323, 0.90007226186799383, 0.90089811094407513, 0.89883348825387177, 0.89873025711936161, 0.9006916486750548, 0.90120780434760561, 0.89965933732995307, 0.89965933732995307, 0.90038195527152431, 0.89934964392642258, 0.89976256846446323, 0.89934964392642258, 0.89996903073348367, 0.90141426661662594, 0.89945287506093274, 0.90089811094407513, 0.89986579959897339, 0.90017549300250399, 0.90048518640603448, 0.90027872413701415, 0.90058841754054464, 0.9006916486750548, 0.89924641279191242, 0.90017549300250399, 0.89955610619544291, 0.89893671938838193, 0.90007226186799383, 0.89800763917779036, 0.89914318165740226, 0.89914318165740226, 0.9015174977511361, 0.89996903073348367, 0.90038195527152431, 0.89945287506093274, 0.89955610619544291, 0.90110457321309545, 0.90007226186799383, 0.89924641279191242, 0.89965933732995307, 0.89986579959897339, 0.90007226186799383, 0.90007226186799383, 0.90048518640603448, 0.9006916486750548, 0.89976256846446323, 0.89934964392642258, 0.90027872413701415, 0.89873025711936161, 0.89852379485034128, 0.90007226186799383, 0.9006916486750548, 0.90089811094407513, 0.90141426661662594, 0.90027872413701415, 0.90089811094407513, 0.90079487980956496, 0.90089811094407513, 0.90089811094407513, 0.90038195527152431], "val_loss": [0.34865259215400302, 0.34399745743550592, 0.25453931412867153, 0.22992495269958504, 0.22562245502675712, 0.22316970712717465, 0.22205012843521976, 0.22234289035396432, 0.21982522716620173, 0.22091650931756662, 0.22019723685050854, 0.22024807236112651, 0.21989024960675993, 0.22044957676907989, 0.22040630659968957, 0.22008514730716447, 0.22004076281949514, 0.22061469243679596, 0.2201231101957947, 0.22102330760578259, 0.21997142940701206, 0.22197343662105823, 0.22002507728221948, 0.22019770138463307, 0.22010379045189529, 0.22153779849543886, 0.22000449379002135, 0.22036315843615231, 0.22031590487118463, 0.21971559404551558, 0.22081212275006323, 0.22059513607100953, 0.22049332729209942, 0.21975915773101692, 0.2196220111567575, 0.21936502622920587, 0.21966549168064262, 0.21975894369084215, 0.22175740774194436, 0.22101753029006671, 0.22143108711604967, 0.22089611822217195, 0.21974489017451918, 0.22086718105932648, 0.22078103960157242, 0.22077875963315219, 0.21934669736714707, 0.22002248277885203, 0.22005896035382239, 0.22048858422803302, 0.22019046613327597, 0.22057432750005576, 0.22026638102578197, 0.21951399433904478, 0.21960013624289537, 0.2191125208519063, 0.22120651174184769, 0.21999436835946345, 0.21937233504648979, 0.22016735908858878, 0.22081508023753382, 0.22096243767136819, 0.21935764723940507, 0.21953028211274161, 0.21988357357581578, 0.22316925923398764, 0.22022454382908829, 0.22036720605731885, 0.22069841103988425, 0.21949826344144693, 0.22136131901175932, 0.22089271678562269, 0.21924488690845292, 0.21962038588570629, 0.21975365998243615, 0.22007116902116972, 0.22008453537968151, 0.21935582101265072, 0.21929988307801271, 0.22044198699099393, 0.21930219755276592, 0.22012436311779296]}}