{"low_val_loss": 0.13622410042613609, "params": {"verbose": 1, "nb_epoch": 1000, "batch_size": 32, "metrics": ["loss", "acc", "val_loss", "val_acc"], "nb_sample": 94030, "do_validation": true}, "results": {"acc": [0.9434223120331473, 0.94406040625332344, 0.94674040199936194, 0.94699563968946077, 0.9474742103583963, 0.94791024141738633, 0.94813357439622292, 0.94863341487266661, 0.9485696054501418, 0.94869722430026238, 0.94876103372278708, 0.94876103371264486, 0.94893119217271082, 0.94920769967031793, 0.94943103265422568, 0.94959055620546629, 0.94937785813545505, 0.94948420716792514, 0.94976071466553225, 0.94992023822691518, 0.94963309583062505, 0.95020738062954424, 0.95005849197064762, 0.95032436456957181, 0.95027119005080118, 0.9501435712006806, 0.95004785707196471, 0.95017547591701412, 0.95012230139444021, 0.95019674571945123, 0.9499840476456366, 0.95022865043071358, 0.95035626928083416, 0.94980325428054879, 0.95014357121082282, 0.95048388813095475, 0.95031372966581773, 0.95011166648941825, 0.95002658726065303, 0.95026055514197594, 0.95019674571945123, 0.94987769860682758, 0.9502605551470471, 0.94992023823198635, 0.95034563437200892, 0.95016484100818888, 0.9501542061044348, 0.95005849197064762, 0.95010103159073522, 0.95026055514831487, 0.95021801553203056, 0.95045198341081794, 0.95045198341462123, 0.9501967457245224, 0.9501648410183311, 0.95045198341462123, 0.95015420610950585, 0.9502180155269595, 0.95029245986338051, 0.95040944379453363, 0.950356269275763, 0.95007976178322706, 0.95007976178322706, 0.95027119004573013, 0.95017547591701412, 0.95017547591194296, 0.95046261831330425, 0.95036690417951719, 0.95033499947839706, 0.95020738062827648, 0.95023928534461, 0.95031372966074656, 0.95020738062827648, 0.95064341167712429, 0.95043071360711306, 0.95000531745694816, 0.95027119004573013, 0.95039880889585071, 0.95049452302963777, 0.95023928533446778, 0.95028182494948421, 0.95036690418458825, 0.95021801553203056, 0.95064341167712429, 0.95039880889585071, 0.95057960225459959, 0.95042007870335887, 0.95044134850706385, 0.95032436456957181, 0.95026055514197594, 0.9501648410183311, 0.95003722217328168, 0.95061150697600416, 0.95044134850579598, 0.95048388812081253, 0.95034563438215114, 0.95063277677844127, 0.95022865043578475, 0.95052642774597118, 0.95064341167712429, 0.9504307136020419, 0.95037753908327127, 0.95049452302963777, 0.95046261831330425, 0.9502605551470471, 0.95039880889077955, 0.95051579283207488, 0.95031372966581773], "loss": [0.20995829517975978, 0.14949359991259364, 0.14443434838177446, 0.14279309596712256, 0.14165763152733732, 0.14100641436961234, 0.14068670989312632, 0.14030365845116988, 0.13985885999645944, 0.13968307870167512, 0.13941105601382639, 0.1391383151703536, 0.13896817851926144, 0.13868005301145295, 0.1384474370712982, 0.13816239072569922, 0.13819137187881647, 0.1379088395203566, 0.13782178727230671, 0.13764703487489091, 0.13763779171930784, 0.13763090300899763, 0.13743116958565019, 0.13749167660666656, 0.13743071387777755, 0.13747118340170689, 0.13721386124374485, 0.13731730841207185, 0.1373684346409639, 0.13731731894795191, 0.13724304038793955, 0.1373500618186293, 0.13725919564467826, 0.13731237590569684, 0.13716201660694066, 0.13723864804762773, 0.13716792362421912, 0.13725972152801888, 0.13724956099820698, 0.13715415221330848, 0.13720215896211266, 0.13713884616642477, 0.13712529634543205, 0.13718475126578658, 0.13708060431132402, 0.13721793143324912, 0.13718243806121655, 0.13719513230164432, 0.1372787957551263, 0.13712849168876098, 0.13718402147115602, 0.13711555194572023, 0.13713060147322634, 0.13713922045921298, 0.13699731166681228, 0.13714153121681044, 0.13708656422606075, 0.13712331808633618, 0.13701958257721217, 0.1370019328926366, 0.13710557523242059, 0.1370180039561506, 0.13717651735334768, 0.1371246407731003, 0.13708142288901584, 0.13702060643190922, 0.13701561605307214, 0.13703653695796519, 0.1370809453650382, 0.13703470548093288, 0.13700901191785819, 0.13707182748914937, 0.13712997780250105, 0.13705577478929998, 0.13702887627218399, 0.13704094860822003, 0.137023136687351, 0.13696606596752542, 0.13703096788208194, 0.13701987050146444, 0.13712962624317507, 0.13708434415303505, 0.13699245534557541, 0.1368894463862404, 0.13700914188837557, 0.13715370417193512, 0.13692542385398282, 0.13689356734432415, 0.1370736728101338, 0.13688831486938596, 0.13696401493702495, 0.13685720876678564, 0.136832759778867, 0.13688744301524908, 0.13681460873685491, 0.13678651461477775, 0.13689933494343526, 0.13677573823762754, 0.13680274658103986, 0.13674728780427056, 0.13657946004301996, 0.13687145863091654, 0.13681142363987692, 0.1366348738445651, 0.13670718347764479, 0.1368107214371955, 0.13674717804643433, 0.13673358432006472], "val_acc": [0.94448698315467072, 0.94809213884635013, 0.94876212353241451, 0.94914497192445124, 0.94987876467585508, 0.94981495661051552, 0.9501339969372129, 0.94968734047983661, 0.95022970903522208, 0.94991066870852481, 0.95007018887187344, 0.95061255742725881, 0.94991066870852481, 0.95058065339458908, 0.95007018887187344, 0.94911306789178151, 0.95074017355793772, 0.95153777437468101, 0.95109111791730472, 0.95109111791730472, 0.95179300663603883, 0.95144206227667172, 0.95163348647269019, 0.95054874936191935, 0.94975114854517606, 0.95160158244002047, 0.95137825421133226, 0.95099540581929554, 0.95070826952526799, 0.95128254211332308, 0.95172919857069938, 0.95185681470137828, 0.95163348647269019, 0.95112302194997445, 0.95201633486472692, 0.95156967840735074, 0.95061255742725881, 0.9504849412965799, 0.95195252679938747, 0.95125063808065335, 0.95166539050535992, 0.95201633486472692, 0.95045303726391017, 0.95086778968861663, 0.95093159775395608, 0.95153777437468101, 0.95077207759060745, 0.95089969372128635, 0.95112302194997445, 0.95089969372128635, 0.95198443083205719, 0.95141015824400199, 0.95160158244002047, 0.95150587034201128, 0.95150587034201128, 0.95217585502807556, 0.95169729453802965, 0.95188871873404801, 0.95188871873404801, 0.95156967840735074, 0.95144206227667172, 0.95058065339458908, 0.95144206227667172, 0.95204823889739665, 0.95115492598264417, 0.95278203164880038, 0.95182491066870856, 0.95137825421133226, 0.95067636549259826, 0.95125063808065335, 0.95217585502807556, 0.95086778968861663, 0.95201633486472692, 0.95109111791730472, 0.95153777437468101, 0.95160158244002047, 0.95096350178662581, 0.9521120469627361, 0.95125063808065335, 0.95220775906074528, 0.95201633486472692, 0.95156967840735074, 0.95115492598264417, 0.95089969372128635, 0.95195252679938747, 0.95185681470137828, 0.95080398162327717, 0.95223966309341501, 0.9524629913221031, 0.95172919857069938, 0.95150587034201128, 0.95220775906074528, 0.95112302194997445, 0.95271822358346092, 0.95223966309341501, 0.95099540581929554, 0.95217585502807556, 0.95144206227667172, 0.95223966309341501, 0.95172919857069938, 0.94991066870852481, 0.95163348647269019, 0.95153777437468101, 0.95172919857069938, 0.95144206227667172, 0.9511868300153139, 0.95160158244002047, 0.95208014293006638],