{"low_val_loss": 0.21940800946625416, "params": {"verbose": 1, "nb_epoch": 1000, "batch_size": 32, "metrics": ["loss", "acc", "val_loss", "val_acc"], "nb_sample": 29058, "do_validation": true}, "results": {"acc": [0.83983756624681671, 0.87273728405258444, 0.89366095395416068, 0.89682703558400445, 0.89844449032968543, 0.89851331819120384, 0.89930483859866472, 0.90016518686764402, 0.90092229334434581, 0.90061256796751321, 0.89940808039094222, 0.89975221969853392, 0.90112877692890081, 0.90057815403675412, 0.90019960079840322, 0.90078463762130911, 0.90099112120586411, 0.90061256796751321, 0.90178264161332511, 0.90167939982104761, 0.89999311721384812, 0.89992428935232982, 0.90054374010599492, 0.90078463762130911, 0.90123201872117831, 0.90119760479041922, 0.90099112120586411, 0.90044049831371742, 0.90105994906738252, 0.90085346548282741, 0.90071580975979071, 0.90150733016725171, 0.90161057195952921, 0.9017138137518067, 0.90016518686764402, 0.90130084658269671, 0.90119760479041922, 0.90013077293688482, 0.90136967444421501, 0.90057815403675412, 0.90140408837497421, 0.90102553513662331, 0.90030284259068072, 0.90026842865992152, 0.90033725652143992, 0.90009635900612572, 0.90064698189827241, 0.90078463762130911, 0.90126643265193751, 0.90088787941358661, 0.90047491224447651, 0.90019960079840322, 0.90102553513662331, 0.90154174409801091, 0.90075022369054991, 0.89992428935232982, 0.90050932617523571, 0.89995870328308902, 0.90092229334434581, 0.90026842865992152, 0.90085346548282741, 0.89971780576777483, 0.90143850230573341, 0.90095670727510502, 0.90105994906738252, 0.90040608438295822, 0.90057815403675412, 0.90081905155206832, 0.90064698189827241, 0.90030284259068072], "loss": [0.37969859183063848, 0.25617059512052709, 0.23934229930044984, 0.23313940393052121, 0.22993201696836918, 0.22790631647981019, 0.22655550827547807, 0.22613402433481619, 0.22538226735806036, 0.22505812985431928, 0.22479169041348018, 0.22466239911497102, 0.22425989850035585, 0.22423124480055401, 0.22364237492482156, 0.2238091728485935, 0.2236982382891905, 0.2235933393716886, 0.22362676467449707, 0.22336897434088177, 0.22350340538863772, 0.22340571653679647, 0.22336476903401842, 0.22341592421887113, 0.2232612291544161, 0.22343500513065229, 0.22322925214913833, 0.22325327095744024, 0.22315765788432645, 0.22309024883855319, 0.2233971608518068, 0.22325664750067084, 0.2231913813712682, 0.22309144656733165, 0.22307385663728899, 0.22319082600947951, 0.2227757547892488, 0.22329201664006654, 0.22307119856817575, 0.2230788338530707, 0.22310081189124598, 0.2229940986955754, 0.2232091735149252, 0.22315047357391118, 0.2229532759781637, 0.22308458299238573, 0.22318099460579488, 0.22297534276518177, 0.22303353763853437, 0.2229712016868205, 0.22293499228844205, 0.22314770695019054, 0.22296887927087583, 0.22282996084250065, 0.22305197719299572, 0.22283166482038497, 0.2228740220545227, 0.2230937583486978, 0.2228392470643151, 0.22296500467115246, 0.22277576640792901, 0.22299149009085087, 0.22305938136967135, 0.22293312957047415, 0.22289909613258166, 0.22286264498178224, 0.22287051329801288, 0.22275242525118824, 0.22300431504025128, 0.22304167576383943], "val_acc": [0.83606895842861806, 0.89284608245228203, 0.89284608245228203, 0.89842056371583112, 0.89645917216013793, 0.8982141014468108, 0.89976256846446323, 0.89800763917779036, 0.90110457321309545, 0.8970785589671989, 0.89862702598485145, 0.89914318165740226, 0.90079487980956496, 0.89811087031230064, 0.90120780434760561, 0.89955610619544291, 0.90027872413701415, 0.90141426661662594, 0.90089811094407513, 0.89924641279191242, 0.9006916486750548, 0.89996903073348367, 0.90162072888564626, 0.90110457321309545, 0.90027872413701415, 0.89924641279191242, 0.90079487980956496, 0.89965933732995307, 0.90017549300250399, 0.89955610619544291, 0.89955610619544291, 0.90038195527152431, 0.90120780434760561, 0.89924641279191242, 0.90162072888564626, 0.90048518640603448, 0.90079487980956496, 0.89955610619544291, 0.89965933732995307, 0.90027872413701415, 0.89976256846446323, 0.90038195527152431, 0.89986579959897339, 0.90007226186799383, 0.90038195527152431, 0.90027872413701415, 0.90027872413701415, 0.9006916486750548, 0.90058841754054464, 0.9006916486750548, 0.90017549300250399, 0.89976256846446323, 0.89893671938838193, 0.90110457321309545, 0.90017549300250399, 0.89965933732995307, 0.89965933732995307, 0.90027872413701415, 0.89873025711936161, 0.90048518640603448, 0.90038195527152431, 0.90017549300250399, 0.9006916486750548, 0.90110457321309545, 0.90007226186799383, 0.90110457321309545, 0.90100134207858529, 0.89986579959897339, 0.90048518640603448, 0.90089811094407513], "val_loss": [0.2764694618252122, 0.24242146359799852, 0.23330136467837764, 0.22865696409679706, 0.22574615627419559, 0.22433024545787497, 0.22329536995627358, 0.22217012850002962, 0.22189577322718995, 0.22209850336679107, 0.22227565583471939, 0.22169577478870242, 0.22171074601781127, 0.22090089358670112, 0.22091052437931241, 0.22016947226614433, 0.22160550722141095, 0.22028587034172695, 0.22020272016402206, 0.22085943605504293, 0.22024503768973272, 0.2206423921464237, 0.22296649973200758, 0.22038151824192526, 0.22119929130397076, 0.21989100071019627, 0.22032621559176735, 0.22032356606162812, 0.22049968965875361, 0.22082758235946165, 0.21990729422777003, 0.21967499926447856, 0.22035703929668982, 0.2199180286692628, 0.21988698302056628, 0.2212407120711247, 0.22008382685846301, 0.2201088092774322, 0.22000147837461351, 0.2197332061012672, 0.22022912094833511, 0.22065532954469902, 0.21993619170341008, 0.21940800946625416, 0.21966670510002712, 0.2199117985594515, 0.2201094450480037, 0.22051788950355303, 0.22026499860043297, 0.22017073469461271, 0.21955601421686793, 0.22082289778326053, 0.22121084268658944, 0.22108940597878554, 0.21953066638333885, 0.22011928181413454, 0.22215947278687689, 0.22053096662540364, 0.21973397736211206, 0.21978347639839654, 0.22046293174443973, 0.2196338465859354, 0.22007438740740623, 0.22010628748471686, 0.22008706474065462, 0.22040809475441547, 0.21960196420173472, 0.21968211610644325, 0.22002580913582293, 0.21992662908972582]}}