{"low_val_loss": 0.13653188362915397, "params": {"verbose": 1, "nb_epoch": 1000, "batch_size": 32, "metrics": ["loss", "acc", "val_loss", "val_acc"], "nb_sample": 94030, "do_validation": true}, "results": {"acc": [0.94365627991573797, 0.94517707115257721, 0.94738913112836332, 0.94776135275975748, 0.94789960650856109, 0.94827182813995536, 0.94843135170640935, 0.94902690631156905, 0.94929277890035091, 0.94932468361161326, 0.94952674678801274, 0.94957992131185442, 0.94919706477163501, 0.94986706370814455, 0.9500797617781559, 0.95002658726445643, 0.94992023822184413, 0.95023928533446778, 0.95006912687947287, 0.95003722216821052, 0.9503030947671347, 0.95027119004573013, 0.95066468148970373, 0.95030309475699248, 0.95046261831330425, 0.95043071360711306, 0.95028182494948421, 0.9507497607197366, 0.95024992023822186, 0.95055833244709131, 0.95065404658087849, 0.95013293629692652, 0.95037753908073574, 0.9502180155269595, 0.95029245985323829, 0.95027119004699789, 0.95012230139317244, 0.95004785706816131, 0.95011166648941825, 0.95006912687947287, 0.95006912687947287, 0.94987769860682758, 0.95015420610950585, 0.95007976178322706, 0.95024992024329291, 0.95044134851593831, 0.95036690417951719, 0.95037753908834244, 0.95021801553203056, 0.9501861108207682, 0.9503030947633313, 0.950356269275763, 0.95040944379453363, 0.94987769861189875, 0.95033499947332589, 0.95026055514197594, 0.95016484100818888, 0.95038817398702546, 0.95040944379960479, 0.95013293629692652, 0.95005849197571879, 0.95057960225459959, 0.95020738062320531, 0.95035626928590533, 0.95027119004573013, 0.95017547591701412, 0.95038817399209652, 0.95002658725938527, 0.9504732532221295, 0.95013293630199758, 0.95017547591701412, 0.95005849197064762, 0.95061150696586194, 0.95033499947332589, 0.95031372966074656, 0.95000531745694816, 0.95059023715835367, 0.95039880889204731, 0.95034563437200892, 0.95052642774090013, 0.95011166649956047, 0.95028182495962643], "loss": [0.18382433033694387, 0.14551706065728945, 0.14290600630177294, 0.14166896205257193, 0.14100408638162612, 0.14047153636311599, 0.1402122308906692, 0.13982272521461639, 0.1394489562845504, 0.13922278012691705, 0.13890899142489513, 0.13847933492957942, 0.138204498932924, 0.13801775532467092, 0.13773868211726203, 0.13750933736331358, 0.13725407402286957, 0.13712028226474746, 0.13709354787307459, 0.1369443516309472, 0.13699747837725743, 0.13692941547068468, 0.13683081396390792, 0.13685499482743477, 0.1368070291470343, 0.13672426986045233, 0.13698056306978001, 0.13664452812398581, 0.13667949844656074, 0.13671505022859379, 0.13675067626826498, 0.13676624972910864, 0.13669237168015513, 0.13659737391458171, 0.13655173250186903, 0.13649306753322468, 0.13651955949110287, 0.1365129371285502, 0.13642096251311117, 0.13648295939177843, 0.13644425186795983, 0.13655224684160353, 0.13641474881343837, 0.13646460334937471, 0.13630136251512973, 0.13633450770218372, 0.13622851081633838, 0.13620999758530458, 0.13626390060747251, 0.13634129000428913, 0.13629771882893366, 0.1361562617959069, 0.13626051874520118, 0.1362483557993131, 0.13614891119920153, 0.13635587511507105, 0.13632463702317324, 0.13621846610125768, 0.13615264594142873, 0.13614574979224506, 0.13625748445921015, 0.13628384541848118, 0.13620961808057655, 0.13615688651365943, 0.13626576133146065, 0.13618810706274009, 0.1361611409385978, 0.13611711004126342, 0.13616841228134668, 0.13609921536942715, 0.13630275836520078, 0.13613586252412427, 0.13623151443799633, 0.1361312194536699, 0.13629898952731653, 0.13606052344911951, 0.13622892314393248, 0.13615279580498837, 0.13610735999343623, 0.13603496661113193, 0.1360223120528308, 0.13621164758693763], "val_acc": [0.94448698315467072, 0.94758167432363449, 0.94876212353241451, 0.94901735579377233, 0.9495597243491577, 0.94968734047983661, 0.95019780500255235, 0.95029351710056154, 0.95105921388463499, 0.95022970903522208, 0.94997447677386426, 0.95064446145992854, 0.9508358856559469, 0.95223966309341501, 0.95160158244002047, 0.95134635017866254, 0.95214395099540583, 0.95109111791730472, 0.9508358856559469, 0.95233537519142419, 0.95099540581929554, 0.95233537519142419, 0.95163348647269019, 0.95160158244002047, 0.95198443083205719, 0.95208014293006638, 0.9521120469627361, 0.95172919857069938, 0.95000638080653399, 0.95166539050535992, 0.95099540581929554, 0.95150587034201128, 0.95064446145992854, 0.95208014293006638, 0.95045303726391017, 0.95144206227667172, 0.95160158244002047, 0.94981495661051552, 0.95074017355793772, 0.95131444614599281, 0.95029351710056154, 0.95147396630934145, 0.94965543644716688, 0.95096350178662581, 0.95102730985196526, 0.95022970903522208, 0.95131444614599281, 0.95147396630934145, 0.95067636549259826, 0.95026161306789181, 0.95093159775395608, 0.95109111791730472, 0.95179300663603883, 0.95019780500255235, 0.95150587034201128, 0.95105921388463499, 0.95156967840735074, 0.95160158244002047, 0.95061255742725881, 0.95064446145992854, 0.95109111791730472, 0.95147396630934145, 0.95086778968861663, 0.9508358856559469, 0.95016590096988263, 0.95093159775395608, 0.95080398162327717, 0.95179300663603883, 0.95128254211332308, 0.95105921388463499, 0.95000638080653399, 0.95096350178662581, 0.95058065339458908, 0.95102730985196526, 0.95128254211332308, 0.95054874936191935, 0.95067636549259826, 0.9508358856559469, 0.95074017355793772, 0.95026161306789181, 0.95102730985196526, 0.95141015824400199], "val_loss": [0.14771441034801522, 0.14403959574209238, 0.14223085032731309, 0.14145002465061901, 0.14107681286671961, 0.14128344827020212, 0.14058661292582339, 0.13984657478323392, 0.14149295780170687, 0.13923277674626033, 0.13910938216532109, 0.13899867976252644, 0.13871367752072822, 0.14040851566204615, 0.13787218939937032, 0.13712861787883404, 0.13742905329283461, 0.13786116965978409, 0.13810837686426972, 0.13875241238184582, 0.13749894217481992, 0.13762924562323878, 0.13721502579714401, 0.13730119256613629, 0.13755449182779403, 0.1368040453876507, 0.13761817180133706, 0.13750472364565924, 0.13784143838778543, 0.13818781925988113, 0.13782251022200825, 0.13743774349277818, 0.136898161905222, 0.13787903602274479, 0.1377543824543723, 0.13740408075512248, 0.13827560204896561, 0.13828807709060681, 0.13707642626890179, 0.13752263690373037, 0.13766767821099274, 0.13716580749467022, 0.13737202897827622, 0.13707086171112448, 0.13688323443689901, 0.13735669168333212, 0.13683516738033982, 0.13823251297004283, 0.13687360238126037, 0.13727205886775101, 0.13729161386353864, 0.13660680629111419, 0.13832896727461971, 0.13776572512756538, 0.13731017562923473, 0.13653188362915397, 0.13715066072674142, 0.13723536676452924, 0.13703524990785998, 0.13677357603672696, 0.13693511066839456, 0.13682631263247919, 0.13679672686089325, 0.13673807352005432, 0.13706468555347964, 0.1374693598699028, 0.13717582684073021, 0.13754912004475695, 0.13716404634228832, 0.13713250880763353, 0.1375680152077709, 0.13705645071465242, 0.13699200150099045, 0.1365791634828111, 0.13712091234689955, 0.13772501934066819, 0.13685382585240422, 0.1370697597753886, 0.13713256276253993, 0.1375516752430512, 0.13683881375685739, 0.13695177114499715]}}