{"low_val_loss": 0.21797317654106704, "params": {"verbose": 1, "nb_epoch": 1000, "batch_size": 32, "metrics": ["loss", "acc", "val_loss", "val_acc"], "nb_sample": 29058, "do_validation": true}, "results": {"acc": [0.84685800812168766, 0.88226994287287497, 0.89517516690756416, 0.89703351916855945, 0.89834124853740793, 0.89947690825246063, 0.89889187142955473, 0.90023401472916231, 0.89995870328308902, 0.90047491224447651, 0.90112877692890081, 0.90085346548282741, 0.90054374010599492, 0.90154174409801091, 0.90119760479041922, 0.90064698189827241, 0.90095670727510502, 0.90040608438295822, 0.90119760479041922, 0.90078463762130911, 0.90116319085966001, 0.9019891251978801, 0.90081905155206832, 0.90116319085966001, 0.90092229334434581, 0.90119760479041922, 0.90078463762130911, 0.9022300227131943, 0.9022644366439535, 0.90178264161332511, 0.90167939982104761, 0.90092229334434581, 0.90178264161332511, 0.90085346548282741, 0.90092229334434581, 0.90105994906738252, 0.90092229334434581, 0.90161057195952921, 0.90116319085966001, 0.90150733016725171, 0.90167939982104761, 0.9017138137518067, 0.90109436299814161, 0.9017138137518067, 0.90057815403675412, 0.90143850230573341, 0.90088787941358661, 0.90071580975979071, 0.90157615802877, 0.90154174409801091, 0.90102553513662331, 0.90030284259068072, 0.90126643265193751, 0.90174822768256591, 0.90178264161332511, 0.9020579530593984, 0.90105994906738252, 0.90167939982104761, 0.90174822768256591, 0.9021267809209168, 0.9022988505747126, 0.90164498589028841, 0.9017138137518067, 0.90178264161332511, 0.90123201872117831, 0.90136967444421501, 0.90085346548282741, 0.9017138137518067, 0.90092229334434581, 0.90095670727510502, 0.90164498589028841, 0.90119760479041922, 0.90102553513662331, 0.90109436299814161, 0.90164498589028841, 0.90164498589028841, 0.90119760479041922, 0.90140408837497421], "loss": [0.42479206399921726, 0.25854542214746229, 0.2342686877628759, 0.2283659163759649, 0.22619388542130411, 0.22508587425086082, 0.22448868082906909, 0.22392536787654271, 0.22386785938574816, 0.22346716571615399, 0.22316991615704837, 0.22298722386012934, 0.22283854001381878, 0.22291475756039245, 0.22268527512924416, 0.22237668156426924, 0.22247812551988488, 0.22257874705145089, 0.22242876749036511, 0.22239893495162705, 0.22232593170514806, 0.22223200920480926, 0.22220409202491789, 0.22197459497096672, 0.22213461603698831, 0.22202069451740788, 0.22185958637096032, 0.22181044284389437, 0.22176020934807814, 0.22175829504712133, 0.22176112169004356, 0.22189289481893887, 0.22155118641098751, 0.22190530516627208, 0.22169884125968037, 0.22178700677058236, 0.22157985221660467, 0.22164641821000439, 0.22162631829128207, 0.22153093383845382, 0.22144173963510269, 0.22134957224965482, 0.22157094710328235, 0.22137446039697245, 0.2212898820624298, 0.22145378029275725, 0.22127516721651883, 0.22149764761382285, 0.22124118884601418, 0.22142699805759286, 0.22142915169537475, 0.22139552106941526, 0.22110149948010629, 0.22117391805353551, 0.22119110833754255, 0.2211277902811904, 0.22120916719430267, 0.22113700040796028, 0.22115970069067026, 0.22115789512715275, 0.22116401461016838, 0.22127401129706645, 0.22112339760902266, 0.22106787200738431, 0.22107657051821306, 0.22111275424951696, 0.22104124939526193, 0.22101123003631787, 0.22103789631912948, 0.22103944104309706, 0.22105242280468115, 0.22110666167851231, 0.22098168690531669, 0.22093831955393259, 0.22100386005880845, 0.22091877513247632, 0.2210230789807493, 0.22082768464777627], "val_acc": [0.86951584596068809, 0.89202023337620062, 0.89522039854601587, 0.89718179010170906, 0.89728502123621923, 0.89852379485034128, 0.89914318165740226, 0.90162072888564626, 0.89996903073348367, 0.90038195527152431, 0.89914318165740226, 0.89976256846446323, 0.90079487980956496, 0.90027872413701415, 0.90038195527152431, 0.89965933732995307, 0.90007226186799383, 0.90079487980956496, 0.90172396002015642, 0.90058841754054464, 0.90048518640603448, 0.90027872413701415, 0.89986579959897339, 0.90089811094407513, 0.90079487980956496, 0.90058841754054464, 0.90203365342368702, 0.90089811094407513, 0.89965933732995307, 0.90048518640603448, 0.90079487980956496, 0.90172396002015642, 0.90079487980956496, 0.90141426661662594, 0.90110457321309545, 0.90007226186799383, 0.90079487980956496, 0.90234334682721751, 0.90100134207858529, 0.90172396002015642, 0.90141426661662594, 0.90120780434760561, 0.90038195527152431, 0.90038195527152431, 0.9015174977511361, 0.9006916486750548, 0.90079487980956496, 0.90172396002015642, 0.90048518640603448, 0.90131103548211577, 0.90213688455819718, 0.90100134207858529, 0.90224011569270735, 0.90224011569270735, 0.89996903073348367, 0.9006916486750548, 0.90100134207858529, 0.90162072888564626, 0.90058841754054464, 0.90089811094407513, 0.90265304023074799, 0.90193042228917686, 0.90089811094407513, 0.90162072888564626, 0.90141426661662594, 0.90027872413701415, 0.9015174977511361, 0.9006916486750548, 0.90254980909623783, 0.90224011569270735, 0.90120780434760561, 0.90131103548211577, 0.90162072888564626, 0.90131103548211577, 0.90089811094407513, 0.9015174977511361, 0.90203365342368702, 0.9015174977511361], "val_loss": [0.28608540087842937, 0.23722088601525951, 0.22601459774425109, 0.22265569410838984, 0.2214440282646121, 0.22145514823500187, 0.22056184925505826, 0.22032723208262331, 0.22032019858071344, 0.22043687832162293, 0.22012425335651953, 0.21943640801834471, 0.21914899811614738, 0.21894502292738199, 0.22005396373158481, 0.21971761608401896, 0.21918534436338616, 0.21930608442229138, 0.21972743300347058, 0.21933993870067292, 0.21968344950732571, 0.21928839702545655, 0.21881570402985451, 0.21918836252305657, 0.21899851052781014, 0.21895602043966914, 0.21959956081533524, 0.21944108903500345, 0.21854909666246386, 0.218931172640316, 0.21907685168992749, 0.21955292070688473, 0.2186434646933591, 0.21860386501515849, 0.21924000835718971, 0.21859519175482914, 0.21876635981058945, 0.21851868057590626, 0.21903363382765859, 0.21870518921329052, 0.21899406894190807, 0.21956437454819741, 0.21866476412428365, 0.21856517534919526, 0.21876612286874356, 0.21968930063816716, 0.21824857209555024, 0.21840089569399943, 0.21852181545903196, 0.21813168415679177, 0.21956205136379467, 0.21797317654106704, 0.21922568073764456, 0.21854315888122397, 0.2186908979306123, 0.21881983917515332, 0.21811929030709803, 0.21903513663445412, 0.21823007755632973, 0.21850240811408705, 0.21887659052521671, 0.21834161482606004, 0.21834471354460439, 0.21815887030475192, 0.21816376024839665, 0.21805981247371178, 0.21830033724357484, 0.21879105883522326, 0.21840275802072806, 0.21849172834556538, 0.21844263314966988, 0.2183234838462533, 0.21840878475976208, 0.21827870564304713, 0.21810812353657116, 0.21933150572637489, 0.21862028711927778, 0.21804627047931863]}}