{"low_val_loss": 0.21957266690672717, "params": {"verbose": 1, "nb_epoch": 1000, "batch_size": 32, "metrics": ["loss", "acc", "val_loss", "val_acc"], "nb_sample": 29058, "do_validation": true}, "results": {"acc": [0.83973432445453922, 0.83990639410833501, 0.83990639410833501, 0.83990639410833501, 0.83990639410833501, 0.83990639410833501, 0.83990639410833501, 0.87239314474499274, 0.89383302360795647, 0.89655172413793105, 0.89823800674513044, 0.89820359281437123, 0.89913276894486893, 0.89927042466790552, 0.90009635900612572, 0.90050932617523571, 0.89995870328308902, 0.89975221969853392, 0.89930483859866472, 0.90037167045219901, 0.90057815403675412, 0.89988987542157062, 0.90075022369054991, 0.90061256796751321, 0.90167939982104761, 0.89985546149081153, 0.90095670727510502, 0.90119760479041922, 0.89995870328308902, 0.89985546149081153, 0.90047491224447651, 0.90009635900612572, 0.90068139582903162, 0.89988987542157062, 0.90009635900612572, 0.90023401472916231, 0.90037167045219901, 0.90047491224447651, 0.89988987542157062, 0.90044049831371742, 0.90013077293688482, 0.90026842865992152, 0.90167939982104761, 0.90130084658269671, 0.90030284259068072, 0.90061256796751321, 0.90068139582903162, 0.90023401472916231, 0.90071580975979071, 0.89982104756005232, 0.89982104756005232, 0.90143850230573341, 0.90085346548282741, 0.90075022369054991, 0.90040608438295822, 0.89992428935232982, 0.90050932617523571, 0.90112877692890081, 0.90047491224447651, 0.90047491224447651, 0.90085346548282741, 0.90040608438295822, 0.90016518686764402, 0.90033725652143992, 0.90102553513662331, 0.90023401472916231, 0.90099112120586411, 0.90078463762130911, 0.90112877692890081, 0.90019960079840322], "loss": [0.40070767304271931, 0.34896849159409515, 0.34718570689270045, 0.34653375486754379, 0.34612837527966467, 0.34571170948099139, 0.341611987918921, 0.26032653199284755, 0.2377713935423951, 0.23202879687426209, 0.22917914357641722, 0.22754735712333002, 0.22625340860261317, 0.22603037493849942, 0.22544103488408604, 0.22478731035554439, 0.22454476393838735, 0.22426627521613771, 0.22424356921737049, 0.22414069842287954, 0.22384019213847128, 0.22402364670479311, 0.22363702590460705, 0.223710177622295, 0.22351814204277862, 0.22362324749344895, 0.2234656493927494, 0.2233573595067411, 0.22367117549077684, 0.22339604035306021, 0.22332134992407296, 0.22365649174904631, 0.22327174105340397, 0.22335020975237399, 0.22351711140379221, 0.22315432079471234, 0.22322241747038388, 0.22338171345835273, 0.22326534940394574, 0.22355763363619144, 0.22334551480614454, 0.22332718819715697, 0.22306498019740736, 0.22328699506207469, 0.22323401646954086, 0.22308839286464532, 0.22308678514406755, 0.22324573798405753, 0.22322236043439203, 0.22325705213863134, 0.22323320149120013, 0.22323086308425008, 0.22299766171921293, 0.22315822235259936, 0.2232206912036408, 0.22313575258405319, 0.22326613688698099, 0.22300397264321495, 0.22315056757153134, 0.22337381270658913, 0.22298403665756975, 0.22320205765782489, 0.22320917915580801, 0.22318168023766682, 0.22293765948150698, 0.22307054742209736, 0.2231547934127466, 0.22280075915670089, 0.22311241128904671, 0.22321015765411131], "val_acc": [0.83606895842861806, 0.83606895842861806, 0.83606895842861806, 0.83606895842861806, 0.83606895842861806, 0.83606895842861806, 0.83606895842861806, 0.88830391253383456, 0.89274285134238407, 0.89604624764670948, 0.89893671938838193, 0.8990399505228921, 0.89945287506093274, 0.89965933732995307, 0.90007226186799383, 0.89986579959897339, 0.89893671938838193, 0.90079487980956496, 0.90089811094407513, 0.89976256846446323, 0.89873025711936161, 0.8979044080432802, 0.89955610619544291, 0.90048518640603448, 0.90017549300250399, 0.90058841754054464, 0.89873025711936161, 0.89976256846446323, 0.89914318165740226, 0.89831733258132096, 0.89945287506093274, 0.89873025711936161, 0.89934964392642258, 0.90017549300250399, 0.90027872413701415, 0.8990399505228921, 0.90058841754054464, 0.89986579959897339, 0.90027872413701415, 0.89976256846446323, 0.89965933732995307, 0.9006916486750548, 0.9006916486750548, 0.90079487980956496, 0.90007226186799383, 0.89945287506093274, 0.90110457321309545, 0.89955610619544291, 0.89842056371583112, 0.89934964392642258, 0.89955610619544291, 0.89893671938838193, 0.90038195527152431, 0.90048518640603448, 0.90058841754054464, 0.90038195527152431, 0.9015174977511361, 0.90141426661662594, 0.89934964392642258, 0.8990399505228921, 0.89852379485034128, 0.89996903073348367, 0.90017549300250399, 0.90110457321309545, 0.89955610619544291, 0.89934964392642258, 0.90027872413701415, 0.90007226186799383, 0.90017549300250399, 0.89996903073348367], "val_loss": [0.34911377831818186, 0.34534435000497882, 0.34521592729685047, 0.34409050036599004, 0.34424937379622317, 0.34363140121349994, 0.30950320987149116, 0.24149244109998735, 0.23225515058218565, 0.22777729894251747, 0.22558791679322959, 0.22413982586790759, 0.2239532142745288, 0.22275589761367778, 0.22200424745378941, 0.22390600766967764, 0.22200713068619102, 0.22151415473821426, 0.22097634719697218, 0.22094628692928503, 0.22008120505399006, 0.2213649429458576, 0.22019660575625893, 0.22019693200354656, 0.2200287970409214, 0.22035144768017689, 0.22114931447988104, 0.2211136488743681, 0.2206382215164561, 0.22122787401084745, 0.22038738290948789, 0.22004725279743562, 0.22014242247296176, 0.22072038382731737, 0.2205089168109502, 0.22081572834805732, 0.22026194291943255, 0.22011236039935295, 0.21998178614321737, 0.22055453567223318, 0.22000956881756359, 0.22161845367390687, 0.2203634683532317, 0.21957266690672717, 0.22019084708737652, 0.22020946659514615, 0.22071976317787878, 0.22124425314818297, 0.22128355350794163, 0.22059926731219487, 0.2196423965267344, 0.22033818454839404, 0.22033260262601945, 0.22063652159346384, 0.22053365502131542, 0.21988146229032468, 0.21959733318787827, 0.21986411924614213, 0.22027480935144686, 0.21970589155135317, 0.2209130207537571, 0.22150142628846062, 0.22055139982615435, 0.22030360867355192, 0.21960012804702597, 0.22008107615979178, 0.21962159518869692, 0.21966814898516698, 0.22000105896391858, 0.22050668400877385]}}