{"low_val_loss": 0.21663139089657399, "params": {"verbose": 1, "nb_epoch": 1000, "batch_size": 32, "metrics": ["loss", "acc", "val_loss", "val_acc"], "nb_sample": 29058, "do_validation": true}, "results": {"acc": [0.83918370156239241, 0.83990639410833501, 0.83990639410833501, 0.83990639410833501, 0.85866198637208346, 0.8909766673549453, 0.89472778580769496, 0.89730883061463285, 0.89847890426044463, 0.90026842865992152, 0.90075022369054991, 0.90126643265193751, 0.90130084658269671, 0.90136967444421501, 0.90154174409801091, 0.9020579530593984, 0.9018170555440842, 0.90240209236699021, 0.90240209236699021, 0.9024365062977493, 0.9024709202285085, 0.9032280267052103, 0.9028150595361002, 0.9027462316745819, 0.90302154312065519, 0.90278064560534099, 0.90291830132837769, 0.9023332645054718, 0.9022988505747126, 0.90302154312065519, 0.9022300227131943, 0.90240209236699021, 0.90192029733636181, 0.902367678436231, 0.90167939982104761, 0.902574162020786, 0.90302154312065519, 0.90329685456672859, 0.9028150595361002, 0.9017138137518067, 0.9024365062977493, 0.9024709202285085, 0.9032280267052103, 0.9026429898823044, 0.9022644366439535, 0.9027118177438227, 0.90333126849748779, 0.90370982173583869, 0.90216119485167601, 0.90267740381306349, 0.90377864959735699, 0.9029527152591369, 0.9030903709821736, 0.9024709202285085, 0.90367540780507949, 0.9027462316745819, 0.90333126849748779, 0.90343451028976529, 0.90319361277445109, 0.90333126849748779, 0.9029871291898961, 0.9028150595361002, 0.9029527152591369, 0.90384747745887539, 0.9029527152591369, 0.90333126849748779, 0.90315919884369189, 0.90319361277445109, 0.90388189138963448, 0.90350333815128359, 0.90401954711267118, 0.90395071925115289, 0.90374423566659778], "loss": [0.44199260221479514, 0.35150308413403486, 0.34812480752577563, 0.33368535102915226, 0.26661679658199572, 0.2418068863789421, 0.2339793673294509, 0.23028819246674134, 0.22790168658347223, 0.22644215981831192, 0.22543214510317197, 0.22470898914463514, 0.22412296952161176, 0.2236501509719219, 0.22322485849217183, 0.22304804483842047, 0.22273965344357541, 0.22260458989152068, 0.22234502990408769, 0.22214441668244525, 0.22216087707723933, 0.22197172163422671, 0.22191242280918452, 0.22198086438659662, 0.22171047079703854, 0.22175765434141964, 0.22171428502200843, 0.22172021837127506, 0.22174169093096599, 0.2216973575798083, 0.22173025961282006, 0.22168326644118322, 0.2216929441176381, 0.22162413821423368, 0.22161403008949421, 0.2215478260323156, 0.22169453281690257, 0.22147629431822777, 0.22167297287769316, 0.2214964915244389, 0.22159073790997499, 0.22157133252833183, 0.22142514891799914, 0.22153004188872852, 0.22162332081837405, 0.22144775772892245, 0.22156550504359648, 0.22132134616860982, 0.22146012881263435, 0.22144874155422228, 0.22154016833491119, 0.22143441327152108, 0.22147794284102573, 0.22139123210362832, 0.22136038342414255, 0.22158216001843214, 0.22139658008643318, 0.22123803608654088, 0.22151470160737025, 0.22131844403367262, 0.22149277998634834, 0.22133770770183639, 0.22126658754245701, 0.22137338545393145, 0.22131306965587899, 0.22132306011909422, 0.2213749365670081, 0.22124282215953373, 0.22118366316916438, 0.22136853276243296, 0.22122069244801904, 0.22125594567150336, 0.22112464271211454], "val_acc": [0.83606895842861806, 0.83606895842861806, 0.83606895842861806, 0.83606895842861806, 0.88675544554079433, 0.89284608245228203, 0.89325900699032268, 0.89697532783268874, 0.89811087031230064, 0.89934964392642258, 0.89955610619544291, 0.9006916486750548, 0.90027872413701415, 0.90141426661662594, 0.90110457321309545, 0.90017549300250399, 0.90244657796172767, 0.90296273363427848, 0.90110457321309545, 0.90213688455819718, 0.90193042228917686, 0.90089811094407513, 0.90141426661662594, 0.90193042228917686, 0.90358212044133945, 0.90265304023074799, 0.90306596476878864, 0.90234334682721751, 0.90224011569270735, 0.90193042228917686, 0.90296273363427848, 0.90172396002015642, 0.90254980909623783, 0.90131103548211577, 0.90306596476878864, 0.90389181384487005, 0.90265304023074799, 0.90100134207858529, 0.90285950249976832, 0.90254980909623783, 0.90306596476878864, 0.90337565817231913, 0.90275627136525816, 0.90337565817231913, 0.90368535157584962, 0.90254980909623783, 0.90296273363427848, 0.90399504497938021, 0.90337565817231913, 0.90275627136525816, 0.9031691959032988, 0.9031691959032988, 0.90275627136525816, 0.90275627136525816, 0.90285950249976832, 0.90337565817231913, 0.90409827611389038, 0.90265304023074799, 0.90327242703780897, 0.90285950249976832, 0.90265304023074799, 0.90285950249976832, 0.90327242703780897, 0.90420150724840054, 0.90358212044133945, 0.90399504497938021, 0.90275627136525816, 0.90409827611389038, 0.90296273363427848, 0.90285950249976832, 0.90399504497938021, 0.90244657796172767, 0.90244657796172767], "val_loss": [0.35261438958192248, 0.34749578589734442, 0.34475047670245551, 0.29676045354175362, 0.24727147581949685, 0.23502674489625777, 0.23046320578354706, 0.22623634442365537, 0.22416129653220257, 0.22337739966879741, 0.22201121848988387, 0.22109029984848289, 0.22078016560316652, 0.21993604369782263, 0.22067219300130775, 0.21867478281779471, 0.21948713521981025, 0.2182564563803891, 0.21828174947326343, 0.21916094144529955, 0.21842687366497804, 0.21805806866713054, 0.21783706133882733, 0.21855989842145598, 0.21698599826124193, 0.21853651542455355, 0.21740168888674466, 0.21701575075926594, 0.2173484113393116, 0.2188081805017128, 0.21683682412865904, 0.21743584367418431, 0.21829695644744893, 0.21745051006863728, 0.21765974826077822, 0.21749934253830946, 0.21733138336846861, 0.2184224238309056, 0.21724555242771679, 0.21779878760708293, 0.2167614837622906, 0.21771032778584479, 0.21754643734830248, 0.21700009268307521, 0.21714973769665896, 0.21737465001831141, 0.21663139089657399, 0.21704143981661875, 0.21787519895576329, 0.21729175051914792, 0.21768233663983866, 0.21743633582629668, 0.21687034705271721, 0.21738022340024551, 0.21750395281637025, 0.21664728402254615, 0.2172457082384546, 0.2176385834894646, 0.21779929199146883, 0.21743178814326547, 0.21741822608991268, 0.21819474750460024, 0.21724192438953074, 0.21744588707528814, 0.21724530801913852, 0.21687056351719569, 0.21757083076299547, 0.21718752054382037, 0.21746155523941271, 0.21726429618412807, 0.21697888260989337, 0.21750373950840901, 0.21795434892159124]}}