{"low_val_loss": 0.13668102590769393, "params": {"verbose": 1, "nb_epoch": 1000, "batch_size": 32, "metrics": ["loss", "acc", "val_loss", "val_acc"], "nb_sample": 94030, "do_validation": true}, "results": {"acc": [0.94348612145567201, 0.94545357865018442, 0.94733595661466385, 0.94787833670105281, 0.94788897160987806, 0.94827182813995536, 0.94829309794746353, 0.94859087525257901, 0.94901627140781497, 0.94908008082526851, 0.94945230246680501, 0.94936722323677203, 0.94948420716792514, 0.94983515899181115, 0.95003722216313946, 0.94978198447304052, 0.95024992023822186, 0.95007976178449483, 0.95024992023822186, 0.94999468254812292, 0.95011166648941825, 0.95018611081569715, 0.95053706264465421, 0.95020738062320531, 0.95045198340955017, 0.95014357120575177, 0.95027119005080118, 0.95032436456450065, 0.95024992023568633, 0.95036690417951719, 0.95009039668190998, 0.95026055514197594, 0.95026055514197594, 0.95048388812588358, 0.95011166648941825, 0.95052642773582896, 0.95039880890092177, 0.9504307136020419, 0.95004785706689354, 0.95005849197571879, 0.95047325322720067, 0.95040944379453363, 0.95037753908834244, 0.9504732532221295, 0.95072849091222844], "loss": [0.19248682023343489, 0.1456740978848905, 0.14288868271460195, 0.14155067734402074, 0.14081173197590238, 0.1403398331622773, 0.13997013738705139, 0.13979518116835798, 0.13940195507233946, 0.13904789787118238, 0.1386284608502065, 0.13848614530919348, 0.13805161977665584, 0.13782720467432069, 0.13773749192964077, 0.13758700395057039, 0.13741546824251979, 0.13740125217013546, 0.13715931128385245, 0.13717843499508078, 0.13716742925109773, 0.13709093483017726, 0.13700207430834874, 0.1369529833875919, 0.1369706873212766, 0.13702505134520704, 0.13689571505567563, 0.13693723132875241, 0.13693934779439496, 0.13690220723876506, 0.1368576865873444, 0.13689826387627974, 0.13691253961586583, 0.13676629712907962, 0.13684173865396521, 0.13673758084960952, 0.13671482713960606, 0.13690222542133532, 0.1369162809741975, 0.13678463176249392, 0.13682937651387708, 0.13671140239049967, 0.13679502279748565, 0.13675679026240303, 0.13684020416652043], "val_acc": [0.94448698315467072, 0.94812404287901986, 0.94898545176110261, 0.94924068402246042, 0.94981495661051552, 0.95035732516590099, 0.94962353241449715, 0.95061255742725881, 0.95054874936191935, 0.9504849412965799, 0.95070826952526799, 0.95067636549259826, 0.95169729453802965, 0.95054874936191935, 0.95112302194997445, 0.95074017355793772, 0.95163348647269019, 0.95198443083205719, 0.95128254211332308, 0.95022970903522208, 0.95150587034201128, 0.95204823889739665, 0.95227156712608474, 0.95125063808065335, 0.95131444614599281, 0.95217585502807556, 0.95198443083205719, 0.95153777437468101, 0.95179300663603883, 0.95185681470137828, 0.95195252679938747, 0.95182491066870856, 0.95121873404798363, 0.95061255742725881, 0.95192062276671774, 0.9517611026033691, 0.95153777437468101, 0.95160158244002047, 0.95163348647269019, 0.95243108728943338, 0.95182491066870856, 0.95105921388463499, 0.95230347115875447, 0.95105921388463499, 0.95042113323124044], "val_loss": [0.14857752903375532, 0.14378856081418567, 0.14239345526302755, 0.14133668229584795, 0.1412747697510118, 0.14047846657040017, 0.14130671810874104, 0.13930575064972478, 0.13905072876648247, 0.13882359031696231, 0.13872709166545719, 0.13810392220434697, 0.13832469364593017, 0.1382116241586899, 0.13862546188010436, 0.13749439809176617, 0.13693561955845251, 0.13814293596401028, 0.13668102590769393, 0.13785129287311043, 0.13763175129266708, 0.13682908298577989, 0.13804048165154129, 0.13744867190475243, 0.1377372082937062, 0.13690829687980499, 0.13752075515577172, 0.13689743056551057, 0.13773633809422675, 0.13672147428920192, 0.1370608200599126, 0.13781077439852549, 0.13700640987511678, 0.13751362908142845, 0.13783667327179144, 0.13709616028019639, 0.13750312168525761, 0.13712901394907431, 0.13741220597742529, 0.13764206016547464, 0.13717408881120044, 0.13717910986832965, 0.13778433530016662, 0.13706852080830054, 0.13758817638093229]}}