{"low_val_loss": 0.13627961656766135, "params": {"verbose": 1, "nb_epoch": 1000, "batch_size": 32, "metrics": ["loss", "acc", "val_loss", "val_acc"], "nb_sample": 94030, "do_validation": true}, "results": {"acc": [0.94357120069077605, 0.94365627991573797, 0.94395405721578218, 0.94664468786557476, 0.94696373498834063, 0.94749548016590446, 0.947538019780921, 0.94787833670105281, 0.94820801871743066, 0.94810166968496057, 0.94854833563756247, 0.94867595448895081, 0.94892055726895674, 0.94858024034882482, 0.94896309688524094, 0.94909071573409376, 0.94916516005530149, 0.94894182707773278, 0.94904817611907732, 0.9493034138041051, 0.94968627034559228, 0.94975007976177817, 0.94976071466553225, 0.94996277784700278, 0.94968627034432451, 0.9501861108207682, 0.94984579390063639, 0.94995214293310648, 0.95032436456450065, 0.95036690417951719, 0.95042007869828782, 0.9501967457245224, 0.95030309476206354, 0.95031372966074656, 0.95028182495455538, 0.95040944379453363, 0.95027119004573013, 0.95073912581091136, 0.95064341168219546, 0.95044134850579598, 0.95065404658087849, 0.95040944379960479, 0.9504307136020419, 0.95074976071466555, 0.95064341167712429, 0.95067531638838665, 0.95063277677844127, 0.95065404658594954, 0.95033499947332589, 0.95052642773582896, 0.95024992023822186, 0.95055833245216248, 0.95042007869828782, 0.95060087206717891, 0.95027119004573013, 0.95074976072480777, 0.95055833245216248, 0.95068595130228306, 0.95036690417951719, 0.95109007764113629, 0.95039880889077955, 0.95053706264465421, 0.95081357013719026, 0.95072849090715728], "loss": [0.23884090500145178, 0.15427408030784143, 0.14695853650523166, 0.14434359074367889, 0.14297281705159195, 0.14210552609771551, 0.14153319768093373, 0.14105873698798327, 0.14061497569806802, 0.14027931487197054, 0.14001778749158555, 0.1397467855435793, 0.13958413712410936, 0.13940397700968163, 0.13914693733339523, 0.13901349993448975, 0.13881256563427929, 0.13869498412963824, 0.13850340506732051, 0.13831910564917066, 0.13808157614849356, 0.13807163338537332, 0.13788257554715444, 0.13771442964072431, 0.13764829853234437, 0.13738497369792452, 0.13746708747675784, 0.13726861372314322, 0.13717738871439764, 0.13707844841598157, 0.13701456034866835, 0.13691390959852415, 0.13683422749285037, 0.13680116711278476, 0.13687829259106749, 0.13674781240010203, 0.13675904940244468, 0.13667062154862014, 0.13672088622083362, 0.13664611466454785, 0.13647236811310309, 0.13667136958421805, 0.13650960955702662, 0.13644617544440568, 0.13653408660177321, 0.13654387179394864, 0.13652948165280912, 0.13651645487877812, 0.13658833703176526, 0.13642938928243822, 0.13647949122836156, 0.13636279372215321, 0.13642477568143493, 0.13653501839960661, 0.13645061201603251, 0.13650893101530684, 0.13640849432447141, 0.13647947436372715, 0.1365389441043427, 0.13646112209677025, 0.13650988787365101, 0.1364572566032321, 0.13639065886838861, 0.13650446321962237], "val_acc": [0.94448698315467072, 0.94448698315467072, 0.94809213884635013, 0.9488578356304237, 0.94911306789178151, 0.94879402756508424, 0.94968734047983661, 0.94994257274119454, 0.95010209290454317, 0.95003828483920372, 0.94962353241449715, 0.95019780500255235, 0.94962353241449715, 0.95080398162327717, 0.95086778968861663, 0.95093159775395608, 0.95042113323124044, 0.95093159775395608, 0.95080398162327717, 0.95089969372128635, 0.95121873404798363, 0.95093159775395608, 0.95064446145992854, 0.95080398162327717, 0.95131444614599281, 0.95128254211332308, 0.95160158244002047, 0.95153777437468101, 0.95058065339458908, 0.95195252679938747, 0.95227156712608474, 0.95147396630934145, 0.95156967840735074, 0.95153777437468101, 0.95185681470137828, 0.95201633486472692, 0.95182491066870856, 0.95198443083205719, 0.95192062276671774, 0.95109111791730472, 0.95214395099540583, 0.95223966309341501, 0.9521120469627361, 0.95182491066870856, 0.95217585502807556, 0.95214395099540583, 0.95198443083205719, 0.9517611026033691, 0.95141015824400199, 0.95099540581929554, 0.95195252679938747, 0.95195252679938747, 0.95099540581929554, 0.95137825421133226, 0.95134635017866254, 0.95220775906074528, 0.95070826952526799, 0.95160158244002047, 0.95220775906074528, 0.9517611026033691, 0.95230347115875447, 0.95208014293006638, 0.95144206227667172, 0.95137825421133226], "val_loss": [0.1608711233483309, 0.14889472746967722, 0.14500476918532693, 0.14350001546285662, 0.14226421405194731, 0.14220226914519676, 0.14110141005623761, 0.14082821379090038, 0.14030443647645335, 0.14014144407061366, 0.13980043462214725, 0.13966654202481993, 0.1399854854369206, 0.13969823621278091, 0.1393565730062932, 0.13990400761609298, 0.13901478637935952, 0.13874973528631004, 0.13858928899373432, 0.13853773427723073, 0.13790669965007707, 0.13782047754559607, 0.13792474347776665, 0.13789486872139728, 0.13718190824022519, 0.1376325969373681, 0.13706322717554051, 0.13715690251529186, 0.13745847061531255, 0.13706524606419498, 0.13705195526289599, 0.13689801555398839, 0.13703445643148537, 0.13664262633030971, 0.13647801440633214, 0.13659152734669086, 0.13647144621180113, 0.13627961656766135, 0.136880520750227, 0.13740542171510614, 0.13746972595621518, 0.13681620929909336, 0.13677100879446835, 0.1376220160841394, 0.1369890821218156, 0.13632397458619033, 0.13658460130180067, 0.13680990754744116, 0.13679020932669722, 0.1372254755102657, 0.13656580025989101, 0.13725138620215299, 0.13691063018657376, 0.13678227748004923, 0.1367649935012861, 0.1369133592279454, 0.13777663372361945, 0.13668726421341171, 0.13688601317543075, 0.13697471612833362, 0.13689380771023635, 0.13711812588490352, 0.13681844263059439, 0.13677355014605447]}}