{"low_val_loss": 0.13639469631967069, "params": {"verbose": 1, "nb_epoch": 1000, "batch_size": 32, "metrics": ["loss", "acc", "val_loss", "val_acc"], "nb_sample": 94030, "do_validation": true}, "results": {"acc": [0.94345421673933849, 0.94473040518983298, 0.94721897267336852, 0.94769754333723277, 0.9478251621822823, 0.94805913006487297, 0.94842071679758411, 0.94899500159523553, 0.94885674784643204, 0.94893119217778199, 0.94915452515154741, 0.94938849303413808, 0.949633095825554, 0.94962246092306757, 0.94973944486309514, 0.94987769860936322, 0.94996277783686056, 0.94968627033925346, 0.94969690525314976, 0.95017547591701412, 0.94993087312559821, 0.95036690418458825, 0.95042007869955558, 0.94990960331808993, 0.95006912687440181, 0.94987769861189875, 0.95023928533953883, 0.95007976178322706, 0.95004785706689354, 0.9502180155269595, 0.95057960225586735, 0.950707221099649, 0.95027119005080118, 0.95049452302583437, 0.95036690418458825, 0.95019674571945123, 0.95061150696586194, 0.95031372966581773, 0.9501967457245224, 0.95021801553203056, 0.95038817399209652, 0.9502605551470471, 0.9503030947633313, 0.95073912581344699, 0.95033499947332589, 0.95024992023822186, 0.9505051579283208, 0.95047325321705833, 0.95066468148463257, 0.95034563438215114, 0.95089864937229429, 0.95045198340955017, 0.9502605551432437, 0.95071785600847425, 0.95078166543099907, 0.95037753908327127, 0.95049452302963777, 0.95067531639345781, 0.95011166649448942, 0.95065404658594954, 0.95064341167712429, 0.95059023715835367, 0.95005849197571879, 0.95067531638838665, 0.95027119004573013, 0.95045198341462123, 0.95037753908327127, 0.95056896735084551, 0.950590237168496, 0.95028182494948421, 0.95033499946825484, 0.95045198341081794, 0.95033499947332589, 0.95039880889585071, 0.9507816654259279, 0.95057960225586735, 0.95059023716342483, 0.95043071360711306, 0.95067531638838665], "loss": [0.19826160599931711, 0.14670885635608627, 0.14320439455782519, 0.14195119463702449, 0.14137260298944213, 0.14063793316857492, 0.14038259468328493, 0.13995026315347597, 0.13954363909974815, 0.13938519170781749, 0.13912186904187474, 0.13871181485238487, 0.13842027448573341, 0.13830322909675913, 0.13804433261899382, 0.13807331576830881, 0.13804127839851998, 0.13773028928393108, 0.13767857285341051, 0.13768875753259602, 0.13771650186437476, 0.1376817578934969, 0.13750589026072221, 0.13746104013849469, 0.13720174778784119, 0.13742567411584575, 0.13726715586273694, 0.13722022229986444, 0.13729275212313463, 0.13721524573578095, 0.13719927704069293, 0.13709408681089733, 0.13707604663341361, 0.13709192093694311, 0.13706657093889496, 0.13701828002317984, 0.1369260874765548, 0.1369228554872722, 0.137001207136834, 0.1370273658386332, 0.13699795235351314, 0.13698561389887065, 0.136913007787792, 0.13700921770474841, 0.13701437998867713, 0.1369892936898767, 0.13705225304370514, 0.13687448640686076, 0.1368473957413868, 0.1369617276748647, 0.13685995482687213, 0.13691340000626667, 0.13686614886067286, 0.13674577601578061, 0.13700247716107522, 0.13680335742342312, 0.13667494763969729, 0.13673893046765129, 0.1367171525055077, 0.13676030605755676, 0.13682688071293334, 0.13689190449913574, 0.13666969325825673, 0.13682770826145144, 0.13674024430044271, 0.13678662737931113, 0.13671582326135312, 0.136628778378903, 0.13671032803674513, 0.13673051975419467, 0.13658187924994694, 0.13665183446520912, 0.13678436054773158, 0.13668792963750589, 0.13671905335344356, 0.13672201175024368, 0.13657449555421755, 0.13656155257738867, 0.13663117464274838], "val_acc": [0.94448698315467072, 0.94847498723838697, 0.94965543644716688, 0.94853879530372642, 0.94987876467585508, 0.94978305257784579, 0.94978305257784579, 0.95016590096988263, 0.95042113323124044, 0.95064446145992854, 0.95134635017866254, 0.94981495661051552, 0.95054874936191935, 0.95074017355793772, 0.95153777437468101, 0.95137825421133226, 0.95089969372128635, 0.95112302194997445, 0.94994257274119454, 0.9511868300153139, 0.95131444614599281, 0.95121873404798363, 0.95109111791730472, 0.95019780500255235, 0.95022970903522208, 0.94962353241449715, 0.95160158244002047, 0.95131444614599281, 0.95019780500255235, 0.95134635017866254, 0.95115492598264417, 0.95064446145992854, 0.95109111791730472, 0.95220775906074528, 0.95141015824400199, 0.95223966309341501, 0.95134635017866254, 0.95217585502807556, 0.95201633486472692, 0.95147396630934145, 0.95137825421133226, 0.95220775906074528, 0.95198443083205719, 0.95153777437468101, 0.95166539050535992, 0.95121873404798363, 0.95109111791730472, 0.95153777437468101, 0.95109111791730472, 0.95163348647269019, 0.95239918325676365, 0.95112302194997445, 0.95115492598264417, 0.95019780500255235, 0.95160158244002047, 0.95131444614599281, 0.9524629913221031, 0.95223966309341501, 0.95275012761613065, 0.95227156712608474, 0.95201633486472692, 0.95144206227667172, 0.95086778968861663, 0.95086778968861663, 0.95198443083205719, 0.95109111791730472, 0.95121873404798363, 0.95010209290454317, 0.94987876467585508, 0.95147396630934145, 0.95102730985196526, 0.95141015824400199, 0.95172919857069938, 0.95198443083205719, 0.95064446145992854, 0.95236727922409392, 0.95163348647269019, 0.95172919857069938, 0.95134635017866254], "val_loss": [0.15050811601413824, 0.14364314141277759, 0.14301941328172843, 0.14310394817580063, 0.1406539236102681, 0.14059699083250082, 0.14096020381933819, 0.13949752676397212, 0.14033805654822046, 0.13906255232064685, 0.13840756628181236, 0.13873701684762624, 0.13823408203131998, 0.13793582384792624, 0.13712651797890238, 0.13724990678744817, 0.13731135932644026, 0.13766121846348459, 0.13791562965203452, 0.1369096611138203, 0.13696483004079479, 0.13699065550454359, 0.13739825520548454, 0.13731478334077923, 0.13853025780881376, 0.13899862794600135, 0.13692830740119985, 0.13791129631030735, 0.13768021129033681, 0.13715932957139657, 0.13676290822868112, 0.13724593286492376, 0.13663244522602172, 0.13764355904049505, 0.13647071406579919, 0.13787560314206276, 0.13669056015972461, 0.13717959984954428, 0.13690358251162091, 0.13653605252375037, 0.13671716029939754, 0.1365736893417657, 0.13775991575793384, 0.13776522581791195, 0.1365940565849032, 0.13757736843047, 0.13708138479287829, 0.13710498404767577, 0.13835475434068517, 0.13677118900324722, 0.13712733284954881, 0.1373735693040446, 0.13639469631967069, 0.13828246707630101, 0.13749062567911263, 0.13684652460669608, 0.13729320993649832, 0.13716835400822699, 0.13759647517628121, 0.13778933806267851, 0.13681734646154703, 0.13686569307651703, 0.13707704442178126, 0.13726380900415674, 0.13743928934562991, 0.13719962305099823, 0.13776321130395391, 0.13799300101633702, 0.13843989073602656, 0.13713824111567036, 0.13742921609030262, 0.13702396874379266, 0.13702775844795445, 0.13695097320359875, 0.13749802372627049, 0.13789181378558316, 0.13693075685183298, 0.13723914970840162, 0.13729469436579758]}}