{"low_val_loss": 0.21958905715648019, "params": {"verbose": 1, "nb_epoch": 1000, "batch_size": 32, "metrics": ["loss", "acc", "val_loss", "val_acc"], "nb_sample": 29058, "do_validation": true}, "results": {"acc": [0.83942459907770661, 0.8893592126092642, 0.89672379379172684, 0.89944249432170142, 0.89920159680638723, 0.89927042466790552, 0.89951132218321972, 0.90013077293688482, 0.89968339183701562, 0.90050932617523571, 0.9013352605134558, 0.90013077293688482, 0.90044049831371742, 0.9013352605134558, 0.90057815403675412, 0.89978663362929312, 0.90047491224447651, 0.90102553513662331, 0.90057815403675412, 0.90033725652143992, 0.89985546149081153, 0.90123201872117831, 0.90057815403675412, 0.89978663362929312, 0.90075022369054991, 0.90112877692890081, 0.90105994906738252, 0.90047491224447651, 0.90013077293688482, 0.90102553513662331, 0.90037167045219901, 0.90081905155206832, 0.90095670727510502, 0.90081905155206832, 0.90092229334434581, 0.90050932617523571, 0.90095670727510502, 0.90095670727510502, 0.90088787941358661, 0.90019960079840322, 0.90081905155206832, 0.90050932617523571, 0.90061256796751321, 0.90092229334434581, 0.90019960079840322, 0.90068139582903162, 0.90047491224447651, 0.90071580975979071, 0.90044049831371742, 0.90081905155206832, 0.90057815403675412, 0.90075022369054991, 0.90064698189827241, 0.90075022369054991, 0.90044049831371742, 0.90095670727510502, 0.90095670727510502, 0.90054374010599492, 0.90085346548282741, 0.90078463762130911, 0.90033725652143992, 0.90102553513662331, 0.90047491224447651, 0.90057815403675412, 0.90019960079840322], "loss": [0.35861840708157799, 0.24583947441518672, 0.2349530118984553, 0.23061927859301873, 0.22839703951004048, 0.22679975215363313, 0.22591171794111956, 0.2253225055193161, 0.22494393216570527, 0.22440917316614717, 0.22431972104346867, 0.22426091507756687, 0.22397514032935217, 0.22396992093329174, 0.22380695308392815, 0.22390494686343385, 0.22370209016961728, 0.22360636335528064, 0.22376595327170523, 0.22360121691839865, 0.22378061078371522, 0.22345713420218319, 0.22352025020395547, 0.22348351305329764, 0.22339981375188425, 0.22307338790595121, 0.22363367765963435, 0.22329918303503798, 0.22332754356008294, 0.22335224753155072, 0.22345779851151806, 0.2234328877647726, 0.22312562317826595, 0.22324808960054493, 0.22328447432025381, 0.22337612963869827, 0.22322427131537131, 0.22338037094686167, 0.22325155656111778, 0.22340076109918136, 0.22304937840908021, 0.22344604004000437, 0.22349797009381267, 0.22305175644246289, 0.2232619159888217, 0.22333121098517977, 0.22310225756951607, 0.22330763201087034, 0.22301394154598247, 0.2232476183253613, 0.22330023228975499, 0.22306157836763749, 0.22308138298571123, 0.223213687386284, 0.2232724754542976, 0.22336294302486473, 0.22297723994599508, 0.22330644853711559, 0.2230218581466076, 0.2231492607933343, 0.22312470012952032, 0.22303474042032592, 0.22310432584843343, 0.2233469677674674, 0.2230581634899928], "val_acc": [0.83606895842861806, 0.89356870041846537, 0.8990399505228921, 0.90027872413701415, 0.89986579959897339, 0.9006916486750548, 0.89800763917779036, 0.89800763917779036, 0.89934964392642258, 0.8990399505228921, 0.90027872413701415, 0.89924641279191242, 0.89986579959897339, 0.89687209669817858, 0.89965933732995307, 0.89945287506093274, 0.90038195527152431, 0.89955610619544291, 0.90017549300250399, 0.89873025711936161, 0.90048518640603448, 0.9006916486750548, 0.90007226186799383, 0.9006916486750548, 0.89842056371583112, 0.90038195527152431, 0.90048518640603448, 0.89934964392642258, 0.89914318165740226, 0.89883348825387177, 0.90017549300250399, 0.89965933732995307, 0.89934964392642258, 0.90089811094407513, 0.90038195527152431, 0.9006916486750548, 0.89924641279191242, 0.90038195527152431, 0.90007226186799383, 0.90089811094407513, 0.90131103548211577, 0.89965933732995307, 0.89976256846446323, 0.89831733258132096, 0.89996903073348367, 0.90079487980956496, 0.90120780434760561, 0.9006916486750548, 0.89924641279191242, 0.89862702598485145, 0.89924641279191242, 0.90089811094407513, 0.89893671938838193, 0.89842056371583112, 0.90110457321309545, 0.89996903073348367, 0.89976256846446323, 0.90131103548211577, 0.89924641279191242, 0.90079487980956496, 0.89986579959897339, 0.9006916486750548, 0.89873025711936161, 0.90048518640603448, 0.90131103548211577], "val_loss": [0.25675022553472165, 0.23595933299432836, 0.22961041825073872, 0.2265689077731243, 0.22485503649408878, 0.22306981632937659, 0.22292065485670456, 0.22210630470537063, 0.22217574552558358, 0.22361894416909991, 0.22093721176370251, 0.22108230845126081, 0.22173266146184736, 0.22552719619961559, 0.22087008006200834, 0.2202356516533473, 0.22004919708285819, 0.2199577362597438, 0.2201005548494106, 0.22010630211668192, 0.22206198164980342, 0.22105698113509398, 0.21995156731437673, 0.2205272305057282, 0.2203373173552671, 0.22208576230942753, 0.22043018922774282, 0.22020824275248632, 0.22030650184313752, 0.22069838267430023, 0.22120913183577132, 0.22087524342588613, 0.22093302679711652, 0.2201379748139943, 0.22061616749946603, 0.22009383264286447, 0.22246014252281957, 0.21963677368654339, 0.21958905715648019, 0.22019489518848134, 0.22232814892915745, 0.21993238158709397, 0.22078413840010647, 0.22126277617297208, 0.22095680598308393, 0.22015351209648379, 0.22069404410284665, 0.22053303001859037, 0.22065534252456878, 0.2214261032583249, 0.22012584414584996, 0.220306870060414, 0.22208636535497547, 0.22013201032541874, 0.21987675094833387, 0.22077502807596711, 0.2209730454214564, 0.22034906099009247, 0.22023864082597513, 0.2204475552781984, 0.22007364689953079, 0.22006853430451065, 0.22215113356667948, 0.2203001691434385, 0.22005501618089476]}}