{"low_val_loss": 0.21893265209934396, "params": {"verbose": 1, "nb_epoch": 1000, "batch_size": 32, "metrics": ["loss", "acc", "val_loss", "val_acc"], "nb_sample": 29058, "do_validation": true}, "results": {"acc": [0.84369192649184388, 0.89269736389290388, 0.89634524055337605, 0.89823800674513044, 0.89878862963727713, 0.89954573611397892, 0.89975221969853392, 0.90085346548282741, 0.90099112120586411, 0.89999311721384812, 0.90054374010599492, 0.90099112120586411, 0.90061256796751321, 0.90009635900612572, 0.90019960079840322, 0.90016518686764402, 0.89999311721384812, 0.90054374010599492, 0.89992428935232982, 0.90088787941358661, 0.90092229334434581, 0.90033725652143992, 0.90040608438295822, 0.90057815403675412, 0.90071580975979071, 0.89982104756005232, 0.90095670727510502, 0.90105994906738252, 0.90006194507536652, 0.90075022369054991, 0.90078463762130911, 0.89988987542157062, 0.89913276894486893, 0.90136967444421501, 0.90047491224447651, 0.90075022369054991, 0.90050932617523571, 0.90006194507536652, 0.90054374010599492, 0.89985546149081153, 0.90061256796751321, 0.90037167045219901, 0.89995870328308902, 0.90002753114460732, 0.90054374010599492, 0.90040608438295822, 0.90071580975979071, 0.90116319085966001, 0.90064698189827241, 0.90050932617523571, 0.90047491224447651, 0.90057815403675412, 0.90095670727510502, 0.90150733016725171, 0.90009635900612572, 0.90054374010599492, 0.90009635900612572, 0.90033725652143992, 0.90033725652143992, 0.90044049831371742, 0.89913276894486893, 0.89988987542157062, 0.90092229334434581, 0.90030284259068072, 0.90023401472916231, 0.90037167045219901, 0.90068139582903162, 0.90030284259068072, 0.90002753114460732, 0.90078463762130911, 0.90143850230573341, 0.90033725652143992], "loss": [0.34094403050821953, 0.24277217361005046, 0.23461985289824872, 0.2306483452745442, 0.22859973901193939, 0.22710843884048118, 0.22656600736555949, 0.22543531334401612, 0.22518946246526506, 0.22477335318480957, 0.22478042317318336, 0.22442275003445922, 0.22436199345622027, 0.22413641611370291, 0.22414216689488345, 0.22394141984667729, 0.22394331953053623, 0.22360068327447358, 0.22388532527508112, 0.22400923744339293, 0.22379266630512806, 0.22374121733079044, 0.22357218026277967, 0.22365873571444514, 0.22339507952815563, 0.22358719085488082, 0.22368240497569944, 0.22350310465804651, 0.22341918546115475, 0.22374886705096092, 0.22352589278237869, 0.22339004223210016, 0.22366040953001617, 0.22324730550129421, 0.22329722029498705, 0.22364566078598908, 0.22318143380698288, 0.2235153184949383, 0.22322835836253643, 0.22334678680381187, 0.22317221869176559, 0.22335675397437965, 0.22305280368415395, 0.22334504097964727, 0.22328768512511649, 0.22315407886878616, 0.22352437642939152, 0.2235188399626728, 0.22342049153913313, 0.2233395087227899, 0.22328407892718746, 0.22336470501717767, 0.22334228908419157, 0.22321947184137159, 0.22312444497969816, 0.22314323159534055, 0.22323815848518611, 0.22316978018818312, 0.22306056994371365, 0.22314537391994732, 0.22326026143583988, 0.2231803521754093, 0.22319044102390606, 0.22328162640363944, 0.22310161936464851, 0.22328760806655465, 0.22323502301431358, 0.22342279372700019, 0.22310823037754729, 0.22302845336629648, 0.22317072705446678, 0.22327625895086278], "val_acc": [0.88882006823099768, 0.8946010117389549, 0.89697532783268874, 0.89811087031230064, 0.89862702598485145, 0.89883348825387177, 0.89955610619544291, 0.90141426661662594, 0.89934964392642258, 0.89893671938838193, 0.90027872413701415, 0.89996903073348367, 0.90172396002015642, 0.89873025711936161, 0.89924641279191242, 0.9006916486750548, 0.90079487980956496, 0.89986579959897339, 0.89873025711936161, 0.90017549300250399, 0.9006916486750548, 0.89934964392642258, 0.90120780434760561, 0.89842056371583112, 0.89873025711936161, 0.90007226186799383, 0.90131103548211577, 0.89924641279191242, 0.90079487980956496, 0.89986579959897339, 0.89862702598485145, 0.89893671938838193, 0.90110457321309545, 0.89976256846446323, 0.89842056371583112, 0.90027872413701415, 0.9006916486750548, 0.89914318165740226, 0.90110457321309545, 0.90048518640603448, 0.90038195527152431, 0.9015174977511361, 0.89934964392642258, 0.9006916486750548, 0.90058841754054464, 0.89945287506093274, 0.9006916486750548, 0.90089811094407513, 0.89996903073348367, 0.89996903073348367, 0.9006916486750548, 0.89996903073348367, 0.89955610619544291, 0.89996903073348367, 0.90110457321309545, 0.89934964392642258, 0.90017549300250399, 0.90089811094407513, 0.89924641279191242, 0.89986579959897339, 0.89873025711936161, 0.90089811094407513, 0.90089811094407513, 0.90203365342368702, 0.90058841754054464, 0.89996903073348367, 0.90058841754054464, 0.90089811094407513, 0.90058841754054464, 0.90007226186799383, 0.89996903073348367, 0.9006916486750548], "val_loss": [0.25018376320880475, 0.23630568175612679, 0.23056927410407099, 0.22679220960028734, 0.22458227893276653, 0.22408804895831813, 0.2225842221708407, 0.22269950948461015, 0.22286985341247617, 0.22250695390155886, 0.22165926589160509, 0.22096274124464776, 0.22145479112706637, 0.22107161328164221, 0.22105418849412262, 0.22083021516559712, 0.22094142423136828, 0.22124091753086414, 0.22029262629162727, 0.22170704864084725, 0.22019461192028361, 0.22148292843274342, 0.22134234552180618, 0.22086881228345853, 0.22124095344624678, 0.2226181605184141, 0.22024722032297428, 0.22049234375393009, 0.21981925641689259, 0.22034866796062128, 0.22073227991023595, 0.21954142387725256, 0.22114577223066575, 0.2208797418937061, 0.22161508101211977, 0.21977215160203198, 0.21980866931338078, 0.2204927839988696, 0.22156089312633739, 0.22019738255485338, 0.22025218314955672, 0.22014096059013571, 0.22170758335671828, 0.22024103874538511, 0.21991859588557086, 0.21893265209934396, 0.22009303369942471, 0.21950619216672626, 0.21984303714420031, 0.2207922244620813, 0.21950114460026895, 0.21996476397470532, 0.22053392694943261, 0.22002111620992604, 0.22095619271115843, 0.21953753741690529, 0.2199519472409171, 0.21975243018361895, 0.2209678336607237, 0.22201691213943303, 0.22066279013939313, 0.22117949943615334, 0.21980535051236152, 0.22006079880362067, 0.22059029793301221, 0.21941995780091667, 0.22051966295247724, 0.22006604378469788, 0.21992780406174553, 0.22028100542871037, 0.22046017626792122, 0.22033337833244659]}}