{"low_val_loss": 0.21960194677935921, "params": {"verbose": 1, "nb_epoch": 1000, "batch_size": 32, "metrics": ["loss", "acc", "val_loss", "val_acc"], "nb_sample": 29058, "do_validation": true}, "results": {"acc": [0.83942459907770661, 0.89180260169316539, 0.89686144951476354, 0.89737765847615114, 0.89861655998348133, 0.89982104756005232, 0.89988987542157062, 0.89999311721384812, 0.90081905155206832, 0.90033725652143992, 0.90047491224447651, 0.90044049831371742, 0.90064698189827241, 0.90002753114460732, 0.90064698189827241, 0.89975221969853392, 0.9013352605134558, 0.90078463762130911, 0.90057815403675412, 0.90061256796751321, 0.90136967444421501, 0.90085346548282741, 0.90030284259068072, 0.90068139582903162, 0.90092229334434581, 0.89978663362929312, 0.90095670727510502, 0.90136967444421501, 0.90130084658269671, 0.90044049831371742, 0.90033725652143992, 0.90009635900612572, 0.90071580975979071, 0.90061256796751321, 0.90013077293688482, 0.90016518686764402, 0.90174822768256591, 0.90116319085966001, 0.90130084658269671, 0.90030284259068072, 0.90061256796751321, 0.90147291623649251, 0.90040608438295822, 0.90092229334434581, 0.90092229334434581, 0.89958015004473812, 0.90016518686764402, 0.90099112120586411, 0.90019960079840322, 0.90037167045219901, 0.90057815403675412, 0.90047491224447651, 0.90081905155206832], "loss": [0.35345511649974304, 0.24554014569205471, 0.23551551473936869, 0.23093760723305942, 0.22853566023120944, 0.22715820674000847, 0.22633800180756455, 0.22558831356920164, 0.22514918810993143, 0.22490490893100346, 0.22478822422163788, 0.22424850488061446, 0.22414738915040675, 0.22408635133114724, 0.22414509904596774, 0.22391253924838928, 0.22384452728339355, 0.22378565694823205, 0.22375416572340368, 0.22373447597025031, 0.22366568520619015, 0.22356425923507109, 0.22367257295680604, 0.22351323239829898, 0.22343368934858066, 0.22372275971194672, 0.22366684111291849, 0.22339841380989209, 0.22340698622567612, 0.22327779421861144, 0.22362173391424572, 0.22356239764199456, 0.223363133141077, 0.22346424465677606, 0.22327049967925616, 0.22331146280760017, 0.22320996452855216, 0.22342053853486638, 0.2232860164145444, 0.22337287285141003, 0.22322148427836941, 0.22341401679177877, 0.22312810571252853, 0.22347565959008039, 0.22336562439781105, 0.22345309266450689, 0.22336887196719163, 0.22341963795048789, 0.22313295875850522, 0.22340175643398147, 0.22334683416296541, 0.22297622881063348, 0.22305797073179615], "val_acc": [0.83606895842861806, 0.89470424287346506, 0.89749148350523955, 0.89759471463974971, 0.89986579959897339, 0.89862702598485145, 0.89697532783268874, 0.8990399505228921, 0.89965933732995307, 0.89986579959897339, 0.90038195527152431, 0.8982141014468108, 0.89955610619544291, 0.89893671938838193, 0.89934964392642258, 0.90058841754054464, 0.89893671938838193, 0.89873025711936161, 0.89955610619544291, 0.90058841754054464, 0.89955610619544291, 0.8990399505228921, 0.89934964392642258, 0.89955610619544291, 0.90048518640603448, 0.90017549300250399, 0.90027872413701415, 0.89965933732995307, 0.90089811094407513, 0.90120780434760561, 0.8990399505228921, 0.90007226186799383, 0.90017549300250399, 0.90007226186799383, 0.89852379485034128, 0.90007226186799383, 0.89976256846446323, 0.89914318165740226, 0.89945287506093274, 0.90048518640603448, 0.90027872413701415, 0.89965933732995307, 0.90120780434760561, 0.90100134207858529, 0.90048518640603448, 0.90017549300250399, 0.89883348825387177, 0.90007226186799383, 0.89945287506093274, 0.8982141014468108, 0.89955610619544291, 0.90038195527152431, 0.89945287506093274], "val_loss": [0.25482132146389747, 0.23602592411013695, 0.2301736204656418, 0.2281975301934972, 0.22639684428786719, 0.22458346679851318, 0.22281417299242376, 0.22152726032102121, 0.22116017873545382, 0.22147918720910875, 0.22108088188081798, 0.22159344837787881, 0.22010562564980396, 0.22116472089304157, 0.22071859002101035, 0.22038996461450075, 0.22049661878278359, 0.22226693894307631, 0.22072837293867947, 0.22044056770269183, 0.22115770009103741, 0.22028201071792949, 0.22153147363165554, 0.22065326972951385, 0.22153160202745634, 0.22110079802188931, 0.21960194677935921, 0.22176952020935173, 0.21980367235272516, 0.22036889448025113, 0.22133763729018471, 0.22113011120716164, 0.22123060469363046, 0.22142655928892729, 0.22080186724699699, 0.21990508269362866, 0.22188731216111887, 0.22011375152512183, 0.22037701359028489, 0.22053169214136031, 0.22128044944239239, 0.2196487794076743, 0.22109571109741505, 0.22126442937889348, 0.21999998491738521, 0.21991553238711392, 0.22185375213721495, 0.22034865198729023, 0.21981541920559836, 0.22000859807467232, 0.22002385906960506, 0.22080437452157881, 0.22231291015905974]}}