{"low_val_loss": 0.13375064932311931, "params": {"verbose": 1, "nb_epoch": 1000, "batch_size": 32, "metrics": ["loss", "acc", "val_loss", "val_acc"], "nb_sample": 94030, "do_validation": true}, "results": {"acc": [0.94349675635942609, 0.94544294374135918, 0.94742103584089343, 0.94795278103240277, 0.94862277996891242, 0.94899500159523553, 0.94946293736168463, 0.94988833351058177, 0.94968627033925346, 0.95001595236070235, 0.95010103158566417, 0.95033499947332589, 0.95017547591194296, 0.95064341168219546, 0.95074976071466555, 0.95046261831330425, 0.95055833245216248, 0.950707221099649, 0.95065404659102071, 0.95056896735084551, 0.95107944273611444, 0.95112198235113088, 0.95061150697093311, 0.95064341167712429, 0.95083483994976958, 0.95085610975220669, 0.95111134744230563, 0.95093055407848559, 0.95082420504094434, 0.95098372860739844, 0.95117515687497256, 0.95123896628735505, 0.95095182388599386, 0.95088801446854021, 0.95107944273611444, 0.95136658513240457, 0.95083483995103735, 0.95096245878974794, 0.95101563330851857, 0.95130277571495092, 0.95112198234732759, 0.95168563224502822, 0.95098372859725622, 0.9514197596511752, 0.95094118898223967, 0.95089864937229429, 0.9511113474473768, 0.95084547485859483, 0.95095182388726163, 0.95112198235113088, 0.95107944273611444, 0.95085610975220669, 0.95096245878974794, 0.95131341061363395, 0.95119642667233861, 0.95102626821227265, 0.95119642668248083, 0.95150483888120807, 0.95122833138106544, 0.95146229926619164, 0.9513453153248963, 0.95137722003742642, 0.95118579177365559, 0.95150483888627924, 0.95147293416994572, 0.9516218228225034, 0.95165372753883692, 0.95174944166755293, 0.95180261618632356, 0.95156864830880394, 0.95151547379510448, 0.95176007657130701, 0.9516218228225034, 0.95177071148520342, 0.95171753695629058, 0.95161118792382049, 0.95152610868871634, 0.95149420397745399, 0.95162182282884233, 0.95182388599890289, 0.95156864830373289, 0.95172817186004466, 0.95170690205253639, 0.9514622992712628, 0.95177071148013226, 0.95199404445389768, 0.95156864830880394, 0.95154737850256355, 0.95195150483888125, 0.95183452089758591, 0.95144102945868336, 0.95166436243751995, 0.95170690205253639, 0.95184515580641116, 0.95176007657637818, 0.95168563224502822, 0.95168563225009928, 0.95176007658144923, 0.95156864830373289, 0.95158991812138338, 0.9519515048439523, 0.95188769541635643, 0.95174944167262399, 0.95139848985380915, 0.9517707114750612, 0.95171753695629058, 0.95157928320748697, 0.95168563224502822, 0.95154737850129578, 0.95164309263001168, 0.95183452090265697, 0.95184515580133999, 0.95165372753883692, 0.95153674360261276, 0.95163245773132865, 0.95180261618632356, 0.95151547378496226, 0.95151547379003332, 0.95136658514254679, 0.95186642561391932, 0.95178134637881529, 0.95140912474742101, 0.95165372753883692, 0.95174944166755293, 0.9516218228225034, 0.95154737850636684, 0.95167499734127403, 0.95168563225009928, 0.95179198128764053, 0.95178134637881529, 0.9516324577262576, 0.95166436243751995, 0.95161118791874932, 0.95144102945868336, 0.95174944166755293, 0.95145166436750861, 0.95154737849749238, 0.95144102945868336, 0.95163245773132865, 0.95187706051767351, 0.95153674360261276, 0.95152610868871634, 0.95170690205253639, 0.95156864830373289, 0.95186642560884827, 0.95206848878524764, 0.95172817187018688, 0.95164309263001168], "loss": [0.18375078020331126, 0.14554103749709016, 0.14253546606000911, 0.14052974389015987, 0.13909888865877235, 0.13798448136515101, 0.13736208192683225, 0.13694918717478649, 0.1367945408133811, 0.1363272588531679, 0.13632243486886125, 0.13608110539506602, 0.13601984904222661, 0.1358468096775792, 0.13565323458334561, 0.13556772534085071, 0.1356731064320498, 0.13547538317740757, 0.13552329588903717, 0.13528861405240161, 0.13524621427756453, 0.13515961085223624, 0.13517331494925491, 0.13523651862424491, 0.13518457205627973, 0.13507378936803563, 0.13514364901361575, 0.13520077791349833, 0.13498529133632642, 0.13510157308920284, 0.13512605522859988, 0.13504217391025256, 0.13507694293419301, 0.13499762281239838, 0.13489046546863417, 0.1350007901320201, 0.13488812913200418, 0.1349861940095447, 0.13500699000299377, 0.13479615816452092, 0.13493634590370585, 0.13491839553610538, 0.13490410687848189, 0.13479386314291733, 0.13481550223615896, 0.13488879860759631, 0.13485224055480693, 0.1347486141991846, 0.13485540267534488, 0.13465782283697053, 0.13488116102321066, 0.13468251060145744, 0.13488529300903318, 0.13468202031981649, 0.13485316437006784, 0.13472953410756774, 0.13464891400145024, 0.13472272519264492, 0.13454678817643748, 0.1346057011198645, 0.13456303061851857, 0.13448588953624949, 0.13447810113493411, 0.13442051460625554, 0.13442118294972075, 0.13427529313770822, 0.13422083076195401, 0.13416889751593281, 0.13400997860319727, 0.13402117102447628, 0.13382512070416872, 0.13371093305348589, 0.13362030018088122, 0.13354299677080086, 0.1335010342280129, 0.13347619530730687, 0.133294191849987, 0.13334582956202939, 0.1333674428394015, 0.1333374085977054, 0.13333565794889449, 0.13312849235342283, 0.13342047259956361, 0.13332080488875359, 0.13325911935949331, 0.1332019835429237, 0.13328245599530014, 0.13314194666170431, 0.13325944281666821, 0.13323425055168214, 0.13330985411128426, 0.13317527679589206, 0.1332352120168194, 0.13330271636965579, 0.13321949713923356, 0.13321906173342049, 0.13332990837150416, 0.13317757606709194, 0.13321688639264112, 0.13328703754470284, 0.13315167330046176, 0.13327573466878437, 0.13322886065905315, 0.13323021258437404, 0.13321024077719329, 0.13326727750753831, 0.13322922356326086, 0.13322700093827464, 0.13322688592414608, 0.13318161615541463, 0.1332213135820671, 0.13312524768230599, 0.13316087072249055, 0.1332987703667427, 0.13316752606014184, 0.13323963069968384, 0.13313873340782303, 0.13316602314499784, 0.13312644021623024, 0.13304836123969394, 0.13312797467705165, 0.13311585576312029, 0.13302328628985588, 0.13299419662132614, 0.13326690305433642, 0.13316008636834303, 0.13318836677232745, 0.13314948963488871, 0.13313068395553213, 0.13320248417978614, 0.13318199578462275, 0.13314266585691731, 0.13309245945405013, 0.13317139793401714, 0.13311653516431521, 0.13320518752181074, 0.13317128162199951, 0.13317971819926358, 0.13314717981639879, 0.13313562233283471, 0.13308783943515173, 0.13328252603440263, 0.1331465465172065, 0.13319176562581306, 0.13315112259974665, 0.13311359457395108, 0.13311248283385976, 0.13310215053460858],