{"low_val_loss": 0.13637763310191489, "params": {"verbose": 1, "nb_epoch": 1000, "batch_size": 32, "metrics": ["loss", "acc", "val_loss", "val_acc"], "nb_sample": 94030, "do_validation": true}, "results": {"acc": [0.94344358183685217, 0.94365627991193457, 0.9463575454743558, 0.94726151228838495, 0.94772944805863735, 0.94804849516618994, 0.94832500266379705, 0.94834627246623415, 0.94827182813995536, 0.94871849409762843, 0.94882484314024074, 0.94904817611907732, 0.94933531851536745, 0.94931404871293035, 0.94947357227431328, 0.94964373072550468, 0.94905881102283141, 0.9495586514992751, 0.9501861108207682, 0.94973944485802408, 0.94970754015690395, 0.95009039668190998, 0.94980325428561985, 0.95023928533953883, 0.94993087312559821, 0.95026055514197594, 0.9501435712006806, 0.95013293629692652, 0.95039880889585071, 0.95018611081569715, 0.95013293629692652, 0.95049452302963777, 0.95052642774090013, 0.95026055514197594, 0.95054769754333723, 0.95030309475699248, 0.95032436456957181, 0.95065404658087849, 0.95064341167712429, 0.95020738062320531, 0.95056896735591656, 0.95029245985323829, 0.95055833244709131, 0.95057960225459959, 0.95037753908327127, 0.95049452302963777, 0.95069658620603714, 0.95053706264465421, 0.95042007870335887, 0.95061150696586194, 0.95056896735591656, 0.95046261831330425, 0.95069658619589492, 0.95055833245216248, 0.95065404658594954, 0.95059023715835367, 0.95046261831837542, 0.95046261831330425, 0.95060087206210786, 0.95030309475699248, 0.95048388812588358, 0.9505051579283208, 0.95078166543099907, 0.95062214186961613, 0.95053706264465421, 0.95048388812588358, 0.95038817399209652, 0.95084547484845261, 0.95066468148463257], "loss": [0.21124044747399762, 0.14962959566465481, 0.1447478900887694, 0.14292777095413534, 0.14184014301952702, 0.14109705144720333, 0.140534111008636, 0.14025304391726615, 0.13992752572896949, 0.13970235680742718, 0.13942951386049429, 0.13918380998974339, 0.13888442778717605, 0.13880278246365721, 0.13851982962574261, 0.13844752536848304, 0.13831539698159848, 0.13803508051067009, 0.13781919483300234, 0.13771427842983219, 0.13761206802016787, 0.13743452486758104, 0.1373843720466244, 0.13715384500680625, 0.13711973450595388, 0.13706389661831994, 0.13695856718801885, 0.13712827616294851, 0.13691080511963319, 0.13690832300755643, 0.13683124073772851, 0.13683239300539679, 0.13671635441481275, 0.13674454506109093, 0.13671637481567986, 0.13672501585270691, 0.13658187712657507, 0.13673288156209595, 0.13656849211475469, 0.13669574697485418, 0.13676955714119782, 0.13672545489530341, 0.13666966309461723, 0.13657913172169275, 0.13658324573991287, 0.13665644320245626, 0.13666350143768172, 0.13662868837821893, 0.13660729091927865, 0.13664966455480398, 0.13662820863784608, 0.13662755979334187, 0.13659260401215614, 0.13656677620171057, 0.13664684438945054, 0.13651837533189112, 0.13660012760669973, 0.13654446732567802, 0.13653493779570286, 0.13660153854160148, 0.13660998374626229, 0.13658589903832966, 0.13651669447005307, 0.13651331571392034, 0.13657481478057515, 0.1365621209054263, 0.13656906862500043, 0.13652801415910243, 0.13655388453460482], "val_acc": [0.94448698315467072, 0.94448698315467072, 0.94873021949974479, 0.94892164369576315, 0.94904925982644206, 0.94917687595712097, 0.94943210821847879, 0.94987876467585508, 0.95007018887187344, 0.95029351710056154, 0.95010209290454317, 0.95061255742725881, 0.95029351710056154, 0.95074017355793772, 0.95058065339458908, 0.95099540581929554, 0.95131444614599281, 0.95125063808065335, 0.95105921388463499, 0.95134635017866254, 0.95115492598264417, 0.95131444614599281, 0.95109111791730472, 0.95195252679938747, 0.95163348647269019, 0.95204823889739665, 0.95204823889739665, 0.95201633486472692, 0.95252679938744256, 0.95201633486472692, 0.95144206227667172, 0.95169729453802965, 0.95137825421133226, 0.95128254211332308, 0.95144206227667172, 0.95156967840735074, 0.95032542113323126, 0.9511868300153139, 0.95192062276671774, 0.95169729453802965, 0.94997447677386426, 0.95147396630934145, 0.95163348647269019, 0.95220775906074528, 0.95233537519142419, 0.95147396630934145, 0.95125063808065335, 0.95156967840735074, 0.95105921388463499, 0.95169729453802965, 0.95204823889739665, 0.95201633486472692, 0.95163348647269019, 0.95239918325676365, 0.95217585502807556, 0.95134635017866254, 0.9511868300153139, 0.95141015824400199, 0.95239918325676365, 0.95182491066870856, 0.95255870342011228, 0.95016590096988263, 0.95195252679938747, 0.95220775906074528, 0.95144206227667172, 0.95144206227667172, 0.95290964777947929, 0.95156967840735074, 0.95204823889739665], "val_loss": [0.15411362892863945, 0.14560407859945004, 0.14318287665820231, 0.14240958743774812, 0.14143597343941317, 0.14127862922021964, 0.14127675813183971, 0.1415457028540012, 0.13994614565825816, 0.14008793452751764, 0.1396133506783741, 0.13930773561808027, 0.13882147206251202, 0.1385582493463148, 0.13845293263221589, 0.13839162465787744, 0.1385662378881159, 0.13822452815828609, 0.13744003591928755, 0.1376570424786662, 0.13729562387897262, 0.13750019493251811, 0.13730170891343058, 0.13683628565296646, 0.13698605965060381, 0.13682224325961212, 0.13708452985637679, 0.13724524284950199, 0.13754544756838774, 0.13704774401713052, 0.13676727628558799, 0.13654355465939849, 0.13679395109936102, 0.13681296359475714, 0.13679185058805576, 0.1368557811097155, 0.13743143901799393, 0.13698985066118444, 0.13690554557226489, 0.13670483921550408, 0.13760740421579284, 0.13692361361243977, 0.13637763310191489, 0.13674142750597171, 0.13719847972441565, 0.13685745616776715, 0.13731590008069325, 0.13708677067268771, 0.13757906467171271, 0.13697944814077806, 0.13675436959423662, 0.13744011438333331, 0.13680774650444724, 0.13657460956453454, 0.13700693351991053, 0.13691948450846961, 0.13687234824297986, 0.13676502538874419, 0.13752921608301863, 0.13686520753465423, 0.13796303963698467, 0.13800590234794838, 0.13680908739977554, 0.13684154168767793, 0.13692516345966221, 0.13703956254560648, 0.13726274994539023, 0.13690521125646044, 0.13721186450134437]}}