{"low_val_loss": 0.21672894472712589, "params": {"verbose": 1, "nb_epoch": 1000, "batch_size": 32, "metrics": ["loss", "acc", "val_loss", "val_acc"], "nb_sample": 29058, "do_validation": true}, "results": {"acc": [0.83973432445453922, 0.88423153692614775, 0.89617317089958015, 0.89796269529905703, 0.89999311721384812, 0.89933925252942393, 0.90057815403675412, 0.90037167045219901, 0.90164498589028841, 0.90033725652143992, 0.90147291623649251, 0.90126643265193751, 0.90140408837497421, 0.90116319085966001, 0.9018170555440842, 0.90088787941358661, 0.90147291623649251, 0.90095670727510502, 0.90161057195952921, 0.90167939982104761, 0.90109436299814161, 0.9022300227131943, 0.90143850230573341, 0.9020579530593984, 0.90136967444421501, 0.90167939982104761, 0.9019891251978801, 0.9022988505747126, 0.9017138137518067, 0.9024365062977493, 0.9018514694748434, 0.90216119485167601, 0.90192029733636181, 0.9019891251978801, 0.9029871291898961, 0.9022300227131943, 0.9017138137518067, 0.90240209236699021, 0.90123201872117831, 0.9023332645054718, 0.90164498589028841, 0.90216119485167601, 0.9026085759515452, 0.90240209236699021, 0.9025053341592677, 0.9026429898823044, 0.9026429898823044, 0.9025053341592677, 0.9018170555440842, 0.9018514694748434, 0.9024365062977493, 0.9029871291898961, 0.90167939982104761, 0.9020923669901576, 0.9024709202285085, 0.90161057195952921, 0.90136967444421501, 0.9022644366439535, 0.9022644366439535, 0.9024365062977493, 0.90157615802877, 0.9021267809209168, 0.9021267809209168, 0.90105994906738252, 0.90143850230573341, 0.9022644366439535, 0.9025053341592677, 0.90278064560534099, 0.90154174409801091, 0.90267740381306349, 0.9025053341592677, 0.9027462316745819, 0.9024709202285085, 0.902367678436231, 0.9022644366439535, 0.9021956087824351, 0.9023332645054718, 0.9026429898823044, 0.9019891251978801, 0.9026085759515452, 0.9022300227131943, 0.90305595705141439, 0.9023332645054718, 0.90302154312065519, 0.9021267809209168, 0.9019547112671209, 0.9024709202285085, 0.90157615802877, 0.9025053341592677, 0.9020579530593984, 0.9025053341592677, 0.9022644366439535, 0.9024709202285085], "loss": [0.36432329578440148, 0.24712086779234849, 0.23618335788470191, 0.23148565122396034, 0.2285436765646621, 0.22693190534072663, 0.22584248089406353, 0.22504501625825246, 0.22423413950329155, 0.22410692516461778, 0.22389904386006562, 0.22357692322218456, 0.22328306145140947, 0.2231137547327898, 0.22294466731733575, 0.22295055265611918, 0.22282878033685183, 0.22280142439626863, 0.22263019660654304, 0.22252861284997968, 0.22230612392500695, 0.2224672354213697, 0.22247244790478463, 0.22220087545327813, 0.22219208669335613, 0.22217767726932786, 0.22206563527318729, 0.22228790684359892, 0.22190913645298949, 0.2220978748248067, 0.22183176550558556, 0.22204068092446883, 0.22194139381072059, 0.22201294533465943, 0.221912739060112, 0.22184470781021989, 0.22181337802394044, 0.22184235625898727, 0.22163783708469728, 0.22185151998210825, 0.22183349501872079, 0.22179985742476466, 0.22158582417739373, 0.22173033054602417, 0.22162333474827778, 0.22133267310927018, 0.22147645644437947, 0.22154705829585572, 0.22115931862752283, 0.22133778892963563, 0.22119164026325794, 0.22137713228829983, 0.22121487692551289, 0.22138563188336344, 0.22120765355050973, 0.22115019112245921, 0.22116117762814894, 0.2210241241960173, 0.22105002681007052, 0.2210594938874503, 0.22110981911972602, 0.22108318130593724, 0.22117600314869376, 0.22128630115655273, 0.2210339996249655, 0.22105970089861945, 0.22091053870901894, 0.22115091660434788, 0.22100610895981948, 0.221016111525036, 0.22108516844312689, 0.22109627365959314, 0.22093550813806073, 0.2209708307104303, 0.22096929442573623, 0.22105140154438357, 0.22081797661297142, 0.22117181641777037, 0.22086604299152335, 0.22094407442835884, 0.22090982744875742, 0.22103556021571086, 0.2209234096869335, 0.22082091464139086, 0.22104876661468451, 0.22099610082756441, 0.22080684457300156, 0.22105923107628367, 0.22081407582479248, 0.22084417942929591, 0.22078687352991061, 0.22063556936011769, 0.22083789703399467], "val_acc": [0.83606895842861806, 0.89511716741150571, 0.89687209669817858, 0.89749148350523955, 0.8990399505228921, 0.89934964392642258, 0.90182719115466659, 0.90058841754054464, 0.90172396002015642, 0.90079487980956496, 0.90141426661662594, 0.90079487980956496, 0.90079487980956496, 0.89965933732995307, 0.89976256846446323, 0.89986579959897339, 0.90182719115466659, 0.90079487980956496, 0.90100134207858529, 0.90120780434760561, 0.90172396002015642, 0.90100134207858529, 0.90131103548211577, 0.90120780434760561, 0.90120780434760561, 0.9006916486750548, 0.90275627136525816, 0.90162072888564626, 0.90120780434760561, 0.90110457321309545, 0.90234334682721751, 0.90120780434760561, 0.90038195527152431, 0.90089811094407513, 0.90172396002015642, 0.90141426661662594, 0.90213688455819718, 0.90172396002015642, 0.90131103548211577, 0.90203365342368702, 0.90162072888564626, 0.90244657796172767, 0.90172396002015642, 0.90224011569270735, 0.90224011569270735, 0.90234334682721751, 0.90296273363427848, 0.90285950249976832, 0.90203365342368702, 0.90254980909623783, 0.90182719115466659, 0.90110457321309545, 0.90213688455819718, 0.90358212044133945, 0.90120780434760561, 0.9015174977511361, 0.90079487980956496, 0.90378858271035989, 0.90182719115466659, 0.90224011569270735, 0.90182719115466659, 0.90162072888564626, 0.90162072888564626, 0.90131103548211577, 0.90213688455819718, 0.90224011569270735, 0.90296273363427848, 0.90254980909623783, 0.90182719115466659, 0.90203365342368702, 0.9015174977511361, 0.90131103548211577, 0.90038195527152431, 0.90285950249976832, 0.90224011569270735, 0.90193042228917686, 0.90162072888564626, 0.90296273363427848, 0.90327242703780897, 0.90327242703780897, 0.90296273363427848, 0.90162072888564626, 0.90182719115466659, 0.90234334682721751, 0.90213688455819718, 0.90182719115466659, 0.90182719115466659, 0.90265304023074799, 0.90079487980956496, 0.90389181384487005, 0.90254980909623783, 0.90203365342368702, 0.90224011569270735], "val_loss": [0.26014825780165013, 0.23744302944980983, 0.23073037254363621, 0.22743181759843248, 0.2256553846578597, 0.22465434353258312, 0.22181192173349409, 0.22151532585226838, 0.22064244777619488, 0.22045109025142604, 0.2203571212461542, 0.21935673643034703, 0.21977425948180712, 0.22091697727278978, 0.21931035842358468, 0.21878894654370762, 0.21894065201854734, 0.21957766588250832, 0.21910917834624227, 0.22009261085532503, 0.21843000321955802, 0.21807641806808728, 0.22010599013832907, 0.21867861914612555, 0.21876564452408687, 0.21776977251271806, 0.21938372399460682, 0.21818249256320199, 0.21947585730357252, 0.21850412739151412, 0.2195641018694075, 0.21971025942057859, 0.21784013706032823, 0.2180312596399176, 0.21820631382376021, 0.21795184094556114, 0.21803175445937933, 0.2175618117040459, 0.21794673334989825, 0.21756616691336048, 0.21835274193091722, 0.21756569626002265, 0.21719236275514017, 0.21728015344394205, 0.21799667943947773, 0.2183738485743193, 0.21767996118523283, 0.21792981013481838, 0.21780713706288751, 0.21741570587853251, 0.21683128023831802, 0.21761602486350212, 0.2171284644500604, 0.21763939330842924, 0.21782368905800001, 0.21773477343689907, 0.21807248606282614, 0.21713461059220523, 0.21942778849879863, 0.21709623910379788, 0.21754829453107705, 0.21768432997741652, 0.21737305503875046, 0.21874560953367972, 0.2176731281067868, 0.21742468808068202, 0.21672894472712589, 0.21835072269205388, 0.21761541040711349, 0.21722768184520197, 0.21710658289089874, 0.21872163446520312, 0.2175092453974817, 0.21705936901928952, 0.2175433548522879, 0.21719067028042111, 0.21854050617610829, 0.2172788170957462, 0.21694990175112711, 0.21733333958158851, 0.21772286980418187, 0.21709332457080496, 0.21805650193009249, 0.21743854691126502, 0.2170298821517308, 0.21792856010167952, 0.21797696718604029, 0.21758965922851636, 0.21988421120460994, 0.21826009446651412, 0.2178223192248783, 0.2179344191791916, 0.21884496456958738]}}