{"low_val_loss": 0.21910593446174545, "params": {"verbose": 1, "nb_epoch": 1000, "batch_size": 32, "metrics": ["loss", "acc", "val_loss", "val_acc"], "nb_sample": 29058, "do_validation": true}, "results": {"acc": [0.83939018514694752, 0.83990639410833501, 0.83990639410833501, 0.83990639410833501, 0.83990639410833501, 0.83990639410833501, 0.83990639410833501, 0.83990639410833501, 0.83990639410833501, 0.83990639410833501, 0.83990639410833501, 0.83990639410833501, 0.83990639410833501, 0.83990639410833501, 0.83990639410833501, 0.83990639410833501, 0.83990639410833501, 0.83990639410833501, 0.83990639410833501, 0.87638516071305661, 0.8907357698396311, 0.89455571615389906, 0.89606992910730265, 0.89768738385298363, 0.89816917888361214, 0.89878862963727713, 0.89951132218321972, 0.90016518686764402, 0.90037167045219901, 0.89892628536031383, 0.90047491224447651, 0.90075022369054991, 0.90009635900612572, 0.90078463762130911, 0.90068139582903162, 0.90061256796751321, 0.90006194507536652, 0.90030284259068072, 0.90140408837497421, 0.90064698189827241, 0.90102553513662331, 0.90068139582903162, 0.90109436299814161, 0.90050932617523571, 0.90071580975979071, 0.90071580975979071, 0.90057815403675412, 0.90040608438295822, 0.90071580975979071, 0.90092229334434581, 0.90026842865992152, 0.90023401472916231, 0.90047491224447651, 0.90105994906738252, 0.90126643265193751, 0.90061256796751321, 0.90050932617523571, 0.90033725652143992, 0.90044049831371742, 0.90105994906738252, 0.90116319085966001, 0.90154174409801091, 0.90047491224447651, 0.90078463762130911, 0.90040608438295822, 0.90057815403675412, 0.90119760479041922, 0.9013352605134558, 0.90054374010599492, 0.90102553513662331, 0.89971780576777483, 0.90068139582903162, 0.90064698189827241, 0.90075022369054991, 0.90037167045219901, 0.90116319085966001, 0.90071580975979071, 0.90105994906738252, 0.90019960079840322, 0.90050932617523571, 0.90064698189827241, 0.90009635900612572, 0.90092229334434581, 0.90123201872117831, 0.90071580975979071, 0.90054374010599492, 0.90047491224447651, 0.9021267809209168, 0.90068139582903162, 0.90088787941358661, 0.90088787941358661, 0.90033725652143992, 0.90016518686764402, 0.90037167045219901, 0.89999311721384812, 0.90078463762130911, 0.90075022369054991, 0.90095670727510502, 0.90126643265193751], "loss": [0.41926717063427071, 0.35002166860667616, 0.34792711117566844, 0.34727391867473861, 0.34674214439666462, 0.34655224193833417, 0.34648985856044923, 0.34644811147791493, 0.34627137225178245, 0.3462304482728159, 0.34608012944474276, 0.34597581074024331, 0.34584931037682642, 0.34575400194266648, 0.34555212366612964, 0.34540524163258218, 0.34503384579096896, 0.34445581306560508, 0.3240985383651856, 0.25576385419788344, 0.2397331823886848, 0.23377602558095983, 0.23068094241815176, 0.2288394863348357, 0.22753716404344976, 0.22656994743400993, 0.22619337925161934, 0.22546527207353365, 0.22510222289950974, 0.22510288985390584, 0.22451774001967845, 0.22445680380433694, 0.22451549969776113, 0.22410830954120273, 0.22393965703900037, 0.22377496148260964, 0.22366325223115363, 0.22356612904983048, 0.22361465202919395, 0.22349198009142912, 0.22333387034554239, 0.22332945513626898, 0.22325802050411425, 0.22323089845412383, 0.22315190980575378, 0.22307322491071896, 0.22294062870099574, 0.22303533618908841, 0.22309112597390998, 0.22309575313111857, 0.22311765585658522, 0.22296818123636919, 0.22295356909144778, 0.22287924531830572, 0.22287823519887992, 0.22312748035438698, 0.22291079443954487, 0.22306831867878113, 0.22303431692656076, 0.22289148968420022, 0.22305915149472208, 0.22296783283544641, 0.22298209695994825, 0.22283317273605369, 0.22295851089710034, 0.22309757957756887, 0.22280528717847067, 0.22300903753171283, 0.22295588399519478, 0.22297319061877238, 0.2226903419409626, 0.22268054338226373, 0.22276276046952112, 0.22276693544638312, 0.22293871392652528, 0.22286682344741812, 0.22288295275703693, 0.22282285862898119, 0.22269054327330115, 0.22292745385955645, 0.22292485042162416, 0.22289404820815747, 0.22269668707262422, 0.22292249283951857, 0.22264741668851362, 0.22284381945624357, 0.22284527848475258, 0.2227702943744187, 0.22277674071249232, 0.22273798378297127, 0.22276557025581883, 0.22284734572927306, 0.22276090625082523, 0.22303919486870202, 0.22303760511715648, 0.22285265676596203, 0.22275420395141152, 0.22274214241255486, 0.22267407374168713], "val_acc": [0.83606895842861806, 0.83606895842861806, 0.83606895842861806, 0.83606895842861806, 0.83606895842861806, 0.83606895842861806, 0.83606895842861806, 0.83606895842861806, 0.83606895842861806, 0.83606895842861806, 0.83606895842861806, 0.83606895842861806, 0.83606895842861806, 0.83606895842861806, 0.83606895842861806, 0.83606895842861806, 0.83606895842861806, 0.83606895842861806, 0.83606895842861806, 0.8885103748274672, 0.89140084659375185, 0.89377516268748569, 0.89594301648758701, 0.89563332310866872, 0.89614947875660733, 0.89811087031230064, 0.8979044080432802, 0.89914318165740226, 0.89893671938838193, 0.90017549300250399, 0.89955610619544291, 0.89955610619544291, 0.89914318165740226, 0.89800763917779036, 0.89914318165740226, 0.8979044080432802, 0.89945287506093274, 0.8990399505228921, 0.89976256846446323, 0.89955610619544291, 0.89831733258132096, 0.89873025711936161, 0.89934964392642258, 0.89976256846446323, 0.90017549300250399, 0.89924641279191242, 0.89883348825387177, 0.89924641279191242, 0.90048518640603448, 0.90027872413701415, 0.90027872413701415, 0.90027872413701415, 0.90110457321309545, 0.90089811094407513, 0.8990399505228921, 0.90007226186799383, 0.90058841754054464, 0.89976256846446323, 0.90100134207858529, 0.89965933732995307, 0.90017549300250399, 0.90079487980956496, 0.90017549300250399, 0.89883348825387177, 0.89955610619544291, 0.89996903073348367, 0.89945287506093274, 0.90017549300250399, 0.90038195527152431, 0.89965933732995307, 0.90079487980956496, 0.89996903073348367, 0.89976256846446323, 0.8990399505228921, 0.90058841754054464, 0.90100134207858529, 0.89924641279191242, 0.89883348825387177, 0.9006916486750548, 0.89976256846446323, 0.9006916486750548, 0.90079487980956496, 0.89945287506093274, 0.89934964392642258, 0.89842056371583112, 0.90058841754054464, 0.90079487980956496, 0.89996903073348367, 0.90058841754054464, 0.9006916486750548, 0.89934964392642258, 0.90027872413701415, 0.89883348825387177, 0.90079487980956496, 0.90038195527152431, 0.90058841754054464, 0.90120780434760561, 0.89976256846446323, 0.9015174977511361],