{"low_val_loss": 0.1454786807663998, "params": {"verbose": 1, "nb_epoch": 1000, "batch_size": 32, "metrics": ["loss", "acc", "val_loss", "val_acc"], "nb_sample": 29058, "do_validation": true}, "results": {"acc": [0.83928694335467002, 0.88051483240415718, 0.88650285635625303, 0.88825796682497071, 0.88901507330167251, 0.8904948723243169, 0.8910110812857045, 0.89118315093950029, 0.89211232706999799, 0.89390185146947487, 0.89342005643884648, 0.89304150320049558, 0.89348888430036477, 0.89431481863858486, 0.89386743753871567, 0.89338564250808727, 0.89428040470782577, 0.89459013008465826, 0.89486544153073166, 0.89493426939224996, 0.89476219973845417, 0.89493426939224996, 0.89534723656136006, 0.89520958083832336, 0.89565696193819255, 0.89631082662261685, 0.89613875696882095, 0.89610434303806186, 0.89644848234565355, 0.89541606442287835, 0.89572578979971096, 0.89610434303806186, 0.89582903159198846, 0.89579461766122925, 0.89655172413793105, 0.89541606442287835, 0.89558813407667426, 0.89655172413793105, 0.89658613806869025, 0.89620758483033935, 0.89703351916855945, 0.89651731020717185, 0.89655172413793105, 0.89658613806869025, 0.89665496593020855, 0.89693027737628195, 0.89534723656136006, 0.89703351916855945, 0.89603551517654345, 0.89627641269185765, 0.89717117489159615, 0.89703351916855945, 0.89655172413793105, 0.89634524055337605, 0.89606992910730265, 0.89693027737628195, 0.89785945350677954, 0.89699910523780024, 0.89679262165324525, 0.89751531419918784, 0.89665496593020855, 0.89655172413793105], "loss": [0.35401116933713878, 0.26063246439694454, 0.25127311597679314, 0.24810720883964696, 0.24617549659303156, 0.24494827151405188, 0.2441139126715593, 0.24285527878958274, 0.24220172307309726, 0.24161487900643594, 0.24101730385472553, 0.2406482807843526, 0.24017204660309485, 0.23977475134547246, 0.23927730762693508, 0.23924583739600627, 0.23881062211632786, 0.23862615994173464, 0.23841617507319693, 0.23820626224725833, 0.23808865231824058, 0.23744953580093495, 0.23760345518169543, 0.23733119879391509, 0.23721034655006321, 0.23689465204743396, 0.23663180717829582, 0.23673704845866822, 0.23676477402696852, 0.23650551474884524, 0.23656687716860447, 0.23650034665199884, 0.23617086249073985, 0.23590397778574126, 0.23583947870078079, 0.23580978474488024, 0.23554877904199858, 0.23536430940535069, 0.23546791529937142, 0.23515832481188015, 0.2350565511764062, 0.23508560365482972, 0.23481289139551423, 0.23476762689620059, 0.23455137637834791, 0.23465294207177886, 0.23478588764432359, 0.23469336413478309, 0.23414902700939069, 0.23448728600227051, 0.23426406361061128, 0.23407244091705171, 0.23422721718464315, 0.23399327031681397, 0.23391515520668024, 0.23392009903718539, 0.23371374995743008, 0.23361158424919032, 0.23374111531433739, 0.23353696193841433, 0.23360013373601757, 0.23339679659385215], "val_acc": [0.93011252196122829, 0.92216372460394536, 0.92133787552786395, 0.92495096523571985, 0.92629296998435207, 0.91700216787843691, 0.920099101913742, 0.90977598846272512, 0.92484773410120968, 0.91782801695451832, 0.91607308766784545, 0.92577681431180125, 0.91049860640429636, 0.92588004544631142, 0.91318261590156069, 0.92051202645178265, 0.92051202645178265, 0.91917002170315043, 0.92237018687296568, 0.92329926708355725, 0.91978940851021151, 0.92753174359847412, 0.92381542275610806, 0.92082171985531314, 0.91751832355098772, 0.91855063489608946, 0.92794466813651477, 0.92918344175063683, 0.92216372460394536, 0.9289769794816165, 0.93300299372751305, 0.92154433779688438, 0.92278311141100633, 0.91669247447490643, 0.91906679056864027, 0.93609992776281803, 0.91720863014745724, 0.92639620111886223, 0.92360896048708774, 0.92154433779688438, 0.9136987715741115, 0.92267988027649617, 0.92051202645178265, 0.92877051721259607, 0.92319603594904698, 0.92247341800747584, 0.92175080006590471, 0.92247341800747584, 0.91235676682547939, 0.9261897388498419, 0.92154433779688438, 0.92391865389061822, 0.91824094149255897, 0.91710539901294708, 0.92515742750474028, 0.92133787552786395, 0.92030556418276233, 0.92298957368002665, 0.92515742750474028, 0.91772478582000816, 0.92422834729414871, 0.91328584703607085], "val_loss": [0.18466243972436333, 0.17652138384122332, 0.17039477786400548, 0.16276238714756766, 0.15579813874160417, 0.17314397983573729, 0.16952551306186231, 0.18763411763328278, 0.1649204696523518, 0.17309810845191922, 0.17780762267079506, 0.16214263987069566, 0.18695632413051205, 0.1609535238743936, 0.185068698740878, 0.17037954898302099, 0.17077215116567579, 0.17455880131095239, 0.16756260383859181, 0.1658308954577371, 0.17069055183743612, 0.16186488818527622, 0.16413973432287682, 0.17293658362832479, 0.17701627565942965, 0.17406053469008037, 0.15969722199413236, 0.15638541927440217, 0.16830779093861753, 0.15518755629263364, 0.15000166359812381, 0.17074767957757142, 0.16910318516581693, 0.17859068984509782, 0.17316947034015504, 0.1454786807663998, 0.17799297501991146, 0.16141915251512923, 0.1654012067560916, 0.17075857460149624, 0.18776377872720129, 0.16771690963912739, 0.17060579690565766, 0.1560235502736923, 0.16589789684849207, 0.16912625505605006, 0.17182727666619615, 0.16955036372392432, 0.18973220083441444, 0.1625218884285862, 0.17244599172115768, 0.16190742445440315, 0.17508048796588832, 0.17826136814925869, 0.16043312637256718, 0.1706435176346513, 0.17042234434306935, 0.1666385478409215, 0.16245089303861712, 0.18077698218508059, 0.15929795621162759, 0.18671135825122412]}}