{"low_val_loss": 0.15693646373002845, "params": {"verbose": 1, "nb_epoch": 1000, "batch_size": 32, "metrics": ["loss", "acc", "val_loss", "val_acc"], "nb_sample": 29058, "do_validation": true}, "results": {"acc": [0.82342212127469194, 0.87359763232156373, 0.88247642645742996, 0.88440360657994355, 0.88732879069447312, 0.88756968820978732, 0.88908390116319092, 0.89094225342418609, 0.8904604583935577, 0.89056370018583519, 0.89197467134696129, 0.89194025741620209, 0.89200908527772038, 0.89204349920847958, 0.89197467134696129, 0.89280060568518138, 0.89224998279303458, 0.89300708926973638, 0.89280060568518138, 0.89276619175442218, 0.89300708926973638, 0.89393626540023396, 0.89273177782366298, 0.89472778580769496, 0.89445247436162156, 0.89483102759997246, 0.89493426939224996, 0.89524399476908256, 0.89493426939224996, 0.89479661366921326, 0.89459013008465826, 0.89510633904604586, 0.89527840869984165, 0.89545047835363756, 0.89603551517654345, 0.89534723656136006, 0.89589785945350675], "loss": [0.38446034217222941, 0.27478391274638558, 0.25783054246012393, 0.25258731972371051, 0.24990497626119623, 0.24819447751331916, 0.24703609901373327, 0.24599932774628833, 0.24504091165884453, 0.24449922496764251, 0.24386557551344817, 0.24343343764918909, 0.24307513062234706, 0.24259890405201839, 0.242118774089362, 0.2417179432195235, 0.24168311482130911, 0.24132881906521739, 0.24125068984124229, 0.24085567176846612, 0.24058015604661109, 0.24021532116564229, 0.23998127546951392, 0.23964705068834208, 0.23951227700233796, 0.23895285319557694, 0.2388977606547692, 0.23866184389642908, 0.23842264149435183, 0.23818138059951974, 0.23809326734806388, 0.23795969334476311, 0.23797287018314703, 0.2376374815286777, 0.23735158380960203, 0.23747618129760614, 0.23727443016397209], "val_acc": [0.93609992773820583, 0.92154433779688438, 0.9209249509898233, 0.92206049346943519, 0.92061525758629281, 0.91751832355098772, 0.91627954993686578, 0.9261897388498419, 0.91504077632274372, 0.91307938476705053, 0.9281511304055351, 0.92164756893139455, 0.92298957368002665, 0.91968617737570135, 0.92051202645178265, 0.91566016312980469, 0.92247341800747584, 0.91855063489608946, 0.91669247447490643, 0.91978940851021151, 0.92329926708355725, 0.92185403120041487, 0.92154433779688438, 0.91813771035804881, 0.91978940851021151, 0.92391865389061822, 0.91906679056864027, 0.91204707342194891, 0.92216372460394536, 0.9245380406976792, 0.92433157842865887, 0.91493754518823356, 0.9261897388498419, 0.9173118612819674, 0.91947971510668092, 0.92040879531727249, 0.92185403120041487], "val_loss": [0.19462663443768505, 0.18536558912885662, 0.17411236537852512, 0.1679583720026819, 0.16943798182931949, 0.1723389996047838, 0.17614092178357402, 0.15866498446146426, 0.17414768803658975, 0.18005659936269555, 0.15693646373002845, 0.16541606946338303, 0.16485237873090031, 0.17000232018777259, 0.16650864740738844, 0.17636709279379104, 0.16446486710379143, 0.1699855734123169, 0.17324640873338498, 0.16894816421799164, 0.1625955632552343, 0.16601230920397905, 0.16514696576154256, 0.17194575361720582, 0.16722786485613519, 0.16095425218806753, 0.17053933758905851, 0.1803623424667784, 0.16545757128357813, 0.16053284217094052, 0.16124320903869313, 0.17867922708753636, 0.15845730734555064, 0.17378915383061216, 0.16800597828730313, 0.16722731687389281, 0.16648888351328234]}}