{"low_val_loss": 0.13968663361749192, "params": {"verbose": 1, "nb_epoch": 1000, "batch_size": 32, "metrics": ["loss", "acc", "val_loss", "val_acc"], "nb_sample": 29058, "do_validation": true}, "results": {"acc": [0.84854429072888704, 0.88581457774106953, 0.88904948723243171, 0.89194025741620209, 0.8912519788010187, 0.89180260169316539, 0.89307591713125478, 0.89417716291554816, 0.89421157684630737, 0.89407392112327067, 0.89366095395416068, 0.89524399476908256, 0.89489985546149076, 0.89489985546149076, 0.89538165049211926, 0.89634524055337605, 0.89558813407667426, 0.89565696193819255, 0.89682703558400445, 0.89596668731502516, 0.89600110124578425, 0.89699910523780024, 0.89665496593020855, 0.89593227338426595, 0.89627641269185765, 0.89717117489159615, 0.89641406841489435, 0.89541606442287835, 0.89717117489159615, 0.89648289627641264, 0.89789386743753874, 0.89593227338426595, 0.89772179778374284, 0.89689586344552275, 0.89720558882235524, 0.89710234703007774, 0.89634524055337605, 0.89775621171450204, 0.89627641269185765, 0.89734324454539194], "loss": [0.33362964996246913, 0.25359122896031999, 0.24760056816216336, 0.24483583128405148, 0.24344199368509936, 0.24191490457541878, 0.2410253305061221, 0.24014621066163244, 0.23955424973736431, 0.238974048082298, 0.23867135637354084, 0.23789853380653403, 0.23759343694636281, 0.23745319616249266, 0.23708179728262307, 0.23645200657728341, 0.23624500165214563, 0.23584165000580767, 0.23559399620872853, 0.23546738333796782, 0.23551676811741931, 0.23538609629233989, 0.2349756907618358, 0.23498163112130954, 0.23497156183162848, 0.23450420342113468, 0.23470014199324532, 0.2344352176938696, 0.23414871185839534, 0.23422042595889114, 0.23367393732694497, 0.23428392719034927, 0.23340033416262132, 0.23334020958459933, 0.23370303707455636, 0.23307759289699179, 0.23358861817269685, 0.23303124480786888, 0.23333071132853778, 0.23311733973837331], "val_acc": [0.931764220113391, 0.91772478582000816, 0.9237121916215979, 0.91865386603059962, 0.92051202645178265, 0.91886032829961994, 0.9273252813294538, 0.91473108291921323, 0.9128729224980302, 0.91596985653333529, 0.92629296998435207, 0.92928667288514699, 0.91184061115292847, 0.93878393726008247, 0.92536388977376061, 0.91803447922353865, 0.9261897388498419, 0.92040879531727249, 0.92680912565690288, 0.92082171985531314, 0.91886032829961994, 0.91741509241647756, 0.91917002170315043, 0.92164756893139455, 0.9092598327901743, 0.92877051721259607, 0.91638278107137594, 0.92164756893139455, 0.91018891300076588, 0.92908021061612667, 0.92464127183218936, 0.92835759267455542, 0.9281511304055351, 0.91947971510668092, 0.91080829980782685, 0.91782801695451832, 0.91596985653333529, 0.92567358317729109, 0.91700216787843691, 0.91349230930509118], "val_loss": [0.17108531461616561, 0.17811114202999867, 0.16443230773739442, 0.17434191971454283, 0.16752829210709846, 0.17408419113336634, 0.15762418562330438, 0.17631690619320917, 0.18634031742043608, 0.17983822762978463, 0.16030822405877149, 0.15534318274030673, 0.18097798030043186, 0.13968663361749192, 0.16256958877649902, 0.17748197097582408, 0.15958171858352946, 0.17250789312296413, 0.15628307639723396, 0.1672584752023337, 0.17267236649248638, 0.17678142790817691, 0.17196973736802773, 0.17002942049023081, 0.18710369479495317, 0.15696762846879905, 0.17735439711241233, 0.16983818134178166, 0.18903947068116633, 0.15584032025864658, 0.16157957894762776, 0.1548286715313397, 0.15392736867808565, 0.16894994044463565, 0.1885038836821383, 0.17943011162316294, 0.17860635535840932, 0.16587296801801804, 0.17489273629100427, 0.17996839623653299]}}