{"low_val_loss": 0.14963843074736918, "params": {"verbose": 1, "nb_epoch": 1000, "batch_size": 32, "metrics": ["loss", "acc", "val_loss", "val_acc"], "nb_sample": 29058, "do_validation": true}, "results": {"acc": [0.8415582627847753, 0.88557368022575533, 0.88829238075572992, 0.88963452405533761, 0.89042604446279849, 0.89183701562392459, 0.89166494597012869, 0.89204349920847958, 0.89204349920847958, 0.89235322458531219, 0.89324798678505057, 0.89314474499277308, 0.89372978181567897, 0.89372978181567897, 0.89459013008465826, 0.89383302360795647, 0.89472778580769496, 0.89500309725376836, 0.89452130222313997, 0.89465895794617656, 0.89434923256934407, 0.89606992910730265, 0.89562254800743346, 0.89531282263060086, 0.89483102759997246, 0.89496868332300916, 0.89606992910730265, 0.89565696193819255, 0.89624199876109845, 0.89569137586895176, 0.89596668731502516, 0.89748090026842864, 0.89648289627641264, 0.89620758483033935, 0.89696469130704104, 0.89631082662261685, 0.89603551517654345, 0.89610434303806186, 0.89696469130704104, 0.89655172413793105, 0.89675820772248604, 0.89514075297680507, 0.89703351916855945, 0.89579461766122925, 0.89717117489159615, 0.89761855599146534, 0.89668937986096775, 0.89658613806869025, 0.89758414206070614, 0.89672379379172684, 0.89816917888361214, 0.89713676096083694, 0.89730883061463285, 0.89644848234565355, 0.89703351916855945, 0.89696469130704104, 0.89679262165324525, 0.89696469130704104, 0.89734324454539194, 0.89624199876109845, 0.89737765847615114, 0.89696469130704104, 0.89772179778374284, 0.89816917888361214, 0.89779062564526124, 0.89706793309931865, 0.89834124853740793, 0.89754972812994704, 0.89717117489159615, 0.89837566246816714, 0.89823800674513044], "loss": [0.34978645378235934, 0.25546301545259759, 0.2488541025892736, 0.24639403681301772, 0.24467667890305578, 0.24402390846477354, 0.24325723941504884, 0.24263875881032312, 0.24201874167980367, 0.24143903860493482, 0.24092660886786482, 0.24042199592878652, 0.23995335134983031, 0.23965543972928161, 0.23936870143302613, 0.23880606482709396, 0.23841575140905147, 0.23815167810921989, 0.23820364150361034, 0.23767583689913466, 0.23765321712105311, 0.2375184626948178, 0.2372867805736241, 0.23732012326099217, 0.2371262555702971, 0.23671265815438722, 0.236742167013692, 0.23672157680268741, 0.2366892336379621, 0.2364441559289949, 0.23626942107498428, 0.23625959243972317, 0.23601542371014625, 0.23595378676057477, 0.23586496757237646, 0.23565777404579574, 0.23577115722746733, 0.23542297524524092, 0.23540338808070013, 0.23540814658330125, 0.23491913590971752, 0.23505346025453397, 0.23487616453715418, 0.23471090776317749, 0.23454992231593111, 0.23457279149757007, 0.23412540058346212, 0.23430347916358549, 0.23454078519681604, 0.23444960509166066, 0.23408182225754767, 0.23420542198738359, 0.23399113944691718, 0.23392891308505689, 0.23397374443796515, 0.23382479266246045, 0.23382794639384824, 0.23395621897603389, 0.23343986062560804, 0.23372098662626334, 0.23379456221347616, 0.23360981607857226, 0.23299928920153651, 0.23338849225089645, 0.2334351166825902, 0.23331297154895567, 0.23342947213580337, 0.23294989626950297, 0.23316262751126438, 0.23290665776062605, 0.23300399068038105], "val_acc": [0.92753174359847412, 0.92753174359847412, 0.92267988027649617, 0.92020233304825216, 0.91627954993686578, 0.92185403120041487, 0.91245999795998955, 0.91958294624119119, 0.91607308766784545, 0.91865386603059962, 0.9128729224980302, 0.9136987715741115, 0.91782801695451832, 0.91968617737570135, 0.91824094149255897, 0.91607308766784545, 0.90709197896546079, 0.92082171985531314, 0.92123464439335379, 0.92567358317729109, 0.92639620111886223, 0.91865386603059962, 0.92402188502512839, 0.92422834729414871, 0.92051202645178265, 0.91442138951568275, 0.92433157842865887, 0.92629296998435207, 0.92649943225337239, 0.91927325283766059, 0.91524723859176405, 0.91194384228743874, 0.92412511615963855, 0.917621554685498, 0.9237121916215979, 0.92195726233492503, 0.91978940851021151, 0.92402188502512839, 0.91999587077923184, 0.92918344175063683, 0.9140084649776421, 0.92567358317729109, 0.91751832355098772, 0.91875709716510978, 0.931764220113391, 0.91307938476705053, 0.91328584703607085, 0.92391865389061822, 0.91607308766784545, 0.91266646022900988, 0.91627954993686578, 0.91080829980782685, 0.91627954993686578, 0.91855063489608946, 0.920099101913742, 0.91380200270862166, 0.92164756893139455, 0.9173118612819674, 0.9245380406976792, 0.92474450296669952, 0.92412511615963855, 0.91297615363254037, 0.90285950245054392, 0.91751832355098772, 0.92319603594904698, 0.91173738001841831, 0.92247341800747584, 0.91906679056864027, 0.922576649141986, 0.91225353569096923, 0.92195726233492503], "val_loss": [0.17763092662188074, 0.16189108711092529, 0.16965703663979692, 0.1716094240992323, 0.17895644700401361, 0.16451887740355853, 0.18382484885706576, 0.17098886264011046, 0.17215741077720462, 0.17289665366835524, 0.18186757009031482, 0.18302625821811244, 0.1774432262861656, 0.17061086765221181, 0.174251150218319, 0.17602503125889329, 0.1966056558972199, 0.16750588253351192, 0.16846114670167683, 0.16120463440294136, 0.15848059287113808, 0.17405341382247935, 0.16250017261080874, 0.16300644505243314, 0.16830690450796379, 0.18385768930424942, 0.16445190953887801, 0.16060901800836033, 0.15923895900106669, 0.17482787178129594, 0.18048548808988002, 0.18619255230478352, 0.16568393401414713, 0.18046022991097857, 0.16539924171756784, 0.16870422756446088, 0.17244729966185182, 0.16378558512046029, 0.1696492377262902, 0.15533247649288157, 0.18181448064139166, 0.16252312639596858, 0.17362168134704786, 0.17266107518758533, 0.14963843074736918, 0.18443419055093538, 0.1844856883679441, 0.16716416767942865, 0.17750948220006857, 0.18196301172779997, 0.17633368286982071, 0.18903052731248585, 0.17807357562731832, 0.17270261460756189, 0.17432124807636928, 0.18139841752723851, 0.16604673505003231, 0.17394163146925759, 0.1602465711077159, 0.16045905026857471, 0.1617326430493376, 0.18500176854520078, 0.20553107704393103, 0.17779080694074278, 0.16347865504820772, 0.18292529868963606, 0.16628094401110174, 0.17332353693221306, 0.16602925705089219, 0.18195781567235586, 0.16707505644539924]}}