{"low_val_loss": 0.1460866653643563, "params": {"verbose": 1, "nb_epoch": 1000, "batch_size": 32, "metrics": ["loss", "acc", "val_loss", "val_acc"], "nb_sample": 29058, "do_validation": true}, "results": {"acc": [0.85023057333608643, 0.88756968820978732, 0.8897377658476151, 0.8910110812857045, 0.8908734255626678, 0.89238763851607128, 0.89286943354669968, 0.89321357285429137, 0.89359212609264227, 0.89514075297680507, 0.89503751118452746, 0.89562254800743346, 0.89610434303806186, 0.89459013008465826, 0.89724000275311444, 0.89748090026842864, 0.89620758483033935, 0.89655172413793105, 0.89662055199944934, 0.89617317089958015, 0.89682703558400445, 0.89658613806869025, 0.89644848234565355, 0.89662055199944934, 0.89768738385298363, 0.89761855599146534, 0.89675820772248604, 0.89748090026842864, 0.89627641269185765, 0.89816917888361214, 0.89682703558400445, 0.89713676096083694, 0.89772179778374284, 0.89679262165324525, 0.89741207240691034, 0.89772179778374284, 0.89724000275311444, 0.89830683460664873, 0.89717117489159615, 0.89775621171450204, 0.89758414206070614, 0.89727441668387364, 0.89882304356803633, 0.89699910523780024, 0.89896069929107303, 0.89816917888361214, 0.89693027737628195, 0.89806593709133453, 0.89844449032968543, 0.89796269529905703, 0.89730883061463285, 0.89823800674513044, 0.89820359281437123, 0.89813476495285294, 0.89827242067588964, 0.89796269529905703, 0.89823800674513044, 0.89906394108335053, 0.89730883061463285, 0.89789386743753874, 0.89823800674513044, 0.89799710922981624, 0.89744648633766944, 0.89803152316057544, 0.89851331819120384, 0.89803152316057544, 0.89810035102209373, 0.89865097391424054, 0.89796269529905703, 0.89754972812994704, 0.89854773212196293, 0.89799710922981624, 0.89868538784499963, 0.89868538784499963, 0.89868538784499963, 0.89930483859866472, 0.89861655998348133, 0.89896069929107303, 0.89916718287562802, 0.89865097391424054, 0.89920159680638723, 0.89896069929107303, 0.89851331819120384, 0.89944249432170142, 0.89854773212196293, 0.89896069929107303, 0.89796269529905703, 0.89868538784499963, 0.89799710922981624, 0.89810035102209373, 0.89975221969853392, 0.89889187142955473, 0.89861655998348133, 0.89816917888361214, 0.89858214605272213, 0.89878862963727713, 0.89958015004473812, 0.89875421570651803, 0.89830683460664873], "loss": [0.33235871748212498, 0.2512299441259081, 0.24666448304992072, 0.24460005396714893, 0.24277320067225241, 0.24204694602931554, 0.240986924632072, 0.24035218205377054, 0.23950849406774372, 0.23897761256128325, 0.23865822131345016, 0.2378270354710883, 0.23733329925531893, 0.23714881239003674, 0.23681101960073819, 0.23641410089185158, 0.23610827431592457, 0.23607839633186273, 0.23600379043342762, 0.23547618978160881, 0.23517545439578941, 0.23507336487119773, 0.23484856917940336, 0.23478803754046942, 0.23440198907845317, 0.23434074801796112, 0.23420220217079393, 0.23416328010545379, 0.2341312609279104, 0.23397978009028267, 0.23376983003297899, 0.23375793863609673, 0.23337239252581707, 0.23347622194734158, 0.23343226569687084, 0.23364392980257309, 0.23341421153242783, 0.2329763000196024, 0.23302106571122436, 0.23286317348874061, 0.23281477382444413, 0.23276131137518621, 0.23259741297362915, 0.23212497020099285, 0.23232627781879156, 0.23224035946586782, 0.23210604094833975, 0.23195855023430542, 0.23195389098122676, 0.23216333854049948, 0.2315302042491717, 0.23207577325593942, 0.23169953517538361, 0.23118499754373259, 0.23164877906350409, 0.2314410483530879, 0.23128446669844885, 0.23114407602209161, 0.23125856797261449, 0.23129465183647888, 0.23112964492901261, 0.23094722212706539, 0.23122842038512206, 0.23094228321883947, 0.23074378607868615, 0.23051017614706998, 0.2307036719300336, 0.23031210234344224, 0.23037710341877024, 0.23052527986108431, 0.23035974869597775, 0.23049108629807921, 0.23059648134250735, 0.23084125814011866, 0.23030761296377103, 0.2300343802299406, 0.23012206426251983, 0.23021959421870453, 0.2302111516922922, 0.23038048061685606, 0.23016559779008131, 0.23033931220018394, 0.22984949736234467, 0.22999010926694696, 0.2297196938343522, 0.2302719031932238, 0.2299437051618064, 0.22975429610293119, 0.2300038395967583, 0.22998771734539827, 0.2297091053547391, 0.22981376597981254, 0.22975004315160902, 0.22980656632004229, 0.2296487491268128, 0.22977033100052524, 0.22963309768012749, 0.22954549412269029, 0.22965499827052002], "val_acc": [0.91545370086078437, 0.91813771035804881, 0.93011252196122829, 0.9128729224980302, 0.91184061115292847, 0.91679570560941659, 0.91524723859176405, 0.91442138951568275, 0.91514400745725388, 0.91937648397217075, 0.92298957368002665, 0.92154433779688438, 0.92598327658082158, 0.91555693199529453, 0.92794466813651477, 0.91824094149255897, 0.91555693199529453, 0.90967275732821495, 0.91452462065019291, 0.91989263964472168, 0.922576649141986, 0.91266646022900988, 0.92195726233492503, 0.91380200270862166, 0.92206049346943519, 0.91824094149255897, 0.92670589452239271, 0.92433157842865887, 0.91431815838117259, 0.91679570560941659, 0.91793124808902848, 0.91380200270862166, 0.91638278107137594, 0.90833075257958285, 0.92474450296669952, 0.91349230930509118, 0.91700216787843691, 0.92670589452239271, 0.91782801695451832, 0.920099101913742, 0.90698874783095063, 0.90915660165566414, 0.91524723859176405, 0.9245380406976792, 0.91751832355098772, 0.91566016312980469, 0.92071848872080297, 0.92484773410120968, 0.92113141325884362, 0.90895013938664382, 0.90667905442742014, 0.91173738001841831, 0.91318261590156069, 0.92577681431180125, 0.91576339426431497, 0.91349230930509118, 0.91679570560941659, 0.90864044598311333, 0.91947971510668092, 0.92856405494357575, 0.90626612988937938, 0.91793124808902848, 0.91514400745725388, 0.92918344175063683, 0.91359554043960134, 0.91710539901294708, 0.9309383710373097, 0.92484773410120968, 0.91276969136352004, 0.91318261590156069, 0.92247341800747584, 0.91504077632274372, 0.93403530507261467, 0.91617631880235562, 0.9273252813294538, 0.92402188502512839, 0.92051202645178265, 0.9237121916215979, 0.92660266338788255, 0.91927325283766059, 0.92639620111886223, 0.91617631880235562, 0.90771136577252176, 0.91318261590156069, 0.90977598846272512, 0.92020233304825216, 0.91937648397217075, 0.92267988027649617, 0.91793124808902848, 0.91493754518823356, 0.92206049346943519, 0.91906679056864027, 0.9298028285576978, 0.917621554685498, 0.92226695573845552, 0.9281511304055351, 0.91617631880235562, 0.91658924334039626, 0.92433157842865887],