{"low_val_loss": 0.15769834295907378, "params": {"verbose": 1, "nb_epoch": 1000, "batch_size": 32, "metrics": ["loss", "acc", "val_loss", "val_acc"], "nb_sample": 29058, "do_validation": true}, "results": {"acc": [0.78453437951682836, 0.80776378277926908, 0.8651318053548076, 0.8784155826278478, 0.88106545529630398, 0.88385298368779686, 0.88430036478766605, 0.88608988918714293, 0.88698465138688143, 0.88870534792484002, 0.88849886434028491, 0.88918714295546841, 0.8900819051552068, 0.88990983550141101, 0.8903572166012802, 0.8898754215706518, 0.8898754215706518, 0.8901851469474843, 0.8907357698396311, 0.8902539748090027, 0.89094225342418609, 0.8905981141165944, 0.89042604446279849, 0.89080459770114939, 0.8904948723243169, 0.89066694197811269, 0.8902539748090027, 0.89118315093950029, 0.89083901163190859, 0.89083901163190859], "loss": [0.45212896739602115, 0.33277295443383026, 0.29341147930789974, 0.27327865024227194, 0.2635470482503644, 0.25857632308152251, 0.25559800370201552, 0.25367445097966657, 0.2519867358152591, 0.25061754456192603, 0.24954097944666948, 0.24879025600394697, 0.24819118419612246, 0.24781164564271779, 0.24736730258695699, 0.24707708437162665, 0.2468288278098083, 0.24653801068470524, 0.24643619689402999, 0.2463775699578343, 0.24622552795185013, 0.24622143373619662, 0.24611727480542447, 0.24603613134596891, 0.24605121931679211, 0.24591231133443447, 0.24588976588395828, 0.24588937880709164, 0.24580493428044328, 0.24576937132441617], "val_acc": [1.0, 0.95622999896768868, 0.93826778158753155, 0.93114483330633002, 0.92051202645178265, 0.91803447922353865, 0.92185403120041487, 0.92526065863925044, 0.92536388977376061, 0.92381542275610806, 0.92350572935257758, 0.92133787552786395, 0.91896355943413011, 0.91803447922353865, 0.92288634254551649, 0.91772478582000816, 0.92154433779688438, 0.92082171985531314, 0.92185403120041487, 0.92102818212433346, 0.92071848872080297, 0.91896355943413011, 0.92402188502512839, 0.92030556418276233, 0.92298957368002665, 0.91999587077923184, 0.92061525758629281, 0.91927325283766059, 0.92381542275610806, 0.91834417262706913], "val_loss": [0.21812104940671317, 0.17077025934620035, 0.16636836006768263, 0.15769834295907378, 0.16778889666814745, 0.16754838761549451, 0.16181639546115628, 0.15955687319578937, 0.15856190907423853, 0.16180865774016712, 0.16406807878623933, 0.16618724070820903, 0.16989682351760207, 0.17247495846596925, 0.16438277598031659, 0.17383633672043525, 0.16614803755479945, 0.16789270649748997, 0.16677575951181195, 0.16888933830579281, 0.16920253659872628, 0.1701783695163693, 0.16250343054273039, 0.16935913192030014, 0.16503889816266606, 0.16925000618130687, 0.16774058384743715, 0.17110256721389924, 0.16456500931811294, 0.17264457435704883]}}