{"low_val_loss": 0.14497843095241494, "params": {"verbose": 1, "nb_epoch": 1000, "batch_size": 32, "metrics": ["loss", "acc", "val_loss", "val_acc"], "nb_sample": 29058, "do_validation": true}, "results": {"acc": [0.85081561015899232, 0.88784499965586072, 0.8898754215706518, 0.89149287631633289, 0.89152729024709199, 0.89293826140821808, 0.89262853603138548, 0.89266294996214468, 0.89410833505402987, 0.89359212609264227, 0.89459013008465826, 0.89483102759997246, 0.89469337187693576, 0.89507192511528666, 0.89496868332300916, 0.89520958083832336, 0.89579461766122925, 0.89606992910730265, 0.89582903159198846, 0.89576020373047005, 0.89576020373047005, 0.89610434303806186, 0.89672379379172684, 0.89693027737628195, 0.89637965448413515, 0.89631082662261685, 0.89655172413793105, 0.89658613806869025, 0.89724000275311444, 0.89761855599146534, 0.89662055199944934, 0.89589785945350675, 0.89696469130704104, 0.89624199876109845], "loss": [0.32803322260874879, 0.25068422293119857, 0.24605066601387754, 0.24418580283111929, 0.24271073958109463, 0.24139360309527133, 0.24080480854750352, 0.23981664131669678, 0.23950795903528208, 0.23898864619747845, 0.23874033259950803, 0.23806047005534903, 0.23766548952828895, 0.23732113632867666, 0.23718996277178087, 0.23698770467768074, 0.23649209813673225, 0.23639993109585897, 0.23596611832221037, 0.23591623358621808, 0.23568926244844396, 0.23563020255103051, 0.2351656483280018, 0.23497561327072081, 0.23506534476133426, 0.23467333574942598, 0.23468058876771708, 0.23443269196243147, 0.23426226120018701, 0.23458397430804134, 0.23440115455653673, 0.23390780043163847, 0.23377386336932451, 0.23395828637856317], "val_acc": [0.93042221536475878, 0.91999587077923184, 0.92949313515416732, 0.92804789927102493, 0.8995561061462185, 0.92288634254551649, 0.90905337052115398, 0.93527407868673673, 0.91359554043960134, 0.92959636628867748, 0.92319603594904698, 0.9173118612819674, 0.9273252813294538, 0.91204707342194891, 0.92247341800747584, 0.92422834729414871, 0.92990605969220796, 0.91679570560941659, 0.91772478582000816, 0.9140084649776421, 0.92185403120041487, 0.92784143700200461, 0.92794466813651477, 0.91504077632274372, 0.92216372460394536, 0.92340249821806741, 0.9184474037615793, 0.92071848872080297, 0.92030556418276233, 0.91896355943413011, 0.91421492724666242, 0.92866728607808591, 0.92804789927102493, 0.91576339426431497], "val_loss": [0.16248504460993179, 0.17713988648541598, 0.15319623171750935, 0.15677642241686421, 0.20430153847483704, 0.16644670766551109, 0.19642598651018048, 0.14497843095241494, 0.18930729766637533, 0.15309421782381544, 0.16687893675132789, 0.17588677468733779, 0.15782712980346486, 0.18460094646354683, 0.16601300230294949, 0.16460427846419218, 0.15465312348252802, 0.17714808211676586, 0.17581234749510793, 0.18305457092354735, 0.16836670438071713, 0.16180916661743694, 0.15756856433065042, 0.17818816002645618, 0.16768827592842322, 0.16505309537205395, 0.17204375474679034, 0.16802275733245628, 0.16743897859061344, 0.17516378771820967, 0.17957655598938349, 0.15175799815643926, 0.15520564515208624, 0.1797203714616579]}}