{"low_val_loss": 0.14740270706470676, "params": {"verbose": 1, "nb_epoch": 1000, "batch_size": 32, "metrics": ["loss", "acc", "val_loss", "val_acc"], "nb_sample": 29058, "do_validation": true}, "results": {"acc": [0.83729093537063803, 0.88261408218046666, 0.88719113497143642, 0.88891183150939501, 0.89070135590887189, 0.89145846238557369, 0.89159611810861039, 0.89252529423910798, 0.89190584348544288, 0.89280060568518138, 0.89273177782366298, 0.89276619175442218, 0.89317915892353228, 0.89290384747745888, 0.89300708926973638, 0.89348888430036477, 0.89414274898478907, 0.89414274898478907, 0.89434923256934407, 0.89452130222313997, 0.89479661366921326, 0.89431481863858486, 0.89483102759997246, 0.89476219973845417, 0.89562254800743346, 0.89493426939224996, 0.89545047835363756, 0.89582903159198846, 0.89486544153073166, 0.89538165049211926, 0.89572578979971096, 0.89503751118452746, 0.89496868332300916, 0.89641406841489435], "loss": [0.36235994633070018, 0.25804455565814677, 0.2497072168362757, 0.24707040141467193, 0.24538064781434957, 0.24436889224431824, 0.24338698321711755, 0.24280413788539412, 0.24224666765891592, 0.24174670860508746, 0.24106430748276431, 0.24076546542872104, 0.24076942141369159, 0.24013596090652042, 0.23981925749866539, 0.23991076384036883, 0.23941645084436264, 0.239222008239313, 0.2389315580667784, 0.23877476327138181, 0.23861768564929164, 0.23848058875262743, 0.23816956700400105, 0.2378360608379686, 0.23788669076894023, 0.23780533881322491, 0.23757559909849438, 0.23733182892975618, 0.23727392400810104, 0.2372076957499967, 0.23675913193370932, 0.2369544784402009, 0.23669369804852186, 0.23649211336916709], "val_acc": [0.93868070612557231, 0.92856405494357575, 0.92154433779688438, 0.91359554043960134, 0.91576339426431497, 0.91617631880235562, 0.91566016312980469, 0.93444822961065532, 0.92360896048708774, 0.92804789927102493, 0.92577681431180125, 0.91927325283766059, 0.91803447922353865, 0.90884690825213366, 0.91607308766784545, 0.920099101913742, 0.91504077632274372, 0.91349230930509118, 0.92536388977376061, 0.92680912565690288, 0.92629296998435207, 0.92082171985531314, 0.92680912565690288, 0.92784143700200461, 0.92133787552786395, 0.9245380406976792, 0.9237121916215979, 0.91627954993686578, 0.92381542275610806, 0.92639620111886223, 0.92753174359847412, 0.91927325283766059, 0.92195726233492503, 0.92154433779688438], "val_loss": [0.16828171627083971, 0.16382541834786604, 0.17033700996924692, 0.18279286883629131, 0.18085970836844903, 0.17354034772387927, 0.17833322429856649, 0.14740270706470676, 0.1638731566209031, 0.15544353370586761, 0.15891875724966859, 0.17249892114450027, 0.17783967955179281, 0.18990934227645256, 0.17900711706436381, 0.1714634865763123, 0.18221840925250885, 0.18166439883819341, 0.16230916209719654, 0.15805911100132553, 0.1588285111973034, 0.16842737968399993, 0.15927562814371632, 0.15542207591222562, 0.16806613621017852, 0.16479127340790189, 0.16508821884918731, 0.17899669068711171, 0.16668753981970222, 0.16199051624769101, 0.15747088448399174, 0.17461713797643455, 0.16886751117232637, 0.16803383945271216]}}