{"low_val_loss": 0.15109320790540068, "params": {"verbose": 1, "nb_epoch": 1000, "batch_size": 32, "metrics": ["loss", "acc", "val_loss", "val_acc"], "nb_sample": 29058, "do_validation": true}, "results": {"acc": [0.78480969096290176, 0.84407047973019478, 0.8782435129740519, 0.88443802051070275, 0.88595223346410623, 0.88719113497143642, 0.88760410214054652, 0.88787941358661981, 0.88918714295546841, 0.88894624544015421, 0.890116319085966, 0.89042604446279849, 0.88953128226306011, 0.8907357698396311, 0.8910110812857045, 0.89090783949342689, 0.89080459770114939, 0.8903916305320394, 0.8901851469474843, 0.8899442494321701, 0.89166494597012869, 0.89145846238557369, 0.8905981141165944, 0.8899786633629293, 0.89231881065455299, 0.89128639273177779, 0.89183701562392459, 0.89135522059329619, 0.89190584348544288], "loss": [0.42169009778084271, 0.30691076186631416, 0.2764184772566014, 0.26344679419398187, 0.25753532938150997, 0.25415764510581818, 0.2520359921419692, 0.2506110496494412, 0.24946101050934438, 0.24866422242025063, 0.24811751063113383, 0.24755879147627602, 0.24712126465409562, 0.24671767599010461, 0.24630652176483803, 0.24592241305790977, 0.24554251735816271, 0.2452491428053086, 0.24504617100876519, 0.24467767747059455, 0.24437683648831404, 0.24431885305686776, 0.2441830914591929, 0.24390417132602274, 0.24388879232667041, 0.24361188266670164, 0.24351238515501103, 0.2431582002340619, 0.24295647841414081], "val_acc": [1.0, 0.95261690925983278, 0.93475792301418592, 0.92164756893139455, 0.91989263964472168, 0.91978940851021151, 0.91700216787843691, 0.91235676682547939, 0.91999587077923184, 0.92133787552786395, 0.91545370086078437, 0.91535046972627421, 0.91535046972627421, 0.91514400745725388, 0.91576339426431497, 0.91524723859176405, 0.91524723859176405, 0.91462785178470307, 0.91452462065019291, 0.91679570560941659, 0.92164756893139455, 0.92082171985531314, 0.91710539901294708, 0.920099101913742, 0.91535046972627421, 0.91772478582000816, 0.91411169611215226, 0.9092598327901743, 0.91359554043960134], "val_loss": [0.17727805353886475, 0.15146741921819928, 0.15109320790540068, 0.15995256539080011, 0.15941252516582802, 0.1586273236997611, 0.1628090163274232, 0.17067980766027191, 0.15980111848425665, 0.15758709055887382, 0.16548307828625941, 0.16707795556806565, 0.16657214534470968, 0.17094888027110952, 0.16807661412195904, 0.16921309092299075, 0.17104974497754569, 0.17321455356953092, 0.17207046343305721, 0.16800931746800998, 0.16408242481418706, 0.16350964023967676, 0.17174994134168894, 0.16568139716259858, 0.17158881040091753, 0.16857070900069876, 0.17206945053443176, 0.17893245885452644, 0.17475921400041358]}}