{"low_val_loss": 0.1425416313263301, "params": {"verbose": 1, "nb_epoch": 1000, "batch_size": 32, "metrics": ["loss", "acc", "val_loss", "val_acc"], "nb_sample": 29058, "do_validation": true}, "results": {"acc": [0.85136623305113912, 0.88719113497143642, 0.89004749122444771, 0.8912519788010187, 0.89169935990088789, 0.89200908527772038, 0.89269736389290388, 0.89383302360795647, 0.89445247436162156, 0.89352329823112397, 0.89390185146947487, 0.89524399476908256, 0.89421157684630737, 0.89551930621515585, 0.89421157684630737, 0.89582903159198846, 0.89593227338426595, 0.89565696193819255, 0.89562254800743346, 0.89576020373047005, 0.89610434303806186, 0.89624199876109845, 0.89582903159198846, 0.89693027737628195, 0.89675820772248604, 0.89693027737628195, 0.89631082662261685, 0.89724000275311444, 0.89613875696882095, 0.89610434303806186, 0.89775621171450204, 0.89789386743753874, 0.89696469130704104, 0.89617317089958015, 0.89672379379172684, 0.89744648633766944, 0.89693027737628195, 0.89655172413793105, 0.89693027737628195, 0.89651731020717185, 0.89706793309931865, 0.89706793309931865, 0.89689586344552275, 0.89713676096083694, 0.89710234703007774, 0.89662055199944934, 0.89724000275311444, 0.89658613806869025, 0.89637965448413515, 0.89744648633766944, 0.89727441668387364, 0.89724000275311444, 0.89744648633766944, 0.89751531419918784], "loss": [0.3329406007124377, 0.25136819004971522, 0.24614575087010832, 0.24445547604629159, 0.24263065298512179, 0.24166263931099025, 0.24156825995535916, 0.23964178648700576, 0.23935833154890426, 0.23919143998349671, 0.23849091209895318, 0.23833525462655669, 0.23764859536729746, 0.23736568456798354, 0.23677823044935567, 0.23652925637134445, 0.23646517343584789, 0.23630433951861121, 0.23557952754478986, 0.23573929938055091, 0.23540717699323396, 0.23517234399242323, 0.23522798961015765, 0.23481918419209061, 0.2349351489964295, 0.23475783023980931, 0.23475349073063859, 0.23416242539837534, 0.23430284966417059, 0.23442044332536305, 0.23390783738262602, 0.23368583354062836, 0.2338690989866101, 0.23392670514480371, 0.23350916071071548, 0.23307551000408547, 0.23351218882517144, 0.23343235132444651, 0.23308853650726113, 0.2331091719592838, 0.23290442450178311, 0.23283914921288482, 0.23307068855077043, 0.23259854407375796, 0.2328309020319434, 0.23270696896763021, 0.23246690068362921, 0.23298273854569432, 0.23268438984260592, 0.23257002405928942, 0.23229367032204068, 0.23214860526396539, 0.23244320360666887, 0.23235559253557575], "val_acc": [0.92144110666237422, 0.92288634254551649, 0.92526065863925044, 0.92588004544631142, 0.9173118612819674, 0.91803447922353865, 0.92175080006590471, 0.91958294624119119, 0.9270155879259232, 0.91338907817058101, 0.91886032829961994, 0.91524723859176405, 0.92040879531727249, 0.92660266338788255, 0.91710539901294708, 0.92959636628867748, 0.91700216787843691, 0.92175080006590471, 0.91834417262706913, 0.91937648397217075, 0.9128729224980302, 0.91524723859176405, 0.92226695573845552, 0.92030556418276233, 0.92804789927102493, 0.92206049346943519, 0.90750490350350144, 0.93434499847614516, 0.92536388977376061, 0.92835759267455542, 0.92113141325884362, 0.93228037578594181, 0.90368535152662521, 0.92030556418276233, 0.92051202645178265, 0.91359554043960134, 0.91586662539882513, 0.91576339426431497, 0.92557035204278093, 0.92474450296669952, 0.90936306392468447, 0.92866728607808591, 0.90378858266113538, 0.9334159182655537, 0.92598327658082158, 0.91927325283766059, 0.9237121916215979, 0.91803447922353865, 0.91679570560941659, 0.9209249509898233, 0.92082171985531314, 0.92102818212433346, 0.90874367711762349, 0.91751832355098772], "val_loss": [0.18378364794587737, 0.16694310193402032, 0.16035948966217259, 0.15775045594584097, 0.17738149985994078, 0.17109867583918378, 0.17012748189821963, 0.16500779255552411, 0.15440875632011375, 0.18054374932736708, 0.17352434836041145, 0.17459760095393054, 0.16613375399074429, 0.15749828728563683, 0.17507451701852772, 0.15101080366448869, 0.17230522000757031, 0.1617977047356195, 0.16905848379350244, 0.17025026114803848, 0.1805832335877138, 0.18030362241943088, 0.16493369077876574, 0.17175008508897768, 0.15743183973790925, 0.16212596145875868, 0.18712256321341456, 0.1425416313263301, 0.16015568694584914, 0.15550499693823694, 0.16522742271011084, 0.14434709513231711, 0.19413209242412238, 0.1669735973084614, 0.16834591757350384, 0.18604908364023034, 0.17283284632388907, 0.17453472716059862, 0.15352560863894082, 0.15950657811992258, 0.18311696968333535, 0.15439463782445237, 0.19635281544415231, 0.14511796575002323, 0.1583031769924591, 0.16695401472258434, 0.162293889107652, 0.16966032976180984, 0.17145874437059708, 0.16239654117430083, 0.16703571739446099, 0.16151306395011014, 0.18604963570579391, 0.17165228665448803]}}