{"low_val_loss": 0.14728074705264166, "params": {"verbose": 1, "nb_epoch": 1000, "batch_size": 32, "metrics": ["loss", "acc", "val_loss", "val_acc"], "nb_sample": 29058, "do_validation": true}, "results": {"acc": [0.8535687246197261, 0.88553926629499624, 0.8899786633629293, 0.89128639273177779, 0.89152729024709199, 0.89194025741620209, 0.89342005643884648, 0.89390185146947487, 0.89321357285429137, 0.89366095395416068, 0.89428040470782577, 0.89455571615389906, 0.89438364650010327, 0.89459013008465826, 0.89548489228439676, 0.89441806043086236, 0.89538165049211926, 0.89524399476908256, 0.89486544153073166, 0.89534723656136006, 0.89569137586895176, 0.89668937986096775, 0.89624199876109845, 0.89624199876109845, 0.89651731020717185, 0.89603551517654345, 0.89565696193819255, 0.89710234703007774, 0.89600110124578425, 0.89631082662261685, 0.89682703558400445, 0.89693027737628195, 0.89648289627641264, 0.89637965448413515, 0.89672379379172684, 0.89741207240691034, 0.89706793309931865, 0.89686144951476354, 0.89706793309931865, 0.89724000275311444, 0.89734324454539194, 0.89693027737628195, 0.89737765847615114, 0.89648289627641264, 0.89720558882235524, 0.89734324454539194, 0.89631082662261685, 0.89727441668387364, 0.89703351916855945, 0.89803152316057544, 0.89744648633766944, 0.89679262165324525, 0.89717117489159615, 0.89682703558400445, 0.89696469130704104, 0.89662055199944934, 0.89724000275311444, 0.89724000275311444, 0.89796269529905703], "loss": [0.32486407453551558, 0.25095071122834883, 0.24623593849237857, 0.24446032376330065, 0.24312819006873126, 0.24234526384055782, 0.24150054513207117, 0.24040430575862148, 0.24006175823544051, 0.23961497791471972, 0.23914320325193406, 0.23851457428141234, 0.23806370883027278, 0.2379653850463016, 0.23744257585714684, 0.23735417860871458, 0.23644980511160987, 0.2358698354009276, 0.23569419280579662, 0.23603262578606629, 0.23554528694297566, 0.23533792332531672, 0.23508817944935934, 0.23541725206866596, 0.23473315071490211, 0.23501658698091224, 0.23452510150641784, 0.23442593992055918, 0.23441407719166907, 0.23415952870847656, 0.23410636699407261, 0.23392820164332559, 0.23408046981589137, 0.23387887766342452, 0.23401730992922859, 0.23333894813055928, 0.23358438058306111, 0.23360542368721474, 0.23349313889209317, 0.23297968382508505, 0.2331745580322202, 0.23334694204068543, 0.23301091005546068, 0.23343545113197517, 0.23281612042977384, 0.23286681419348829, 0.232965247078287, 0.23253528330436887, 0.23261295033041451, 0.23255614639974664, 0.23241153939808709, 0.23242936716294157, 0.23273318591335659, 0.23217623198021714, 0.23245861811084345, 0.2322660409625866, 0.23239929372145654, 0.23214993965691197, 0.23212405915302012], "val_acc": [0.91824094149255897, 0.92309280481453682, 0.89862702593562693, 0.91318261590156069, 0.91421492724666242, 0.92515742750474028, 0.92928667288514699, 0.91865386603059962, 0.92113141325884362, 0.92175080006590471, 0.922576649141986, 0.9245380406976792, 0.92164756893139455, 0.92433157842865887, 0.92856405494357575, 0.92794466813651477, 0.91328584703607085, 0.92670589452239271, 0.931764220113391, 0.91947971510668092, 0.9237121916215979, 0.92753174359847412, 0.9309383710373097, 0.91535046972627421, 0.91307938476705053, 0.92660266338788255, 0.91049860640429636, 0.91865386603059962, 0.92175080006590471, 0.93310622486202321, 0.9112212243458675, 0.91710539901294708, 0.93155775784437067, 0.91658924334039626, 0.92464127183218936, 0.92680912565690288, 0.92484773410120968, 0.92381542275610806, 0.91978940851021151, 0.92722205019494364, 0.91710539901294708, 0.92350572935257758, 0.92144110666237422, 0.91689893674392675, 0.9237121916215979, 0.91638278107137594, 0.91720863014745724, 0.91524723859176405, 0.91607308766784545, 0.93248683805496213, 0.92226695573845552, 0.92298957368002665, 0.92185403120041487, 0.91947971510668092, 0.91411169611215226, 0.92515742750474028, 0.92082171985531314, 0.93269330032398257, 0.92443480956316904], "val_loss": [0.18202995762991944, 0.16563893890459619, 0.21192619894970874, 0.1772301781430719, 0.17773486979254213, 0.16343407700696055, 0.1563241510969561, 0.17356323471185753, 0.16755580492729161, 0.16672009048914041, 0.16708785051363989, 0.16358261246011516, 0.17284239905730506, 0.16612374698188487, 0.15677263607172279, 0.1587230528579742, 0.18906861538156103, 0.15938503410975988, 0.15069108028928169, 0.17482544131030162, 0.16417008513167286, 0.15736264988543128, 0.15179141378159972, 0.18192723673788819, 0.18543355968770528, 0.1598894708958421, 0.19302439414594669, 0.17409121805842945, 0.16797168554721437, 0.1480839228248115, 0.18542498978562641, 0.17859733859416477, 0.14728074705264166, 0.176342122875907, 0.16464441066508423, 0.15556114403329249, 0.16338218311279554, 0.16405899067962823, 0.17246642862297107, 0.15871476616948471, 0.17833500598066299, 0.1661427206887332, 0.16829733418757806, 0.17691661874425538, 0.16312706698344823, 0.17635237818784397, 0.17818177148932038, 0.1820363646200675, 0.17959577925760914, 0.149484524771585, 0.16743606857319385, 0.16605418094930799, 0.16681123990190586, 0.1736573512527772, 0.18407494085425069, 0.16242209569356555, 0.16837600088976629, 0.14876232947029355, 0.16182889887522567]}}