{"low_val_loss": 0.15018204520321415, "params": {"verbose": 1, "nb_epoch": 1000, "batch_size": 32, "metrics": ["loss", "acc", "val_loss", "val_acc"], "nb_sample": 29058, "do_validation": true}, "results": {"acc": [0.84503406979145157, 0.88436919264918434, 0.88846445040952582, 0.89094225342418609, 0.89138963452405529, 0.89200908527772038, 0.89221556886227549, 0.89276619175442218, 0.89386743753871567, 0.89321357285429137, 0.89417716291554816, 0.89372978181567897, 0.89459013008465826, 0.89390185146947487, 0.89517516690756416, 0.89534723656136006, 0.89496868332300916, 0.89507192511528666, 0.89606992910730265, 0.89596668731502516, 0.89565696193819255, 0.89631082662261685, 0.89558813407667426, 0.89613875696882095, 0.89579461766122925, 0.89710234703007774, 0.89727441668387364, 0.89675820772248604, 0.89699910523780024, 0.89679262165324525, 0.89730883061463285, 0.89741207240691034, 0.89785945350677954, 0.89651731020717185], "loss": [0.34043341461650861, 0.25439504110427097, 0.24798576439027573, 0.24520099189721412, 0.24374401373153473, 0.24264930811717, 0.24180535176779538, 0.24118606491741651, 0.24024593518116541, 0.23970321315770238, 0.23932854154620464, 0.2390228690654147, 0.23824956335339656, 0.23822325285734638, 0.23767883247787591, 0.23740250775207217, 0.23737362680895313, 0.23719872819447321, 0.2367048666760109, 0.23619858172388003, 0.23641670105691803, 0.23591771157546498, 0.23608992942807286, 0.23555095077268776, 0.23558198677893721, 0.23538116503784648, 0.23517186872237278, 0.23520219346582869, 0.23500614941379244, 0.23485168558588679, 0.23492662419294966, 0.23499381917068116, 0.2343982604599377, 0.23448686589002229], "val_acc": [0.93124806444084018, 0.92360896048708774, 0.91917002170315043, 0.92846082380906558, 0.92350572935257758, 0.91204707342194891, 0.91720863014745724, 0.93124806444084018, 0.92598327658082158, 0.92443480956316904, 0.92443480956316904, 0.92350572935257758, 0.91720863014745724, 0.91968617737570135, 0.91978940851021151, 0.92835759267455542, 0.91917002170315043, 0.91917002170315043, 0.92329926708355725, 0.91111799321135734, 0.92526065863925044, 0.91720863014745724, 0.93073190876828926, 0.92402188502512839, 0.92608650771533174, 0.91555693199529453, 0.91442138951568275, 0.9184474037615793, 0.91968617737570135, 0.91276969136352004, 0.91535046972627421, 0.91473108291921323, 0.92020233304825216, 0.92288634254551649], "val_loss": [0.1710559108617678, 0.16858219742602679, 0.17099005476415582, 0.15545773989333203, 0.16197678029323381, 0.18264096119282747, 0.17415315653047006, 0.15018204520321415, 0.15811165706010824, 0.16269943386137861, 0.16356946357672117, 0.16656140802089517, 0.17683242124350457, 0.17208351178899065, 0.17210934315189447, 0.15656983981369893, 0.17157246984439123, 0.1725220131930385, 0.16570606152707298, 0.18871089934309015, 0.16304910566941977, 0.17383522530062975, 0.15196069768959061, 0.16469703886253775, 0.16139111286920452, 0.1784400992746156, 0.18165279699629264, 0.17226861075837446, 0.17171710575195773, 0.18506665535665731, 0.17573668373262377, 0.17833999219731525, 0.16772389837140833, 0.165953330913678]}}