{"low_val_loss": 0.13385172467092321, "params": {"verbose": 1, "nb_epoch": 1000, "batch_size": 32, "metrics": ["loss", "acc", "val_loss", "val_acc"], "nb_sample": 29058, "do_validation": true}, "results": {"acc": [0.84912932755179293, 0.88787941358661981, 0.8907357698396311, 0.8910110812857045, 0.89138963452405529, 0.89311033106201387, 0.89235322458531219, 0.89331681464656898, 0.89403950719251157, 0.89359212609264227, 0.89479661366921326, 0.89379860967719738, 0.89479661366921326, 0.89424599077706657, 0.89510633904604586, 0.89551930621515585, 0.89548489228439676, 0.89486544153073166, 0.89531282263060086, 0.89562254800743346, 0.89689586344552275, 0.89534723656136006, 0.89579461766122925, 0.89613875696882095, 0.89703351916855945, 0.89665496593020855, 0.89706793309931865, 0.89662055199944934, 0.89655172413793105, 0.89637965448413515, 0.89699910523780024, 0.89689586344552275, 0.89682703558400445, 0.89644848234565355, 0.89720558882235524, 0.89603551517654345, 0.89772179778374284, 0.89658613806869025, 0.89706793309931865, 0.89617317089958015, 0.89713676096083694, 0.89641406841489435, 0.89627641269185765, 0.89754972812994704, 0.89758414206070614, 0.89889187142955473, 0.89751531419918784, 0.89765296992222454, 0.89765296992222454, 0.89576020373047005, 0.89720558882235524, 0.89768738385298363, 0.89703351916855945, 0.89730883061463285], "loss": [0.33556186290012602, 0.25077583323555835, 0.24664033063961671, 0.24467343977275641, 0.24344298255009533, 0.24235225131677388, 0.24164045354813826, 0.24049181517751261, 0.24051930411218864, 0.24006373293126246, 0.23904037299180148, 0.23879849068444109, 0.23842583887718252, 0.23843660648309387, 0.23768055234543806, 0.23751949300180938, 0.236951415697471, 0.23737336205770737, 0.23724191460518199, 0.23684212495885357, 0.23687762056484507, 0.23662327348226866, 0.23638994271694994, 0.23595799755858116, 0.23587559882321438, 0.23594505914666877, 0.23561553401163943, 0.23576340784357014, 0.2355802131499958, 0.23553983419487454, 0.23533088768985522, 0.2351956855357247, 0.23506064162451087, 0.23502082569821175, 0.23470403674021501, 0.23466823028676304, 0.23448560542659316, 0.23474318247609818, 0.23439535991529678, 0.23452505918205072, 0.23437650641109145, 0.23425673290608187, 0.23406454979382638, 0.23403635028803804, 0.23413492478771289, 0.23375000569899418, 0.23380725818947526, 0.23392082282809121, 0.23384795242892184, 0.23373102499954765, 0.23356001439154303, 0.23324414011829694, 0.2332180091798802, 0.23328985689724949], "val_acc": [0.93300299372751305, 0.90812429031056241, 0.92298957368002665, 0.91803447922353865, 0.93135129557535035, 0.92102818212433346, 0.92216372460394536, 0.91555693199529453, 0.91875709716510978, 0.91978940851021151, 0.92938990401965715, 0.92670589452239271, 0.91318261590156069, 0.92433157842865887, 0.91875709716510978, 0.92237018687296568, 0.931764220113391, 0.91989263964472168, 0.91411169611215226, 0.92711881906043347, 0.91917002170315043, 0.9209249509898233, 0.92278311141100633, 0.92319603594904698, 0.92061525758629281, 0.91586662539882513, 0.92030556418276233, 0.93971301747067393, 0.91865386603059962, 0.91813771035804881, 0.91886032829961994, 0.92835759267455542, 0.92381542275610806, 0.93310622486202321, 0.92639620111886223, 0.9209249509898233, 0.9136987715741115, 0.91751832355098772, 0.92536388977376061, 0.92763497473298429, 0.92969959742318764, 0.91617631880235562, 0.92588004544631142, 0.92412511615963855, 0.9273252813294538, 0.91101476207684717, 0.92773820586749445, 0.92546712090827077, 0.91431815838117259, 0.9184474037615793, 0.91937648397217075, 0.91917002170315043, 0.92278311141100633, 0.92629296998435207], "val_loss": [0.15932325192801081, 0.19133710325313411, 0.16059000354021391, 0.17137681833551346, 0.1495615000477655, 0.17142987861434064, 0.16902631694241194, 0.17814818713008354, 0.1736551464808434, 0.17180946455424115, 0.15202539924024933, 0.15509539671319919, 0.18252903172698037, 0.16257766353684988, 0.17226377356564027, 0.165045818602573, 0.14959481078871784, 0.17086845090014963, 0.18274958470369612, 0.15670794017610626, 0.17202008304738883, 0.16864368922164705, 0.1665222681531956, 0.16188874280346896, 0.16813337186581581, 0.17880458608838848, 0.16872595749657762, 0.13385172467092321, 0.1717701984889197, 0.17068462104337484, 0.17392358806934521, 0.15562718411455881, 0.15954110985236283, 0.14505517994307188, 0.15591713102636132, 0.17061625721547038, 0.18171260756690141, 0.17364315654460621, 0.15977178039103271, 0.15494442733757091, 0.15422908268669719, 0.17668354218760129, 0.15530892369165575, 0.16409174774291654, 0.15623596928882208, 0.18025431341602299, 0.15526798734530042, 0.16063874639525333, 0.18347633513667652, 0.17283321448309608, 0.16980076444911074, 0.17187490478993275, 0.16614248531976203, 0.16091881407907629]}}