{"low_val_loss": 0.14832759308374444, "params": {"verbose": 1, "nb_epoch": 1000, "batch_size": 32, "metrics": ["loss", "acc", "val_loss", "val_acc"], "nb_sample": 29058, "do_validation": true}, "results": {"acc": [0.84764952852914865, 0.88653727028701224, 0.88932479867850511, 0.8905981141165944, 0.89132080666253699, 0.89214674100075708, 0.89228439672379378, 0.89231881065455299, 0.89338564250808727, 0.89304150320049558, 0.89376419574643817, 0.89414274898478907, 0.89489985546149076, 0.89434923256934407, 0.89520958083832336, 0.89548489228439676, 0.89558813407667426, 0.89524399476908256, 0.89637965448413515, 0.89589785945350675, 0.89620758483033935, 0.89624199876109845, 0.89706793309931865, 0.89589785945350675, 0.89596668731502516, 0.89651731020717185, 0.89644848234565355, 0.89686144951476354, 0.89706793309931865, 0.89713676096083694, 0.89651731020717185], "loss": [0.33625425154561062, 0.2523616332543086, 0.24743776669595907, 0.24502258415362965, 0.24392343087533244, 0.24262593823705392, 0.24188002898762992, 0.24128242516427761, 0.2404017980675279, 0.24000970565535934, 0.23911363807020911, 0.23872809843848336, 0.23845020252656146, 0.23839491948006411, 0.23780964425291368, 0.23725258235971108, 0.23708706080381634, 0.23679311980982265, 0.23656820775030141, 0.23666654955381636, 0.23611484534750787, 0.23627899335006927, 0.23585101974807166, 0.23574594519729208, 0.23584533329319521, 0.23540191737947383, 0.23515366771542959, 0.23498304253788296, 0.23519415696325524, 0.23496045100934262, 0.23499424342147843], "val_acc": [0.93124806444084018, 0.92216372460394536, 0.93011252196122829, 0.922576649141986, 0.93155775784437067, 0.92990605969220796, 0.92133787552786395, 0.92846082380906558, 0.92443480956316904, 0.92051202645178265, 0.93135129557535035, 0.9136987715741115, 0.92753174359847412, 0.9184474037615793, 0.92071848872080297, 0.92753174359847412, 0.92185403120041487, 0.92071848872080297, 0.90998245073174544, 0.9237121916215979, 0.91906679056864027, 0.91194384228743874, 0.92226695573845552, 0.91576339426431497, 0.91266646022900988, 0.91989263964472168, 0.92412511615963855, 0.91225353569096923, 0.92288634254551649, 0.91596985653333529, 0.92154433779688438], "val_loss": [0.16803623339224921, 0.16825517512841762, 0.15413167620297125, 0.1653961927126322, 0.14832759308374444, 0.15281602059952171, 0.16669315420098074, 0.1545885550455251, 0.16264345591111584, 0.17212652420690275, 0.15107741102513186, 0.18577446710405623, 0.15446761029678147, 0.17311328409128701, 0.16870202701121548, 0.15821208108666082, 0.16697023438349945, 0.16822719337851119, 0.18765417782506535, 0.16282362212966603, 0.16984239651563798, 0.18458256375417997, 0.16671397998741355, 0.18052302469831386, 0.18267976888169429, 0.16921145952772684, 0.1613940954738306, 0.18122190613112324, 0.16215909323348859, 0.17440913357336701, 0.16278914887547691]}}