{"low_val_loss": 0.15395681632799396, "params": {"verbose": 1, "nb_epoch": 1000, "batch_size": 32, "metrics": ["loss", "acc", "val_loss", "val_acc"], "nb_sample": 29058, "do_validation": true}, "results": {"acc": [0.83921811549315162, 0.88223552894211577, 0.88636520063321633, 0.88818913896345242, 0.8902883887397619, 0.8910110812857045, 0.89142404845481449, 0.89183701562392459, 0.89293826140821808, 0.89245646637758969, 0.89297267533897717, 0.89314474499277308, 0.89355771216188318, 0.89438364650010327, 0.89459013008465826, 0.89390185146947487, 0.89469337187693576, 0.89517516690756416, 0.89462454401541747, 0.89452130222313997, 0.89510633904604586, 0.89562254800743346, 0.89510633904604586, 0.89555372014591506, 0.89531282263060086, 0.89548489228439676, 0.89545047835363756, 0.89600110124578425, 0.89579461766122925, 0.89500309725376836, 0.89665496593020855], "loss": [0.35686004004402805, 0.25957535901920653, 0.25064942743676649, 0.24776219514085976, 0.24603960761693103, 0.2449472541972442, 0.24384800048405392, 0.24315366768008317, 0.24245680452533611, 0.24177459620915712, 0.24127766699361919, 0.24046457825068704, 0.24016957196786307, 0.23967329117885697, 0.23925039344680998, 0.23921626470796495, 0.23860241380518307, 0.23852052441384378, 0.23814968880163645, 0.23759926957273081, 0.23755723661506251, 0.23752935932252664, 0.23744618589292743, 0.23706663899665706, 0.23700322860105622, 0.23675734294946757, 0.23675536123903154, 0.23653985702603392, 0.23655035406847488, 0.23625727170514621, 0.23611793255344854], "val_acc": [0.93228037578594181, 0.91689893674392675, 0.91596985653333529, 0.920099101913742, 0.92856405494357575, 0.92577681431180125, 0.91617631880235562, 0.92629296998435207, 0.90729844123448111, 0.92505419637023001, 0.91896355943413011, 0.92082171985531314, 0.91813771035804881, 0.91318261590156069, 0.92329926708355725, 0.92288634254551649, 0.91865386603059962, 0.92216372460394536, 0.92154433779688438, 0.92546712090827077, 0.90451120060270662, 0.91947971510668092, 0.91906679056864027, 0.91390523384313194, 0.91679570560941659, 0.91999587077923184, 0.92949313515416732, 0.91834417262706913, 0.91184061115292847, 0.91793124808902848, 0.92144110666237422], "val_loss": [0.17895175727116774, 0.18345018700988125, 0.1773604384957175, 0.16838576928776361, 0.15395681632799396, 0.15683276399307064, 0.17378200355640713, 0.15595693261129662, 0.18840952539537495, 0.16153688208837744, 0.1692854112310867, 0.16681953915839498, 0.17125316019445624, 0.17863728856579233, 0.1603327422962631, 0.16059922509466862, 0.16934656507938506, 0.16483560092943339, 0.16344472580946329, 0.16000421892048233, 0.19709958868679819, 0.16771048606303474, 0.1688806414015801, 0.18445528005654074, 0.17458968175627246, 0.16796095447298098, 0.15503289557503475, 0.17083354475046073, 0.18517178632845829, 0.17168773066887388, 0.16500758919705297]}}