{"low_val_loss": 0.14631522327886101, "params": {"verbose": 1, "nb_epoch": 1000, "batch_size": 32, "metrics": ["loss", "acc", "val_loss", "val_acc"], "nb_sample": 29058, "do_validation": true}, "results": {"acc": [0.84727097529079776, 0.88619313097942043, 0.88853327827104411, 0.89104549521646359, 0.89159611810861039, 0.89228439672379378, 0.89255970816986718, 0.89290384747745888, 0.89311033106201387, 0.89317915892353228, 0.89459013008465826, 0.89369536788491977, 0.89486544153073166, 0.89534723656136006, 0.89517516690756416, 0.89503751118452746, 0.89569137586895176, 0.89493426939224996, 0.89589785945350675, 0.89655172413793105, 0.89527840869984165, 0.89576020373047005, 0.89524399476908256, 0.89727441668387364, 0.89572578979971096, 0.89593227338426595, 0.89576020373047005, 0.89665496593020855, 0.89617317089958015, 0.89606992910730265, 0.89648289627641264, 0.89675820772248604, 0.89724000275311444, 0.89792828136829783, 0.89675820772248604, 0.89658613806869025, 0.89834124853740793, 0.89730883061463285, 0.89603551517654345, 0.89730883061463285, 0.89637965448413515, 0.89655172413793105, 0.89744648633766944, 0.89768738385298363, 0.89754972812994704, 0.89662055199944934, 0.89730883061463285, 0.89823800674513044, 0.89761855599146534, 0.89655172413793105], "loss": [0.33460764280664029, 0.25254397229015546, 0.24715338966195638, 0.24530501607019614, 0.24350646155203612, 0.24278925502040372, 0.24185825541684203, 0.24103049920885058, 0.24060332513379004, 0.23986994555585767, 0.23939564451879758, 0.23884395072379602, 0.23834449029820867, 0.23797479334758936, 0.23765964511512003, 0.23767008311628332, 0.23718219283606423, 0.23709701464709335, 0.23685084891439068, 0.2365634219186486, 0.23683468737690191, 0.23616817515422656, 0.23624180315719567, 0.23590449051019599, 0.2356276363084065, 0.2356055754984967, 0.23541160680258644, 0.23518706887500318, 0.23510529935181498, 0.23524964793668379, 0.23509287410383339, 0.2347492660123236, 0.23474983984313588, 0.2344099893118968, 0.23452910934672014, 0.23429264547957149, 0.2340722171422685, 0.23407927902172501, 0.23410035037922181, 0.23413436786053113, 0.23418626074978355, 0.23359469832799024, 0.23372708664489994, 0.23384738831089649, 0.23341957062254762, 0.23361531476736924, 0.23330310374545546, 0.23320706663230828, 0.23323899270810627, 0.2333077972009214], "val_acc": [0.93228037578594181, 0.92412511615963855, 0.9281511304055351, 0.92185403120041487, 0.92298957368002665, 0.9209249509898233, 0.92567358317729109, 0.92629296998435207, 0.9103953752697862, 0.92722205019494364, 0.92247341800747584, 0.9164860122058861, 0.92309280481453682, 0.91958294624119119, 0.92185403120041487, 0.92195726233492503, 0.90750490350350144, 0.91958294624119119, 0.922576649141986, 0.91173738001841831, 0.93289976259300289, 0.92340249821806741, 0.92763497473298429, 0.93269330032398257, 0.9209249509898233, 0.91865386603059962, 0.92495096523571985, 0.91989263964472168, 0.91917002170315043, 0.92319603594904698, 0.92391865389061822, 0.91431815838117259, 0.91793124808902848, 0.91142768661488782, 0.92753174359847412, 0.92711881906043347, 0.90977598846272512, 0.91865386603059962, 0.91349230930509118, 0.93186745124790116, 0.92051202645178265, 0.9136987715741115, 0.92402188502512839, 0.91555693199529453, 0.91060183753880652, 0.92691235679141304, 0.91772478582000816, 0.91018891300076588, 0.92402188502512839, 0.92670589452239271], "val_loss": [0.16665405896715832, 0.16667514134252651, 0.1579792174660927, 0.16659325029525249, 0.16391534713832687, 0.16764172104747718, 0.16153358873985518, 0.15908361643881969, 0.18817729453191959, 0.15752772117539113, 0.16591759634472347, 0.17736308916724847, 0.16399441978832546, 0.1693060206584121, 0.17031325960380503, 0.16694276781197584, 0.19507838728501847, 0.17425652737394198, 0.16716578356630171, 0.18442816739374854, 0.14839948308946879, 0.16561967281110701, 0.15750369541881573, 0.14631522327886101, 0.16844030413663189, 0.17383934980114327, 0.16230911651113411, 0.17205522499330164, 0.17315433978229913, 0.16529073337881547, 0.1644985358014163, 0.18187340665379828, 0.17968823422829813, 0.18885613963987802, 0.15764488395035445, 0.1566396824380242, 0.19318159348871225, 0.17569605669457994, 0.18579826834680335, 0.14945529264473775, 0.16967325717252302, 0.18550931999969988, 0.16403630193154842, 0.18158439394112366, 0.1874085215464599, 0.15868902701511095, 0.17757241280340455, 0.18990595138239408, 0.16290186427874351, 0.15880589785799037]}}