{"low_val_loss": 0.14960271966116487, "params": {"verbose": 1, "nb_epoch": 1000, "batch_size": 32, "metrics": ["loss", "acc", "val_loss", "val_acc"], "nb_sample": 29058, "do_validation": true}, "results": {"acc": [0.84448344689930488, 0.88736320462523233, 0.8907357698396311, 0.89107990914722279, 0.89169935990088789, 0.89159611810861039, 0.89345447036960557, 0.89407392112327067, 0.89379860967719738, 0.89304150320049558, 0.89507192511528666, 0.89483102759997246, 0.89489985546149076, 0.89565696193819255, 0.89486544153073166, 0.89569137586895176, 0.89548489228439676, 0.89551930621515585, 0.89658613806869025, 0.89579461766122925, 0.89620758483033935, 0.89610434303806186, 0.89644848234565355, 0.89648289627641264, 0.89631082662261685, 0.89651731020717185, 0.89655172413793105, 0.89644848234565355, 0.89665496593020855, 0.89651731020717185, 0.89668937986096775, 0.89641406841489435, 0.89789386743753874, 0.89686144951476354, 0.89744648633766944, 0.89682703558400445, 0.89675820772248604, 0.89686144951476354, 0.89758414206070614, 0.89682703558400445, 0.89713676096083694, 0.89644848234565355, 0.89710234703007774, 0.89754972812994704, 0.89713676096083694, 0.89837566246816714, 0.89796269529905703, 0.89706793309931865, 0.89717117489159615, 0.89713676096083694, 0.89751531419918784, 0.89758414206070614, 0.89758414206070614, 0.89717117489159615, 0.89727441668387364], "loss": [0.34127856078319535, 0.25280004950166279, 0.24713494178063855, 0.24472397355385464, 0.2433758195797586, 0.24232636789850068, 0.24116813271706508, 0.24060844651000041, 0.23961963123485566, 0.2394420194527857, 0.23872302247058649, 0.23824605669192184, 0.23794145275478362, 0.23764819468200732, 0.23714770520370951, 0.2368238302199886, 0.2366220567551571, 0.23649110543237836, 0.23641830086878576, 0.23626804178375135, 0.23559046847265916, 0.235746015569645, 0.23534963584313809, 0.23528019862063729, 0.23527856632027316, 0.2351267808453823, 0.23522273082535086, 0.23478075999073358, 0.2348046442340595, 0.23461141301423744, 0.23456034994364713, 0.23452624661355781, 0.23442473805355216, 0.23446674082397193, 0.23466846511722783, 0.23437885946946541, 0.23407632871059167, 0.23408890960312626, 0.23443150383712782, 0.23403816681685485, 0.23392137448848324, 0.23403022467261361, 0.23377037316076654, 0.23385424718544862, 0.23345781766664464, 0.23365568733899827, 0.23342853965936372, 0.23374014027030562, 0.23343779139342954, 0.23344888584428697, 0.23348053657567791, 0.23339082442710679, 0.23336234575582229, 0.23324403975891475, 0.23328753388007006], "val_acc": [0.92464127183218936, 0.9298028285576978, 0.92102818212433346, 0.92267988027649617, 0.91627954993686578, 0.92804789927102493, 0.91566016312980469, 0.92505419637023001, 0.9261897388498419, 0.91772478582000816, 0.92350572935257758, 0.92877051721259607, 0.93021575309573845, 0.91700216787843691, 0.92680912565690288, 0.92484773410120968, 0.92536388977376061, 0.92608650771533174, 0.92660266338788255, 0.92175080006590471, 0.93042221536475878, 0.92588004544631142, 0.91215030455645907, 0.92020233304825216, 0.9164860122058861, 0.92412511615963855, 0.92649943225337239, 0.91235676682547939, 0.93124806444084018, 0.92381542275610806, 0.91679570560941659, 0.9136987715741115, 0.91813771035804881, 0.9237121916215979, 0.922576649141986, 0.91245999795998955, 0.92350572935257758, 0.92350572935257758, 0.9184474037615793, 0.9184474037615793, 0.91080829980782685, 0.92959636628867748, 0.91813771035804881, 0.91566016312980469, 0.90822752144507268, 0.91576339426431497, 0.92546712090827077, 0.91514400745725388, 0.91215030455645907, 0.920099101913742, 0.92051202645178265, 0.91576339426431497, 0.91989263964472168, 0.91689893674392675, 0.92278311141100633], "val_loss": [0.17613913424799929, 0.15830273886340143, 0.17017513124230502, 0.16563330034757959, 0.17866986126662887, 0.15560788326092312, 0.18048671371308017, 0.16249553357606039, 0.16049222150284698, 0.17643113648479503, 0.16489596490543348, 0.15589049750620015, 0.15390086718556606, 0.17437069546737033, 0.15766878613243226, 0.16328705795500761, 0.16255188800561438, 0.15915679238037489, 0.15794070752933076, 0.16641403367038948, 0.15195619198154761, 0.16002374697337027, 0.17985932040535421, 0.16824735694661885, 0.17421675429611097, 0.16245395504072796, 0.1554504024893387, 0.18164208078553301, 0.14960271966116487, 0.16191932142605361, 0.17378481339516746, 0.18130867699565159, 0.17399705005258775, 0.16261438097790556, 0.16458470519596335, 0.18013009426516743, 0.16263656902535664, 0.1619112299528514, 0.17040279558861207, 0.17246049715438114, 0.18549514602386349, 0.14996245212039983, 0.17291271930522589, 0.1732071440425022, 0.18870678042455133, 0.17604676545507719, 0.15898113836980129, 0.17287556317172345, 0.18158245135971277, 0.16438442745915233, 0.16593186781033403, 0.1771988440391522, 0.16766806673618112, 0.17439363922458864, 0.16253057855290132]}}