{"low_val_loss": 0.14627638150860653, "params": {"verbose": 1, "nb_epoch": 1000, "batch_size": 32, "metrics": ["loss", "acc", "val_loss", "val_acc"], "nb_sample": 29058, "do_validation": true}, "results": {"acc": [0.84727097529079776, 0.88602106132562464, 0.88877417578635831, 0.89166494597012869, 0.8907701837703903, 0.89273177782366298, 0.89266294996214468, 0.89335122857732807, 0.89379860967719738, 0.89366095395416068, 0.89448688829238077, 0.89520958083832336, 0.89524399476908256, 0.89510633904604586, 0.89524399476908256, 0.89510633904604586, 0.89617317089958015, 0.89555372014591506, 0.89686144951476354, 0.89727441668387364, 0.89545047835363756, 0.89603551517654345, 0.89627641269185765, 0.89596668731502516, 0.89655172413793105, 0.89610434303806186, 0.89782503957602033, 0.89737765847615114, 0.89655172413793105, 0.89775621171450204, 0.89699910523780024, 0.89696469130704104, 0.89699910523780024, 0.89768738385298363, 0.89627641269185765, 0.89713676096083694, 0.89748090026842864, 0.89772179778374284, 0.89772179778374284, 0.89703351916855945, 0.89765296992222454, 0.89803152316057544, 0.89744648633766944, 0.89761855599146534, 0.89772179778374284, 0.89813476495285294, 0.89741207240691034, 0.89796269529905703, 0.89768738385298363, 0.89799710922981624, 0.89837566246816714, 0.89696469130704104, 0.89713676096083694, 0.89796269529905703, 0.89668937986096775, 0.89758414206070614, 0.89823800674513044, 0.89806593709133453, 0.89827242067588964, 0.89730883061463285, 0.89710234703007774, 0.89810035102209373, 0.89758414206070614, 0.89806593709133453, 0.89827242067588964, 0.89803152316057544, 0.89823800674513044], "loss": [0.33337455944444222, 0.25261459835332639, 0.24736416111059548, 0.24493219553952503, 0.24318426481928679, 0.24233560673603402, 0.24146084443609184, 0.24034727204936412, 0.23985463158665377, 0.23950886565768076, 0.23868274958149779, 0.23807771862070101, 0.23769055230503147, 0.23738579592444514, 0.23680467330295227, 0.23635320719727645, 0.2359342248148186, 0.23553915192291752, 0.23559607934521845, 0.23521518274286354, 0.235165209617827, 0.23467904790225758, 0.23466196065062592, 0.23452219743033789, 0.23398613770044246, 0.23408733607487189, 0.23384287628461919, 0.23389791002371055, 0.2335364435775398, 0.23349179388306918, 0.23355106887875474, 0.23350473224882889, 0.23293488891048503, 0.23292871309902374, 0.23328488703333294, 0.23285154285257612, 0.23275009093452181, 0.23261925516067661, 0.23245900008570788, 0.23240628730333529, 0.23268440190352654, 0.23252124824201637, 0.23216406627797204, 0.23194193392993301, 0.23234828369780042, 0.23185651931162751, 0.23201930751835984, 0.23216236108627231, 0.23191765178849047, 0.23190788551011216, 0.23149818156146076, 0.23162776042539768, 0.23168666161130055, 0.23115717143823411, 0.23164638175357419, 0.23119911397152509, 0.23105823531745839, 0.23120146199169328, 0.23143738278076467, 0.23128500738937502, 0.23105190785099056, 0.23101921764274402, 0.23127731679947003, 0.23111978527041835, 0.23122399577820196, 0.23088381238734537, 0.2310429580180953], "val_acc": [0.92629296998435207, 0.91545370086078437, 0.91473108291921323, 0.91596985653333529, 0.93259006918947229, 0.91782801695451832, 0.91700216787843691, 0.92742851246396396, 0.92381542275610806, 0.92061525758629281, 0.91906679056864027, 0.922576649141986, 0.91266646022900988, 0.91173738001841831, 0.92928667288514699, 0.92133787552786395, 0.91710539901294708, 0.91627954993686578, 0.93000929082671813, 0.92877051721259607, 0.9245380406976792, 0.92856405494357575, 0.90998245073174544, 0.93083513990279954, 0.9112212243458675, 0.92381542275610806, 0.91091153094233701, 0.91307938476705053, 0.91431815838117259, 0.91927325283766059, 0.92391865389061822, 0.92051202645178265, 0.91080829980782685, 0.91225353569096923, 0.92185403120041487, 0.91906679056864027, 0.91504077632274372, 0.91989263964472168, 0.91452462065019291, 0.92742851246396396, 0.93083513990279954, 0.91338907817058101, 0.92660266338788255, 0.931764220113391, 0.91431815838117259, 0.92629296998435207, 0.91896355943413011, 0.91607308766784545, 0.9128729224980302, 0.91266646022900988, 0.93000929082671813, 0.92195726233492503, 0.91504077632274372, 0.90347888925760489, 0.91679570560941659, 0.91111799321135734, 0.92495096523571985, 0.9103953752697862, 0.90874367711762349, 0.91751832355098772, 0.90451120060270662, 0.91524723859176405, 0.90977598846272512, 0.91689893674392675, 0.92113141325884362, 0.91029214413527604, 0.92381542275610806], "val_loss": [0.17739815667003955, 0.18201499617032385, 0.18070442026343164, 0.18140133421303159, 0.15152999488139801, 0.17468670097324787, 0.17562602509878006, 0.15677733510298861, 0.15961532822682342, 0.16817285610155031, 0.16988605357490422, 0.16581712808924168, 0.18512294054011375, 0.18165864426147721, 0.1545921319333641, 0.16576122473092766, 0.17412210687459642, 0.1788809875933344, 0.15234545414244979, 0.15030663042469908, 0.15617935545954023, 0.15436874294394529, 0.18836219676621155, 0.15087803847771675, 0.1879871465028089, 0.16293537809781841, 0.18488897004723243, 0.18219444057397999, 0.17878238239410282, 0.17044506231623807, 0.16438320319962302, 0.17025726674007499, 0.18785835064111558, 0.18121586117173935, 0.16922268001019455, 0.16719539256892768, 0.1751343334564591, 0.16622843415343419, 0.179590132856601, 0.15753736134218188, 0.14627638150860653, 0.18009456362730272, 0.16116217711635256, 0.14871143303135484, 0.17826417498571273, 0.15648169152587083, 0.17098713981775451, 0.17393723723611387, 0.17675360965609699, 0.18567316127279368, 0.15446358978136093, 0.16721602520596149, 0.18214850915980263, 0.1988085881287073, 0.17154840830587759, 0.18474240147697985, 0.16182510505412229, 0.18766178853084542, 0.18946351791078539, 0.17618907470214942, 0.19404059116736005, 0.17297994647926132, 0.18328806965054159, 0.16952704719040027, 0.17005822004961305, 0.18576988286880119, 0.16101292863025179]}}