{"low_val_loss": 0.15259745175349057, "params": {"verbose": 1, "nb_epoch": 1000, "batch_size": 32, "metrics": ["loss", "acc", "val_loss", "val_acc"], "nb_sample": 29058, "do_validation": true}, "results": {"acc": [0.8543946589579462, 0.88691582352536302, 0.8903916305320394, 0.89149287631633289, 0.89207791313923879, 0.89207791313923879, 0.89335122857732807, 0.89317915892353228, 0.89410833505402987, 0.89455571615389906, 0.89493426939224996, 0.89489985546149076, 0.89606992910730265, 0.89531282263060086, 0.89586344552274766, 0.89624199876109845, 0.89551930621515585, 0.89569137586895176, 0.89686144951476354, 0.89582903159198846, 0.89627641269185765, 0.89675820772248604, 0.89672379379172684, 0.89603551517654345, 0.89689586344552275, 0.89737765847615114, 0.89717117489159615, 0.89706793309931865, 0.89668937986096775, 0.89823800674513044, 0.89693027737628195, 0.89627641269185765, 0.89765296992222454, 0.89713676096083694, 0.89758414206070614, 0.89668937986096775, 0.89748090026842864, 0.89871980177575883, 0.89744648633766944, 0.89741207240691034, 0.89730883061463285, 0.89710234703007774, 0.89792828136829783, 0.89758414206070614, 0.89727441668387364, 0.89724000275311444, 0.89782503957602033, 0.89710234703007774, 0.89751531419918784, 0.89758414206070614, 0.89785945350677954, 0.89782503957602033, 0.89734324454539194, 0.89754972812994704, 0.89779062564526124], "loss": [0.32665788250859223, 0.25066994155944111, 0.24639990587824678, 0.24393155545931366, 0.24312389236215601, 0.2414091229992614, 0.24080320807007571, 0.24012431361217593, 0.23937811386446572, 0.23857059801172115, 0.23813733785408142, 0.23783331470826438, 0.23705288722072204, 0.23712093570069073, 0.23659355712515642, 0.23640127200423358, 0.23573347446357107, 0.23578159517601979, 0.23524126139516816, 0.2354973614876347, 0.23519157419161063, 0.23525871940649945, 0.23497243076674418, 0.23488549234304401, 0.23476650871547225, 0.23443181677795477, 0.23423455993720083, 0.23464539462286521, 0.23398965421373508, 0.23395538194450149, 0.23401762039788254, 0.23379199479086601, 0.23382901043054677, 0.23349425239928601, 0.23340293221568995, 0.23370284492736987, 0.23348577583645977, 0.2331071326178229, 0.23319557754472756, 0.23332518428077931, 0.23313894928408321, 0.23323323121336687, 0.23246134853248387, 0.23302669640892271, 0.23294754963436382, 0.23274239740706301, 0.23259010868937638, 0.23270076651261271, 0.23229577126646112, 0.23234728694079274, 0.23251988568061627, 0.2320019695765527, 0.23219944312999299, 0.23214651753942256, 0.23221690821396573], "val_acc": [0.92195726233492503, 0.92267988027649617, 0.92887374834710623, 0.91266646022900988, 0.92329926708355725, 0.92835759267455542, 0.9136987715741115, 0.92402188502512839, 0.90667905442742014, 0.92474450296669952, 0.92113141325884362, 0.92340249821806741, 0.91865386603059962, 0.92051202645178265, 0.91070506867331669, 0.92144110666237422, 0.92195726233492503, 0.9261897388498419, 0.91720863014745724, 0.92588004544631142, 0.91917002170315043, 0.92711881906043347, 0.92247341800747584, 0.9092598327901743, 0.92216372460394536, 0.92206049346943519, 0.91535046972627421, 0.91958294624119119, 0.92784143700200461, 0.92536388977376061, 0.92020233304825216, 0.91215030455645907, 0.91514400745725388, 0.92484773410120968, 0.91896355943413011, 0.9173118612819674, 0.92433157842865887, 0.91638278107137594, 0.91627954993686578, 0.92113141325884362, 0.92133787552786395, 0.91596985653333529, 0.92835759267455542, 0.91431815838117259, 0.91865386603059962, 0.92515742750474028, 0.91906679056864027, 0.92660266338788255, 0.92835759267455542, 0.90884690825213366, 0.922576649141986, 0.90667905442742014, 0.92164756893139455, 0.9289769794816165, 0.92629296998435207], "val_loss": [0.17907414076917311, 0.17072056166353125, 0.1575584805339707, 0.18247805699003092, 0.16568739827108159, 0.15747198691149178, 0.18218884009283751, 0.16634372309930148, 0.19438518600387816, 0.16121622337765021, 0.16936759294906834, 0.16545816403929511, 0.17312091160952103, 0.17040741667759066, 0.18733301652010667, 0.16912221941295899, 0.17021991370073336, 0.15677733935628793, 0.175820993029771, 0.16042993970917538, 0.17751070295927865, 0.15656746428179535, 0.16606870009115363, 0.19074202500590601, 0.16575141803631538, 0.16471461576242447, 0.17580842583159415, 0.17044993325886409, 0.15259745175349057, 0.1602316433472494, 0.17455596935195894, 0.18658866888061942, 0.18265955682443591, 0.16031739627726124, 0.17589967943019599, 0.17650447955755574, 0.16437689695113877, 0.17895921211698557, 0.1813106153164564, 0.16855312404030984, 0.17235043112050519, 0.17850681738563584, 0.15786366381310291, 0.1803362533247076, 0.17316101000322096, 0.15751102541914552, 0.17364413214187338, 0.15931488559783716, 0.15386622146393439, 0.19728120391406032, 0.16548346132163086, 0.19651603785950025, 0.16874929877807385, 0.15797878963494186, 0.15848300610319482]}}