{"low_val_loss": 0.15513170563485201, "params": {"verbose": 1, "nb_epoch": 1000, "batch_size": 32, "metrics": ["loss", "acc", "val_loss", "val_acc"], "nb_sample": 29058, "do_validation": true}, "results": {"acc": [0.84733980315231605, 0.88557368022575533, 0.8897377658476151, 0.8900819051552068, 0.89159611810861039, 0.89135522059329619, 0.89300708926973638, 0.89348888430036477, 0.89383302360795647, 0.89397067933099317, 0.89465895794617656, 0.89390185146947487, 0.89527840869984165, 0.89524399476908256, 0.89562254800743346, 0.89582903159198846, 0.89655172413793105, 0.89600110124578425, 0.89634524055337605, 0.89627641269185765, 0.89648289627641264, 0.89682703558400445, 0.89679262165324525, 0.89641406841489435, 0.89668937986096775, 0.89710234703007774, 0.89682703558400445, 0.89765296992222454, 0.89686144951476354, 0.89703351916855945, 0.89720558882235524, 0.89713676096083694, 0.89772179778374284, 0.89744648633766944, 0.89754972812994704, 0.89696469130704104, 0.89827242067588964, 0.89754972812994704, 0.89785945350677954, 0.89789386743753874, 0.89686144951476354], "loss": [0.33883575059130444, 0.25336383112988736, 0.24776548864106465, 0.24530496533250634, 0.24348331415724869, 0.24239598811277874, 0.2414990193919819, 0.24045376407524963, 0.23999959340163785, 0.23915401142749132, 0.23883967357670025, 0.23841703482108129, 0.23795027642555755, 0.23766733105397289, 0.23741886282853911, 0.2370412481742136, 0.23663606524786179, 0.23643813066410668, 0.23630807232095508, 0.23609995576089277, 0.23626879352676999, 0.23574288072388486, 0.2357550378478856, 0.23563610380469943, 0.23546031677553295, 0.2353404934830339, 0.23533232399579851, 0.23515696655908891, 0.23499861661332203, 0.23486275567356296, 0.23493236187691369, 0.23470524900977918, 0.23450828110712657, 0.23445447619500071, 0.23431866475552685, 0.23437792680589911, 0.23415689789319252, 0.23403201694302214, 0.23421219242657854, 0.23435206155370444, 0.23397610903655977], "val_acc": [0.92577681431180125, 0.92649943225337239, 0.91504077632274372, 0.91700216787843691, 0.92711881906043347, 0.91545370086078437, 0.91380200270862166, 0.91927325283766059, 0.91328584703607085, 0.91328584703607085, 0.92267988027649617, 0.917621554685498, 0.90605966762035905, 0.92133787552786395, 0.92680912565690288, 0.92546712090827077, 0.92515742750474028, 0.91070506867331669, 0.920099101913742, 0.91710539901294708, 0.90833075257958285, 0.92164756893139455, 0.92020233304825216, 0.92195726233492503, 0.92061525758629281, 0.9184474037615793, 0.91421492724666242, 0.9128729224980302, 0.92422834729414871, 0.92402188502512839, 0.90977598846272512, 0.91359554043960134, 0.92020233304825216, 0.91359554043960134, 0.90791782804154209, 0.91555693199529453, 0.92588004544631142, 0.90915660165566414, 0.91473108291921323, 0.91855063489608946, 0.91545370086078437], "val_loss": [0.17617766162982615, 0.16262158071190577, 0.18131316035618303, 0.17300892291551923, 0.15654743810910071, 0.1813726595833573, 0.18247522462147472, 0.17480976318207345, 0.17992182470618898, 0.18057354664962838, 0.16477917407034498, 0.17335897374290965, 0.19240880471260921, 0.16466329266218452, 0.15513170563485201, 0.15621437451471371, 0.16052491731247173, 0.17979517014843521, 0.168171261746909, 0.1747075065522786, 0.18601742829799442, 0.16233002141893335, 0.16567556859385651, 0.16438591254091894, 0.16752154439575437, 0.17134147093486057, 0.17729942367493004, 0.18307259187980665, 0.15838066546612323, 0.16263359737701433, 0.18503974911694226, 0.18202869999583468, 0.16857966032489494, 0.18460703507231904, 0.18647508703605228, 0.17759901255906041, 0.15788219700543102, 0.18766755600205773, 0.17999047351976266, 0.16824588331491866, 0.17409924545256214]}}