{"low_val_loss": 0.14941019495952804, "params": {"verbose": 1, "nb_epoch": 1000, "batch_size": 32, "metrics": ["loss", "acc", "val_loss", "val_acc"], "nb_sample": 29058, "do_validation": true}, "results": {"acc": [0.8405258448620001, 0.88443802051070275, 0.88853327827104411, 0.8898410076398926, 0.8903572166012802, 0.89104549521646359, 0.89145846238557369, 0.89228439672379378, 0.89166494597012869, 0.89197467134696129, 0.89324798678505057, 0.89324798678505057, 0.89307591713125478, 0.89345447036960557, 0.89465895794617656, 0.89342005643884648, 0.89397067933099317, 0.89455571615389906, 0.89476219973845417, 0.89452130222313997, 0.89517516690756416, 0.89483102759997246, 0.89507192511528666, 0.89472778580769496, 0.89593227338426595, 0.89541606442287835, 0.89551930621515585, 0.89603551517654345, 0.89603551517654345, 0.89576020373047005, 0.89603551517654345, 0.89620758483033935, 0.89748090026842864, 0.89624199876109845, 0.89579461766122925, 0.89696469130704104], "loss": [0.35242917394164636, 0.25687034159408512, 0.24896876915691396, 0.24633271946361579, 0.24500079980260187, 0.24358944216100437, 0.24289874881926468, 0.2421152198238361, 0.24140294870840262, 0.24101169546133425, 0.24042198817616231, 0.24000216120739537, 0.23972400868453445, 0.23940018171600813, 0.23898884962960359, 0.23872815556011406, 0.23845934468689506, 0.23849458244500168, 0.23801211626213475, 0.2376336852488945, 0.23757754228827105, 0.23760305997041933, 0.23728214214413679, 0.23694751620850599, 0.23694654806686355, 0.23670323652894965, 0.23656550629408149, 0.23651890743436049, 0.23630150482679022, 0.23617355943630472, 0.23625984833189834, 0.23593966853084072, 0.23577201269196252, 0.23576879473369122, 0.23576648701249472, 0.23527559109118498], "val_acc": [0.92773820586749445, 0.91751832355098772, 0.91442138951568275, 0.91142768661488782, 0.91586662539882513, 0.90843398371409301, 0.92309280481453682, 0.92154433779688438, 0.91596985653333529, 0.93269330032398257, 0.92030556418276233, 0.93021575309573845, 0.92309280481453682, 0.92298957368002665, 0.92278311141100633, 0.92071848872080297, 0.92329926708355725, 0.92247341800747584, 0.92711881906043347, 0.92175080006590471, 0.91865386603059962, 0.92154433779688438, 0.92051202645178265, 0.92164756893139455, 0.91679570560941659, 0.92206049346943519, 0.92237018687296568, 0.92185403120041487, 0.90864044598311333, 0.92484773410120968, 0.91318261590156069, 0.91462785178470307, 0.92660266338788255, 0.91204707342194891, 0.91266646022900988, 0.91906679056864027], "val_loss": [0.18095118606708621, 0.18154081872710442, 0.18198271297649837, 0.18313029142066065, 0.18134512467331176, 0.19128977209852616, 0.16499212653343184, 0.16764521257936665, 0.17777444102747639, 0.14941019495952804, 0.17192232641252531, 0.1519012495550785, 0.16893431161007016, 0.16518715784281318, 0.16657130427822384, 0.16932864949380982, 0.16508027760282543, 0.16673937106115277, 0.16030885844336731, 0.17010896075203519, 0.17497790162925062, 0.16916482468436866, 0.16884745369634849, 0.16890419515460664, 0.175993341113824, 0.16906251279975443, 0.16681144172595888, 0.16850776382077523, 0.19424322745518086, 0.16224383395555539, 0.18144393856417496, 0.18106880122004457, 0.16031105608198742, 0.18419652737317913, 0.1825628583081535, 0.17288463369136478]}}