{"low_val_loss": 0.14413549848184676, "params": {"verbose": 1, "nb_epoch": 1000, "batch_size": 32, "metrics": ["loss", "acc", "val_loss", "val_acc"], "nb_sample": 29058, "do_validation": true}, "results": {"acc": [0.83949342693922502, 0.88553926629499624, 0.88939362654002341, 0.89042604446279849, 0.89070135590887189, 0.89145846238557369, 0.89293826140821808, 0.89286943354669968, 0.89276619175442218, 0.89424599077706657, 0.89421157684630737, 0.89424599077706657, 0.89510633904604586, 0.89452130222313997, 0.89493426939224996, 0.89631082662261685, 0.89545047835363756, 0.89637965448413515, 0.89644848234565355, 0.89689586344552275, 0.89668937986096775, 0.89686144951476354, 0.89631082662261685, 0.89631082662261685, 0.89689586344552275, 0.89693027737628195, 0.89637965448413515, 0.89785945350677954, 0.89765296992222454, 0.89761855599146534, 0.89617317089958015, 0.89710234703007774, 0.89668937986096775, 0.89662055199944934, 0.89724000275311444, 0.89737765847615114, 0.89651731020717185, 0.89734324454539194, 0.89679262165324525, 0.89696469130704104, 0.89655172413793105, 0.89754972812994704, 0.89655172413793105, 0.89620758483033935, 0.89668937986096775, 0.89730883061463285, 0.89637965448413515, 0.89596668731502516, 0.89675820772248604, 0.89675820772248604, 0.89686144951476354, 0.89686144951476354, 0.89703351916855945, 0.89727441668387364, 0.89775621171450204], "loss": [0.34555865267185387, 0.25461107884026729, 0.24797833354321763, 0.24571142545841304, 0.24411526204730766, 0.24295594293779416, 0.24201309616735217, 0.24143219331753873, 0.24044034507755599, 0.23999145053908094, 0.23886241187229398, 0.2388073581963997, 0.23805965158581463, 0.23785298516582454, 0.23758804924276872, 0.23707667739173569, 0.23684988602492296, 0.23629176716185413, 0.23631596315536557, 0.23618108487471792, 0.23571384506558835, 0.23560572447307432, 0.23543463296361636, 0.23527306944113391, 0.23528141909242969, 0.23496238665879737, 0.23502010832252815, 0.23466454287447994, 0.23472177291748447, 0.23477343694878114, 0.23464047036061464, 0.23445197893566222, 0.23453936760623223, 0.23443627236665457, 0.23402110228716397, 0.23407675760449254, 0.23420986955513259, 0.23393259727049862, 0.23393657444685573, 0.23384323778315907, 0.23363773795856901, 0.23359152994615606, 0.2333495971283357, 0.23373379032030447, 0.23337812237126163, 0.23334406963456286, 0.23326779041182635, 0.23303869629664795, 0.23313266761286619, 0.23307712169949849, 0.2328203330513238, 0.23327585170516638, 0.23264580768944515, 0.23289649680711191, 0.23265156078891636], "val_acc": [0.93630639003183835, 0.91235676682547939, 0.92794466813651477, 0.91803447922353865, 0.9184474037615793, 0.91917002170315043, 0.92990605969220796, 0.922576649141986, 0.92195726233492503, 0.92082171985531314, 0.92247341800747584, 0.91720863014745724, 0.9173118612819674, 0.92495096523571985, 0.92577681431180125, 0.9184474037615793, 0.92835759267455542, 0.90822752144507268, 0.91865386603059962, 0.91060183753880652, 0.9237121916215979, 0.92133787552786395, 0.91813771035804881, 0.92102818212433346, 0.91751832355098772, 0.90781459690703192, 0.92866728607808591, 0.92680912565690288, 0.93289976259300289, 0.9164860122058861, 0.92195726233492503, 0.90605966762035905, 0.92123464439335379, 0.92443480956316904, 0.91297615363254037, 0.91793124808902848, 0.91803447922353865, 0.90523381854427776, 0.92505419637023001, 0.91535046972627421, 0.91091153094233701, 0.9112212243458675, 0.91338907817058101, 0.91535046972627421, 0.91060183753880652, 0.92164756893139455, 0.91153091774939798, 0.90895013938664382, 0.91937648397217075, 0.91772478582000816, 0.91359554043960134, 0.91235676682547939, 0.92040879531727249, 0.91865386603059962, 0.92680912565690288], "val_loss": [0.16267415413755473, 0.18431127879815143, 0.15616949364355293, 0.17090884544577553, 0.17128794018536439, 0.1680986001469211, 0.15180092910482526, 0.16493990042736142, 0.1647702315484787, 0.16766620261506779, 0.16339537869249382, 0.17421114847757777, 0.16936698713926041, 0.15814958130909068, 0.1558375688412216, 0.17032912187758978, 0.1505903535897184, 0.18999584687867377, 0.16992368476310171, 0.18418718093901001, 0.1640071621320621, 0.16720162934095939, 0.17134468416599061, 0.16612287237778764, 0.17145951405356785, 0.185586666508923, 0.15097223038587013, 0.15386556446263083, 0.14413549848184676, 0.17242269169397309, 0.16320499127454416, 0.19162365278748089, 0.16579090853893647, 0.15935455734484938, 0.18185321651795239, 0.16998176434740411, 0.16835739667695337, 0.19668171172583757, 0.15743709227032332, 0.17237833606951608, 0.18464017638620717, 0.18204038355569113, 0.18079734626087202, 0.1772305550334641, 0.18186428282754863, 0.16421681387988149, 0.18021333071255052, 0.19162508373505327, 0.16790813813663813, 0.17014064328885181, 0.17864572824576672, 0.18227781034306906, 0.16646481804142824, 0.16951794231133011, 0.1562731082168442]}}