{"low_val_loss": 0.14820669087299354, "params": {"verbose": 1, "nb_epoch": 1000, "batch_size": 32, "metrics": ["loss", "acc", "val_loss", "val_acc"], "nb_sample": 29058, "do_validation": true}, "results": {"acc": [0.84434579117626818, 0.88498864340284944, 0.88880858971711751, 0.89180260169316539, 0.8902195608782435, 0.8912519788010187, 0.89252529423910798, 0.89166494597012869, 0.89242205244683048, 0.89300708926973638, 0.89269736389290388, 0.89331681464656898, 0.89403950719251157, 0.89428040470782577, 0.89479661366921326, 0.89469337187693576, 0.89455571615389906, 0.89472778580769496, 0.89538165049211926, 0.89493426939224996, 0.89520958083832336, 0.89603551517654345, 0.89514075297680507, 0.89624199876109845, 0.89627641269185765, 0.89703351916855945, 0.89662055199944934, 0.89651731020717185, 0.89682703558400445, 0.89668937986096775, 0.89627641269185765, 0.89689586344552275, 0.89672379379172684, 0.89655172413793105, 0.89686144951476354, 0.89662055199944934, 0.89679262165324525, 0.89758414206070614, 0.89717117489159615, 0.89713676096083694, 0.89724000275311444, 0.89799710922981624, 0.89737765847615114, 0.89668937986096775, 0.89772179778374284, 0.89754972812994704, 0.89699910523780024, 0.89668937986096775, 0.89730883061463285, 0.89710234703007774, 0.89727441668387364], "loss": [0.34878878890791143, 0.25516003290902428, 0.24796277140420714, 0.24568413610624812, 0.24427680492450352, 0.24356350157353754, 0.24247963696470018, 0.24190892694775398, 0.24155628800497148, 0.24066802048865316, 0.24053159972101654, 0.23991760335335982, 0.23968146710057689, 0.23927610613507883, 0.23886744674328264, 0.23828957722609431, 0.23843117493855845, 0.23825633123438705, 0.23785072596872803, 0.23777912372990331, 0.23754335920089814, 0.23731715303875639, 0.23730928106985383, 0.2367994223860152, 0.23698024917259311, 0.23616511528230538, 0.23627240238306119, 0.23640189234056314, 0.23603345992392194, 0.23567151454381116, 0.2357600083851184, 0.23545946083702732, 0.23564572127299921, 0.23569289957349063, 0.23487239940068508, 0.23518705289069633, 0.2353381121818173, 0.23516522543396504, 0.23500948916779421, 0.23482776003445455, 0.23470116528881188, 0.23470446056435643, 0.23463443476701359, 0.23464290232904206, 0.23458457319806295, 0.23424052165497997, 0.23442094862289042, 0.23432963002662599, 0.23428721653634843, 0.23383204271992908, 0.2338562038343717], "val_acc": [0.9289769794816165, 0.92195726233492503, 0.91958294624119119, 0.92474450296669952, 0.91937648397217075, 0.91896355943413011, 0.91555693199529453, 0.92660266338788255, 0.91720863014745724, 0.90358212039211505, 0.91359554043960134, 0.92288634254551649, 0.92319603594904698, 0.92298957368002665, 0.91535046972627421, 0.89769794572503547, 0.91535046972627421, 0.92071848872080297, 0.92474450296669952, 0.92608650771533174, 0.92412511615963855, 0.92175080006590471, 0.91741509241647756, 0.92164756893139455, 0.93259006918947229, 0.92340249821806741, 0.92536388977376061, 0.92670589452239271, 0.91947971510668092, 0.92319603594904698, 0.922576649141986, 0.91927325283766059, 0.92040879531727249, 0.91091153094233701, 0.91586662539882513, 0.92051202645178265, 0.91235676682547939, 0.91824094149255897, 0.92381542275610806, 0.92298957368002665, 0.9245380406976792, 0.92691235679141304, 0.91235676682547939, 0.91566016312980469, 0.9261897388498419, 0.93073190876828926, 0.91906679056864027, 0.92278311141100633, 0.91834417262706913, 0.92474450296669952, 0.91452462065019291], "val_loss": [0.17668143993864072, 0.17281897294325357, 0.17492092903839973, 0.16125248286758118, 0.16663114935208909, 0.17295044437212337, 0.17552186390653265, 0.15913947262589045, 0.1734544118154685, 0.1981899567141466, 0.18178767088542624, 0.16747181395229704, 0.16485165407098742, 0.165651167172116, 0.17883264143498701, 0.21612172780547506, 0.17836175915890218, 0.16754844682672831, 0.16238259762614779, 0.15878693172055353, 0.16193671314859337, 0.16512962041727108, 0.1718153465361163, 0.16802096027310595, 0.14820669087299354, 0.16405880166392856, 0.16079871503045357, 0.1569228845484931, 0.17260154140293074, 0.16552630871537424, 0.16709271543050214, 0.17207522216049451, 0.16708811809270083, 0.18571582654418192, 0.17874481228689876, 0.17085480751879101, 0.18550615176047791, 0.1708109888883737, 0.16437617445248648, 0.16319749857167026, 0.16159103536284031, 0.15558100475264283, 0.18302456252996036, 0.17582964951302646, 0.15791729837809848, 0.14840139862320317, 0.16795473360736587, 0.16098728324074649, 0.1731652379550499, 0.16027436148607166, 0.17910697713534296]}}