{"low_val_loss": 0.14640758882335456, "params": {"verbose": 1, "nb_epoch": 1000, "batch_size": 32, "metrics": ["loss", "acc", "val_loss", "val_acc"], "nb_sample": 29058, "do_validation": true}, "results": {"acc": [0.85181361415100831, 0.88756968820978732, 0.88953128226306011, 0.8905981141165944, 0.89142404845481449, 0.89242205244683048, 0.89228439672379378, 0.89311033106201387, 0.89379860967719738, 0.89390185146947487, 0.89486544153073166, 0.89462454401541747, 0.89527840869984165, 0.89579461766122925, 0.89555372014591506, 0.89596668731502516, 0.89545047835363756, 0.89662055199944934, 0.89596668731502516, 0.89665496593020855, 0.89569137586895176, 0.89675820772248604, 0.89662055199944934, 0.89627641269185765, 0.89689586344552275, 0.89789386743753874, 0.89672379379172684, 0.89799710922981624, 0.89724000275311444, 0.89713676096083694, 0.89693027737628195, 0.89662055199944934, 0.89772179778374284, 0.89696469130704104, 0.89672379379172684, 0.89744648633766944, 0.89792828136829783, 0.89782503957602033, 0.89761855599146534], "loss": [0.33178132838700414, 0.25183511183196067, 0.24683205754137127, 0.24447926930203481, 0.2428080944380426, 0.24173172967252929, 0.24096753089436482, 0.2398907791104449, 0.23950838629784604, 0.23907629098294236, 0.23844705158479856, 0.23809747395130468, 0.23744471563476682, 0.23688929457486935, 0.23663131262234743, 0.23632204885101546, 0.23615408434277269, 0.23600398559425578, 0.23552567944144978, 0.23532262219412109, 0.23516909409960787, 0.23473311739882252, 0.23464356113287527, 0.23434678171750759, 0.23421542635188147, 0.23404483560936049, 0.2341713488612972, 0.23374364990125646, 0.23373755165494675, 0.23343459027827348, 0.23340236621002008, 0.2332287110612446, 0.23320811444129269, 0.23298248312549438, 0.23262897298438426, 0.23288717748818669, 0.23284488792515615, 0.23234662216169413, 0.23251025322449084], "val_acc": [0.92877051721259607, 0.92309280481453682, 0.92784143700200461, 0.91184061115292847, 0.91431815838117259, 0.91927325283766059, 0.91245999795998955, 0.91638278107137594, 0.91751832355098772, 0.91782801695451832, 0.91173738001841831, 0.91720863014745724, 0.93300299372751305, 0.9281511304055351, 0.91204707342194891, 0.91627954993686578, 0.91380200270862166, 0.91679570560941659, 0.91266646022900988, 0.92144110666237422, 0.91297615363254037, 0.91442138951568275, 0.92588004544631142, 0.91793124808902848, 0.91700216787843691, 0.922576649141986, 0.91338907817058101, 0.90802105917605225, 0.91380200270862166, 0.91080829980782685, 0.9140084649776421, 0.92298957368002665, 0.91462785178470307, 0.92773820586749445, 0.92071848872080297, 0.91751832355098772, 0.91473108291921323, 0.91834417262706913, 0.91276969136352004], "val_loss": [0.1702787747968704, 0.16596720783578128, 0.1579204965296287, 0.18380411595638363, 0.17612138480914075, 0.17015659849645801, 0.18276155274928607, 0.17890436460639075, 0.1703988717399946, 0.17145985914612499, 0.18697363744582432, 0.17111053677623617, 0.14640758882335456, 0.15394663602795175, 0.18355147016021359, 0.17415273774123369, 0.1790243046143063, 0.17713454994957084, 0.18026179368895642, 0.16664562643011177, 0.18281410771423146, 0.17966978675725723, 0.15652619983646737, 0.17191265540200759, 0.17728612114282796, 0.16044276157191961, 0.18217867018645906, 0.19121955182236808, 0.18081756119391454, 0.18310934576540769, 0.18011025396357677, 0.16067316220951938, 0.17493183223704281, 0.15221100615663796, 0.163910203272327, 0.17373567378536656, 0.17803028056843553, 0.170627019724124, 0.18507658533618904]}}