{"low_val_loss": 0.15797533839287262, "params": {"verbose": 1, "nb_epoch": 1000, "batch_size": 32, "metrics": ["loss", "acc", "val_loss", "val_acc"], "nb_sample": 29058, "do_validation": true}, "results": {"acc": [0.83398719801775756, 0.88216670108059747, 0.88677816780232643, 0.88915272902470921, 0.89132080666253699, 0.89166494597012869, 0.89149287631633289, 0.89259412210062639, 0.89211232706999799, 0.89207791313923879, 0.89273177782366298, 0.89238763851607128, 0.89276619175442218, 0.89317915892353228, 0.89352329823112397, 0.89483102759997246, 0.89369536788491977, 0.89434923256934407, 0.89459013008465826, 0.89483102759997246, 0.89424599077706657, 0.89455571615389906, 0.89558813407667426, 0.89548489228439676, 0.89565696193819255, 0.89541606442287835, 0.89593227338426595, 0.89545047835363756, 0.89627641269185765, 0.89527840869984165, 0.89641406841489435, 0.89631082662261685, 0.89668937986096775, 0.89617317089958015, 0.89634524055337605, 0.89662055199944934, 0.89675820772248604], "loss": [0.36989366823393394, 0.26063001129033436, 0.25065368975824404, 0.24781351691944337, 0.24578717493110025, 0.24443024264950985, 0.24372711052987472, 0.24309180614682269, 0.24254818857064867, 0.24179984383045053, 0.24141695386043871, 0.24103245230940198, 0.24055082170409783, 0.24038729278586246, 0.23982265906741626, 0.23939546305698359, 0.23925744681079697, 0.23893940905775057, 0.23867068632204366, 0.23842180603385341, 0.23801407394692906, 0.23802685799044204, 0.23775726009099513, 0.23773298988700675, 0.23722283664512095, 0.23734694056991601, 0.23685897387369892, 0.23681226254670518, 0.23688761973111921, 0.23661737696184526, 0.23619778723300938, 0.23648095161073493, 0.23594636662228402, 0.23607824654873186, 0.23604258442421189, 0.23589546382078505, 0.23556162661390317], "val_acc": [0.93124806444084018, 0.92753174359847412, 0.92350572935257758, 0.92340249821806741, 0.9173118612819674, 0.91163414888390815, 0.92040879531727249, 0.92102818212433346, 0.92309280481453682, 0.91772478582000816, 0.92567358317729109, 0.90987921959723528, 0.91194384228743874, 0.91524723859176405, 0.91782801695451832, 0.9237121916215979, 0.91514400745725388, 0.91978940851021151, 0.92680912565690288, 0.91669247447490643, 0.91431815838117259, 0.90936306392468447, 0.91596985653333529, 0.92495096523571985, 0.91927325283766059, 0.92360896048708774, 0.92040879531727249, 0.92588004544631142, 0.91555693199529453, 0.92206049346943519, 0.92309280481453682, 0.92288634254551649, 0.92267988027649617, 0.92175080006590471, 0.91049860640429636, 0.92154433779688438, 0.91049860640429636], "val_loss": [0.1846983408757478, 0.163809465785689, 0.16604059572239599, 0.16651768647491949, 0.17280001149867494, 0.18676109249496209, 0.17218546968526832, 0.16624494656209754, 0.16560934706707112, 0.17075198071999079, 0.15797533839287262, 0.18523875376165583, 0.18103849549814435, 0.17279931033304924, 0.17369398533801084, 0.16379618006065694, 0.17790754770919107, 0.16997789609048577, 0.15900713689698331, 0.17825332294741542, 0.17901415131194703, 0.19015917786544809, 0.17555159022792199, 0.16409657172504144, 0.171088733292037, 0.16260139600613099, 0.16825029843576161, 0.16044786150049128, 0.1756703502644606, 0.16774105507185538, 0.16214806854469532, 0.16326015068888602, 0.16584193516536874, 0.16521314347319169, 0.1850346383920663, 0.16671928698244118, 0.18440826553199527]}}