{"low_val_loss": 0.14927072217971582, "params": {"verbose": 1, "nb_epoch": 1000, "batch_size": 32, "metrics": ["loss", "acc", "val_loss", "val_acc"], "nb_sample": 29058, "do_validation": true}, "results": {"acc": [0.83305802188725997, 0.87924151696606789, 0.88712230710991813, 0.88815472503269322, 0.88980659370913351, 0.8909766673549453, 0.89197467134696129, 0.89118315093950029, 0.8909766673549453, 0.89224998279303458, 0.89242205244683048, 0.89238763851607128, 0.89262853603138548, 0.89276619175442218, 0.89304150320049558, 0.89403950719251157, 0.89293826140821808, 0.89407392112327067, 0.89338564250808727, 0.89359212609264227, 0.89366095395416068, 0.89434923256934407, 0.89438364650010327, 0.89455571615389906, 0.89417716291554816, 0.89448688829238077, 0.89441806043086236, 0.89531282263060086, 0.89514075297680507, 0.89538165049211926, 0.89510633904604586, 0.89472778580769496, 0.89579461766122925, 0.89520958083832336, 0.89459013008465826, 0.89555372014591506, 0.89455571615389906, 0.89489985546149076, 0.89500309725376836, 0.89517516690756416, 0.89527840869984165, 0.89469337187693576, 0.89558813407667426, 0.89476219973845417, 0.89596668731502516, 0.89562254800743346, 0.89565696193819255, 0.89503751118452746, 0.89582903159198846, 0.89555372014591506, 0.89548489228439676, 0.89620758483033935, 0.89651731020717185, 0.89496868332300916, 0.89596668731502516, 0.89496868332300916, 0.89627641269185765, 0.89631082662261685, 0.89479661366921326, 0.89434923256934407, 0.89565696193819255, 0.89576020373047005, 0.89534723656136006, 0.89569137586895176, 0.89582903159198846, 0.89600110124578425, 0.89534723656136006, 0.89534723656136006, 0.89551930621515585], "loss": [0.37744453135658368, 0.26422878225662888, 0.25207981970388116, 0.24833920071052246, 0.24634084757231547, 0.24487006418038768, 0.24396908416770327, 0.24297011517241091, 0.24258234683300905, 0.24193292579402925, 0.24161086183214919, 0.24138688738017164, 0.24115734848958742, 0.2406711825896207, 0.24068112305743505, 0.24025653104007888, 0.23997573645487894, 0.23952463281438524, 0.23936143926817172, 0.23926849723345822, 0.23883218075717272, 0.23903528453960529, 0.2385017335295915, 0.23850194012538656, 0.23817979212871102, 0.23805350645319201, 0.23767813086336376, 0.23772484851774539, 0.23756324917116992, 0.23756057010874201, 0.23762280547120776, 0.23694526148200143, 0.23721655145822371, 0.23716651845585701, 0.23686313006704612, 0.23690547035404882, 0.2368310203891017, 0.23659487126805481, 0.23660074803824105, 0.23651190584036888, 0.23653566556497388, 0.23630079927542261, 0.23636132322615377, 0.23643063249086857, 0.23636120134308578, 0.23635693010026357, 0.23617920652313942, 0.23599353674085119, 0.23608445994634891, 0.23593826020393263, 0.2361601175408094, 0.23579983625214085, 0.2358598270348323, 0.2358245318186932, 0.23590982852171485, 0.23567821658464166, 0.2355514721422762, 0.23566949245064756, 0.23572607966247738, 0.23571014840388399, 0.23581682485997188, 0.23576008481754226, 0.2356316245970784, 0.23568846078066366, 0.23542254256920822, 0.23561570781082894, 0.23561179350890563, 0.23557548940318138, 0.23556208354130903], "val_acc": [0.93413853620712484, 0.931764220113391, 0.91896355943413011, 0.91514400745725388, 0.91947971510668092, 0.91751832355098772, 0.91442138951568275, 0.91813771035804881, 0.91545370086078437, 0.90936306392468447, 0.91080829980782685, 0.91896355943413011, 0.92381542275610806, 0.91886032829961994, 0.91958294624119119, 0.91751832355098772, 0.9173118612819674, 0.92175080006590471, 0.91338907817058101, 0.91627954993686578, 0.91555693199529453, 0.92237018687296568, 0.92464127183218936, 0.92412511615963855, 0.92082171985531314, 0.92536388977376061, 0.92722205019494364, 0.92526065863925044, 0.92360896048708774, 0.91008568186625571, 0.91700216787843691, 0.92763497473298429, 0.91638278107137594, 0.92216372460394536, 0.93186745124790116, 0.91617631880235562, 0.92329926708355725, 0.92288634254551649, 0.91875709716510978, 0.91906679056864027, 0.92825436154004526, 0.92071848872080297, 0.93300299372751305, 0.93289976259300289, 0.92990605969220796, 0.93124806444084018, 0.92247341800747584, 0.92020233304825216, 0.91225353569096923, 0.9245380406976792, 0.922576649141986, 0.92526065863925044, 0.92711881906043347, 0.91855063489608946, 0.91855063489608946, 0.92051202645178265, 0.92391865389061822, 0.9270155879259232, 0.92402188502512839, 0.91906679056864027, 0.91917002170315043, 0.92319603594904698, 0.92309280481453682, 0.92216372460394536, 0.93104160217181986, 0.92443480956316904, 0.92329926708355725, 0.93000929082671813, 0.92608650771533174], "val_loss": [0.18306011463814173, 0.16210472765055137, 0.17609428866537866, 0.18301606723521285, 0.17188088816338812, 0.17533007391851618, 0.18063640318440988, 0.16992383824529275, 0.17589097226537934, 0.18639876533353908, 0.1843374417899587, 0.1679131146172344, 0.16158712662304964, 0.17124030275205543, 0.17135109608935056, 0.17505760372986398, 0.17624350175718362, 0.16663930711407673, 0.18756907448769417, 0.18022117964193476, 0.17545160936554902, 0.16655827717340446, 0.16134973702127564, 0.16367832495893156, 0.16928065029970199, 0.16257732501075625, 0.15971577977560691, 0.16257811997932239, 0.16718678129755196, 0.18971303210417725, 0.17761160552584745, 0.16106469846844268, 0.17755621852999479, 0.16638477674211538, 0.15129767606155822, 0.18146973093401492, 0.16715335075161744, 0.17009932343333981, 0.17282199531315195, 0.17673844175765704, 0.15810862249216268, 0.16996192699428053, 0.14927072217971582, 0.15003932827816938, 0.1576851231205712, 0.15322581701356769, 0.17216674950274938, 0.17370902785680065, 0.19002151518254085, 0.16675492610789691, 0.1679098220463045, 0.16472192572148467, 0.16173790869660407, 0.17922625780994708, 0.17607251411246, 0.17290168056631589, 0.16611288695384552, 0.16374106239671676, 0.16914353395347947, 0.17843053444313955, 0.17643250991591572, 0.16872586533304176, 0.16955702114841437, 0.17139097787128324, 0.15708710506590723, 0.16980236015780872, 0.16875648253528194, 0.15645667123600118, 0.16549374452536661]}}