{"low_val_loss": 0.14613214722402179, "params": {"verbose": 1, "nb_epoch": 1000, "batch_size": 32, "metrics": ["loss", "acc", "val_loss", "val_acc"], "nb_sample": 29058, "do_validation": true}, "results": {"acc": [0.78752839149287635, 0.86936471883818567, 0.88450684837222104, 0.88608988918714293, 0.88884300364787661, 0.8894624544015417, 0.8899786633629293, 0.8898410076398926, 0.89066694197811269, 0.89114873700874109, 0.89132080666253699, 0.89156170417785119, 0.89238763851607128, 0.89207791313923879, 0.89094225342418609, 0.89262853603138548, 0.89169935990088789, 0.89183701562392459, 0.89200908527772038, 0.89276619175442218, 0.89231881065455299, 0.89218115493151628, 0.89262853603138548, 0.89221556886227549, 0.89297267533897717, 0.89307591713125478, 0.89266294996214468, 0.89273177782366298, 0.89290384747745888], "loss": [0.39743975601165765, 0.28970366791049662, 0.2688724999366997, 0.25988859794400615, 0.25496164744521022, 0.25174194203128297, 0.24967423606025754, 0.24813146248713142, 0.24704311804697088, 0.24647289619974855, 0.2459760941792595, 0.24532520480572426, 0.24522215835619338, 0.244736408196983, 0.24446812698112333, 0.24411093853724308, 0.24391758635971417, 0.24363625980202119, 0.24334677741177915, 0.24315089860533484, 0.24295550730020182, 0.24289033336771176, 0.24261595957886031, 0.2425608640158855, 0.24221871255027327, 0.24207055353636411, 0.24202110243428088, 0.24190127995773072, 0.24152887922034957], "val_acc": [0.97677299473521217, 0.93899039952910279, 0.92959636628867748, 0.92185403120041487, 0.92051202645178265, 0.91947971510668092, 0.92360896048708774, 0.92164756893139455, 0.92102818212433346, 0.91235676682547939, 0.91421492724666242, 0.91772478582000816, 0.91803447922353865, 0.91163414888390815, 0.91256322909449972, 0.91576339426431497, 0.91266646022900988, 0.91431815838117259, 0.91215030455645907, 0.91008568186625571, 0.91978940851021151, 0.91163414888390815, 0.91194384228743874, 0.90895013938664382, 0.91256322909449972, 0.91535046972627421, 0.91638278107137594, 0.91153091774939798, 0.92443480956316904], "val_loss": [0.1628437423495005, 0.1495449135936216, 0.14613214722402179, 0.1529141197484277, 0.15937415611287678, 0.15944417465304742, 0.15596638063048263, 0.15899900875657202, 0.16128154507012046, 0.17266261644097652, 0.16890798589572137, 0.16586093341713845, 0.16435331361460787, 0.17230485641046908, 0.17056137021572162, 0.16774587603629135, 0.1712522079522634, 0.16717177667542854, 0.17166930146817638, 0.17775889770460962, 0.16286921297493545, 0.1725106346397389, 0.17292575979063271, 0.17999151075064454, 0.17379848482791971, 0.16790991123060797, 0.16734150349378549, 0.17439998978506832, 0.15664583489243444]}}