{"low_val_loss": 0.15871575992557119, "params": {"verbose": 1, "nb_epoch": 1000, "batch_size": 32, "metrics": ["loss", "acc", "val_loss", "val_acc"], "nb_sample": 29058, "do_validation": true}, "results": {"acc": [0.81340766742377313, 0.86368642026292242, 0.87996420951201049, 0.88474774588753524, 0.88643402849473463, 0.88725996283295483, 0.88777617179434232, 0.88836120861724821, 0.8892215568862275, 0.8899442494321701, 0.88925597081698671, 0.8901507330167252, 0.88915272902470921, 0.88980659370913351, 0.8899442494321701, 0.88949686833230091, 0.8900819051552068, 0.8903572166012802, 0.8903916305320394, 0.89090783949342689, 0.891114323077982, 0.8904948723243169, 0.8902195608782435, 0.89066694197811269, 0.89042604446279849, 0.8903916305320394, 0.89042604446279849, 0.89107990914722279, 0.8907701837703903, 0.89132080666253699, 0.8908734255626678], "loss": [0.43566095222461265, 0.2935427321509933, 0.26578842673466863, 0.25611300463193676, 0.25225014766972181, 0.25019173332479705, 0.24904401974415502, 0.24812880772767798, 0.24747884198812994, 0.24718669855333719, 0.24673830178790054, 0.24627740559174505, 0.24631001406047054, 0.24591768371303196, 0.24579939777036028, 0.24557734429385003, 0.24549597055721983, 0.24527371210658019, 0.24543612505180376, 0.24507134861564531, 0.24500645062395743, 0.24502131029075311, 0.24487292379824427, 0.24475918509108668, 0.2448403864244616, 0.24467153059442634, 0.24468413196974362, 0.24456682193877405, 0.24451924262942895, 0.24432562030615951, 0.24459667874285931], "val_acc": [0.94270672034685665, 0.93465469187967576, 0.92278311141100633, 0.91875709716510978, 0.92928667288514699, 0.91927325283766059, 0.91390523384313194, 0.92298957368002665, 0.91968617737570135, 0.91689893674392675, 0.92123464439335379, 0.90915660165566414, 0.91813771035804881, 0.91359554043960134, 0.92133787552786395, 0.91679570560941659, 0.91741509241647756, 0.91638278107137594, 0.91338907817058101, 0.9136987715741115, 0.91927325283766059, 0.91875709716510978, 0.91473108291921323, 0.91380200270862166, 0.91834417262706913, 0.91989263964472168, 0.91782801695451832, 0.91700216787843691, 0.92040879531727249, 0.91029214413527604, 0.9173118612819674], "val_loss": [0.21336508384857975, 0.18111599835380565, 0.18375751146412345, 0.18282896352471725, 0.15871575992557119, 0.17100978917320644, 0.17984802098226607, 0.16484706434105417, 0.16674210683212778, 0.17180139316691817, 0.16237735527857816, 0.18194364491841292, 0.16663765435309816, 0.17632220073022303, 0.16179935088091016, 0.17149013974625493, 0.16959481357934367, 0.17003103507304076, 0.17633795768447097, 0.17417215935472882, 0.16506176722794849, 0.16612758777118067, 0.17490402641874897, 0.17577150904001362, 0.16780095643502241, 0.16603806069792024, 0.16870766485447766, 0.16878938503333435, 0.16516910593822495, 0.18813119315420854, 0.16883217452952118]}}