{"low_val_loss": 0.14634612897362725, "params": {"verbose": 1, "nb_epoch": 1000, "batch_size": 32, "metrics": ["loss", "acc", "val_loss", "val_acc"], "nb_sample": 29058, "do_validation": true}, "results": {"acc": [0.85239865097391421, 0.88667492601004883, 0.8899442494321701, 0.8897033519168559, 0.8910110812857045, 0.89224998279303458, 0.89283501961594058, 0.89259412210062639, 0.89410833505402987, 0.89362654002340147, 0.89500309725376836, 0.89348888430036477, 0.89431481863858486, 0.89503751118452746, 0.89520958083832336, 0.89441806043086236, 0.89644848234565355, 0.89617317089958015, 0.89641406841489435, 0.89655172413793105, 0.89644848234565355, 0.89717117489159615, 0.89637965448413515, 0.89675820772248604, 0.89730883061463285, 0.89648289627641264, 0.89792828136829783, 0.89627641269185765], "loss": [0.32714855610827914, 0.2512483240503447, 0.24635318570647699, 0.24445811856374727, 0.24326905473924174, 0.24219121370081625, 0.24151927022029696, 0.24070584911565135, 0.24001723451233983, 0.23931013978748511, 0.23889073868383354, 0.23883515738690655, 0.23788724287598761, 0.23750960875578475, 0.23737345709837807, 0.23705635581444262, 0.23651938615764884, 0.23664398551701585, 0.23636856820785349, 0.23613719848636261, 0.23621569840436596, 0.23563753379926405, 0.23577686871183831, 0.235545114018123, 0.23524931630302881, 0.23483514751818743, 0.23496858909868704, 0.23494543491157155], "val_acc": [0.9245380406976792, 0.93455146074516549, 0.92298957368002665, 0.91679570560941659, 0.91875709716510978, 0.91886032829961994, 0.92350572935257758, 0.91111799321135734, 0.91751832355098772, 0.92433157842865887, 0.93021575309573845, 0.92588004544631142, 0.92030556418276233, 0.91669247447490643, 0.91008568186625571, 0.92959636628867748, 0.91504077632274372, 0.92329926708355725, 0.91751832355098772, 0.92329926708355725, 0.92267988027649617, 0.92082171985531314, 0.91338907817058101, 0.92133787552786395, 0.91824094149255897, 0.92278311141100633, 0.90843398371409301, 0.91741509241647756], "val_loss": [0.17434021032584443, 0.14634612897362725, 0.16092277473219288, 0.17581787395615123, 0.17185182112877775, 0.1735623883783565, 0.16474894511203741, 0.18291150039396284, 0.17815760997404462, 0.16273279840464475, 0.15482586411419108, 0.16120695076937447, 0.17317307769753831, 0.17726085532221666, 0.19047332382846988, 0.15437065986903925, 0.1791373388442761, 0.16210607400015373, 0.17835605190071796, 0.16380336218922822, 0.16538237615238405, 0.1661741333837029, 0.182111134945491, 0.16664972300306186, 0.17741028345368332, 0.16678423207986584, 0.19111740088090878, 0.17458304608206304]}}