{"low_val_loss": 0.15619958249910323, "params": {"verbose": 1, "nb_epoch": 1000, "batch_size": 32, "metrics": ["loss", "acc", "val_loss", "val_acc"], "nb_sample": 29058, "do_validation": true}, "results": {"acc": [0.82624406359694402, 0.88189138963452407, 0.88753527427902812, 0.8896001101245784, 0.8899786633629293, 0.8903572166012802, 0.8905981141165944, 0.89080459770114939, 0.89197467134696129, 0.89200908527772038, 0.89197467134696129, 0.89283501961594058, 0.89297267533897717, 0.89314474499277308, 0.89345447036960557, 0.89283501961594058, 0.89372978181567897, 0.89328240071580978, 0.89428040470782577, 0.89400509326175237, 0.89479661366921326, 0.89403950719251157, 0.89428040470782577, 0.89507192511528666, 0.89465895794617656, 0.89589785945350675, 0.89593227338426595, 0.89541606442287835, 0.89613875696882095, 0.89593227338426595, 0.89531282263060086, 0.89548489228439676, 0.89565696193819255, 0.89665496593020855, 0.89548489228439676, 0.89651731020717185, 0.89606992910730265, 0.89606992910730265, 0.89662055199944934, 0.89603551517654345, 0.89662055199944934, 0.89689586344552275, 0.89579461766122925, 0.89651731020717185, 0.89603551517654345, 0.89617317089958015, 0.89658613806869025, 0.89658613806869025], "loss": [0.38253070184225979, 0.26271216751198267, 0.25082280725751976, 0.24758742266113509, 0.246049519902382, 0.24479449596003461, 0.24408955940877639, 0.24334236699832235, 0.24262590734552833, 0.24241821209113754, 0.24176392032726968, 0.24146116069587323, 0.24106831761956896, 0.24074000436462648, 0.24053967523348374, 0.24031246414704105, 0.24000438636090665, 0.23995688731979378, 0.23968534751124287, 0.23945275556699433, 0.23923476288972403, 0.23893021412875295, 0.23872534859425779, 0.23843645814838788, 0.23859013522579581, 0.23840829213329007, 0.23800356418275892, 0.23800446803891354, 0.23787013397770851, 0.23761505849510217, 0.23747124289955962, 0.23743967503879493, 0.23740124285848777, 0.23697958602579292, 0.23712132726834112, 0.23705095434183818, 0.23690305580902643, 0.23677704548653605, 0.23660388903410193, 0.23644273420293888, 0.23643118762758283, 0.23601182591153183, 0.23621896962821176, 0.23598103564712961, 0.23586442823936463, 0.23587242902340327, 0.23551663610898665, 0.23530759242554231], "val_acc": [0.93640962116634852, 0.92784143700200461, 0.92195726233492503, 0.91917002170315043, 0.9209249509898233, 0.92495096523571985, 0.91679570560941659, 0.9209249509898233, 0.92216372460394536, 0.91720863014745724, 0.917621554685498, 0.92711881906043347, 0.9237121916215979, 0.92350572935257758, 0.91349230930509118, 0.92360896048708774, 0.92588004544631142, 0.92144110666237422, 0.91782801695451832, 0.92753174359847412, 0.91978940851021151, 0.92856405494357575, 0.91937648397217075, 0.9273252813294538, 0.92742851246396396, 0.92360896048708774, 0.91555693199529453, 0.92102818212433346, 0.91855063489608946, 0.91917002170315043, 0.9209249509898233, 0.91855063489608946, 0.91566016312980469, 0.91535046972627421, 0.92474450296669952, 0.91627954993686578, 0.91535046972627421, 0.91813771035804881, 0.92144110666237422, 0.92288634254551649, 0.9140084649776421, 0.91813771035804881, 0.92195726233492503, 0.92433157842865887, 0.91411169611215226, 0.91875709716510978, 0.92298957368002665, 0.92113141325884362], "val_loss": [0.18266150082489513, 0.16485822972791278, 0.17058028395912517, 0.17144591095126166, 0.17057515169740264, 0.16193362935736069, 0.17469592523081662, 0.16671909665191051, 0.16557253111252673, 0.17168208868845128, 0.17401476235429766, 0.15728519168249086, 0.16385431659648364, 0.16423310339989228, 0.18270409205311025, 0.1642053234840376, 0.16008992896869947, 0.16874185375407025, 0.1756238203849157, 0.15682846883334364, 0.17003843796092302, 0.15619958249910323, 0.17414686031646498, 0.15743374434727886, 0.15634269509751003, 0.1644057953316625, 0.17891363352706363, 0.16820080372892052, 0.17342730145776458, 0.17393419170957719, 0.16715727761907759, 0.17389494771411068, 0.17886256822983373, 0.17754481847369044, 0.16242529956935986, 0.17794860137700172, 0.17891631929792831, 0.17559532168877681, 0.16645097896638233, 0.16543710379569698, 0.18002956947003146, 0.17252478377415359, 0.16607534832413307, 0.16145641443272413, 0.18030343268113178, 0.17078573119979384, 0.16275503766666541, 0.16562111147691791]}}