{"low_val_loss": 0.15353347084123406, "params": {"verbose": 1, "nb_epoch": 1000, "batch_size": 32, "metrics": ["loss", "acc", "val_loss", "val_acc"], "nb_sample": 29058, "do_validation": true}, "results": {"acc": [0.83195677610296648, 0.87948241448138209, 0.88622754491017963, 0.88870534792484002, 0.88949686833230091, 0.890322802670521, 0.8908734255626678, 0.89152729024709199, 0.89197467134696129, 0.89266294996214468, 0.89238763851607128, 0.89183701562392459, 0.89355771216188318, 0.89317915892353228, 0.89355771216188318, 0.89311033106201387, 0.89307591713125478, 0.89362654002340147, 0.89324798678505057, 0.89348888430036477, 0.89324798678505057, 0.89431481863858486, 0.89424599077706657, 0.89379860967719738, 0.89469337187693576, 0.89459013008465826, 0.89421157684630737, 0.89452130222313997, 0.89452130222313997, 0.89483102759997246, 0.89493426939224996, 0.89582903159198846, 0.89483102759997246, 0.89548489228439676], "loss": [0.3816843852016174, 0.26570174893712634, 0.25248615046554707, 0.24851017310662593, 0.24669476983727029, 0.24540687155039281, 0.24436728306659788, 0.24375428832024879, 0.24307535346901271, 0.24247332047180067, 0.24212058637277348, 0.24168299451358582, 0.2414267689750165, 0.24099357167164279, 0.24082361714823033, 0.2407379253193471, 0.24013848553131989, 0.23994378016657666, 0.23982441632856694, 0.23972683706420755, 0.23953051014148047, 0.23927772679786097, 0.2390112994796797, 0.23900420303627057, 0.23867728110105058, 0.2384400212909967, 0.2383380750433545, 0.23810058522535393, 0.23800397617745625, 0.23780399775487016, 0.23748956534233856, 0.23737359738098024, 0.23737697603287541, 0.23704933112306303], "val_acc": [0.93599669660369567, 0.92144110666237422, 0.91245999795998955, 0.917621554685498, 0.92247341800747584, 0.91793124808902848, 0.91947971510668092, 0.92887374834710623, 0.9184474037615793, 0.91803447922353865, 0.92515742750474028, 0.91421492724666242, 0.91782801695451832, 0.91617631880235562, 0.91824094149255897, 0.92154433779688438, 0.92691235679141304, 0.92154433779688438, 0.9184474037615793, 0.92247341800747584, 0.92557035204278093, 0.91442138951568275, 0.92557035204278093, 0.91958294624119119, 0.91256322909449972, 0.91411169611215226, 0.92639620111886223, 0.91886032829961994, 0.91431815838117259, 0.92061525758629281, 0.92082171985531314, 0.91617631880235562, 0.91886032829961994, 0.91462785178470307], "val_loss": [0.18444966566141785, 0.18034968250706565, 0.1859611878630158, 0.17715290000582795, 0.16772961814759857, 0.17112237711170639, 0.17565320927276323, 0.15353347084123406, 0.17120494528961919, 0.17346807022489508, 0.15955584322781993, 0.18057220849935651, 0.17218275626257401, 0.17555934324540615, 0.17002609147321726, 0.16832726285333813, 0.15764538938691278, 0.16714389985933925, 0.17228536876161746, 0.16581335985215687, 0.1579468810164216, 0.17988238292807296, 0.16140357694910001, 0.1714657263302872, 0.18297101655895956, 0.183412684858556, 0.1590378051188181, 0.17274865971404579, 0.18318541926829157, 0.17032525138557419, 0.16891526796529016, 0.17925792015666708, 0.17331206756020473, 0.18227822882734462]}}