{"low_val_loss": 0.14302338984721558, "params": {"verbose": 1, "nb_epoch": 1000, "batch_size": 32, "metrics": ["loss", "acc", "val_loss", "val_acc"], "nb_sample": 29058, "do_validation": true}, "results": {"acc": [0.85202009773556331, 0.88684699566384473, 0.88977217977837431, 0.89180260169316539, 0.89197467134696129, 0.89252529423910798, 0.89214674100075708, 0.89242205244683048, 0.89328240071580978, 0.89438364650010327, 0.89376419574643817, 0.89452130222313997, 0.89548489228439676, 0.89459013008465826, 0.89534723656136006, 0.89548489228439676, 0.89555372014591506, 0.89507192511528666, 0.89548489228439676, 0.89500309725376836, 0.89627641269185765, 0.89620758483033935, 0.89679262165324525, 0.89675820772248604, 0.89689586344552275, 0.89682703558400445, 0.89717117489159615, 0.89682703558400445, 0.89655172413793105, 0.89689586344552275, 0.89637965448413515, 0.89713676096083694, 0.89665496593020855, 0.89724000275311444, 0.89806593709133453, 0.89730883061463285, 0.89724000275311444, 0.89803152316057544, 0.89696469130704104, 0.89720558882235524, 0.89789386743753874, 0.89748090026842864, 0.89696469130704104, 0.89751531419918784, 0.89686144951476354, 0.89782503957602033, 0.89754972812994704, 0.89648289627641264, 0.89724000275311444, 0.89703351916855945, 0.89779062564526124, 0.89693027737628195, 0.89779062564526124, 0.89813476495285294, 0.89820359281437123, 0.89799710922981624, 0.89751531419918784, 0.89713676096083694, 0.89775621171450204, 0.89803152316057544, 0.89748090026842864, 0.89799710922981624, 0.89779062564526124, 0.89792828136829783, 0.89761855599146534, 0.89882304356803633, 0.89751531419918784, 0.89796269529905703, 0.89854773212196293, 0.89772179778374284, 0.89734324454539194, 0.89751531419918784, 0.89782503957602033, 0.89844449032968543, 0.89806593709133453, 0.89827242067588964], "loss": [0.32953307756720657, 0.25142058417415397, 0.24656890935042547, 0.24473827967780595, 0.24352133253771191, 0.24266357318818635, 0.24162539735131833, 0.24049248006324314, 0.24022834758234579, 0.2394846809469125, 0.23898737767712691, 0.23898002512686858, 0.23832130729352149, 0.23825724450520716, 0.23775632631361088, 0.23751549960470911, 0.23705593475535941, 0.23678186799879863, 0.23648923207512854, 0.23650779114198076, 0.23618363616175905, 0.23566733240943805, 0.23573442503820632, 0.23571091557962087, 0.23542469143038028, 0.23533204759356571, 0.23536552952689554, 0.23492595251251935, 0.23508370887536587, 0.23490791370358502, 0.23470914942307977, 0.2346142536759073, 0.23457761539531038, 0.23471815059621365, 0.23396545968335963, 0.23431140611955745, 0.23384952804396633, 0.2338488963351322, 0.23392184646268763, 0.23364729531018566, 0.23383426325345319, 0.23360448796013625, 0.23368102361766241, 0.2337497881368101, 0.23345952975326595, 0.23357257647678933, 0.2332366257690581, 0.23367800815721299, 0.23360414115881242, 0.23327383927681417, 0.23302486926120811, 0.23334920913315896, 0.23317407606182658, 0.23280478677056565, 0.2327742522651769, 0.23297749266825307, 0.23272315372383398, 0.23288347559537279, 0.2322210368680262, 0.23255986917124669, 0.23252163930749997, 0.23232760727795282, 0.23247597007349752, 0.23236624243722351, 0.23213621669691406, 0.23182458224181302, 0.23226035182380375, 0.2320131985161045, 0.23175341267900496, 0.23170295744771285, 0.23200822686027819, 0.23159946651556118, 0.23174137640938033, 0.23167664421852674, 0.2314956655718273, 0.23141760307231668], "val_acc": [0.92536388977376061, 0.92329926708355725, 0.92298957368002665, 0.91700216787843691, 0.92206049346943519, 0.92350572935257758, 0.91896355943413011, 0.92433157842865887, 0.91328584703607085, 0.91968617737570135, 0.92866728607808591, 0.92464127183218936, 0.91886032829961994, 0.9245380406976792, 0.91855063489608946, 0.91266646022900988, 0.92082171985531314, 0.9245380406976792, 0.91865386603059962, 0.91545370086078437, 0.92267988027649617, 0.91132445548037766, 0.9128729224980302, 0.91669247447490643, 0.92959636628867748, 0.92329926708355725, 0.9209249509898233, 0.9281511304055351, 0.92154433779688438, 0.92051202645178265, 0.91091153094233701, 0.91947971510668092, 0.93145452670986051, 0.9281511304055351, 0.92877051721259607, 0.92505419637023001, 0.92959636628867748, 0.91545370086078437, 0.91720863014745724, 0.92329926708355725, 0.91049860640429636, 0.92216372460394536, 0.92082171985531314, 0.91689893674392675, 0.92298957368002665, 0.92526065863925044, 0.90595643648584889, 0.91307938476705053, 0.9051305874097676, 0.93372561166908419, 0.91338907817058101, 0.9164860122058861, 0.91896355943413011, 0.91359554043960134, 0.92175080006590471, 0.91855063489608946, 0.92474450296669952, 0.91855063489608946, 0.91772478582000816, 0.9245380406976792, 0.91256322909449972, 0.91493754518823356, 0.92639620111886223, 0.92020233304825216, 0.92422834729414871, 0.92422834729414871, 0.9261897388498419, 0.91741509241647756, 0.9270155879259232, 0.92402188502512839, 0.92433157842865887, 0.91493754518823356, 0.92154433779688438, 0.91555693199529453, 0.91070506867331669, 0.92340249821806741], "val_loss": [0.17263539571323125, 0.16628859826166822, 0.16513309738218718, 0.17597856428703004, 0.16421776375622466, 0.16398950076957255, 0.1698406883033268, 0.16399584143901616, 0.18540676875355086, 0.1712243655978975, 0.15366834898558984, 0.1632079416498522, 0.17378925838755468, 0.16165457508517417, 0.17158931511526102, 0.1842477116851082, 0.16680418440628508, 0.16153084902092621, 0.17382399240052773, 0.1791471946237318, 0.16362321782363781, 0.18582961183682406, 0.17923503984783018, 0.17770190814632472, 0.14999345546491968, 0.16355678662957698, 0.16870107122332464, 0.15136520287976296, 0.16961932845495981, 0.16920522857686984, 0.18710219004110026, 0.17216189597749951, 0.1445490375335764, 0.15147167155073993, 0.15147755746941663, 0.15824949137787275, 0.15276125105582636, 0.17527611192792295, 0.17623436133152956, 0.16290519813667317, 0.18350455096225884, 0.16570897200712542, 0.16665471588539563, 0.17384070705165186, 0.1617673559465638, 0.15675337164840353, 0.19536795350807093, 0.17993679705169274, 0.19707181092374365, 0.14302338984721558, 0.18183427809118374, 0.1747715558721743, 0.16849494542258558, 0.18139800850366972, 0.16495509525772353, 0.16942429734401454, 0.1578929534898591, 0.17137805240378176, 0.17602046066496141, 0.16003798120953638, 0.18635323728250439, 0.17829715518877517, 0.15748747063163659, 0.16757285953471016, 0.16276802127707654, 0.16391102793169143, 0.15702380138399666, 0.17306874501118477, 0.15880803457905759, 0.16177205505051259, 0.16153217005032228, 0.17741897391372449, 0.1661608443460198, 0.17480095916624666, 0.19009979565130725, 0.16456712971243301]}}