{"low_val_loss": 0.15697100026492822, "params": {"verbose": 1, "nb_epoch": 1000, "batch_size": 32, "metrics": ["loss", "acc", "val_loss", "val_acc"], "nb_sample": 29058, "do_validation": true}, "results": {"acc": [0.78449996558606927, 0.81357973707756903, 0.86833230091541058, 0.87955124234290039, 0.88264849611122587, 0.88385298368779686, 0.88474774588753524, 0.88543602450271874, 0.88619313097942043, 0.88584899167182873, 0.88753527427902812, 0.88743203248675062, 0.88760410214054652, 0.88750086034826903, 0.88798265537889742, 0.88784499965586072, 0.88832679468648912, 0.88863652006332161, 0.88887741757863581, 0.88929038474774591, 0.8893592126092642, 0.8904948723243169, 0.89080459770114939, 0.8909766673549453, 0.891114323077982, 0.89121756487025949, 0.89090783949342689, 0.89132080666253699, 0.89173377383164709], "loss": [0.44979765011571099, 0.32862339838667476, 0.28992831267031105, 0.27106635508086679, 0.26241636268610696, 0.25797531074770008, 0.25549421143393136, 0.25388048398567742, 0.25268576751967015, 0.25156569792888095, 0.25094867449837627, 0.25043014836251393, 0.24998011419311642, 0.2494801765557329, 0.24926930011576159, 0.24886907988597573, 0.24856501784370758, 0.24816869857631096, 0.24793288425319793, 0.2476073154805655, 0.24685559352960557, 0.24628694807066134, 0.24585170154305611, 0.24548486806183051, 0.2450945898731525, 0.24476118545274919, 0.24460075418429264, 0.2445379821743881, 0.24441728514692695], "val_acc": [1.0, 0.958914008464953, 0.94188087129538745, 0.92866728607808591, 0.9209249509898233, 0.92350572935257758, 0.92030556418276233, 0.92154433779688438, 0.92144110666237422, 0.91617631880235562, 0.91751832355098772, 0.91906679056864027, 0.917621554685498, 0.91555693199529453, 0.9209249509898233, 0.917621554685498, 0.91658924334039626, 0.9173118612819674, 0.9209249509898233, 0.92071848872080297, 0.92040879531727249, 0.92175080006590471, 0.9184474037615793, 0.91607308766784545, 0.9148343140537234, 0.91896355943413011, 0.91813771035804881, 0.91886032829961994, 0.91813771035804881], "val_loss": [0.21012083438173271, 0.16353211807448748, 0.15697100026492822, 0.15896247740505379, 0.16397980514914182, 0.15887708733992961, 0.16518854425803381, 0.16198785873396276, 0.16065624255590472, 0.17130410326970699, 0.16781691679888874, 0.16288964940796294, 0.16527561288043555, 0.16999732373128296, 0.16142962764726712, 0.16752659041625656, 0.17099799344123265, 0.16971416645312723, 0.16278080517393254, 0.16729319437298412, 0.16659671957461816, 0.16406398427879293, 0.16772715814732367, 0.17139306974657748, 0.17268477749920511, 0.16639482531370831, 0.16725629130387018, 0.16661252285521799, 0.16668167428571251]}}