{"low_val_loss": 0.14735974169190028, "params": {"verbose": 1, "nb_epoch": 1000, "batch_size": 32, "metrics": ["loss", "acc", "val_loss", "val_acc"], "nb_sample": 29058, "do_validation": true}, "results": {"acc": [0.85177920022024911, 0.88784499965586072, 0.89152729024709199, 0.8903916305320394, 0.89142404845481449, 0.89245646637758969, 0.89331681464656898, 0.89372978181567897, 0.89545047835363756, 0.89472778580769496, 0.89596668731502516, 0.89569137586895176, 0.89562254800743346, 0.89603551517654345, 0.89579461766122925, 0.89662055199944934, 0.89576020373047005, 0.89637965448413515, 0.89627641269185765, 0.89717117489159615, 0.89751531419918784, 0.89641406841489435, 0.89772179778374284, 0.89665496593020855, 0.89765296992222454, 0.89761855599146534, 0.89761855599146534, 0.89675820772248604, 0.89799710922981624], "loss": [0.32167684886561215, 0.24985075369451631, 0.24543749082257774, 0.24365350858204723, 0.24217033757387738, 0.24127875372527199, 0.24045185461949067, 0.2395190620698805, 0.23870500191042088, 0.23865774366844381, 0.2378366136060249, 0.23742031378898315, 0.23721370810264772, 0.23650590768248669, 0.23609449620431017, 0.23595141206479989, 0.23524548136730122, 0.23546933260675726, 0.23505812016695493, 0.23484712740414343, 0.23441546474474412, 0.23438626236921825, 0.2339681358009903, 0.23414005848349115, 0.23361317968148945, 0.23359258718554271, 0.23377819016439408, 0.2332936515305199, 0.23303430073785861], "val_acc": [0.92267988027649617, 0.91555693199529453, 0.93320945599653338, 0.91338907817058101, 0.9103953752697862, 0.91390523384313194, 0.91524723859176405, 0.90585320535133873, 0.92484773410120968, 0.9270155879259232, 0.92784143700200461, 0.89934964387719818, 0.91586662539882513, 0.92164756893139455, 0.91101476207684717, 0.91865386603059962, 0.91132445548037766, 0.90564674308231841, 0.91163414888390815, 0.91855063489608946, 0.92164756893139455, 0.9184474037615793, 0.9209249509898233, 0.92536388977376061, 0.91947971510668092, 0.92753174359847412, 0.91566016312980469, 0.91700216787843691, 0.91658924334039626], "val_loss": [0.17391123195287736, 0.17753674405368045, 0.14735974169190028, 0.18732920620958479, 0.18347218795869388, 0.17868702736548303, 0.17567293370924977, 0.19085738591213733, 0.16089952146438138, 0.15185070515780352, 0.1552438602467538, 0.20419476912405465, 0.17367430045682358, 0.16331335974204794, 0.18267047230919178, 0.16888714099751484, 0.18224039505903747, 0.19707957647769297, 0.17547308046824917, 0.16810146568005971, 0.16299852847328455, 0.17106461760779215, 0.16366655584276676, 0.1587751942587807, 0.16852967186768542, 0.15079694962692577, 0.17387948646376938, 0.17453503131418821, 0.17219500040497598]}}