{"low_val_loss": 0.1522512206873301, "params": {"verbose": 1, "nb_epoch": 1000, "batch_size": 32, "metrics": ["loss", "acc", "val_loss", "val_acc"], "nb_sample": 29058, "do_validation": true}, "results": {"acc": [0.84716773349852015, 0.88488540161057194, 0.88822355289421162, 0.8898754215706518, 0.8902883887397619, 0.89194025741620209, 0.89187142955468368, 0.89218115493151628, 0.89207791313923879, 0.89348888430036477, 0.89331681464656898, 0.89390185146947487, 0.89369536788491977, 0.89431481863858486, 0.89403950719251157, 0.89538165049211926, 0.89503751118452746, 0.89551930621515585, 0.89517516690756416, 0.89572578979971096, 0.89545047835363756, 0.89651731020717185, 0.89531282263060086, 0.89589785945350675, 0.89586344552274766, 0.89565696193819255, 0.89679262165324525, 0.89682703558400445, 0.89693027737628195, 0.89679262165324525, 0.89582903159198846, 0.89662055199944934, 0.89672379379172684, 0.89675820772248604, 0.89720558882235524, 0.89658613806869025, 0.89703351916855945, 0.89641406841489435, 0.89713676096083694, 0.89724000275311444, 0.89693027737628195, 0.89631082662261685, 0.89717117489159615, 0.89672379379172684], "loss": [0.33931234405554922, 0.25292829840447201, 0.24740818458267561, 0.24511839454738868, 0.243794763953948, 0.24281839843543518, 0.2421658427337515, 0.24153540115487462, 0.2409444195574465, 0.24042569726969135, 0.2397001268973788, 0.23950680356322221, 0.23923313163153703, 0.23911907328050908, 0.23849155306564987, 0.23813663156811701, 0.23793390023215227, 0.23762678770609064, 0.23720039321334391, 0.2372814530277377, 0.2367906617069287, 0.23684694883262014, 0.23647818029038642, 0.23609334934552581, 0.2360412903748372, 0.23577251215521455, 0.23569015794266285, 0.23539129998366973, 0.23540259137510192, 0.23530108594822205, 0.23529150533568791, 0.23515476624928355, 0.23488396549634818, 0.23480856961775354, 0.23468870224640254, 0.23448413206699364, 0.23455879511728306, 0.23447451399050417, 0.23416059924102026, 0.23377770453771479, 0.23421855793721136, 0.23397001772488218, 0.23404801546423751, 0.23403564141957495], "val_acc": [0.93207391351692148, 0.92237018687296568, 0.92309280481453682, 0.92267988027649617, 0.91142768661488782, 0.92185403120041487, 0.92422834729414871, 0.92660266338788255, 0.92288634254551649, 0.9273252813294538, 0.92825436154004526, 0.92557035204278093, 0.92567358317729109, 0.91627954993686578, 0.92402188502512839, 0.91958294624119119, 0.9184474037615793, 0.93145452670986051, 0.92071848872080297, 0.90616289875486922, 0.92660266338788255, 0.91421492724666242, 0.92206049346943519, 0.92546712090827077, 0.91741509241647756, 0.91359554043960134, 0.91689893674392675, 0.91803447922353865, 0.91514400745725388, 0.91586662539882513, 0.90833075257958285, 0.92144110666237422, 0.9261897388498419, 0.91504077632274372, 0.92102818212433346, 0.92144110666237422, 0.91855063489608946, 0.92969959742318764, 0.92567358317729109, 0.91896355943413011, 0.92866728607808591, 0.92226695573845552, 0.91091153094233701, 0.9273252813294538], "val_loss": [0.16662326407083985, 0.16997361197626185, 0.16559298703689454, 0.16381094270196692, 0.19134517806770879, 0.16828250191137434, 0.1641346227857976, 0.15909507892325195, 0.1648810271324081, 0.15876481994637348, 0.15809837217573733, 0.16081603525987692, 0.16116113594982281, 0.177463368727374, 0.16543582559502554, 0.17343155128178156, 0.17190099150769983, 0.1522512206873301, 0.1699762738744264, 0.19582408927769451, 0.15855089759143978, 0.18029934450633278, 0.16803776948130436, 0.16262496199719959, 0.17472675072589353, 0.18060585335812307, 0.17484374500828789, 0.17604289383359142, 0.17803859977505213, 0.18320511206269227, 0.19375292757700827, 0.16908143053149136, 0.16137598246248303, 0.18016001978902374, 0.1700909878819015, 0.16857532698046168, 0.1714592355159158, 0.15569526611446496, 0.16306557376762595, 0.17574837072242386, 0.15783922993822697, 0.16802401256338848, 0.1902206287932455, 0.16106003487762055]}}