{"low_val_loss": 0.14559567591483666, "params": {"verbose": 1, "nb_epoch": 1000, "batch_size": 32, "metrics": ["loss", "acc", "val_loss", "val_acc"], "nb_sample": 29058, "do_validation": true}, "results": {"acc": [0.83622410351710375, 0.88072131598871228, 0.88516071305664534, 0.88756968820978732, 0.88860210613256241, 0.89004749122444771, 0.89090783949342689, 0.8908734255626678, 0.89166494597012869, 0.89218115493151628, 0.89214674100075708, 0.89231881065455299, 0.89245646637758969, 0.89321357285429137, 0.89307591713125478, 0.89372978181567897, 0.89328240071580978, 0.89386743753871567, 0.89297267533897717, 0.89410833505402987, 0.89390185146947487, 0.89455571615389906, 0.89500309725376836, 0.89483102759997246, 0.89386743753871567, 0.89496868332300916, 0.89441806043086236, 0.89569137586895176, 0.89500309725376836, 0.89489985546149076, 0.89593227338426595, 0.89541606442287835, 0.89582903159198846, 0.89493426939224996, 0.89551930621515585], "loss": [0.36256503071785956, 0.26300320891442025, 0.25224426320168558, 0.24904980231396984, 0.24709743393641623, 0.24579615437555349, 0.24494621025098254, 0.24414740941352864, 0.24338527553727568, 0.24292503483888328, 0.2421463978939567, 0.24186308808346291, 0.24122149266122589, 0.24091149608946461, 0.24052947759320611, 0.24022038774977031, 0.23996990774039909, 0.23957547095909168, 0.23959671726114562, 0.23915945770586844, 0.23902759841716734, 0.23877983981362311, 0.23853997007331335, 0.23837799006509341, 0.23821986428371522, 0.23813878542845737, 0.23822567277530965, 0.23758582227351013, 0.23757495380201149, 0.23761116617544281, 0.23724888670353414, 0.2373047702938974, 0.23717212089141837, 0.23746660248985002, 0.23715384501710784], "val_acc": [0.93744193248683805, 0.92825436154004526, 0.92051202645178265, 0.922576649141986, 0.92329926708355725, 0.92546712090827077, 0.92515742750474028, 0.91473108291921323, 0.93434499847614516, 0.92226695573845552, 0.92030556418276233, 0.91555693199529453, 0.92164756893139455, 0.92237018687296568, 0.92267988027649617, 0.92051202645178265, 0.92660266338788255, 0.91927325283766059, 0.9164860122058861, 0.92185403120041487, 0.91307938476705053, 0.92102818212433346, 0.92020233304825216, 0.91524723859176405, 0.91751832355098772, 0.92040879531727249, 0.91772478582000816, 0.92670589452239271, 0.91607308766784545, 0.92020233304825216, 0.91153091774939798, 0.91947971510668092, 0.91886032829961994, 0.92639620111886223, 0.90688551669644046], "val_loss": [0.17552930924165011, 0.16651480798421597, 0.17263804511992484, 0.16533013902696106, 0.15927815935945097, 0.16022279534169342, 0.16189936232473615, 0.1756606683714958, 0.14559567591483666, 0.16688816746114404, 0.16927893829480148, 0.17827964309978697, 0.17042591378340427, 0.16635668487021266, 0.1658583511541204, 0.16858529496126171, 0.15835926945184645, 0.17187904836184054, 0.17522065291594424, 0.1672529678880596, 0.18624031181932049, 0.16960428991142817, 0.17138367024999943, 0.17939544135507163, 0.17506547182601487, 0.17119190943400175, 0.17357394351395425, 0.15740260146108342, 0.17690125990305583, 0.1674608228711062, 0.18893492731920544, 0.16993438301078612, 0.17366890802239565, 0.16064270955535531, 0.19585860109577191]}}