{"low_val_loss": 0.14394676225930775, "params": {"verbose": 1, "nb_epoch": 1000, "batch_size": 32, "metrics": ["loss", "acc", "val_loss", "val_acc"], "nb_sample": 29058, "do_validation": true}, "results": {"acc": [0.85188244201252672, 0.88750086034826903, 0.88939362654002341, 0.8904604583935577, 0.89166494597012869, 0.89280060568518138, 0.89407392112327067, 0.89386743753871567, 0.89438364650010327, 0.89558813407667426, 0.89620758483033935, 0.89589785945350675, 0.89655172413793105, 0.89572578979971096, 0.89679262165324525, 0.89541606442287835, 0.89679262165324525, 0.89679262165324525, 0.89634524055337605, 0.89655172413793105, 0.89603551517654345, 0.89689586344552275, 0.89761855599146534, 0.89758414206070614, 0.89693027737628195, 0.89693027737628195, 0.89706793309931865, 0.89768738385298363, 0.89730883061463285, 0.89634524055337605, 0.89703351916855945, 0.89810035102209373, 0.89844449032968543, 0.89686144951476354, 0.89851331819120384, 0.89816917888361214, 0.89758414206070614, 0.89772179778374284, 0.89827242067588964, 0.89775621171450204, 0.89699910523780024, 0.89792828136829783, 0.89741207240691034, 0.89896069929107303, 0.89865097391424054, 0.89823800674513044, 0.89951132218321972, 0.89861655998348133, 0.89820359281437123, 0.89792828136829783, 0.89909835501410973, 0.89813476495285294, 0.89799710922981624, 0.89751531419918784, 0.89865097391424054, 0.89841007639892634, 0.89789386743753874, 0.89930483859866472, 0.89902952715259132, 0.89834124853740793, 0.89896069929107303, 0.89810035102209373, 0.89906394108335053], "loss": [0.32552903718819221, 0.25061518757057472, 0.2459827496200519, 0.24353678849614144, 0.24189416238262104, 0.24095396639881644, 0.23999610559066342, 0.239075539625555, 0.23864388136713799, 0.23825612866268883, 0.23721391401563954, 0.23710380324829641, 0.23669196422780336, 0.23635218148632234, 0.23584995523553581, 0.23572797089009007, 0.23538293405650396, 0.23469054485475138, 0.23491685035117307, 0.23443782022079931, 0.23398698807907281, 0.2339950142615069, 0.23371056427584161, 0.23376272807586332, 0.23354036476206932, 0.23347024468147251, 0.23315555055813103, 0.23301904861472911, 0.23287986093906815, 0.23306163703429575, 0.23315502534168489, 0.23275002568617378, 0.23234716975138794, 0.23228811181264283, 0.23236159045551524, 0.23222019234004898, 0.23233608233171468, 0.23191742842085242, 0.23201397403600516, 0.23161219170059238, 0.23158494767215174, 0.23156581449938604, 0.23175178604121383, 0.23152957807938407, 0.2313619913974729, 0.23169044583503484, 0.23103601625435974, 0.23092779280077205, 0.23085804191416134, 0.23123191984318942, 0.23102998303018588, 0.23055435280501535, 0.23059506610449218, 0.23112493213344337, 0.23050502069810849, 0.23072641119395218, 0.23057340498137019, 0.23046571472094979, 0.23041353454589392, 0.23023181540794224, 0.23025376380302187, 0.23042713928221836, 0.23037697951011249], "val_acc": [0.9245380406976792, 0.92288634254551649, 0.91978940851021151, 0.92381542275610806, 0.92391865389061822, 0.92887374834710623, 0.91555693199529453, 0.9067822855619303, 0.91927325283766059, 0.91813771035804881, 0.91514400745725388, 0.91999587077923184, 0.91855063489608946, 0.91958294624119119, 0.91617631880235562, 0.91276969136352004, 0.93238360692045197, 0.93197068238241132, 0.92195726233492503, 0.91328584703607085, 0.91070506867331669, 0.92753174359847412, 0.92515742750474028, 0.92061525758629281, 0.9140084649776421, 0.92237018687296568, 0.9140084649776421, 0.90564674308231841, 0.91380200270862166, 0.92495096523571985, 0.92381542275610806, 0.91184061115292847, 0.91886032829961994, 0.90791782804154209, 0.92381542275610806, 0.91638278107137594, 0.93351914940006386, 0.92670589452239271, 0.922576649141986, 0.92515742750474028, 0.92247341800747584, 0.92071848872080297, 0.92298957368002665, 0.91307938476705053, 0.91596985653333529, 0.92113141325884362, 0.91576339426431497, 0.9076081346380116, 0.9270155879259232, 0.92515742750474028, 0.92298957368002665, 0.92722205019494364, 0.92629296998435207, 0.91679570560941659, 0.90595643648584889, 0.91865386603059962, 0.9140084649776421, 0.91256322909449972, 0.9245380406976792, 0.90998245073174544, 0.91215030455645907, 0.91679570560941659, 0.91875709716510978], "val_loss": [0.17365570282893333, 0.1673581871650463, 0.17190218496926554, 0.16543846295403722, 0.15870247334487989, 0.15612043656506466, 0.18035699298913552, 0.18707292308680742, 0.16997919547420309, 0.17208665355700045, 0.17960620020632836, 0.17159780452461129, 0.17525970532104204, 0.16993804277335514, 0.17645767428110884, 0.18542608911967801, 0.14893380544415946, 0.14845502685670503, 0.16416813475664854, 0.18116503720732927, 0.18914241134032839, 0.15567741802751964, 0.16184152357562526, 0.16692625103541248, 0.18051545661397733, 0.16341635784536332, 0.18002793736524339, 0.19186534674395359, 0.17737152091785766, 0.16103007476282671, 0.15988436964051794, 0.18216583093056629, 0.16971342075668808, 0.1967592605863536, 0.16264250037011635, 0.17510988327252602, 0.14394676225930775, 0.15798321804984491, 0.16502828336848346, 0.15954262800756974, 0.16561442063172449, 0.16928945236616402, 0.1637166536174606, 0.1818871572198385, 0.17665179460837743, 0.17007290492630528, 0.17602499611341166, 0.19399379144404538, 0.15649405901472277, 0.16569514343419089, 0.16511965606138965, 0.15830121199431477, 0.16308121387497293, 0.17318443642261783, 0.20031988567687956, 0.17195421894657498, 0.17912987797000257, 0.18208232123331289, 0.15934483951535081, 0.19412952220609428, 0.18292775943173864, 0.1777101488522643, 0.17523910284166958]}}