{"low_val_loss": 0.15495251905612623, "params": {"verbose": 1, "nb_epoch": 1000, "batch_size": 32, "metrics": ["loss", "acc", "val_loss", "val_acc"], "nb_sample": 29058, "do_validation": true}, "results": {"acc": [0.83749741895519303, 0.88196021749604236, 0.88781058572510152, 0.88904948723243171, 0.89004749122444771, 0.89090783949342689, 0.89094225342418609, 0.89262853603138548, 0.89138963452405529, 0.89300708926973638, 0.89366095395416068, 0.89293826140821808, 0.89355771216188318, 0.89324798678505057, 0.89403950719251157, 0.89397067933099317, 0.89376419574643817, 0.89476219973845417, 0.89507192511528666, 0.89438364650010327, 0.89414274898478907, 0.89514075297680507, 0.89524399476908256, 0.89551930621515585, 0.89538165049211926, 0.89589785945350675, 0.89548489228439676, 0.89579461766122925, 0.89582903159198846, 0.89569137586895176, 0.89624199876109845, 0.89706793309931865, 0.89658613806869025, 0.89617317089958015, 0.89558813407667426, 0.89589785945350675, 0.89706793309931865, 0.89693027737628195, 0.89693027737628195, 0.89665496593020855, 0.89696469130704104, 0.89682703558400445, 0.89693027737628195, 0.89651731020717185, 0.89730883061463285, 0.89727441668387364, 0.89648289627641264, 0.89662055199944934, 0.89668937986096775, 0.89679262165324525, 0.89686144951476354, 0.89658613806869025, 0.89730883061463285, 0.89672379379172684, 0.89789386743753874, 0.89706793309931865, 0.89734324454539194, 0.89741207240691034, 0.89703351916855945, 0.89737765847615114, 0.89741207240691034], "loss": [0.36688672664062277, 0.25897911486774017, 0.24988385910455846, 0.24726600926842493, 0.24594532285736648, 0.24461931628764649, 0.24361734088235668, 0.24293380793683003, 0.24216378431581845, 0.24175150830613271, 0.24119168343252267, 0.24078537791226898, 0.2405037799204866, 0.23992050483169505, 0.23967570024606932, 0.23951058484415438, 0.23888666975858139, 0.23881217099916452, 0.23838474952523941, 0.23828854839573199, 0.23825180299323181, 0.23800692244696514, 0.2378921512358203, 0.23753665396860998, 0.23760912210418178, 0.23727701542008908, 0.23706409113090754, 0.23711953160521398, 0.23701432883078977, 0.23690722547371526, 0.2367690487495103, 0.23649127776442552, 0.23648596285246604, 0.2359446786747631, 0.23612040669327619, 0.23634773074157042, 0.23598739129310833, 0.23585411641736248, 0.23566635853409462, 0.23550221800587925, 0.23545492762659084, 0.23536427625336953, 0.23543512622894838, 0.23536896803265994, 0.23508338739818452, 0.23512234939039842, 0.2351593617612677, 0.23494924955140273, 0.23460588629390658, 0.23458314655373402, 0.23452235651281664, 0.23467277337584364, 0.2345741569372306, 0.23479396047378179, 0.23448514449841221, 0.23423602122328091, 0.2341837117593189, 0.23432042851189769, 0.23423531385042096, 0.23404219796024306, 0.23401186788096071], "val_acc": [0.93960978633616377, 0.92464127183218936, 0.9237121916215979, 0.91679570560941659, 0.92175080006590471, 0.92639620111886223, 0.9148343140537234, 0.91741509241647756, 0.9209249509898233, 0.92515742750474028, 0.92175080006590471, 0.91978940851021151, 0.922576649141986, 0.91586662539882513, 0.92226695573845552, 0.917621554685498, 0.91906679056864027, 0.92175080006590471, 0.91679570560941659, 0.91751832355098772, 0.92195726233492503, 0.92773820586749445, 0.92061525758629281, 0.92360896048708774, 0.92154433779688438, 0.91999587077923184, 0.92680912565690288, 0.91855063489608946, 0.92133787552786395, 0.92329926708355725, 0.92051202645178265, 0.92123464439335379, 0.92051202645178265, 0.91865386603059962, 0.9281511304055351, 0.91658924334039626, 0.91442138951568275, 0.92546712090827077, 0.9148343140537234, 0.92391865389061822, 0.91741509241647756, 0.91710539901294708, 0.92567358317729109, 0.92247341800747584, 0.91276969136352004, 0.91163414888390815, 0.91431815838117259, 0.92030556418276233, 0.920099101913742, 0.90709197896546079, 0.92536388977376061, 0.91689893674392675, 0.92340249821806741, 0.91493754518823356, 0.91627954993686578, 0.92557035204278093, 0.92185403120041487, 0.91772478582000816, 0.91669247447490643, 0.90482089400623711, 0.92237018687296568], "val_loss": [0.16414276468290181, 0.16757328842072539, 0.16700636899486973, 0.17600933386160392, 0.16677498349080985, 0.1607217106991623, 0.1790898638012437, 0.17362526923654939, 0.17174233964128957, 0.16291527793578989, 0.16702489981750246, 0.17178425386538812, 0.16575854154703812, 0.17872577530010894, 0.16574355103733113, 0.17404556714203676, 0.17011889410190284, 0.16663430449837893, 0.17525852421058077, 0.17532803746609665, 0.16681510935328603, 0.15620043603052503, 0.1676020399662804, 0.16479330052729052, 0.16757968552406757, 0.16882615867524162, 0.15739715449828118, 0.17265822692107302, 0.16683541308606609, 0.16385963370174991, 0.16929592636538951, 0.16688925019463752, 0.16996300338551246, 0.17240063322717047, 0.15495251905612623, 0.17483412549922597, 0.18023202357704307, 0.16017340721422715, 0.18266916858487864, 0.16070654931142381, 0.17363460672417635, 0.17287616028111147, 0.15784969609690314, 0.16341161438019464, 0.18443697730266384, 0.18304717543971322, 0.17938864043826006, 0.16778364930699161, 0.16858682274676901, 0.19519565218954407, 0.15815735963370589, 0.17477911642940161, 0.16045603375984591, 0.17505354165017167, 0.17720966715501399, 0.15822927086554753, 0.16493771292359219, 0.16930734319876772, 0.17626839854946888, 0.19776234242850146, 0.16315166772225637]}}