{"low_val_loss": 0.14919484572649877, "params": {"verbose": 1, "nb_epoch": 1000, "batch_size": 32, "metrics": ["loss", "acc", "val_loss", "val_acc"], "nb_sample": 29058, "do_validation": true}, "results": {"acc": [0.84868194645192374, 0.88750086034826903, 0.88925597081698671, 0.8905981141165944, 0.89180260169316539, 0.89211232706999799, 0.89300708926973638, 0.89352329823112397, 0.89283501961594058, 0.89366095395416068, 0.89390185146947487, 0.89400509326175237, 0.89362654002340147, 0.89517516690756416, 0.89634524055337605, 0.89579461766122925, 0.89534723656136006, 0.89596668731502516, 0.89531282263060086, 0.89572578979971096, 0.89610434303806186, 0.89686144951476354, 0.89606992910730265, 0.89576020373047005, 0.89586344552274766, 0.89675820772248604, 0.89717117489159615, 0.89689586344552275, 0.89603551517654345, 0.89603551517654345, 0.89558813407667426], "loss": [0.33397116754156603, 0.25242325497416951, 0.24687962321300075, 0.24414913553387721, 0.24277849324440889, 0.24152783719365467, 0.24066856768761968, 0.23999737213890143, 0.23977364768008175, 0.2387597237718154, 0.23878842854110954, 0.23835745091689856, 0.23745066026374784, 0.23725076737591927, 0.23713754583630905, 0.23685107941111905, 0.2366584992516724, 0.23610114901324611, 0.23619114900949742, 0.23582609591652928, 0.23575729517826652, 0.23532801342236953, 0.23535449123508104, 0.23529075981171052, 0.23518302086867651, 0.23488307422711846, 0.23484997974369071, 0.23476491351278267, 0.234765496603661, 0.23489313973096587, 0.23409542110636092], "val_acc": [0.9370290079734096, 0.931764220113391, 0.90544028081329808, 0.93042221536475878, 0.93248683805496213, 0.92309280481453682, 0.92711881906043347, 0.92288634254551649, 0.92577681431180125, 0.91473108291921323, 0.91772478582000816, 0.91638278107137594, 0.92515742750474028, 0.9273252813294538, 0.92742851246396396, 0.917621554685498, 0.92381542275610806, 0.91359554043960134, 0.91720863014745724, 0.9173118612819674, 0.92443480956316904, 0.92175080006590471, 0.91865386603059962, 0.92288634254551649, 0.91535046972627421, 0.91596985653333529, 0.91906679056864027, 0.92381542275610806, 0.91276969136352004, 0.91803447922353865, 0.91782801695451832], "val_loss": [0.15920907990624136, 0.15493530159849025, 0.19653770892341599, 0.15507798567122014, 0.14919484572649877, 0.16715409367495157, 0.15865927128211821, 0.1676904615166695, 0.16292242421358563, 0.17860002952628895, 0.17639945538202478, 0.18019315687076368, 0.16558412827118343, 0.15957799459383301, 0.15942320990986383, 0.17377741891005108, 0.16403352817161124, 0.18359102686701562, 0.17573291035658425, 0.17669490690037257, 0.16103718138264406, 0.16610834718633513, 0.17807892609983328, 0.16704565104659747, 0.18240819749825876, 0.1806021285039224, 0.17334687191605741, 0.16557209750981022, 0.18319252284196208, 0.1753202538333177, 0.17643433453864552]}}