{"low_val_loss": 0.1545647466660032, "params": {"verbose": 1, "nb_epoch": 1000, "batch_size": 32, "metrics": ["loss", "acc", "val_loss", "val_acc"], "nb_sample": 29058, "do_validation": true}, "results": {"acc": [0.81567898685387841, 0.87081010393007086, 0.88467891802601695, 0.88664051207928973, 0.88863652006332161, 0.88956569619381931, 0.88953128226306011, 0.8900819051552068, 0.89083901163190859, 0.8908734255626678, 0.89094225342418609, 0.89135522059329619, 0.89104549521646359, 0.89183701562392459, 0.89280060568518138, 0.89252529423910798, 0.89262853603138548, 0.89183701562392459, 0.89173377383164709, 0.89228439672379378, 0.89245646637758969, 0.89266294996214468, 0.89214674100075708, 0.89407392112327067, 0.89369536788491977, 0.89345447036960557, 0.89331681464656898, 0.89259412210062639, 0.89331681464656898, 0.89307591713125478, 0.89300708926973638, 0.89393626540023396, 0.89345447036960557, 0.89379860967719738, 0.89348888430036477, 0.89355771216188318, 0.89331681464656898, 0.89342005643884648, 0.89424599077706657, 0.89445247436162156, 0.89403950719251157, 0.89421157684630737, 0.89469337187693576, 0.89372978181567897, 0.89421157684630737], "loss": [0.41802537412126195, 0.28390094769303359, 0.25767103953226622, 0.25118378022904486, 0.24858639995773971, 0.24721071824315524, 0.24640812509763652, 0.24558812889191128, 0.24504907820644278, 0.24437883848275574, 0.2441652532944735, 0.24369802692262393, 0.24340128574731371, 0.24310848235230673, 0.24283764722623519, 0.24254002374146841, 0.24238883130474406, 0.24223466411051414, 0.24198134686007858, 0.24183146449051948, 0.24159285379749179, 0.24154181974451616, 0.24144834987996114, 0.24124301415660096, 0.2411913455796181, 0.24115065290349733, 0.24082785151897323, 0.24091262524473883, 0.24076127551018606, 0.24072775342351382, 0.24050573294924496, 0.24073042929140723, 0.24042395258386332, 0.2402521490576886, 0.24004653278450833, 0.24030317635706117, 0.24004410753001348, 0.24000287549674687, 0.24012436712056479, 0.24004354938901631, 0.23998043964041904, 0.23977227663171702, 0.23980691394323089, 0.23968166825035597, 0.23969932338131197], "val_acc": [0.93661608341075664, 0.934241767341635, 0.91968617737570135, 0.92175080006590471, 0.9128729224980302, 0.92515742750474028, 0.92267988027649617, 0.92298957368002665, 0.91029214413527604, 0.91720863014745724, 0.91555693199529453, 0.91886032829961994, 0.91535046972627421, 0.9184474037615793, 0.91700216787843691, 0.92030556418276233, 0.917621554685498, 0.91999587077923184, 0.92742851246396396, 0.91947971510668092, 0.91958294624119119, 0.92164756893139455, 0.91958294624119119, 0.92030556418276233, 0.92360896048708774, 0.920099101913742, 0.91204707342194891, 0.92040879531727249, 0.91493754518823356, 0.91462785178470307, 0.91700216787843691, 0.91906679056864027, 0.91535046972627421, 0.91338907817058101, 0.92175080006590471, 0.92051202645178265, 0.91545370086078437, 0.92557035204278093, 0.91813771035804881, 0.92175080006590471, 0.920099101913742, 0.91245999795998955, 0.91638278107137594, 0.91947971510668092, 0.91720863014745724], "val_loss": [0.21377327153560141, 0.16906390166773669, 0.17906014402901238, 0.17075955568421203, 0.18055910789091004, 0.16220446318369527, 0.16436556193070403, 0.16279331107806641, 0.1855033437099492, 0.17679371992442414, 0.17397436287699808, 0.16868573186769689, 0.17693358734696166, 0.16879117399910981, 0.17164576053811667, 0.16664902728365907, 0.17059017063730073, 0.16811421500251453, 0.1545647466660032, 0.16755545587332069, 0.16788815066781382, 0.16492027200391582, 0.16701601994335127, 0.16810471388130926, 0.16140540591396388, 0.16744020903742424, 0.18198301812265266, 0.16508065143707207, 0.17758885012095257, 0.17990558949304253, 0.17185984895400888, 0.1689243986810387, 0.17348505499206165, 0.17897008124500885, 0.16676645826990974, 0.17044152729109405, 0.17859958290947631, 0.16023592846788243, 0.1718191475520639, 0.16604162319991639, 0.17068883780356567, 0.1841223565368377, 0.17798963772626969, 0.17159437726099783, 0.17667124850656812]}}