{"low_val_loss": 0.14946430093314891, "params": {"verbose": 1, "nb_epoch": 1000, "batch_size": 32, "metrics": ["loss", "acc", "val_loss", "val_acc"], "nb_sample": 29058, "do_validation": true}, "results": {"acc": [0.85246747883543261, 0.88695023745612223, 0.8893592126092642, 0.89183701562392459, 0.89107990914722279, 0.89280060568518138, 0.89379860967719738, 0.89342005643884648, 0.89352329823112397, 0.89486544153073166, 0.89534723656136006, 0.89514075297680507, 0.89589785945350675, 0.89489985546149076, 0.89503751118452746, 0.89651731020717185, 0.89562254800743346, 0.89596668731502516, 0.89579461766122925, 0.89576020373047005, 0.89631082662261685, 0.89672379379172684, 0.89724000275311444, 0.89696469130704104, 0.89637965448413515, 0.89606992910730265, 0.89710234703007774, 0.89744648633766944, 0.89679262165324525, 0.89637965448413515, 0.89706793309931865, 0.89761855599146534, 0.89668937986096775, 0.89713676096083694, 0.89748090026842864, 0.89837566246816714, 0.89761855599146534, 0.89699910523780024, 0.89761855599146534, 0.89792828136829783, 0.89658613806869025, 0.89744648633766944], "loss": [0.32669694552506728, 0.25111623577190828, 0.24678621159568895, 0.24425924202967383, 0.24278740277678601, 0.24157396614678719, 0.24058328846979637, 0.23965841968921958, 0.23905565154241493, 0.23848367252446431, 0.23785438687296431, 0.23748451171438892, 0.23668308966351528, 0.23628657572579093, 0.23648744176641712, 0.23628007349451702, 0.2355103012420772, 0.23565961481047329, 0.23542582725349848, 0.23548628805312019, 0.23492555326031994, 0.23491043351260898, 0.23475823605517593, 0.23464951170016748, 0.23442967920229829, 0.23402353028517908, 0.23420455752962249, 0.23413390047287727, 0.23420029066226644, 0.23364909242571191, 0.23383274493497092, 0.23356050052099001, 0.2337062149278174, 0.23336332853279931, 0.23348712640944544, 0.23314410529303053, 0.2330090797338801, 0.23281903543340765, 0.23301239170474317, 0.23250179010081154, 0.23239503050221327, 0.23283350181150678], "val_acc": [0.91679570560941659, 0.92247341800747584, 0.92123464439335379, 0.92154433779688438, 0.92082171985531314, 0.91596985653333529, 0.92319603594904698, 0.9209249509898233, 0.92154433779688438, 0.92113141325884362, 0.917621554685498, 0.91225353569096923, 0.92237018687296568, 0.92267988027649617, 0.92464127183218936, 0.93104160217181986, 0.91535046972627421, 0.91029214413527604, 0.92990605969220796, 0.92164756893139455, 0.91276969136352004, 0.91080829980782685, 0.92185403120041487, 0.92133787552786395, 0.92144110666237422, 0.91803447922353865, 0.92877051721259607, 0.91431815838117259, 0.91524723859176405, 0.90058841749132013, 0.91772478582000816, 0.92608650771533174, 0.92402188502512839, 0.91927325283766059, 0.90998245073174544, 0.91555693199529453, 0.90853721484860317, 0.91638278107137594, 0.91328584703607085, 0.9148343140537234, 0.92030556418276233, 0.92422834729414871], "val_loss": [0.1924455392057034, 0.16870642236652261, 0.167902197426544, 0.16719927786557842, 0.17204253309231074, 0.17773540301783555, 0.16686428806229101, 0.17071617650345186, 0.16667972916270529, 0.16747106902114411, 0.17700786435696084, 0.17864186740366436, 0.16879728072747563, 0.16521608776620475, 0.16010675842621766, 0.14946430093314891, 0.17718332767358896, 0.18754582978724277, 0.15665813141579449, 0.16555013474301189, 0.17904342672745976, 0.18708402209873784, 0.16617043393931238, 0.16736259976121384, 0.1659816883518235, 0.17445916561112754, 0.15536796005987477, 0.1794011262088285, 0.17643345201172067, 0.20524518436244538, 0.17482507686753987, 0.15597052585217833, 0.16511971205880585, 0.16792492055981856, 0.18812436326150678, 0.1762586140739231, 0.19280818354211884, 0.17740504957617861, 0.18246626570287031, 0.17887065152062639, 0.16726018034157841, 0.16436892592860497]}}