{"low_val_loss": 0.14806173877107773, "params": {"verbose": 1, "nb_epoch": 1000, "batch_size": 32, "metrics": ["loss", "acc", "val_loss", "val_acc"], "nb_sample": 29058, "do_validation": true}, "results": {"acc": [0.8408699841695918, 0.88388739761855595, 0.88832679468648912, 0.8908734255626678, 0.89169935990088789, 0.89228439672379378, 0.89311033106201387, 0.89259412210062639, 0.89328240071580978, 0.89372978181567897, 0.89445247436162156, 0.89421157684630737, 0.89469337187693576, 0.89348888430036477, 0.89534723656136006, 0.89606992910730265, 0.89582903159198846, 0.89517516690756416, 0.89579461766122925, 0.89686144951476354, 0.89576020373047005, 0.89603551517654345, 0.89606992910730265, 0.89696469130704104, 0.89551930621515585, 0.89679262165324525, 0.89624199876109845, 0.89668937986096775, 0.89641406841489435, 0.89576020373047005, 0.89675820772248604], "loss": [0.34346252176042713, 0.25605854686781415, 0.2481802367055988, 0.24548735855502618, 0.24332271355198964, 0.2421152149480621, 0.24130294427108481, 0.24045429515821393, 0.23983558377219172, 0.23915034035402533, 0.2385315346186771, 0.23804133928841983, 0.23786693868645947, 0.23724662543898997, 0.23680987430922187, 0.23640077391349487, 0.23635439800429106, 0.23584073058703423, 0.23583151107481287, 0.23527656290550686, 0.23523397548629951, 0.23488352571863633, 0.2349485938869772, 0.23459999681429849, 0.23441503864527569, 0.23450838643048563, 0.23437322036137101, 0.23405783024241356, 0.23399092563316384, 0.23377261614756834, 0.23389861282609328], "val_acc": [0.922576649141986, 0.92391865389061822, 0.91307938476705053, 0.91947971510668092, 0.93021575309573845, 0.91163414888390815, 0.91473108291921323, 0.91978940851021151, 0.9270155879259232, 0.92412511615963855, 0.91276969136352004, 0.92216372460394536, 0.92381542275610806, 0.92422834729414871, 0.92381542275610806, 0.91751832355098772, 0.91535046972627421, 0.92546712090827077, 0.91947971510668092, 0.917621554685498, 0.92484773410120968, 0.91431815838117259, 0.92928667288514699, 0.917621554685498, 0.92412511615963855, 0.91968617737570135, 0.90967275732821495, 0.92567358317729109, 0.91276969136352004, 0.91142768661488782, 0.9209249509898233], "val_loss": [0.18515596436218382, 0.16879703131530988, 0.1864330669813288, 0.17207186133718544, 0.14806173877107773, 0.18039872872618079, 0.17761084436831909, 0.16966576585254828, 0.15579749328650852, 0.16245139349773841, 0.18331733908759215, 0.16636398862737786, 0.16177228723527773, 0.16218069301387641, 0.16037124107022938, 0.17303097825003222, 0.17942719624873973, 0.16163572428906262, 0.17041180550104523, 0.1765582710919863, 0.16320986781991143, 0.18347372168689871, 0.15390294844568655, 0.17798676793829346, 0.1695980786391951, 0.1727606948398579, 0.18936314556412717, 0.16405228670343067, 0.18541187184825395, 0.18237322172329032, 0.17304809119571987]}}