{"low_val_loss": 0.14542184550135551, "params": {"verbose": 1, "nb_epoch": 1000, "batch_size": 32, "metrics": ["loss", "acc", "val_loss", "val_acc"], "nb_sample": 29058, "do_validation": true}, "results": {"acc": [0.84279716429210549, 0.88419712299538855, 0.88939362654002341, 0.8902539748090027, 0.8905292862550761, 0.89262853603138548, 0.89321357285429137, 0.89221556886227549, 0.89410833505402987, 0.89386743753871567, 0.89455571615389906, 0.89424599077706657, 0.89417716291554816, 0.89486544153073166, 0.89379860967719738, 0.89545047835363756, 0.89510633904604586, 0.89558813407667426, 0.89510633904604586, 0.89627641269185765, 0.89503751118452746, 0.89565696193819255, 0.89538165049211926, 0.89675820772248604, 0.89548489228439676, 0.89603551517654345, 0.89576020373047005, 0.89603551517654345, 0.89589785945350675, 0.89603551517654345, 0.89651731020717185, 0.89699910523780024, 0.89558813407667426, 0.89668937986096775, 0.89596668731502516, 0.89689586344552275, 0.89658613806869025, 0.89772179778374284, 0.89672379379172684, 0.89703351916855945, 0.89624199876109845, 0.89744648633766944, 0.89727441668387364, 0.89748090026842864, 0.89648289627641264, 0.89758414206070614, 0.89758414206070614, 0.89741207240691034, 0.89792828136829783, 0.89668937986096775, 0.89761855599146534, 0.89706793309931865, 0.89741207240691034, 0.89720558882235524, 0.89768738385298363, 0.89662055199944934, 0.89806593709133453, 0.89775621171450204, 0.89724000275311444, 0.89878862963727713, 0.89789386743753874, 0.89758414206070614, 0.89758414206070614, 0.89785945350677954, 0.89789386743753874, 0.89782503957602033, 0.89782503957602033, 0.89772179778374284, 0.89710234703007774, 0.89803152316057544], "loss": [0.34691905600376932, 0.25515692251668048, 0.24806502671274253, 0.24589584788279473, 0.24422712519562853, 0.24284641777652208, 0.24192575935700761, 0.24132393560731835, 0.24058905666221878, 0.24003734278153985, 0.23968211020076924, 0.23920465275051425, 0.23837490043490323, 0.23817099036488745, 0.2378626513109047, 0.23742182358418765, 0.23705690577821095, 0.23670978327541062, 0.23660320729700318, 0.23590849903332359, 0.23610982618022419, 0.23569773129056823, 0.23567358803746827, 0.23533351384105863, 0.23537828920589721, 0.23498933922205323, 0.2349197867006787, 0.23459291807710775, 0.23477133144260118, 0.23460909718286968, 0.23452058085982391, 0.23451085831700497, 0.23439265338151311, 0.23402005273835183, 0.23416419599277818, 0.23396082158687673, 0.23359697775951033, 0.23369223271604989, 0.23355674395109885, 0.2335483297157972, 0.23338309630456233, 0.23331595672465905, 0.23312579455149379, 0.23310036237051412, 0.23272286608309564, 0.23288899317914008, 0.23279559845980191, 0.232731625375174, 0.23255057442056165, 0.23223031383558776, 0.23260911251798091, 0.23230903836026029, 0.23213374236084136, 0.23209224687373206, 0.23219224563196289, 0.23187617254911083, 0.2320688862385101, 0.23189933164052523, 0.23185863606316379, 0.23170591647177063, 0.23160652020623462, 0.23145242817060663, 0.23148889180691526, 0.2315071467498647, 0.23171787882181843, 0.23123598966425224, 0.23138526540867008, 0.23141002323960755, 0.23113192041702679, 0.23133993311261136], "val_acc": [0.9289769794816165, 0.92154433779688438, 0.93434499847614516, 0.9261897388498419, 0.92526065863925044, 0.91421492724666242, 0.90967275732821495, 0.91504077632274372, 0.92175080006590471, 0.91566016312980469, 0.91896355943413011, 0.92298957368002665, 0.92443480956316904, 0.91958294624119119, 0.91958294624119119, 0.91927325283766059, 0.91751832355098772, 0.91504077632274372, 0.92226695573845552, 0.91452462065019291, 0.92763497473298429, 0.92329926708355725, 0.91710539901294708, 0.92237018687296568, 0.91256322909449972, 0.90781459690703192, 0.92350572935257758, 0.93434499847614516, 0.92082171985531314, 0.92340249821806741, 0.91741509241647756, 0.91834417262706913, 0.92020233304825216, 0.922576649141986, 0.92051202645178265, 0.91576339426431497, 0.91751832355098772, 0.92402188502512839, 0.91999587077923184, 0.92071848872080297, 0.91576339426431497, 0.91999587077923184, 0.92123464439335379, 0.93444822961065532, 0.92763497473298429, 0.9245380406976792, 0.90781459690703192, 0.91555693199529453, 0.92164756893139455, 0.91627954993686578, 0.92071848872080297, 0.92443480956316904, 0.92329926708355725, 0.91989263964472168, 0.91917002170315043, 0.90946629505919463, 0.92329926708355725, 0.91689893674392675, 0.92742851246396396, 0.92505419637023001, 0.92102818212433346, 0.91462785178470307, 0.91514400745725388, 0.91452462065019291, 0.92123464439335379, 0.92484773410120968, 0.90956952619370479, 0.91855063489608946, 0.91132445548037766, 0.90936306392468447], "val_loss": [0.17467278942328876, 0.17109633285847994, 0.1479987018325663, 0.15792191665974567, 0.16163244533868928, 0.18296776817311833, 0.18536153545193015, 0.17424227523430835, 0.16410284823196475, 0.17776096378437406, 0.16994814830070262, 0.16636067130886034, 0.16060519595857842, 0.1688716553626162, 0.16827199039468335, 0.16747701718681821, 0.17246933771204848, 0.17924892406284201, 0.16561132409482274, 0.17744466259574096, 0.15567239691689189, 0.16552997366650699, 0.1739515450312846, 0.16441160268159402, 0.18092455364447624, 0.19037835634810288, 0.16342910075787298, 0.14686470900757329, 0.16598060069280943, 0.16090995019440793, 0.17449007414091391, 0.17211378859499296, 0.16909868234086481, 0.16227991477038034, 0.16969079662953121, 0.17636805112943127, 0.17019395492228731, 0.16387549088195871, 0.17555840247212345, 0.16584646942666395, 0.17473541058102321, 0.16955373142673355, 0.16513430833188916, 0.14542184550135551, 0.15492283778779092, 0.15682245883100404, 0.19267878969538085, 0.17787096799581342, 0.16669901620427055, 0.17833739108249008, 0.16641770427694899, 0.16428510416993247, 0.16582431068659886, 0.17076308933607107, 0.16841777995008797, 0.18724285492034559, 0.165043692423612, 0.17253092498424019, 0.15871142820900558, 0.15771894129974759, 0.17095837439667566, 0.17734212635420135, 0.17792330484187763, 0.17915568313704341, 0.16925444057198014, 0.16164061096312768, 0.18700306265169503, 0.17172366066924175, 0.18142874543743998, 0.18893073077526171]}}