{"low_val_loss": 0.14980945635451995, "params": {"verbose": 1, "nb_epoch": 1000, "batch_size": 32, "metrics": ["loss", "acc", "val_loss", "val_acc"], "nb_sample": 29058, "do_validation": true}, "results": {"acc": [0.84575676233739416, 0.88639961456397554, 0.88901507330167251, 0.89090783949342689, 0.8904604583935577, 0.89245646637758969, 0.89366095395416068, 0.89397067933099317, 0.89249088030834878, 0.89338564250808727, 0.89342005643884648, 0.89434923256934407, 0.89441806043086236, 0.89431481863858486, 0.89459013008465826, 0.89514075297680507, 0.89500309725376836, 0.89527840869984165, 0.89596668731502516, 0.89644848234565355, 0.89538165049211926, 0.89610434303806186, 0.89514075297680507, 0.89569137586895176, 0.89551930621515585, 0.89675820772248604, 0.89672379379172684, 0.89548489228439676, 0.89751531419918784, 0.89606992910730265, 0.89668937986096775, 0.89696469130704104, 0.89631082662261685, 0.89682703558400445, 0.89693027737628195, 0.89761855599146534, 0.89610434303806186, 0.89672379379172684, 0.89641406841489435, 0.89624199876109845, 0.89720558882235524, 0.89631082662261685, 0.89627641269185765, 0.89792828136829783, 0.89782503957602033, 0.89693027737628195, 0.89727441668387364, 0.89710234703007774, 0.89703351916855945, 0.89703351916855945, 0.89796269529905703], "loss": [0.3416628946054498, 0.25303575012034696, 0.24752992365125434, 0.24548682771888256, 0.24395409631945736, 0.24305780744042266, 0.24207803573064782, 0.2417293977869526, 0.24108216852427627, 0.24065068398398914, 0.24015200087939464, 0.23954883177054004, 0.23926312160069635, 0.23897316268932975, 0.23836404831114774, 0.23768569605772555, 0.23778387853540253, 0.23735433496148681, 0.23690181839727831, 0.23667815206416648, 0.23668440294956036, 0.23615369117016294, 0.23605299312271363, 0.2356753641660419, 0.23568892499397481, 0.23555103626839177, 0.23570946578526908, 0.23503790815949996, 0.23496432126071454, 0.23494237834459875, 0.2348188623083971, 0.23473525266796688, 0.2347010569618109, 0.23481213836022061, 0.23434518631379744, 0.23438238693708005, 0.23439110667169838, 0.23413238440594053, 0.2339798480037876, 0.23407069726741539, 0.2338806102390143, 0.23371519403079091, 0.23388351949996097, 0.23363383258565038, 0.23356627673885025, 0.2335412675576258, 0.23331970684173278, 0.2334733346396512, 0.23320655966463089, 0.23320126412820652, 0.23300315590815845], "val_acc": [0.92515742750474028, 0.92433157842865887, 0.92040879531727249, 0.91865386603059962, 0.922576649141986, 0.91080829980782685, 0.92061525758629281, 0.9164860122058861, 0.91328584703607085, 0.92102818212433346, 0.91824094149255897, 0.92206049346943519, 0.92102818212433346, 0.91772478582000816, 0.90956952619370479, 0.92515742750474028, 0.92061525758629281, 0.92515742750474028, 0.91793124808902848, 0.92804789927102493, 0.91215030455645907, 0.92422834729414871, 0.92237018687296568, 0.91855063489608946, 0.93135129557535035, 0.91824094149255897, 0.91473108291921323, 0.91896355943413011, 0.92298957368002665, 0.92020233304825216, 0.90905337052115398, 0.92557035204278093, 0.92598327658082158, 0.91886032829961994, 0.91978940851021151, 0.90729844123448111, 0.92164756893139455, 0.90905337052115398, 0.9164860122058861, 0.91679570560941659, 0.91514400745725388, 0.93011252196122829, 0.92794466813651477, 0.91999587077923184, 0.92164756893139455, 0.91566016312980469, 0.92309280481453682, 0.92298957368002665, 0.92639620111886223, 0.92237018687296568, 0.92226695573845552], "val_loss": [0.1781367593900306, 0.16826550962248243, 0.17012997516614065, 0.17527038398047554, 0.1650772298396532, 0.18438855340815655, 0.17049244558145427, 0.17743056169204868, 0.18574334654537494, 0.16801442132146166, 0.17518348984448756, 0.16510275553954612, 0.17052781722399057, 0.17399993884081355, 0.18869094995590843, 0.16046942307463713, 0.168998095479862, 0.16095858489219847, 0.17845766683339556, 0.15848092070206826, 0.18826091857293423, 0.16371936941984896, 0.16922332572987159, 0.17325427163943388, 0.14980945635451995, 0.1740923327128191, 0.17809021870110614, 0.17322078057897156, 0.16700377686235132, 0.17082645355019946, 0.19074987175249397, 0.16100398643872765, 0.15779789868341126, 0.17332060435192498, 0.17004038665923982, 0.19949216045507695, 0.16672896811204255, 0.19300672200330457, 0.1795453376136624, 0.1764164655597707, 0.17999203790517995, 0.15538842029291938, 0.15890755151607394, 0.17338878249639364, 0.16767835400362521, 0.17729420448053765, 0.16425452330494378, 0.16630399593518308, 0.15752305442420608, 0.16664078502099655, 0.16861713019537031]}}