{"low_val_loss": 0.15194383723798016, "params": {"verbose": 1, "nb_epoch": 1000, "batch_size": 32, "metrics": ["loss", "acc", "val_loss", "val_acc"], "nb_sample": 29058, "do_validation": true}, "results": {"acc": [0.8295822148805837, 0.87896620551999449, 0.88547043843347784, 0.88725996283295483, 0.88908390116319092, 0.89066694197811269, 0.8906325280473536, 0.8904948723243169, 0.89145846238557369, 0.89221556886227549, 0.89169935990088789, 0.89204349920847958, 0.89231881065455299, 0.89293826140821808, 0.89338564250808727, 0.89345447036960557, 0.89348888430036477, 0.89362654002340147, 0.89410833505402987, 0.89386743753871567, 0.89421157684630737, 0.89441806043086236, 0.89472778580769496, 0.89445247436162156, 0.89465895794617656, 0.89541606442287835, 0.89469337187693576, 0.89476219973845417, 0.89483102759997246, 0.89486544153073166, 0.89507192511528666, 0.89493426939224996, 0.89651731020717185, 0.89576020373047005, 0.89648289627641264, 0.89634524055337605, 0.89613875696882095, 0.89641406841489435], "loss": [0.37509024011940267, 0.26514198347414358, 0.25277679139695397, 0.2492209910644915, 0.2473748861500204, 0.24595191965291288, 0.24526789036552957, 0.24466614282057761, 0.24413763646950978, 0.24337203279973488, 0.24298359784746673, 0.24237965439907219, 0.2421890406174049, 0.24188593118717233, 0.24157005201498777, 0.24134995170981238, 0.24098222584449747, 0.2404609149780492, 0.24018498226251281, 0.24002743866434362, 0.23983059191823897, 0.23945146073778964, 0.23921581511816176, 0.23907539483499002, 0.23878639171748556, 0.23858525142574996, 0.23858206803678775, 0.23848043911744152, 0.238135956146243, 0.23786780722857226, 0.23799437166113627, 0.23750412532178586, 0.2374102859669702, 0.23769449399291206, 0.23733140935832761, 0.23703489212606554, 0.23683330124481652, 0.23682576104905256], "val_acc": [0.9395065551770414, 0.92660266338788255, 0.920099101913742, 0.91504077632274372, 0.91875709716510978, 0.91545370086078437, 0.91896355943413011, 0.91999587077923184, 0.9184474037615793, 0.91937648397217075, 0.91937648397217075, 0.92949313515416732, 0.92505419637023001, 0.92040879531727249, 0.91927325283766059, 0.9173118612819674, 0.91411169611215226, 0.92412511615963855, 0.90936306392468447, 0.91989263964472168, 0.92319603594904698, 0.91338907817058101, 0.92298957368002665, 0.91947971510668092, 0.92267988027649617, 0.92051202645178265, 0.922576649141986, 0.92133787552786395, 0.91927325283766059, 0.9128729224980302, 0.92185403120041487, 0.91504077632274372, 0.91710539901294708, 0.91917002170315043, 0.92278311141100633, 0.91978940851021151, 0.91504077632274372, 0.91452462065019291], "val_loss": [0.17617754362576626, 0.16846732626337133, 0.16911135149131903, 0.17832881373944476, 0.1746692048545142, 0.17405320420327466, 0.17285832878972485, 0.1688765479070804, 0.17368742559403966, 0.17038444516278708, 0.17170661147728083, 0.15194383723798016, 0.16048230142819569, 0.17052982864578195, 0.17223560113563274, 0.17748407253218138, 0.18033723611566529, 0.16277766762768767, 0.18844659944366127, 0.17350021041518238, 0.16337102343289553, 0.18509483631326096, 0.16353579914854741, 0.16940460896058521, 0.16560359201272404, 0.16744201911317808, 0.16562529234172355, 0.16657405230723829, 0.17146686181161466, 0.18613644734738755, 0.16537138529539513, 0.18242228707456115, 0.17468336123222844, 0.17154249829222165, 0.16465832230387809, 0.17153194731098895, 0.1786247178184564, 0.17989021710127737]}}