{"low_val_loss": 0.14847321222336579, "params": {"verbose": 1, "nb_epoch": 1000, "batch_size": 32, "metrics": ["loss", "acc", "val_loss", "val_acc"], "nb_sample": 29058, "do_validation": true}, "results": {"acc": [0.85143506091265742, 0.88705347924839972, 0.8902883887397619, 0.8908734255626678, 0.89176818776240618, 0.89183701562392459, 0.89273177782366298, 0.89317915892353228, 0.89424599077706657, 0.89448688829238077, 0.89479661366921326, 0.89465895794617656, 0.89514075297680507, 0.89562254800743346, 0.89665496593020855, 0.89593227338426595, 0.89582903159198846, 0.89500309725376836, 0.89648289627641264, 0.89582903159198846, 0.89679262165324525, 0.89699910523780024, 0.89579461766122925, 0.89569137586895176, 0.89699910523780024, 0.89717117489159615, 0.89648289627641264, 0.89713676096083694, 0.89651731020717185, 0.89706793309931865, 0.89662055199944934, 0.89748090026842864, 0.89624199876109845, 0.89613875696882095, 0.89648289627641264, 0.89710234703007774, 0.89741207240691034, 0.89696469130704104, 0.89734324454539194, 0.89658613806869025, 0.89734324454539194, 0.89730883061463285, 0.89717117489159615, 0.89751531419918784, 0.89782503957602033, 0.89765296992222454, 0.89730883061463285, 0.89693027737628195, 0.89851331819120384, 0.89713676096083694, 0.89637965448413515, 0.89658613806869025], "loss": [0.32797823096359169, 0.25080554146016815, 0.24672449982554384, 0.24458071509542445, 0.24305307456323044, 0.24218695502097726, 0.24113017683085297, 0.24028770133719116, 0.23937881711396855, 0.23917426137316847, 0.23858036380517586, 0.23783320184419879, 0.23753580520138112, 0.23754734397972305, 0.2368759845651856, 0.23654282552523642, 0.23617706310356038, 0.23635549408091561, 0.23594221771706964, 0.23551880864514824, 0.2351423615247567, 0.23519771675630147, 0.23525214121817425, 0.23502707472794751, 0.23482291259410515, 0.23458910570644989, 0.23477508239276279, 0.23434961198533802, 0.23405894403062494, 0.23430563296161971, 0.23378508842461568, 0.2337800844856644, 0.23371050278477024, 0.23382466725025103, 0.23376604705519877, 0.23326689326848254, 0.23358822229387358, 0.23332767883839131, 0.23335866594744922, 0.23315868815253957, 0.23319742079353292, 0.23316636213260866, 0.23268087994097286, 0.23262817592240081, 0.23296112370319544, 0.23262842472262413, 0.23270509850651699, 0.23255287012461848, 0.23259356689515481, 0.2325375149273558, 0.2322941934278672, 0.2325810504182009], "val_acc": [0.92536388977376061, 0.91751832355098772, 0.91049860640429636, 0.92928667288514699, 0.91824094149255897, 0.90750490350350144, 0.91101476207684717, 0.93300299372751305, 0.93166098897888083, 0.91535046972627421, 0.920099101913742, 0.91535046972627421, 0.92175080006590471, 0.92071848872080297, 0.92402188502512839, 0.92412511615963855, 0.93011252196122829, 0.91989263964472168, 0.9092598327901743, 0.92133787552786395, 0.9270155879259232, 0.91803447922353865, 0.91679570560941659, 0.92825436154004526, 0.92505419637023001, 0.93135129557535035, 0.92226695573845552, 0.91782801695451832, 0.917621554685498, 0.9237121916215979, 0.92185403120041487, 0.91070506867331669, 0.91493754518823356, 0.93021575309573845, 0.92711881906043347, 0.91524723859176405, 0.92464127183218936, 0.91080829980782685, 0.91194384228743874, 0.92113141325884362, 0.92412511615963855, 0.92443480956316904, 0.92319603594904698, 0.92691235679141304, 0.91989263964472168, 0.91380200270862166, 0.92794466813651477, 0.91700216787843691, 0.92102818212433346, 0.92402188502512839, 0.92433157842865887, 0.91803447922353865], "val_loss": [0.17556185152255135, 0.1815786556980768, 0.18662912267670489, 0.15331640259997387, 0.17209723708597183, 0.19580131032044296, 0.18521861141505067, 0.14856858247887414, 0.15024213304740672, 0.17918581449059162, 0.16593928407188158, 0.17900416738704297, 0.16702408205378999, 0.16785045906969043, 0.16087774439755517, 0.16252679409982435, 0.15159078278943483, 0.16866221905209966, 0.18954912641705701, 0.16516621996886752, 0.16150382755717849, 0.17257648530651065, 0.17527990454264294, 0.15397558267150141, 0.16187821889760154, 0.14847321222336579, 0.16688829459710683, 0.17501164432659266, 0.17486658556146667, 0.16335511545037182, 0.16388561174387323, 0.18544753346927914, 0.17868102944197517, 0.1529890475709107, 0.16058081608214492, 0.17951869663292191, 0.1655197678593594, 0.18615069990042957, 0.18162904422500623, 0.16905631693784784, 0.16468385652113751, 0.16486032095521341, 0.16358017554956408, 0.16076927681817807, 0.16885587065924343, 0.17978072598425796, 0.15784212054621882, 0.1731941469007538, 0.16758278262320472, 0.16179533548483147, 0.16396923960478138, 0.17130387647924833]}}