{"low_val_loss": 0.15205066168821729, "params": {"verbose": 1, "nb_epoch": 1000, "batch_size": 32, "metrics": ["loss", "acc", "val_loss", "val_acc"], "nb_sample": 29058, "do_validation": true}, "results": {"acc": [0.83842659508569073, 0.88361208617248266, 0.88801706930965651, 0.8904604583935577, 0.89083901163190859, 0.89094225342418609, 0.89176818776240618, 0.89187142955468368, 0.89280060568518138, 0.89307591713125478, 0.89304150320049558, 0.89314474499277308, 0.89307591713125478, 0.89397067933099317, 0.89479661366921326, 0.89400509326175237, 0.89400509326175237, 0.89369536788491977, 0.89390185146947487, 0.89448688829238077, 0.89459013008465826, 0.89469337187693576, 0.89555372014591506, 0.89548489228439676, 0.89637965448413515, 0.89448688829238077, 0.89503751118452746, 0.89500309725376836, 0.89551930621515585, 0.89462454401541747, 0.89617317089958015, 0.89668937986096775, 0.89572578979971096, 0.89555372014591506, 0.89541606442287835], "loss": [0.35698471831562795, 0.25770416074710056, 0.24957325436998951, 0.24648859348335025, 0.24490371747489181, 0.2435555911954792, 0.24258550778169807, 0.24192035993371025, 0.24136872826062947, 0.24087430309326455, 0.24025921507558598, 0.23982857789756329, 0.23974531532868243, 0.23915064593324378, 0.23871282689282075, 0.23858694489836341, 0.23810636388828046, 0.23802948085326717, 0.23788598997847771, 0.23756939669501406, 0.2373112731207552, 0.23700333895313411, 0.23685077283990646, 0.23635880276688986, 0.23647761870580655, 0.23638873327898074, 0.23610715911909502, 0.23578519138599657, 0.23566108012359885, 0.23557651940175131, 0.23530810265262436, 0.23515949980161893, 0.23525080196592763, 0.23497140061442814, 0.23518392750161982], "val_acc": [0.93073190876828926, 0.92020233304825216, 0.9270155879259232, 0.92298957368002665, 0.9184474037615793, 0.92773820586749445, 0.9164860122058861, 0.92226695573845552, 0.92938990401965715, 0.92567358317729109, 0.91782801695451832, 0.92588004544631142, 0.92298957368002665, 0.91545370086078437, 0.91958294624119119, 0.91824094149255897, 0.90998245073174544, 0.91793124808902848, 0.9261897388498419, 0.92113141325884362, 0.91473108291921323, 0.91855063489608946, 0.91276969136352004, 0.92402188502512839, 0.91349230930509118, 0.92195726233492503, 0.92185403120041487, 0.91184061115292847, 0.91586662539882513, 0.90864044598311333, 0.91813771035804881, 0.91524723859176405, 0.91989263964472168, 0.91566016312980469, 0.91803447922353865], "val_loss": [0.17645599698136191, 0.17612474985882953, 0.16130663601706011, 0.16623125416473289, 0.17124999251208575, 0.15648694168282107, 0.17763810959342058, 0.16566137283312851, 0.15205066168821729, 0.15790727622118653, 0.17210651417290251, 0.16019033477028741, 0.16336363399289974, 0.18254540894879293, 0.17126853522818944, 0.17472035770356514, 0.18974855317788694, 0.17552962216295867, 0.15839395751534224, 0.16849529245258596, 0.1798249717551457, 0.17443296275829104, 0.1826948366903097, 0.16299606422817078, 0.18427967884840951, 0.168483581713916, 0.16830094184376906, 0.18674796377282227, 0.18060016879471349, 0.1942048933585048, 0.17321552576800428, 0.17845549694505394, 0.16935622944575696, 0.18048609627207526, 0.17571874436818249]}}