{"low_val_loss": 0.14561683033209682, "params": {"verbose": 1, "nb_epoch": 1000, "batch_size": 32, "metrics": ["loss", "acc", "val_loss", "val_acc"], "nb_sample": 29058, "do_validation": true}, "results": {"acc": [0.82786151834262511, 0.88017069309656548, 0.88732879069447312, 0.88884300364787661, 0.8901507330167252, 0.8909766673549453, 0.89132080666253699, 0.89135522059329619, 0.89166494597012869, 0.89286943354669968, 0.89266294996214468, 0.89249088030834878, 0.89266294996214468, 0.89321357285429137, 0.89362654002340147, 0.89379860967719738, 0.89372978181567897, 0.89414274898478907, 0.89428040470782577, 0.89465895794617656, 0.89548489228439676, 0.89548489228439676, 0.89558813407667426, 0.89548489228439676, 0.89613875696882095, 0.89689586344552275, 0.89565696193819255, 0.89634524055337605, 0.89648289627641264, 0.89620758483033935, 0.89693027737628195, 0.89562254800743346, 0.89634524055337605, 0.89648289627641264, 0.89620758483033935, 0.89662055199944934, 0.89744648633766944, 0.89717117489159615, 0.89620758483033935, 0.89727441668387364, 0.89748090026842864, 0.89637965448413515, 0.89706793309931865], "loss": [0.37231242990135222, 0.26368541314031818, 0.2515099063175672, 0.24763581967887999, 0.24583165155683565, 0.24459074882273665, 0.24373268971840445, 0.24320226318430921, 0.24240642679631258, 0.24187513979750419, 0.24141232932321186, 0.24109415839733919, 0.24064926864956618, 0.24020287648494754, 0.23994315938633204, 0.23954762173465929, 0.23937947782198432, 0.23899880563668799, 0.23883397767783213, 0.23861054205375098, 0.23840169940799319, 0.238222040586372, 0.23819762098911468, 0.23781670923392226, 0.23762428115666687, 0.23753318403543613, 0.23721550171898373, 0.23706019074247811, 0.23680254227895683, 0.23697684594388427, 0.23673917874422082, 0.23638082022637474, 0.23627560191952326, 0.23631629973221271, 0.23604857681606417, 0.23594784886065415, 0.2358763943025616, 0.23568980633525075, 0.23562655307829966, 0.2355958788861911, 0.23541491887748131, 0.23555927510568225, 0.2350725165515537], "val_acc": [0.93579023435928754, 0.92877051721259607, 0.92237018687296568, 0.917621554685498, 0.92164756893139455, 0.92123464439335379, 0.92856405494357575, 0.91958294624119119, 0.92526065863925044, 0.91999587077923184, 0.92206049346943519, 0.9148343140537234, 0.92536388977376061, 0.92051202645178265, 0.9209249509898233, 0.92185403120041487, 0.93362238053457403, 0.9173118612819674, 0.92226695573845552, 0.92071848872080297, 0.91493754518823356, 0.91937648397217075, 0.91669247447490643, 0.92526065863925044, 0.93083513990279954, 0.92360896048708774, 0.91782801695451832, 0.9173118612819674, 0.92144110666237422, 0.91679570560941659, 0.91989263964472168, 0.91514400745725388, 0.91978940851021151, 0.917621554685498, 0.90647259215839981, 0.91349230930509118, 0.91452462065019291, 0.92680912565690288, 0.91215030455645907, 0.92051202645178265, 0.92071848872080297, 0.92319603594904698, 0.91700216787843691], "val_loss": [0.17975428449287065, 0.1654530981355799, 0.16951017839793908, 0.17290651944998656, 0.16530706825299543, 0.1678401532815505, 0.15392304270039761, 0.16719019780947081, 0.15909683733872429, 0.16969347319696371, 0.16412906239873129, 0.17953632897221969, 0.15763757116473459, 0.16794087794176057, 0.16686336982957201, 0.16721693536894874, 0.14561683033209682, 0.17325825073902509, 0.16585198195757506, 0.16875379636831433, 0.18055682590890254, 0.16916425736115126, 0.17614843036979053, 0.16066417305480218, 0.15163543595525458, 0.16424266383924069, 0.17437295756078092, 0.17276011232282462, 0.16784671614204408, 0.17381531384818644, 0.16729840155084447, 0.1738604605440183, 0.16752089671517559, 0.17357354666651237, 0.19532314673392251, 0.18171240144032461, 0.17682738969729536, 0.15694142175338224, 0.18052682899460895, 0.16930167701338003, 0.16823850650291478, 0.16237591219795025, 0.16973155023168826]}}