{"low_val_loss": 0.14528265999153425, "params": {"verbose": 1, "nb_epoch": 1000, "batch_size": 32, "metrics": ["loss", "acc", "val_loss", "val_acc"], "nb_sample": 29058, "do_validation": true}, "results": {"acc": [0.84847546286736875, 0.88657168421777133, 0.8902883887397619, 0.89056370018583519, 0.89132080666253699, 0.89280060568518138, 0.89286943354669968, 0.89317915892353228, 0.89400509326175237, 0.89393626540023396, 0.89431481863858486, 0.89448688829238077, 0.89517516690756416, 0.89558813407667426, 0.89541606442287835, 0.89551930621515585, 0.89572578979971096, 0.89524399476908256, 0.89620758483033935, 0.89641406841489435, 0.89517516690756416, 0.89668937986096775, 0.89672379379172684, 0.89710234703007774, 0.89761855599146534, 0.89734324454539194, 0.89696469130704104, 0.89737765847615114, 0.89730883061463285, 0.89706793309931865, 0.89748090026842864, 0.89803152316057544, 0.89751531419918784, 0.89706793309931865, 0.89837566246816714, 0.89779062564526124, 0.89806593709133453, 0.89813476495285294, 0.89871980177575883, 0.89868538784499963, 0.89816917888361214, 0.89847890426044463, 0.89882304356803633, 0.89816917888361214, 0.89865097391424054, 0.89878862963727713, 0.89885745749879553, 0.89841007639892634, 0.89871980177575883, 0.89816917888361214, 0.89875421570651803, 0.89854773212196293, 0.89913276894486893, 0.89830683460664873, 0.89834124853740793, 0.89995870328308902, 0.89999311721384812, 0.89930483859866472, 0.89913276894486893, 0.89785945350677954, 0.89871980177575883, 0.89927042466790552, 0.89930483859866472, 0.89902952715259132, 0.89909835501410973, 0.89913276894486893, 0.89909835501410973, 0.89899511322183223, 0.89854773212196293, 0.89958015004473812, 0.89954573611397892], "loss": [0.33127199931912366, 0.25186931475633134, 0.24693788726607621, 0.24481721561981812, 0.24353410165326952, 0.24231794013649019, 0.24128632375547288, 0.24076397610232525, 0.24003624648596253, 0.23924112053286373, 0.23889285357592971, 0.23853913680133321, 0.23790661067140287, 0.23754644516837659, 0.23738454999499597, 0.23689531618446549, 0.23670063845895836, 0.23667914296933515, 0.2361707750542997, 0.23595879280511375, 0.23560235150436859, 0.23537313663660639, 0.2350352153634454, 0.23523484976057488, 0.23511419813625908, 0.2344337857183936, 0.2340930743422667, 0.23443903112544612, 0.23420800086808505, 0.23418681963973614, 0.23399547735029524, 0.23370501270428093, 0.23357664905380801, 0.23369653847601099, 0.23340190333609809, 0.23310264136025055, 0.23324848461373565, 0.23297354015242547, 0.23299242754449076, 0.23288826315852018, 0.23294626937120061, 0.23274557946299809, 0.23250425468636188, 0.23242094700811028, 0.23271230172008348, 0.23260718931521224, 0.23209207729751258, 0.23230326436862572, 0.23193918393000626, 0.23210574194337791, 0.2321194182503262, 0.23225761950939075, 0.23177758085121758, 0.23201580796119239, 0.23157227716858467, 0.23148208272341023, 0.2314207736156346, 0.23142596274374341, 0.23160768274468607, 0.23127145655296799, 0.23149417645055451, 0.2311863441427163, 0.23123539716643257, 0.23135700486192717, 0.23118233931385418, 0.23100993295883934, 0.23103821193999532, 0.23131510602631189, 0.23105100970347345, 0.23073066243351478, 0.23087097070272761], "val_acc": [0.92412511615963855, 0.92722205019494364, 0.91545370086078437, 0.92526065863925044, 0.91421492724666242, 0.92154433779688438, 0.91937648397217075, 0.91596985653333529, 0.92443480956316904, 0.92288634254551649, 0.92144110666237422, 0.91813771035804881, 0.91535046972627421, 0.92433157842865887, 0.91452462065019291, 0.91462785178470307, 0.92298957368002665, 0.90636936102388965, 0.90544028081329808, 0.92557035204278093, 0.9237121916215979, 0.92040879531727249, 0.92061525758629281, 0.9245380406976792, 0.9245380406976792, 0.93011252196122829, 0.91865386603059962, 0.9140084649776421, 0.92195726233492503, 0.91679570560941659, 0.92804789927102493, 0.92350572935257758, 0.91411169611215226, 0.91235676682547939, 0.92123464439335379, 0.91566016312980469, 0.92040879531727249, 0.92391865389061822, 0.91968617737570135, 0.92887374834710623, 0.92144110666237422, 0.92123464439335379, 0.91627954993686578, 0.92226695573845552, 0.93207391351692148, 0.92629296998435207, 0.91824094149255897, 0.91958294624119119, 0.92030556418276233, 0.92267988027649617, 0.92102818212433346, 0.91184061115292847, 0.92505419637023001, 0.92082171985531314, 0.920099101913742, 0.91937648397217075, 0.91875709716510978, 0.92340249821806741, 0.92319603594904698, 0.92639620111886223, 0.9148343140537234, 0.91514400745725388, 0.92588004544631142, 0.91142768661488782, 0.9209249509898233, 0.91566016312980469, 0.91700216787843691, 0.9173118612819674, 0.91772478582000816, 0.9164860122058861, 0.92040879531727249], "val_loss": [0.17503287590970143, 0.15952026943319586, 0.17705780308710184, 0.1591363583570376, 0.1797804105394277, 0.16868879971482553, 0.17070391749526875, 0.17766833214024474, 0.16381178040580816, 0.16510954867158928, 0.16970423726926245, 0.17137367651289531, 0.17837961843017885, 0.16403264363302195, 0.18185627305999597, 0.17782913565080369, 0.16375827601984569, 0.19743774081160684, 0.19797569658609937, 0.1599863777949497, 0.16309986901316184, 0.17190387418324996, 0.16750527995905726, 0.16303682935769201, 0.15586818595885726, 0.14899996361447473, 0.16890415091298677, 0.1801532878633425, 0.1648093440335448, 0.17307911051126337, 0.15431092138647037, 0.16157177974877313, 0.17892421670915654, 0.18332579465744678, 0.1662724113469278, 0.17800426391512233, 0.16428313312871889, 0.15886465545204928, 0.16459048357731149, 0.15304986391029232, 0.16446318240384206, 0.16140573402408895, 0.17404038253935103, 0.16285470081257711, 0.14528265999153425, 0.15442551365459656, 0.16864054651721916, 0.16820208341978499, 0.16673854568111179, 0.16335794894147598, 0.16379930462126358, 0.18312476517997364, 0.15543631806237429, 0.16436045253488799, 0.16815371865613721, 0.1669428110964111, 0.17118688872524543, 0.15777456846818461, 0.1599897155796822, 0.15401035914863057, 0.17571808670196443, 0.1768387737629632, 0.15542605195797868, 0.1840284549721263, 0.16483584346479094, 0.1755874359887353, 0.17191641492559726, 0.1699045897776145, 0.16791851333162419, 0.17427603427416477, 0.16422031736677248]}}