{"low_val_loss": 0.15192315698091466, "params": {"verbose": 1, "nb_epoch": 1000, "batch_size": 32, "metrics": ["loss", "acc", "val_loss", "val_acc"], "nb_sample": 29058, "do_validation": true}, "results": {"acc": [0.84093881203111021, 0.88368091403400095, 0.88729437676371392, 0.88956569619381931, 0.89128639273177779, 0.89156170417785119, 0.89166494597012869, 0.89269736389290388, 0.89156170417785119, 0.89259412210062639, 0.89338564250808727, 0.89352329823112397, 0.89359212609264227, 0.89311033106201387, 0.89397067933099317, 0.89417716291554816, 0.89455571615389906, 0.89434923256934407, 0.89496868332300916, 0.89517516690756416, 0.89548489228439676, 0.89517516690756416, 0.89441806043086236, 0.89531282263060086, 0.89624199876109845, 0.89514075297680507, 0.89589785945350675, 0.89606992910730265, 0.89562254800743346, 0.89596668731502516, 0.89606992910730265, 0.89576020373047005, 0.89596668731502516, 0.89641406841489435, 0.89627641269185765, 0.89631082662261685, 0.89603551517654345, 0.89593227338426595], "loss": [0.35867927066563343, 0.25828019027183535, 0.24963894484991447, 0.24674348711235564, 0.24485815130225441, 0.24426733030489484, 0.24328023827968653, 0.24282771191623898, 0.24220762091416831, 0.24163752368840621, 0.24103371128445031, 0.24070116605767858, 0.24031570135944028, 0.24001766342132047, 0.23975463603629044, 0.23930059691550185, 0.23906909366362569, 0.2391077232696075, 0.23853036286733389, 0.23849296124809843, 0.23818615725050754, 0.23809290729983984, 0.23783615027826827, 0.23774137907359966, 0.23769973455101684, 0.23751034268674637, 0.23733830835135117, 0.23739880865755278, 0.23698813393091547, 0.23714139937996295, 0.23697375721593086, 0.23692856489754616, 0.23687610132325515, 0.23665680366405642, 0.23670515272415335, 0.2366199968914113, 0.23663847124316473, 0.23636618692762992], "val_acc": [0.934241767341635, 0.9298028285576978, 0.93104160217181986, 0.92340249821806741, 0.91803447922353865, 0.91855063489608946, 0.91596985653333529, 0.92040879531727249, 0.91927325283766059, 0.91741509241647756, 0.92195726233492503, 0.92908021061612667, 0.91669247447490643, 0.91689893674392675, 0.92144110666237422, 0.92515742750474028, 0.92340249821806741, 0.92629296998435207, 0.92856405494357575, 0.91886032829961994, 0.9281511304055351, 0.9261897388498419, 0.92329926708355725, 0.92113141325884362, 0.92495096523571985, 0.91803447922353865, 0.92938990401965715, 0.92278311141100633, 0.91679570560941659, 0.92649943225337239, 0.92175080006590471, 0.91638278107137594, 0.92474450296669952, 0.92226695573845552, 0.91978940851021151, 0.91380200270862166, 0.91875709716510978, 0.9209249509898233], "val_loss": [0.17411292862265154, 0.15836316835867051, 0.152939391018723, 0.16428942690842155, 0.17109043618772402, 0.1729423927922539, 0.17698893668650165, 0.16585306966735186, 0.16644553791820429, 0.17269073454873707, 0.16650952117813128, 0.15192315698091466, 0.17569387774124989, 0.17469803891215357, 0.1652988749294258, 0.1608292300108356, 0.16320453685488853, 0.16068329646509658, 0.15525885709603038, 0.16926271061107165, 0.1563982446086232, 0.15779787447344681, 0.16359926746467682, 0.17029582232866011, 0.16326046118204521, 0.17374077836141763, 0.15198182243143515, 0.16425368169122059, 0.17641794220685245, 0.15914618345120748, 0.1677155611455699, 0.1787899549878596, 0.16135459843820324, 0.16670109481088602, 0.17035342261189029, 0.18317330769000068, 0.17294442803175245, 0.16656029557891339]}}