{"low_val_loss": 0.15034722160004579, "params": {"verbose": 1, "nb_epoch": 1000, "batch_size": 32, "metrics": ["loss", "acc", "val_loss", "val_acc"], "nb_sample": 29058, "do_validation": true}, "results": {"acc": [0.8527427902815059, 0.88894624544015421, 0.8902195608782435, 0.89118315093950029, 0.89114873700874109, 0.89221556886227549, 0.89431481863858486, 0.89386743753871567, 0.89496868332300916, 0.89562254800743346, 0.89472778580769496, 0.89610434303806186, 0.89524399476908256, 0.89620758483033935, 0.89617317089958015, 0.89641406841489435, 0.89651731020717185, 0.89662055199944934, 0.89555372014591506, 0.89699910523780024, 0.89706793309931865, 0.89696469130704104, 0.89724000275311444, 0.89696469130704104, 0.89782503957602033, 0.89693027737628195, 0.89813476495285294, 0.89734324454539194, 0.89803152316057544, 0.89827242067588964, 0.89655172413793105, 0.89710234703007774, 0.89779062564526124, 0.89748090026842864, 0.89765296992222454, 0.89761855599146534, 0.89782503957602033], "loss": [0.323913305921953, 0.25041650861175546, 0.24603113079462419, 0.24364255274609384, 0.24229844130734116, 0.24119257755663204, 0.24024245352777548, 0.23990520683490726, 0.23904144511645228, 0.23860919107628836, 0.23797178978158237, 0.23746678741236368, 0.23708189078739114, 0.2365930602082662, 0.23636910804033984, 0.23609565998503787, 0.23563709601342486, 0.23576698487669268, 0.23554943312779419, 0.2352583586488062, 0.23505650593896177, 0.23475129024333771, 0.23459024299355349, 0.23441894398691304, 0.23433939629112646, 0.23428695387222934, 0.23383421447314975, 0.23390243228754917, 0.23407681997599034, 0.23358376530992064, 0.23366072765779772, 0.23363308533275845, 0.23345932279337755, 0.23357825966008194, 0.23302212196582825, 0.23316041091917894, 0.23332629400345256], "val_acc": [0.93372561166908419, 0.92918344175063683, 0.91689893674392675, 0.92164756893139455, 0.91710539901294708, 0.92360896048708774, 0.91937648397217075, 0.92061525758629281, 0.91782801695451832, 0.91586662539882513, 0.92990605969220796, 0.92020233304825216, 0.92102818212433346, 0.91978940851021151, 0.91824094149255897, 0.9270155879259232, 0.91452462065019291, 0.91194384228743874, 0.92402188502512839, 0.92804789927102493, 0.91070506867331669, 0.91772478582000816, 0.91029214413527604, 0.92267988027649617, 0.92536388977376061, 0.91132445548037766, 0.91318261590156069, 0.91328584703607085, 0.92536388977376061, 0.92536388977376061, 0.9261897388498419, 0.92742851246396396, 0.92670589452239271, 0.91266646022900988, 0.91307938476705053, 0.92536388977376061, 0.92763497473298429], "val_loss": [0.1571274001939299, 0.15585430229223646, 0.17815036318301725, 0.17061613971326905, 0.17993681340112927, 0.16568421048129614, 0.16579834220440035, 0.167679699880596, 0.1746191740404425, 0.17562205064628372, 0.15034722160004579, 0.16898520095069072, 0.16354723051967199, 0.16904572061667492, 0.17144981293076761, 0.15642445406714892, 0.17818376648822312, 0.18284036237771473, 0.16289745062078942, 0.15094956071187657, 0.18165679542186078, 0.16693641487295577, 0.18438938815814676, 0.16100813134969408, 0.15861881878471196, 0.18287191151860416, 0.18069175700606596, 0.18528596731869013, 0.1581811194333195, 0.16248410509417974, 0.15775445041345643, 0.15593278681823033, 0.15368468162928731, 0.17973098252824282, 0.18005807025551709, 0.15960830387412192, 0.15236845613679637]}}