{"low_val_loss": 0.14681443603040387, "params": {"verbose": 1, "nb_epoch": 1000, "batch_size": 32, "metrics": ["loss", "acc", "val_loss", "val_acc"], "nb_sample": 29058, "do_validation": true}, "results": {"acc": [0.83935577121618832, 0.88330236079565005, 0.88719113497143642, 0.8897377658476151, 0.89121756487025949, 0.89135522059329619, 0.89204349920847958, 0.89280060568518138, 0.89317915892353228, 0.89352329823112397, 0.89403950719251157, 0.89434923256934407, 0.89438364650010327, 0.89545047835363756, 0.89527840869984165, 0.89548489228439676, 0.89689586344552275, 0.89486544153073166, 0.89507192511528666, 0.89579461766122925, 0.89510633904604586, 0.89579461766122925, 0.89606992910730265, 0.89582903159198846, 0.89606992910730265, 0.89514075297680507, 0.89637965448413515, 0.89606992910730265, 0.89572578979971096, 0.89655172413793105, 0.89717117489159615, 0.89644848234565355, 0.89699910523780024, 0.89610434303806186, 0.89606992910730265, 0.89651731020717185, 0.89641406841489435, 0.89620758483033935, 0.89586344552274766, 0.89665496593020855, 0.89651731020717185, 0.89686144951476354, 0.89758414206070614, 0.89730883061463285, 0.89727441668387364, 0.89672379379172684, 0.89734324454539194, 0.89668937986096775, 0.89710234703007774, 0.89699910523780024, 0.89768738385298363, 0.89720558882235524], "loss": [0.34876458230449231, 0.25762781566865955, 0.24943645447297733, 0.24647279377772627, 0.24477291889004094, 0.2431414179338281, 0.24215133315362117, 0.24139301592090665, 0.2407654675153349, 0.239910418133224, 0.23951101685623755, 0.23901540824257711, 0.2384869714151337, 0.23801203676466029, 0.23795093471984738, 0.23734827134423628, 0.23723624850138483, 0.23685720630420345, 0.23668343816270479, 0.23644525115049683, 0.23641021126635478, 0.23613416720753164, 0.23598929293855223, 0.23578244341659532, 0.23563795931688825, 0.23517383127774891, 0.23520778010608481, 0.23486594432832938, 0.23502719478208747, 0.234854425257293, 0.23431891907626742, 0.23455002401386915, 0.23422658365093937, 0.23403571912119742, 0.23403852606679784, 0.23397360195439307, 0.23370435679678464, 0.23358458025287765, 0.23341589895739789, 0.23331963597266164, 0.23346740262676102, 0.23336171621817117, 0.23303129780857831, 0.23312293436116774, 0.23296690528707367, 0.23305640168376746, 0.23279692990461404, 0.23257800804394571, 0.23273678769575637, 0.23239537704933683, 0.2325211853821976, 0.23220721406150971], "val_acc": [0.93207391351692148, 0.92484773410120968, 0.92360896048708774, 0.91855063489608946, 0.92350572935257758, 0.91462785178470307, 0.91504077632274372, 0.92340249821806741, 0.92381542275610806, 0.91689893674392675, 0.91514400745725388, 0.91029214413527604, 0.91720863014745724, 0.92020233304825216, 0.92216372460394536, 0.92329926708355725, 0.91555693199529453, 0.91586662539882513, 0.91473108291921323, 0.92495096523571985, 0.91338907817058101, 0.91689893674392675, 0.92030556418276233, 0.91566016312980469, 0.91307938476705053, 0.93155775784437067, 0.92660266338788255, 0.91989263964472168, 0.92154433779688438, 0.91896355943413011, 0.92990605969220796, 0.92505419637023001, 0.91896355943413011, 0.92350572935257758, 0.92711881906043347, 0.92206049346943519, 0.92794466813651477, 0.92350572935257758, 0.90956952619370479, 0.90740167236899127, 0.91927325283766059, 0.91555693199529453, 0.92144110666237422, 0.91669247447490643, 0.91968617737570135, 0.9261897388498419, 0.91504077632274372, 0.91710539901294708, 0.92071848872080297, 0.92680912565690288, 0.91710539901294708, 0.91091153094233701], "val_loss": [0.17373904998246836, 0.17057732718117874, 0.16391615317123981, 0.17297509515526691, 0.16113694721343128, 0.17841319915719037, 0.17827343283050187, 0.16296758819104187, 0.16098505749920086, 0.17448369793373142, 0.1747199611087831, 0.18252814562782249, 0.17557003245925196, 0.16871708295674065, 0.16242296412999421, 0.16177678055914363, 0.17672524319449617, 0.17675014263759448, 0.17498619554296507, 0.15817852009903466, 0.1819662241817222, 0.17600518082322086, 0.16777102893257431, 0.17270410688263449, 0.17730498562717975, 0.14681443603040387, 0.15689514261121731, 0.16986933955523736, 0.16423514215201615, 0.16794397968453151, 0.14860407083717442, 0.15739434913356101, 0.17094239295936473, 0.16110713631983781, 0.15683306329689911, 0.16119542090937339, 0.15224643542291985, 0.16068933481840669, 0.18513080543782967, 0.19123467426395974, 0.16933678326195911, 0.17726928045713791, 0.16135842845503778, 0.1735345545471256, 0.17003916365147265, 0.1564732494265921, 0.17916536436086347, 0.17073823199563687, 0.1665892302443876, 0.15543470820126498, 0.17127901053492026, 0.18508501859352761]}}