{"low_val_loss": 0.14792715422974487, "params": {"verbose": 1, "nb_epoch": 1000, "batch_size": 32, "metrics": ["loss", "acc", "val_loss", "val_acc"], "nb_sample": 29058, "do_validation": true}, "results": {"acc": [0.85398169178883609, 0.88781058572510152, 0.8904948723243169, 0.8910110812857045, 0.89166494597012869, 0.89286943354669968, 0.89417716291554816, 0.89414274898478907, 0.89431481863858486, 0.89476219973845417, 0.89517516690756416, 0.89545047835363756, 0.89517516690756416, 0.89534723656136006, 0.89527840869984165, 0.89624199876109845, 0.89531282263060086, 0.89545047835363756, 0.89624199876109845, 0.89572578979971096, 0.89655172413793105, 0.89679262165324525, 0.89672379379172684, 0.89720558882235524, 0.89713676096083694, 0.89737765847615114, 0.89748090026842864], "loss": [0.31990498215343677, 0.2496877003703937, 0.24547774847593037, 0.24368422163009512, 0.24227674641738173, 0.24103348357149759, 0.23991995292724569, 0.2396862351711409, 0.23914103802880446, 0.23837334950514724, 0.23782415662867035, 0.23767983041443708, 0.23719311385931732, 0.23715388703899265, 0.23673542370369802, 0.23633988763578326, 0.23635360298879426, 0.23658066106999215, 0.2358068093986716, 0.23554036782700505, 0.23552557564766738, 0.23530720857885029, 0.23549424363016236, 0.23491867795372393, 0.23495359971511143, 0.23460930640629049, 0.2347025073717561], "val_acc": [0.93599669662830787, 0.92154433779688438, 0.91824094149255897, 0.91452462065019291, 0.91411169611215226, 0.92340249821806741, 0.91968617737570135, 0.91720863014745724, 0.92247341800747584, 0.92691235679141304, 0.9270155879259232, 0.90636936102388965, 0.92288634254551649, 0.91421492724666242, 0.92928667288514699, 0.91937648397217075, 0.91524723859176405, 0.91927325283766059, 0.91917002170315043, 0.92422834729414871, 0.91215030455645907, 0.9140084649776421, 0.91204707342194891, 0.91545370086078437, 0.92412511615963855, 0.91896355943413011, 0.92474450296669952], "val_loss": [0.14792715422974487, 0.17012062609115719, 0.17133037588126743, 0.18129682481555029, 0.18204662385573078, 0.16783530179719211, 0.16990484590237878, 0.17822499661873192, 0.16645616883685238, 0.15987885905166485, 0.15781396182521806, 0.2006069909017085, 0.16757280025963839, 0.18285035507687539, 0.1544089649552142, 0.17130403546457801, 0.17871684301577265, 0.16894969159585901, 0.17229198566131748, 0.15824925491442693, 0.1860048003345528, 0.17746201128688982, 0.1807431638816894, 0.17816736799760649, 0.16122114656932818, 0.17063506063574962, 0.16109482269752218]}}