{"acc": [0.15742691260340133, 0.15742691260569816, 0.15742691260569816, 0.15742691260799502, 0.15742691260340133, 0.15742691260569816, 0.15742691260569816, 0.15742691260569816, 0.15742691260569816, 0.15742691260340133, 0.15742691260340133, 0.15742691260569816, 0.15742691260569816, 0.15742691260799502, 0.15742691260340133, 0.15742691260340133, 0.1574269126125887, 0.15742691260799502, 0.15742691260569816, 0.15742691260799502, 0.15742691260569816, 0.15742691260569816, 0.15742691260340133, 0.15742691260569816, 0.15742691260799502, 0.15742691260493255, 0.15742691260799502, 0.15742691260569816, 0.15742691260493255, 0.15742691260569816, 0.15742691260569816, 0.15742691260569816, 0.15742691260340133, 0.15742691260340133, 0.15742691260569816, 0.15742691260569816, 0.15742691260799502, 0.15742691260799502, 0.15742691260799502, 0.15742691260340133, 0.15742691260569816, 0.15742691260340133, 0.15742691260569816, 0.15742691260569816, 0.15742691260340133, 0.15742691260340133, 0.15742691260799502, 0.15742691260569816, 0.1574269126125887, 0.15742691260340133], "loss": [13.452416742619119, 13.451493603055109, 13.455271332713393, 13.451806974945104, 13.450457479348257, 13.452987934282184, 13.453481277152617, 13.454210532689729, 13.452961704490033, 13.451327639097288, 13.451869253006574, 13.454105679817241, 13.454971119880136, 13.452016614112214, 13.450857995440007, 13.451136384723011, 13.454751700629913, 13.457466355760719, 13.45492020730326, 13.452908189055524, 13.453190466167319, 13.454133703512284, 13.453632928518697, 13.450897111595275, 13.451407410543196, 13.453296892212883, 13.453270087486878, 13.456613037744603, 13.455380182805719, 13.452675502395689, 13.452275293260355, 13.453451110483325, 13.456709304436783, 13.452979163117089, 13.455509751978486, 13.451581390079317, 13.453364955051667, 13.450642022506885, 13.451498029117245, 13.454603125709355, 13.453232747974482, 13.452748011692586, 13.453219882570838, 13.453676723229741, 13.454546941001656, 13.452995891643901, 13.452733932659301, 13.452445464542626, 13.452947385202226, 13.452559199918978], "val_acc": [0.16471320402447878, 0.16471320402447878, 0.16471320402447878, 0.16471320402447878, 0.16471320402447878, 0.16471320402447878, 0.16471320402447878, 0.16471320402447878, 0.16471320402447878, 0.16471320402447878, 0.16471320402447878, 0.16471320402447878, 0.16471320402447878, 0.16471320402447878, 0.16471320402447878, 0.16471320402447878, 0.16471320402447878, 0.16471320402447878, 0.16471320402447878, 0.16471320402447878, 0.16471320402447878, 0.16471320402447878, 0.16471320402447878, 0.16471320402447878, 0.16471320402447878, 0.16471320402447878, 0.16471320402447878, 0.16471320402447878, 0.16471320402447878, 0.16471320402447878, 0.16471320402447878, 0.16471320402447878, 0.16471320402447878, 0.16471320402447878, 0.16471320402447878, 0.16471320402447878, 0.16471320402447878, 0.16471320402447878, 0.16471320402447878, 0.16471320402447878, 0.16471320402447878, 0.16471320402447878, 0.16471320402447878, 0.16471320402447878, 0.16471320402447878, 0.16471320402447878, 0.16471320402447878, 0.16471320402447878, 0.16471320402447878, 0.16471320402447878], "val_loss": [2.0670455072788809, 2.0670455072788809, 2.0670455072788809, 2.0670455072788809, 2.0670455072788809, 2.0670455072788809, 2.0670455072788809, 2.0670455072788809, 2.0670455072788809, 2.0670455072788809, 2.0670455072788809, 2.0670455072788809, 2.0670455072788809, 2.0670455072788809, 2.0670455072788809, 2.0670455072788809, 2.0670455072788809, 2.0670455072788809, 2.0670455072788809, 2.0670455072788809, 2.0670455072788809, 2.0670455072788809, 2.0670455072788809, 2.0670455072788809, 2.0670455072788809, 2.0670455072788809, 2.0670455072788809, 2.0670455072788809, 2.0670455072788809, 2.0670455072788809, 2.0670455072788809, 2.0670455072788809, 2.0670455072788809, 2.0670455072788809, 2.0670455072788809, 2.0670455072788809, 2.0670455072788809, 2.0670455072788809, 2.0670455072788809, 2.0670455072788809, 2.0670455072788809, 2.0670455072788809, 2.0670455072788809, 2.0670455072788809, 2.0670455072788809, 2.0670455072788809, 2.0670455072788809, 2.0670455072788809, 2.0670455072788809, 2.0670455072788809]}